Census Tract,Geography,Geographic Area Name,Total,"Chinese, except Taiwanese",Hmong,Japanese,Korean,Mongolian,Okinawan,Taiwanese,Other East Asian,Burmese,Cambodian,Filipino,Indonesian,Laotian,Malaysian,Mien,Singaporean,Thai,Vietnamese,Other Southeast Asian,Asian Indian,Bangladeshi,Bhutanese,Nepalese,Pakistani,Sikh,Sri Lankan,Other South Asian,Kazakh,Uzbek,Other Central Asian,"Other Asian, specified","Other Asian, not specified",Two or more Asian,Estimate!!Total:,Percent Asian of Census Tract,GEOID
21291,1400000US13001950100,Census Tract 9501; Appling County; Georgia,0,0,0,0,0,0,0,0,0,0,0,0,0,0,0,0,0,0,0,0,0,0,0,0,0,0,0,0,0,0,0,0,0,0,3628,0,13001950100
21292,1400000US13001950201,Census Tract 9502.01; Appling County; Georgia,74,74,0,0,0,0,0,0,0,0,0,0,0,0,0,0,0,0,0,0,0,0,0,0,0,0,0,0,0,0,0,0,0,0,2392,3.093645485,13001950201
21293,1400000US13001950202,Census Tract 9502.02; Appling County; Georgia,0,0,0,0,0,0,0,0,0,0,0,0,0,0,0,0,0,0,0,0,0,0,0,0,0,0,0,0,0,0,0,0,0,0,2361,0,13001950202
21294,1400000US13001950301,Census Tract 9503.01; Appling County; Georgia,17,0,0,0,0,0,0,0,0,0,0,17,0,0,0,0,0,0,0,0,0,0,0,0,0,0,0,0,0,0,0,0,0,0,2716,0.625920471,13001950301
21295,1400000US13001950302,Census Tract 9503.02; Appling County; Georgia,14,0,0,0,0,0,0,0,0,0,0,14,0,0,0,0,0,0,0,0,0,0,0,0,0,0,0,0,0,0,0,0,0,0,1759,0.795906765,13001950302
21296,1400000US13001950400,Census Tract 9504; Appling County; Georgia,0,0,0,0,0,0,0,0,0,0,0,0,0,0,0,0,0,0,0,0,0,0,0,0,0,0,0,0,0,0,0,0,0,0,1719,0,13001950400
21297,1400000US13001950500,Census Tract 9505; Appling County; Georgia,0,0,0,0,0,0,0,0,0,0,0,0,0,0,0,0,0,0,0,0,0,0,0,0,0,0,0,0,0,0,0,0,0,0,3866,0,13001950500
21298,1400000US13003960100,Census Tract 9601; Atkinson County; Georgia,0,0,0,0,0,0,0,0,0,0,0,0,0,0,0,0,0,0,0,0,0,0,0,0,0,0,0,0,0,0,0,0,0,0,2110,0,13003960100
21299,1400000US13003960200,Census Tract 9602; Atkinson County; Georgia,0,0,0,0,0,0,0,0,0,0,0,0,0,0,0,0,0,0,0,0,0,0,0,0,0,0,0,0,0,0,0,0,0,0,4572,0,13003960200
21300,1400000US13003960300,Census Tract 9603; Atkinson County; Georgia,0,0,0,0,0,0,0,0,0,0,0,0,0,0,0,0,0,0,0,0,0,0,0,0,0,0,0,0,0,0,0,0,0,0,1583,0,13003960300
21301,1400000US13005970100,Census Tract 9701; Bacon County; Georgia,0,0,0,0,0,0,0,0,0,0,0,0,0,0,0,0,0,0,0,0,0,0,0,0,0,0,0,0,0,0,0,0,0,0,2510,0,13005970100
21302,1400000US13005970201,Census Tract 9702.01; Bacon County; Georgia,70,0,0,0,0,0,0,0,0,0,0,21,0,0,0,0,0,0,0,0,42,0,0,0,0,0,0,0,0,0,0,0,0,7,4623,1.514168289,13005970201
21303,1400000US13005970202,Census Tract 9702.02; Bacon County; Georgia,0,0,0,0,0,0,0,0,0,0,0,0,0,0,0,0,0,0,0,0,0,0,0,0,0,0,0,0,0,0,0,0,0,0,4005,0,13005970202
21304,1400000US13007960100,Census Tract 9601; Baker County; Georgia,124,0,0,0,117,0,0,0,0,0,0,7,0,0,0,0,0,0,0,0,0,0,0,0,0,0,0,0,0,0,0,0,0,0,1854,6.68824164,13007960100
21305,1400000US13007960200,Census Tract 9602; Baker County; Georgia,160,0,0,0,0,0,0,0,0,0,0,0,0,0,0,0,0,0,160,0,0,0,0,0,0,0,0,0,0,0,0,0,0,0,1024,15.625,13007960200
21306,1400000US13009970101,Census Tract 9701.01; Baldwin County; Georgia,0,0,0,0,0,0,0,0,0,0,0,0,0,0,0,0,0,0,0,0,0,0,0,0,0,0,0,0,0,0,0,0,0,0,2406,0,13009970101
21307,1400000US13009970102,Census Tract 9701.02; Baldwin County; Georgia,0,0,0,0,0,0,0,0,0,0,0,0,0,0,0,0,0,0,0,0,0,0,0,0,0,0,0,0,0,0,0,0,0,0,2989,0,13009970102
21308,1400000US13009970201,Census Tract 9702.01; Baldwin County; Georgia,498,0,0,0,450,0,0,0,0,0,0,0,0,0,0,0,0,0,0,0,48,0,0,0,0,0,0,0,0,0,0,0,0,0,3376,14.75118483,13009970201
21309,1400000US13009970202,Census Tract 9702.02; Baldwin County; Georgia,32,0,0,0,0,0,0,0,0,0,0,0,0,0,0,0,0,0,32,0,0,0,0,0,0,0,0,0,0,0,0,0,0,0,3367,0.95040095,13009970202
21310,1400000US13009970301,Census Tract 9703.01; Baldwin County; Georgia,0,0,0,0,0,0,0,0,0,0,0,0,0,0,0,0,0,0,0,0,0,0,0,0,0,0,0,0,0,0,0,0,0,0,2740,0,13009970301
21311,1400000US13009970302,Census Tract 9703.02; Baldwin County; Georgia,116,0,0,0,31,0,0,18,0,0,0,0,0,0,0,0,0,12,0,0,55,0,0,0,0,0,0,0,0,0,0,0,0,0,3403,3.408756979,13009970302
21312,1400000US13009970400,Census Tract 9704; Baldwin County; Georgia,0,0,0,0,0,0,0,0,0,0,0,0,0,0,0,0,0,0,0,0,0,0,0,0,0,0,0,0,0,0,0,0,0,0,3664,0,13009970400
21313,1400000US13009970501,Census Tract 9705.01; Baldwin County; Georgia,4,0,0,0,4,0,0,0,0,0,0,0,0,0,0,0,0,0,0,0,0,0,0,0,0,0,0,0,0,0,0,0,0,0,3860,0.103626943,13009970501
21314,1400000US13009970502,Census Tract 9705.02; Baldwin County; Georgia,13,8,0,0,5,0,0,0,0,0,0,0,0,0,0,0,0,0,0,0,0,0,0,0,0,0,0,0,0,0,0,0,0,0,2701,0.481303221,13009970502
21315,1400000US13009970600,Census Tract 9706; Baldwin County; Georgia,15,0,0,15,0,0,0,0,0,0,0,0,0,0,0,0,0,0,0,0,0,0,0,0,0,0,0,0,0,0,0,0,0,0,3579,0.419111484,13009970600
21316,1400000US13009970701,Census Tract 9707.01; Baldwin County; Georgia,10,0,0,0,10,0,0,0,0,0,0,0,0,0,0,0,0,0,0,0,0,0,0,0,0,0,0,0,0,0,0,0,0,0,1763,0.567214974,13009970701
21317,1400000US13009970702,Census Tract 9707.02; Baldwin County; Georgia,0,0,0,0,0,0,0,0,0,0,0,0,0,0,0,0,0,0,0,0,0,0,0,0,0,0,0,0,0,0,0,0,0,0,2275,0,13009970702
21318,1400000US13009970801,Census Tract 9708.01; Baldwin County; Georgia,0,0,0,0,0,0,0,0,0,0,0,0,0,0,0,0,0,0,0,0,0,0,0,0,0,0,0,0,0,0,0,0,0,0,2761,0,13009970801
21319,1400000US13009970802,Census Tract 9708.02; Baldwin County; Georgia,7,0,0,0,7,0,0,0,0,0,0,0,0,0,0,0,0,0,0,0,0,0,0,0,0,0,0,0,0,0,0,0,0,0,4894,0.143032284,13009970802
21320,1400000US13011970100,Census Tract 9701; Banks County; Georgia,14,0,0,0,0,0,0,0,0,0,0,14,0,0,0,0,0,0,0,0,0,0,0,0,0,0,0,0,0,0,0,0,0,0,4946,0.283057016,13011970100
21321,1400000US13011970200,Census Tract 9702; Banks County; Georgia,72,0,0,0,0,0,0,0,0,0,0,0,0,0,0,0,0,0,0,0,0,0,0,0,0,0,0,0,0,0,0,0,0,72,4885,1.473899693,13011970200
21322,1400000US13011970300,Census Tract 9703; Banks County; Georgia,28,0,0,14,0,0,0,0,0,0,0,0,0,0,0,0,0,0,14,0,0,0,0,0,0,0,0,0,0,0,0,0,0,0,4527,0.618511155,13011970300
21323,1400000US13011970400,Census Tract 9704; Banks County; Georgia,145,37,0,0,0,0,0,0,0,0,0,67,0,0,0,0,0,0,41,0,0,0,0,0,0,0,0,0,0,0,0,0,0,0,4023,3.604275416,13011970400
21324,1400000US13013180103,Census Tract 1801.03; Barrow County; Georgia,502,0,444,0,36,0,0,0,0,0,0,20,0,0,0,0,0,2,0,0,0,0,0,0,0,0,0,0,0,0,0,0,0,0,6014,8.34718989,13013180103
21325,1400000US13013180104,Census Tract 1801.04; Barrow County; Georgia,41,0,32,0,0,0,0,0,0,0,9,0,0,0,0,0,0,0,0,0,0,0,0,0,0,0,0,0,0,0,0,0,0,0,2611,1.570279586,13013180104
21326,1400000US13013180105,Census Tract 1801.05; Barrow County; Georgia,170,0,167,0,3,0,0,0,0,0,0,0,0,0,0,0,0,0,0,0,0,0,0,0,0,0,0,0,0,0,0,0,0,0,3041,5.59026636,13013180105
21327,1400000US13013180106,Census Tract 1801.06; Barrow County; Georgia,159,0,25,0,0,0,0,0,0,0,0,7,0,0,0,0,0,0,87,0,40,0,0,0,0,0,0,0,0,0,0,0,0,0,2584,6.153250774,13013180106
21328,1400000US13013180107,Census Tract 1801.07; Barrow County; Georgia,668,0,612,0,4,0,0,0,0,0,0,0,0,29,0,0,0,0,8,0,6,0,0,0,0,0,0,0,0,0,0,0,0,9,4212,15.85944919,13013180107
21329,1400000US13013180108,Census Tract 1801.08; Barrow County; Georgia,80,0,0,0,80,0,0,0,0,0,0,0,0,0,0,0,0,0,0,0,0,0,0,0,0,0,0,0,0,0,0,0,0,0,3103,2.578150177,13013180108
21330,1400000US13013180203,Census Tract 1802.03; Barrow County; Georgia,44,0,38,0,0,0,0,0,0,0,0,0,0,0,0,0,0,0,0,0,0,0,0,0,0,0,0,0,0,0,0,0,0,6,3201,1.374570447,13013180203
21331,1400000US13013180204,Census Tract 1802.04; Barrow County; Georgia,97,0,87,0,0,0,0,0,0,0,0,0,0,10,0,0,0,0,0,0,0,0,0,0,0,0,0,0,0,0,0,0,0,0,3141,3.088188475,13013180204
21332,1400000US13013180205,Census Tract 1802.05; Barrow County; Georgia,24,0,5,0,0,0,0,0,0,0,0,0,0,0,0,0,0,0,0,0,4,0,0,0,0,0,0,0,0,0,0,0,15,0,5394,0.444938821,13013180205
21333,1400000US13013180206,Census Tract 1802.06; Barrow County; Georgia,0,0,0,0,0,0,0,0,0,0,0,0,0,0,0,0,0,0,0,0,0,0,0,0,0,0,0,0,0,0,0,0,0,0,3341,0,13013180206
21334,1400000US13013180301,Census Tract 1803.01; Barrow County; Georgia,88,0,0,0,0,0,0,0,0,0,0,15,0,73,0,0,0,0,0,0,0,0,0,0,0,0,0,0,0,0,0,0,0,0,3262,2.697731453,13013180301
21335,1400000US13013180302,Census Tract 1803.02; Barrow County; Georgia,349,0,330,0,0,0,0,0,0,0,0,0,0,0,0,0,0,0,0,0,19,0,0,0,0,0,0,0,0,0,0,0,0,0,6176,5.650906736,13013180302
21336,1400000US13013180303,Census Tract 1803.03; Barrow County; Georgia,290,0,257,0,0,0,0,0,0,0,0,10,0,5,0,0,0,0,8,0,0,0,0,0,0,0,0,0,0,0,0,0,10,0,5887,4.926108374,13013180303
21337,1400000US13013180401,Census Tract 1804.01; Barrow County; Georgia,341,0,254,12,75,0,0,0,0,0,0,0,0,0,0,0,0,0,0,0,0,0,0,0,0,0,0,0,0,0,0,0,0,0,6328,5.38874842,13013180401
21338,1400000US13013180402,Census Tract 1804.02; Barrow County; Georgia,8,0,0,3,0,0,0,0,0,0,0,0,0,0,0,0,0,0,5,0,0,0,0,0,0,0,0,0,0,0,0,0,0,0,6161,0.12984905,13013180402
21339,1400000US13013180501,Census Tract 1805.01; Barrow County; Georgia,670,0,497,0,0,0,0,0,0,0,25,9,0,0,0,0,0,0,0,0,0,0,0,0,0,0,0,0,0,0,0,0,139,0,7956,8.421317245,13013180501
21340,1400000US13013180502,Census Tract 1805.02; Barrow County; Georgia,27,16,0,0,0,0,0,0,0,0,0,0,0,0,0,0,0,0,7,0,0,0,0,0,0,0,0,0,0,0,0,0,0,4,5211,0.518134715,13013180502
21341,1400000US13013180503,Census Tract 1805.03; Barrow County; Georgia,0,0,0,0,0,0,0,0,0,0,0,0,0,0,0,0,0,0,0,0,0,0,0,0,0,0,0,0,0,0,0,0,0,0,6776,0,13013180503
21342,1400000US13015960101,Census Tract 9601.01; Bartow County; Georgia,0,0,0,0,0,0,0,0,0,0,0,0,0,0,0,0,0,0,0,0,0,0,0,0,0,0,0,0,0,0,0,0,0,0,1678,0,13015960101
21343,1400000US13015960103,Census Tract 9601.03; Bartow County; Georgia,0,0,0,0,0,0,0,0,0,0,0,0,0,0,0,0,0,0,0,0,0,0,0,0,0,0,0,0,0,0,0,0,0,0,3588,0,13015960103
21344,1400000US13015960104,Census Tract 9601.04; Bartow County; Georgia,0,0,0,0,0,0,0,0,0,0,0,0,0,0,0,0,0,0,0,0,0,0,0,0,0,0,0,0,0,0,0,0,0,0,2677,0,13015960104
21345,1400000US13015960105,Census Tract 9601.05; Bartow County; Georgia,0,0,0,0,0,0,0,0,0,0,0,0,0,0,0,0,0,0,0,0,0,0,0,0,0,0,0,0,0,0,0,0,0,0,3870,0,13015960105
21346,1400000US13015960201,Census Tract 9602.01; Bartow County; Georgia,0,0,0,0,0,0,0,0,0,0,0,0,0,0,0,0,0,0,0,0,0,0,0,0,0,0,0,0,0,0,0,0,0,0,2768,0,13015960201
21347,1400000US13015960202,Census Tract 9602.02; Bartow County; Georgia,0,0,0,0,0,0,0,0,0,0,0,0,0,0,0,0,0,0,0,0,0,0,0,0,0,0,0,0,0,0,0,0,0,0,3755,0,13015960202
21348,1400000US13015960203,Census Tract 9602.03; Bartow County; Georgia,0,0,0,0,0,0,0,0,0,0,0,0,0,0,0,0,0,0,0,0,0,0,0,0,0,0,0,0,0,0,0,0,0,0,4190,0,13015960203
21349,1400000US13015960301,Census Tract 9603.01; Bartow County; Georgia,0,0,0,0,0,0,0,0,0,0,0,0,0,0,0,0,0,0,0,0,0,0,0,0,0,0,0,0,0,0,0,0,0,0,3553,0,13015960301
21350,1400000US13015960302,Census Tract 9603.02; Bartow County; Georgia,37,0,0,0,0,0,0,37,0,0,0,0,0,0,0,0,0,0,0,0,0,0,0,0,0,0,0,0,0,0,0,0,0,0,3313,1.116812557,13015960302
21351,1400000US13015960403,Census Tract 9604.03; Bartow County; Georgia,18,0,0,0,4,0,0,0,0,0,0,0,0,0,0,0,0,0,0,0,14,0,0,0,0,0,0,0,0,0,0,0,0,0,4296,0.418994413,13015960403
21352,1400000US13015960404,Census Tract 9604.04; Bartow County; Georgia,407,0,0,0,0,0,0,0,0,0,0,0,0,0,0,0,0,0,0,0,0,0,0,0,407,0,0,0,0,0,0,0,0,0,5535,7.353206865,13015960404
21353,1400000US13015960405,Census Tract 9604.05; Bartow County; Georgia,68,0,0,0,0,0,0,0,0,0,0,26,0,0,0,0,0,0,0,0,42,0,0,0,0,0,0,0,0,0,0,0,0,0,4942,1.375961149,13015960405
21354,1400000US13015960406,Census Tract 9604.06; Bartow County; Georgia,0,0,0,0,0,0,0,0,0,0,0,0,0,0,0,0,0,0,0,0,0,0,0,0,0,0,0,0,0,0,0,0,0,0,2709,0,13015960406
21355,1400000US13015960407,Census Tract 9604.07; Bartow County; Georgia,195,0,0,0,0,0,0,0,0,0,0,27,0,0,0,0,0,0,0,0,0,0,0,0,168,0,0,0,0,0,0,0,0,0,2892,6.742738589,13015960407
21356,1400000US13015960501,Census Tract 9605.01; Bartow County; Georgia,0,0,0,0,0,0,0,0,0,0,0,0,0,0,0,0,0,0,0,0,0,0,0,0,0,0,0,0,0,0,0,0,0,0,6613,0,13015960501
21357,1400000US13015960502,Census Tract 9605.02; Bartow County; Georgia,0,0,0,0,0,0,0,0,0,0,0,0,0,0,0,0,0,0,0,0,0,0,0,0,0,0,0,0,0,0,0,0,0,0,3112,0,13015960502
21358,1400000US13015960601,Census Tract 9606.01; Bartow County; Georgia,0,0,0,0,0,0,0,0,0,0,0,0,0,0,0,0,0,0,0,0,0,0,0,0,0,0,0,0,0,0,0,0,0,0,5785,0,13015960601
21359,1400000US13015960602,Census Tract 9606.02; Bartow County; Georgia,14,0,0,0,0,0,0,0,0,0,0,0,0,0,0,0,0,0,0,0,11,0,0,0,0,0,0,0,0,0,0,0,3,0,3660,0.382513661,13015960602
21360,1400000US13015960701,Census Tract 9607.01; Bartow County; Georgia,31,1,0,0,0,0,0,0,0,0,0,0,0,0,0,0,0,0,30,0,0,0,0,0,0,0,0,0,0,0,0,0,0,0,4014,0.772296961,13015960701
21361,1400000US13015960702,Census Tract 9607.02; Bartow County; Georgia,28,0,0,0,28,0,0,0,0,0,0,0,0,0,0,0,0,0,0,0,0,0,0,0,0,0,0,0,0,0,0,0,0,0,3429,0.816564596,13015960702
21362,1400000US13015960801,Census Tract 9608.01; Bartow County; Georgia,138,0,0,0,0,0,0,0,0,0,0,76,0,0,0,0,0,0,0,0,62,0,0,0,0,0,0,0,0,0,0,0,0,0,4728,2.918781726,13015960801
21363,1400000US13015960802,Census Tract 9608.02; Bartow County; Georgia,0,0,0,0,0,0,0,0,0,0,0,0,0,0,0,0,0,0,0,0,0,0,0,0,0,0,0,0,0,0,0,0,0,0,3391,0,13015960802
21364,1400000US13015960804,Census Tract 9608.04; Bartow County; Georgia,157,0,0,0,0,0,0,0,0,0,0,73,0,0,0,0,0,0,0,0,84,0,0,0,0,0,0,0,0,0,0,0,0,0,3977,3.947699271,13015960804
21365,1400000US13015960805,Census Tract 9608.05; Bartow County; Georgia,0,0,0,0,0,0,0,0,0,0,0,0,0,0,0,0,0,0,0,0,0,0,0,0,0,0,0,0,0,0,0,0,0,0,1809,0,13015960805
21366,1400000US13015960901,Census Tract 9609.01; Bartow County; Georgia,8,0,0,8,0,0,0,0,0,0,0,0,0,0,0,0,0,0,0,0,0,0,0,0,0,0,0,0,0,0,0,0,0,0,2744,0.29154519,13015960901
21367,1400000US13015960902,Census Tract 9609.02; Bartow County; Georgia,47,0,0,0,0,0,0,0,0,0,0,0,0,0,0,0,0,0,0,0,0,0,0,0,0,0,47,0,0,0,0,0,0,0,7677,0.612218314,13015960902
21368,1400000US13015961001,Census Tract 9610.01; Bartow County; Georgia,29,0,0,0,0,0,0,0,0,0,0,13,0,0,0,0,0,0,16,0,0,0,0,0,0,0,0,0,0,0,0,0,0,0,5426,0.534463693,13015961001
21369,1400000US13015961002,Census Tract 9610.02; Bartow County; Georgia,27,5,0,0,2,0,0,0,0,0,0,20,0,0,0,0,0,0,0,0,0,0,0,0,0,0,0,0,0,0,0,0,0,0,3279,0.823421775,13015961002
21370,1400000US13017960100,Census Tract 9601; Ben Hill County; Georgia,0,0,0,0,0,0,0,0,0,0,0,0,0,0,0,0,0,0,0,0,0,0,0,0,0,0,0,0,0,0,0,0,0,0,2597,0,13017960100
21371,1400000US13017960200,Census Tract 9602; Ben Hill County; Georgia,0,0,0,0,0,0,0,0,0,0,0,0,0,0,0,0,0,0,0,0,0,0,0,0,0,0,0,0,0,0,0,0,0,0,1950,0,13017960200
21372,1400000US13017960300,Census Tract 9603; Ben Hill County; Georgia,54,14,0,32,0,0,0,0,0,0,0,0,0,0,0,0,0,0,0,0,0,0,0,0,8,0,0,0,0,0,0,0,0,0,3411,1.583113456,13017960300
21373,1400000US13017960400,Census Tract 9604; Ben Hill County; Georgia,0,0,0,0,0,0,0,0,0,0,0,0,0,0,0,0,0,0,0,0,0,0,0,0,0,0,0,0,0,0,0,0,0,0,4050,0,13017960400
21374,1400000US13017960501,Census Tract 9605.01; Ben Hill County; Georgia,0,0,0,0,0,0,0,0,0,0,0,0,0,0,0,0,0,0,0,0,0,0,0,0,0,0,0,0,0,0,0,0,0,0,933,0,13017960501
21375,1400000US13017960502,Census Tract 9605.02; Ben Hill County; Georgia,9,0,0,0,9,0,0,0,0,0,0,0,0,0,0,0,0,0,0,0,0,0,0,0,0,0,0,0,0,0,0,0,0,0,4228,0.212866604,13017960502
21376,1400000US13019970100,Census Tract 9701; Berrien County; Georgia,0,0,0,0,0,0,0,0,0,0,0,0,0,0,0,0,0,0,0,0,0,0,0,0,0,0,0,0,0,0,0,0,0,0,1361,0,13019970100
21377,1400000US13019970200,Census Tract 9702; Berrien County; Georgia,0,0,0,0,0,0,0,0,0,0,0,0,0,0,0,0,0,0,0,0,0,0,0,0,0,0,0,0,0,0,0,0,0,0,3737,0,13019970200
21378,1400000US13019970300,Census Tract 9703; Berrien County; Georgia,0,0,0,0,0,0,0,0,0,0,0,0,0,0,0,0,0,0,0,0,0,0,0,0,0,0,0,0,0,0,0,0,0,0,2675,0,13019970300
21379,1400000US13019970400,Census Tract 9704; Berrien County; Georgia,0,0,0,0,0,0,0,0,0,0,0,0,0,0,0,0,0,0,0,0,0,0,0,0,0,0,0,0,0,0,0,0,0,0,3520,0,13019970400
21380,1400000US13019970500,Census Tract 9705; Berrien County; Georgia,194,0,0,0,13,0,0,0,0,175,0,0,0,0,0,0,0,0,6,0,0,0,0,0,0,0,0,0,0,0,0,0,0,0,3566,5.440269209,13019970500
21381,1400000US13019970600,Census Tract 9706; Berrien County; Georgia,0,0,0,0,0,0,0,0,0,0,0,0,0,0,0,0,0,0,0,0,0,0,0,0,0,0,0,0,0,0,0,0,0,0,3328,0,13019970600
21382,1400000US13021010100,Census Tract 101; Bibb County; Georgia,0,0,0,0,0,0,0,0,0,0,0,0,0,0,0,0,0,0,0,0,0,0,0,0,0,0,0,0,0,0,0,0,0,0,1793,0,13021010100
21383,1400000US13021010200,Census Tract 102; Bibb County; Georgia,181,0,0,0,0,0,0,0,0,0,0,0,0,0,0,0,0,0,81,0,0,0,0,0,0,0,0,0,0,0,0,0,100,0,1939,9.334708613,13021010200
21384,1400000US13021010400,Census Tract 104; Bibb County; Georgia,0,0,0,0,0,0,0,0,0,0,0,0,0,0,0,0,0,0,0,0,0,0,0,0,0,0,0,0,0,0,0,0,0,0,2056,0,13021010400
21385,1400000US13021010500,Census Tract 105; Bibb County; Georgia,225,50,0,7,56,0,0,0,0,0,0,20,0,4,0,0,0,0,23,0,42,0,0,0,4,0,0,0,0,0,0,0,0,19,2821,7.975895073,13021010500
21386,1400000US13021010800,Census Tract 108; Bibb County; Georgia,114,0,0,0,21,0,0,0,0,0,0,26,0,0,0,0,0,0,7,0,60,0,0,0,0,0,0,0,0,0,0,0,0,0,1789,6.372275014,13021010800
21387,1400000US13021011001,Census Tract 110.01; Bibb County; Georgia,12,0,0,0,0,0,0,0,0,12,0,0,0,0,0,0,0,0,0,0,0,0,0,0,0,0,0,0,0,0,0,0,0,0,3230,0.371517028,13021011001
21388,1400000US13021011002,Census Tract 110.02; Bibb County; Georgia,1,0,0,0,1,0,0,0,0,0,0,0,0,0,0,0,0,0,0,0,0,0,0,0,0,0,0,0,0,0,0,0,0,0,893,0.111982083,13021011002
21389,1400000US13021011100,Census Tract 111; Bibb County; Georgia,9,0,0,0,0,0,0,0,0,0,0,0,0,0,0,0,0,0,9,0,0,0,0,0,0,0,0,0,0,0,0,0,0,0,1650,0.545454545,13021011100
21390,1400000US13021011500,Census Tract 115; Bibb County; Georgia,0,0,0,0,0,0,0,0,0,0,0,0,0,0,0,0,0,0,0,0,0,0,0,0,0,0,0,0,0,0,0,0,0,0,1297,0,13021011500
21391,1400000US13021011701,Census Tract 117.01; Bibb County; Georgia,0,0,0,0,0,0,0,0,0,0,0,0,0,0,0,0,0,0,0,0,0,0,0,0,0,0,0,0,0,0,0,0,0,0,2948,0,13021011701
21392,1400000US13021011702,Census Tract 117.02; Bibb County; Georgia,0,0,0,0,0,0,0,0,0,0,0,0,0,0,0,0,0,0,0,0,0,0,0,0,0,0,0,0,0,0,0,0,0,0,4030,0,13021011702
21393,1400000US13021011800,Census Tract 118; Bibb County; Georgia,40,0,0,0,30,0,0,0,0,0,0,0,0,10,0,0,0,0,0,0,0,0,0,0,0,0,0,0,0,0,0,0,0,0,3968,1.008064516,13021011800
21394,1400000US13021011900,Census Tract 119; Bibb County; Georgia,41,0,0,0,1,0,0,0,0,0,0,40,0,0,0,0,0,0,0,0,0,0,0,0,0,0,0,0,0,0,0,0,0,0,2245,1.826280624,13021011900
21395,1400000US13021012000,Census Tract 120; Bibb County; Georgia,129,0,0,10,4,0,0,0,0,0,0,4,0,9,0,0,0,0,15,0,77,0,0,0,0,0,0,0,0,0,0,0,0,10,4697,2.746433894,13021012000
21396,1400000US13021012101,Census Tract 121.01; Bibb County; Georgia,60,5,0,0,8,0,0,0,0,0,0,0,0,0,0,0,0,0,11,0,36,0,0,0,0,0,0,0,0,0,0,0,0,0,2916,2.057613169,13021012101
21397,1400000US13021012102,Census Tract 121.02; Bibb County; Georgia,162,48,0,27,0,0,0,0,0,0,0,0,0,0,0,0,0,0,0,0,87,0,0,0,0,0,0,0,0,0,0,0,0,0,4880,3.319672131,13021012102
21398,1400000US13021012200,Census Tract 122; Bibb County; Georgia,17,0,0,0,0,0,0,0,0,0,0,0,0,0,0,0,0,0,0,0,17,0,0,0,0,0,0,0,0,0,0,0,0,0,2360,0.720338983,13021012200
21399,1400000US13021012400,Census Tract 124; Bibb County; Georgia,0,0,0,0,0,0,0,0,0,0,0,0,0,0,0,0,0,0,0,0,0,0,0,0,0,0,0,0,0,0,0,0,0,0,4688,0,13021012400
21400,1400000US13021012500,Census Tract 125; Bibb County; Georgia,0,0,0,0,0,0,0,0,0,0,0,0,0,0,0,0,0,0,0,0,0,0,0,0,0,0,0,0,0,0,0,0,0,0,2930,0,13021012500
21401,1400000US13021012600,Census Tract 126; Bibb County; Georgia,0,0,0,0,0,0,0,0,0,0,0,0,0,0,0,0,0,0,0,0,0,0,0,0,0,0,0,0,0,0,0,0,0,0,3867,0,13021012600
21402,1400000US13021012700,Census Tract 127; Bibb County; Georgia,0,0,0,0,0,0,0,0,0,0,0,0,0,0,0,0,0,0,0,0,0,0,0,0,0,0,0,0,0,0,0,0,0,0,1772,0,13021012700
21403,1400000US13021012800,Census Tract 128; Bibb County; Georgia,0,0,0,0,0,0,0,0,0,0,0,0,0,0,0,0,0,0,0,0,0,0,0,0,0,0,0,0,0,0,0,0,0,0,2625,0,13021012800
21404,1400000US13021012900,Census Tract 129; Bibb County; Georgia,0,0,0,0,0,0,0,0,0,0,0,0,0,0,0,0,0,0,0,0,0,0,0,0,0,0,0,0,0,0,0,0,0,0,1452,0,13021012900
21405,1400000US13021013101,Census Tract 131.01; Bibb County; Georgia,0,0,0,0,0,0,0,0,0,0,0,0,0,0,0,0,0,0,0,0,0,0,0,0,0,0,0,0,0,0,0,0,0,0,5687,0,13021013101
21406,1400000US13021013102,Census Tract 131.02; Bibb County; Georgia,0,0,0,0,0,0,0,0,0,0,0,0,0,0,0,0,0,0,0,0,0,0,0,0,0,0,0,0,0,0,0,0,0,0,4142,0,13021013102
21407,1400000US13021013201,Census Tract 132.01; Bibb County; Georgia,13,0,0,0,0,0,0,0,0,0,0,13,0,0,0,0,0,0,0,0,0,0,0,0,0,0,0,0,0,0,0,0,0,0,6173,0.210594525,13021013201
21408,1400000US13021013202,Census Tract 132.02; Bibb County; Georgia,138,0,0,0,0,0,0,0,0,0,0,0,0,0,0,0,0,0,0,0,138,0,0,0,0,0,0,0,0,0,0,0,0,0,2994,4.609218437,13021013202
21409,1400000US13021013302,Census Tract 133.02; Bibb County; Georgia,0,0,0,0,0,0,0,0,0,0,0,0,0,0,0,0,0,0,0,0,0,0,0,0,0,0,0,0,0,0,0,0,0,0,3705,0,13021013302
21410,1400000US13021013407,Census Tract 134.07; Bibb County; Georgia,206,155,0,0,34,0,0,0,0,0,0,4,0,0,0,0,0,0,0,0,13,0,0,0,0,0,0,0,0,0,0,0,0,0,4420,4.660633484,13021013407
21411,1400000US13021013408,Census Tract 134.08; Bibb County; Georgia,250,0,0,0,0,0,0,0,0,0,0,83,0,0,0,0,0,0,28,0,71,0,0,0,0,0,0,0,0,0,0,0,0,68,4530,5.518763797,13021013408
21412,1400000US13021013409,Census Tract 134.09; Bibb County; Georgia,172,0,0,0,0,0,0,0,0,0,0,7,0,0,0,0,0,0,48,0,55,0,0,0,62,0,0,0,0,0,0,0,0,0,4684,3.672075149,13021013409
21413,1400000US13021013411,Census Tract 134.11; Bibb County; Georgia,292,22,0,0,50,0,0,0,0,0,0,0,0,0,0,0,0,0,0,0,220,0,0,0,0,0,0,0,0,0,0,0,0,0,4923,5.931342677,13021013411
21414,1400000US13021013412,Census Tract 134.12; Bibb County; Georgia,517,0,0,0,135,0,0,0,0,0,0,0,0,0,0,0,0,0,28,0,327,0,0,0,0,0,0,0,0,0,0,0,0,27,3946,13.10187532,13021013412
21415,1400000US13021013413,Census Tract 134.13; Bibb County; Georgia,158,0,0,0,34,0,0,0,0,0,0,0,0,0,0,0,0,0,30,0,94,0,0,0,0,0,0,0,0,0,0,0,0,0,1962,8.053007136,13021013413
21416,1400000US13021013502,Census Tract 135.02; Bibb County; Georgia,7,0,0,0,7,0,0,0,0,0,0,0,0,0,0,0,0,0,0,0,0,0,0,0,0,0,0,0,0,0,0,0,0,0,1613,0.433973962,13021013502
21417,1400000US13021013503,Census Tract 135.03; Bibb County; Georgia,32,20,0,0,0,0,0,0,0,0,0,0,0,0,0,0,0,0,4,0,8,0,0,0,0,0,0,0,0,0,0,0,0,0,2239,1.429209469,13021013503
21418,1400000US13021013505,Census Tract 135.05; Bibb County; Georgia,146,0,0,0,146,0,0,0,0,0,0,0,0,0,0,0,0,0,0,0,0,0,0,0,0,0,0,0,0,0,0,0,0,0,4848,3.011551155,13021013505
21419,1400000US13021013506,Census Tract 135.06; Bibb County; Georgia,69,0,0,0,0,0,0,0,0,0,0,0,0,0,0,0,0,0,69,0,0,0,0,0,0,0,0,0,0,0,0,0,0,0,4564,1.511831727,13021013506
21420,1400000US13021013603,Census Tract 136.03; Bibb County; Georgia,51,0,0,0,0,0,0,0,0,0,0,0,0,0,0,0,0,0,0,0,51,0,0,0,0,0,0,0,0,0,0,0,0,0,4839,1.053936764,13021013603
21421,1400000US13021013604,Census Tract 136.04; Bibb County; Georgia,19,0,0,0,0,0,0,0,0,0,0,0,0,0,0,0,0,0,0,0,19,0,0,0,0,0,0,0,0,0,0,0,0,0,4680,0.405982906,13021013604
21422,1400000US13021013605,Census Tract 136.05; Bibb County; Georgia,92,0,0,0,11,0,0,0,0,0,0,0,0,0,0,0,0,0,0,0,0,0,0,0,81,0,0,0,0,0,0,0,0,0,6616,1.390568319,13021013605
21423,1400000US13021013607,Census Tract 136.07; Bibb County; Georgia,132,0,0,0,0,0,0,0,0,0,0,0,0,132,0,0,0,0,0,0,0,0,0,0,0,0,0,0,0,0,0,0,0,0,2995,4.407345576,13021013607
21424,1400000US13021013608,Census Tract 136.08; Bibb County; Georgia,107,60,0,0,47,0,0,0,0,0,0,0,0,0,0,0,0,0,0,0,0,0,0,0,0,0,0,0,0,0,0,0,0,0,4171,2.565332055,13021013608
21425,1400000US13021013701,Census Tract 137.01; Bibb County; Georgia,6,0,0,0,0,0,0,0,0,0,0,0,0,0,0,0,0,0,0,0,0,0,0,0,0,0,0,0,0,0,0,0,0,6,1789,0.335382895,13021013701
21426,1400000US13021013702,Census Tract 137.02; Bibb County; Georgia,0,0,0,0,0,0,0,0,0,0,0,0,0,0,0,0,0,0,0,0,0,0,0,0,0,0,0,0,0,0,0,0,0,0,1162,0,13021013702
21427,1400000US13021013800,Census Tract 138; Bibb County; Georgia,0,0,0,0,0,0,0,0,0,0,0,0,0,0,0,0,0,0,0,0,0,0,0,0,0,0,0,0,0,0,0,0,0,0,1518,0,13021013800
21428,1400000US13021013900,Census Tract 139; Bibb County; Georgia,0,0,0,0,0,0,0,0,0,0,0,0,0,0,0,0,0,0,0,0,0,0,0,0,0,0,0,0,0,0,0,0,0,0,1844,0,13021013900
21429,1400000US13021014000,Census Tract 140; Bibb County; Georgia,30,0,0,0,0,0,0,0,0,0,0,17,0,13,0,0,0,0,0,0,0,0,0,0,0,0,0,0,0,0,0,0,0,0,3664,0.818777293,13021014000
21430,1400000US13023790100,Census Tract 7901; Bleckley County; Georgia,0,0,0,0,0,0,0,0,0,0,0,0,0,0,0,0,0,0,0,0,0,0,0,0,0,0,0,0,0,0,0,0,0,0,4365,0,13023790100
21431,1400000US13023790200,Census Tract 7902; Bleckley County; Georgia,8,0,0,0,0,0,0,0,0,8,0,0,0,0,0,0,0,0,0,0,0,0,0,0,0,0,0,0,0,0,0,0,0,0,2780,0.287769784,13023790200
21432,1400000US13023790301,Census Tract 7903.01; Bleckley County; Georgia,108,72,0,0,0,0,0,0,0,0,0,14,0,0,0,0,0,0,22,0,0,0,0,0,0,0,0,0,0,0,0,0,0,0,3072,3.515625,13023790301
21433,1400000US13023790302,Census Tract 7903.02; Bleckley County; Georgia,0,0,0,0,0,0,0,0,0,0,0,0,0,0,0,0,0,0,0,0,0,0,0,0,0,0,0,0,0,0,0,0,0,0,2196,0,13023790302
21434,1400000US13025960101,Census Tract 9601.01; Brantley County; Georgia,0,0,0,0,0,0,0,0,0,0,0,0,0,0,0,0,0,0,0,0,0,0,0,0,0,0,0,0,0,0,0,0,0,0,3689,0,13025960101
21435,1400000US13025960102,Census Tract 9601.02; Brantley County; Georgia,28,0,0,0,0,0,0,0,0,0,0,0,0,0,0,0,0,0,28,0,0,0,0,0,0,0,0,0,0,0,0,0,0,0,3189,0.878018188,13025960102
21436,1400000US13025960201,Census Tract 9602.01; Brantley County; Georgia,0,0,0,0,0,0,0,0,0,0,0,0,0,0,0,0,0,0,0,0,0,0,0,0,0,0,0,0,0,0,0,0,0,0,1695,0,13025960201
21437,1400000US13025960202,Census Tract 9602.02; Brantley County; Georgia,98,0,0,0,0,0,0,0,0,0,0,0,0,0,0,0,0,0,0,0,98,0,0,0,0,0,0,0,0,0,0,0,0,0,4084,2.399608227,13025960202
21438,1400000US13025960300,Census Tract 9603; Brantley County; Georgia,0,0,0,0,0,0,0,0,0,0,0,0,0,0,0,0,0,0,0,0,0,0,0,0,0,0,0,0,0,0,0,0,0,0,5448,0,13025960300
21439,1400000US13027960200,Census Tract 9602; Brooks County; Georgia,0,0,0,0,0,0,0,0,0,0,0,0,0,0,0,0,0,0,0,0,0,0,0,0,0,0,0,0,0,0,0,0,0,0,1341,0,13027960200
21440,1400000US13027960301,Census Tract 9603.01; Brooks County; Georgia,96,0,0,0,6,0,0,0,0,0,0,90,0,0,0,0,0,0,0,0,0,0,0,0,0,0,0,0,0,0,0,0,0,0,3426,2.802101576,13027960301
21441,1400000US13027960302,Census Tract 9603.02; Brooks County; Georgia,0,0,0,0,0,0,0,0,0,0,0,0,0,0,0,0,0,0,0,0,0,0,0,0,0,0,0,0,0,0,0,0,0,0,1755,0,13027960302
21442,1400000US13027960400,Census Tract 9604; Brooks County; Georgia,9,0,0,9,0,0,0,0,0,0,0,0,0,0,0,0,0,0,0,0,0,0,0,0,0,0,0,0,0,0,0,0,0,0,3908,0.230296827,13027960400
21443,1400000US13027960500,Census Tract 9605; Brooks County; Georgia,0,0,0,0,0,0,0,0,0,0,0,0,0,0,0,0,0,0,0,0,0,0,0,0,0,0,0,0,0,0,0,0,0,0,3326,0,13027960500
21444,1400000US13027960600,Census Tract 9606; Brooks County; Georgia,0,0,0,0,0,0,0,0,0,0,0,0,0,0,0,0,0,0,0,0,0,0,0,0,0,0,0,0,0,0,0,0,0,0,2519,0,13027960600
21445,1400000US13029920101,Census Tract 9201.01; Bryan County; Georgia,51,0,0,0,0,0,0,0,0,0,0,0,0,0,0,0,0,0,0,0,51,0,0,0,0,0,0,0,0,0,0,0,0,0,5033,1.01331214,13029920101
21446,1400000US13029920103,Census Tract 9201.03; Bryan County; Georgia,9,0,0,0,0,0,0,0,0,0,0,9,0,0,0,0,0,0,0,0,0,0,0,0,0,0,0,0,0,0,0,0,0,0,4315,0.208574739,13029920103
21447,1400000US13029920104,Census Tract 9201.04; Bryan County; Georgia,0,0,0,0,0,0,0,0,0,0,0,0,0,0,0,0,0,0,0,0,0,0,0,0,0,0,0,0,0,0,0,0,0,0,1643,0,13029920104
21448,1400000US13029920301,Census Tract 9203.01; Bryan County; Georgia,0,0,0,0,0,0,0,0,0,0,0,0,0,0,0,0,0,0,0,0,0,0,0,0,0,0,0,0,0,0,0,0,0,0,1977,0,13029920301
21449,1400000US13029920303,Census Tract 9203.03; Bryan County; Georgia,192,13,0,0,48,0,0,0,0,0,0,0,0,0,0,0,0,0,0,0,105,0,0,0,0,0,0,0,16,0,0,0,0,10,6922,2.773764808,13029920303
21450,1400000US13029920305,Census Tract 9203.05; Bryan County; Georgia,122,47,0,3,0,0,0,0,0,0,0,27,0,0,0,0,0,0,45,0,0,0,0,0,0,0,0,0,0,0,0,0,0,0,5196,2.347959969,13029920305
21451,1400000US13029920307,Census Tract 9203.07; Bryan County; Georgia,213,0,0,0,3,0,0,0,0,0,0,0,0,0,0,0,0,0,0,0,140,0,0,0,70,0,0,0,0,0,0,0,0,0,9315,2.286634461,13029920307
21452,1400000US13029920308,Census Tract 9203.08; Bryan County; Georgia,436,112,0,255,50,0,0,0,0,0,0,0,0,0,0,0,0,0,0,0,8,0,0,11,0,0,0,0,0,0,0,0,0,0,10594,4.115537096,13029920308
21453,1400000US13029980000,Census Tract 9800; Bryan County; Georgia,0,0,0,0,0,0,0,0,0,0,0,0,0,0,0,0,0,0,0,0,0,0,0,0,0,0,0,0,0,0,0,0,0,0,0,NA,13029980000
21454,1400000US13031110100,Census Tract 1101; Bulloch County; Georgia,7,0,0,7,0,0,0,0,0,0,0,0,0,0,0,0,0,0,0,0,0,0,0,0,0,0,0,0,0,0,0,0,0,0,3675,0.19047619,13031110100
21455,1400000US13031110201,Census Tract 1102.01; Bulloch County; Georgia,9,0,0,0,0,0,0,0,0,0,0,0,0,0,0,0,0,0,0,0,9,0,0,0,0,0,0,0,0,0,0,0,0,0,3721,0.241870465,13031110201
21456,1400000US13031110202,Census Tract 1102.02; Bulloch County; Georgia,56,0,0,0,0,0,0,0,0,0,0,0,0,0,0,0,0,0,0,0,56,0,0,0,0,0,0,0,0,0,0,0,0,0,4380,1.278538813,13031110202
21457,1400000US13031110301,Census Tract 1103.01; Bulloch County; Georgia,48,38,0,7,0,0,0,0,0,0,0,0,0,0,0,0,0,0,0,0,3,0,0,0,0,0,0,0,0,0,0,0,0,0,3863,1.242557598,13031110301
21458,1400000US13031110302,Census Tract 1103.02; Bulloch County; Georgia,216,96,0,0,0,0,0,0,0,0,0,0,0,0,0,0,0,0,0,0,120,0,0,0,0,0,0,0,0,0,0,0,0,0,4715,4.581124072,13031110302
21459,1400000US13031110401,Census Tract 1104.01; Bulloch County; Georgia,24,18,0,0,0,0,0,0,0,0,0,6,0,0,0,0,0,0,0,0,0,0,0,0,0,0,0,0,0,0,0,0,0,0,4803,0.499687695,13031110401
21460,1400000US13031110405,Census Tract 1104.05; Bulloch County; Georgia,76,0,0,0,37,0,0,0,0,0,0,0,0,0,0,0,0,0,31,0,0,0,0,0,0,0,0,0,0,0,0,0,8,0,5861,1.296707047,13031110405
21461,1400000US13031110406,Census Tract 1104.06; Bulloch County; Georgia,86,0,0,61,0,0,0,0,0,0,0,0,0,0,0,0,0,0,0,0,25,0,0,0,0,0,0,0,0,0,0,0,0,0,1762,4.880817253,13031110406
21462,1400000US13031110407,Census Tract 1104.07; Bulloch County; Georgia,142,42,0,21,0,0,0,0,0,0,0,8,0,0,0,0,0,0,0,0,65,0,0,0,6,0,0,0,0,0,0,0,0,0,4501,3.154854477,13031110407
21463,1400000US13031110408,Census Tract 1104.08; Bulloch County; Georgia,173,24,0,36,0,0,0,0,0,0,0,20,0,0,0,0,0,0,6,0,17,0,0,0,6,0,0,0,0,0,0,0,0,64,3433,5.039324206,13031110408
21464,1400000US13031110500,Census Tract 1105; Bulloch County; Georgia,0,0,0,0,0,0,0,0,0,0,0,0,0,0,0,0,0,0,0,0,0,0,0,0,0,0,0,0,0,0,0,0,0,0,4536,0,13031110500
21465,1400000US13031110602,Census Tract 1106.02; Bulloch County; Georgia,68,41,0,0,17,0,0,0,0,0,0,5,0,0,0,0,0,0,0,0,5,0,0,0,0,0,0,0,0,0,0,0,0,0,4825,1.409326425,13031110602
21466,1400000US13031110603,Census Tract 1106.03; Bulloch County; Georgia,13,0,0,13,0,0,0,0,0,0,0,0,0,0,0,0,0,0,0,0,0,0,0,0,0,0,0,0,0,0,0,0,0,0,4186,0.310559006,13031110603
21467,1400000US13031110604,Census Tract 1106.04; Bulloch County; Georgia,0,0,0,0,0,0,0,0,0,0,0,0,0,0,0,0,0,0,0,0,0,0,0,0,0,0,0,0,0,0,0,0,0,0,3323,0,13031110604
21468,1400000US13031110701,Census Tract 1107.01; Bulloch County; Georgia,61,57,0,0,0,0,0,0,0,0,0,0,0,0,0,0,0,0,0,0,0,0,0,0,0,0,0,0,0,0,0,0,0,4,5558,1.097517092,13031110701
21469,1400000US13031110702,Census Tract 1107.02; Bulloch County; Georgia,128,57,0,0,0,0,0,0,0,0,0,71,0,0,0,0,0,0,0,0,0,0,0,0,0,0,0,0,0,0,0,0,0,0,3656,3.501094092,13031110702
21470,1400000US13031110703,Census Tract 1107.03; Bulloch County; Georgia,0,0,0,0,0,0,0,0,0,0,0,0,0,0,0,0,0,0,0,0,0,0,0,0,0,0,0,0,0,0,0,0,0,0,2348,0,13031110703
21471,1400000US13031110800,Census Tract 1108; Bulloch County; Georgia,9,2,0,0,1,0,0,0,0,0,0,6,0,0,0,0,0,0,0,0,0,0,0,0,0,0,0,0,0,0,0,0,0,0,3044,0.295663601,13031110800
21472,1400000US13031110901,Census Tract 1109.01; Bulloch County; Georgia,36,0,0,0,0,0,0,0,0,0,0,0,0,0,0,0,0,0,0,0,36,0,0,0,0,0,0,0,0,0,0,0,0,0,4474,0.804649084,13031110901
21473,1400000US13031110902,Census Tract 1109.02; Bulloch County; Georgia,95,0,0,0,42,0,0,0,0,0,0,53,0,0,0,0,0,0,0,0,0,0,0,0,0,0,0,0,0,0,0,0,0,0,3165,3.001579779,13031110902
21474,1400000US13033950101,Census Tract 9501.01; Burke County; Georgia,108,0,0,0,108,0,0,0,0,0,0,0,0,0,0,0,0,0,0,0,0,0,0,0,0,0,0,0,0,0,0,0,0,0,2560,4.21875,13033950101
21475,1400000US13033950102,Census Tract 9501.02; Burke County; Georgia,0,0,0,0,0,0,0,0,0,0,0,0,0,0,0,0,0,0,0,0,0,0,0,0,0,0,0,0,0,0,0,0,0,0,3114,0,13033950102
21476,1400000US13033950200,Census Tract 9502; Burke County; Georgia,0,0,0,0,0,0,0,0,0,0,0,0,0,0,0,0,0,0,0,0,0,0,0,0,0,0,0,0,0,0,0,0,0,0,3317,0,13033950200
21477,1400000US13033950400,Census Tract 9504; Burke County; Georgia,0,0,0,0,0,0,0,0,0,0,0,0,0,0,0,0,0,0,0,0,0,0,0,0,0,0,0,0,0,0,0,0,0,0,4627,0,13033950400
21478,1400000US13033950500,Census Tract 9505; Burke County; Georgia,14,0,0,0,0,0,0,0,0,0,0,0,0,0,0,0,0,0,0,0,14,0,0,0,0,0,0,0,0,0,0,0,0,0,5950,0.235294118,13033950500
21479,1400000US13033950700,Census Tract 9507; Burke County; Georgia,0,0,0,0,0,0,0,0,0,0,0,0,0,0,0,0,0,0,0,0,0,0,0,0,0,0,0,0,0,0,0,0,0,0,2943,0,13033950700
21480,1400000US13033950900,Census Tract 9509; Burke County; Georgia,0,0,0,0,0,0,0,0,0,0,0,0,0,0,0,0,0,0,0,0,0,0,0,0,0,0,0,0,0,0,0,0,0,0,1826,0,13033950900
21481,1400000US13035150101,Census Tract 1501.01; Butts County; Georgia,0,0,0,0,0,0,0,0,0,0,0,0,0,0,0,0,0,0,0,0,0,0,0,0,0,0,0,0,0,0,0,0,0,0,4217,0,13035150101
21482,1400000US13035150102,Census Tract 1501.02; Butts County; Georgia,9,0,0,0,9,0,0,0,0,0,0,0,0,0,0,0,0,0,0,0,0,0,0,0,0,0,0,0,0,0,0,0,0,0,5080,0.177165354,13035150102
21483,1400000US13035150201,Census Tract 1502.01; Butts County; Georgia,9,9,0,0,0,0,0,0,0,0,0,0,0,0,0,0,0,0,0,0,0,0,0,0,0,0,0,0,0,0,0,0,0,0,4987,0.18046922,13035150201
21484,1400000US13035150202,Census Tract 1502.02; Butts County; Georgia,0,0,0,0,0,0,0,0,0,0,0,0,0,0,0,0,0,0,0,0,0,0,0,0,0,0,0,0,0,0,0,0,0,0,2624,0,13035150202
21485,1400000US13035150300,Census Tract 1503; Butts County; Georgia,3,0,0,0,0,0,0,0,0,0,0,0,0,0,0,0,0,0,0,0,3,0,0,0,0,0,0,0,0,0,0,0,0,0,8614,0.034827026,13035150300
21486,1400000US13037950100,Census Tract 9501; Calhoun County; Georgia,0,0,0,0,0,0,0,0,0,0,0,0,0,0,0,0,0,0,0,0,0,0,0,0,0,0,0,0,0,0,0,0,0,0,2778,0,13037950100
21487,1400000US13037950200,Census Tract 9502; Calhoun County; Georgia,0,0,0,0,0,0,0,0,0,0,0,0,0,0,0,0,0,0,0,0,0,0,0,0,0,0,0,0,0,0,0,0,0,0,2816,0,13037950200
21488,1400000US13039010100,Census Tract 101; Camden County; Georgia,26,22,0,0,0,0,0,0,0,0,0,0,0,0,0,0,0,0,4,0,0,0,0,0,0,0,0,0,0,0,0,0,0,0,2662,0.976709241,13039010100
21489,1400000US13039010201,Census Tract 102.01; Camden County; Georgia,1,0,0,0,0,0,0,0,0,0,0,1,0,0,0,0,0,0,0,0,0,0,0,0,0,0,0,0,0,0,0,0,0,0,1926,0.05192108,13039010201
21490,1400000US13039010202,Census Tract 102.02; Camden County; Georgia,0,0,0,0,0,0,0,0,0,0,0,0,0,0,0,0,0,0,0,0,0,0,0,0,0,0,0,0,0,0,0,0,0,0,2552,0,13039010202
21491,1400000US13039010302,Census Tract 103.02; Camden County; Georgia,48,6,0,4,9,0,0,0,0,0,0,24,0,0,0,0,0,0,0,0,5,0,0,0,0,0,0,0,0,0,0,0,0,0,4941,0.971463267,13039010302
21492,1400000US13039010303,Census Tract 103.03; Camden County; Georgia,181,0,0,4,0,0,0,0,0,0,0,16,0,0,0,0,0,0,0,0,0,0,0,0,0,0,0,0,0,0,0,0,0,161,3588,5.044593088,13039010303
21493,1400000US13039010304,Census Tract 103.04; Camden County; Georgia,94,0,0,0,0,0,0,0,0,0,0,78,0,0,0,0,0,0,0,0,16,0,0,0,0,0,0,0,0,0,0,0,0,0,3136,2.99744898,13039010304
21494,1400000US13039010305,Census Tract 103.05; Camden County; Georgia,120,0,0,0,0,0,0,0,0,0,0,0,0,0,0,0,0,0,0,0,120,0,0,0,0,0,0,0,0,0,0,0,0,0,2225,5.393258427,13039010305
21495,1400000US13039010403,Census Tract 104.03; Camden County; Georgia,250,0,0,0,0,0,0,0,0,0,0,49,0,0,0,0,0,0,0,0,201,0,0,0,0,0,0,0,0,0,0,0,0,0,4505,5.549389567,13039010403
21496,1400000US13039010404,Census Tract 104.04; Camden County; Georgia,72,72,0,0,0,0,0,0,0,0,0,0,0,0,0,0,0,0,0,0,0,0,0,0,0,0,0,0,0,0,0,0,0,0,5253,1.370645346,13039010404
21497,1400000US13039010405,Census Tract 104.05; Camden County; Georgia,79,0,0,14,0,0,0,0,0,0,0,50,15,0,0,0,0,0,0,0,0,0,0,0,0,0,0,0,0,0,0,0,0,0,7024,1.124715262,13039010405
21498,1400000US13039010406,Census Tract 104.06; Camden County; Georgia,23,0,0,12,0,0,0,0,0,0,0,11,0,0,0,0,0,0,0,0,0,0,0,0,0,0,0,0,0,0,0,0,0,0,2322,0.990525409,13039010406
21499,1400000US13039010407,Census Tract 104.07; Camden County; Georgia,61,0,0,9,0,0,0,0,0,0,0,39,0,0,0,0,0,13,0,0,0,0,0,0,0,0,0,0,0,0,0,0,0,0,3795,1.607378129,13039010407
21500,1400000US13039010500,Census Tract 105; Camden County; Georgia,0,0,0,0,0,0,0,0,0,0,0,0,0,0,0,0,0,0,0,0,0,0,0,0,0,0,0,0,0,0,0,0,0,0,3264,0,13039010500
21501,1400000US13039010602,Census Tract 106.02; Camden County; Georgia,59,0,0,0,0,0,0,0,0,0,0,59,0,0,0,0,0,0,0,0,0,0,0,0,0,0,0,0,0,0,0,0,0,0,1451,4.066161268,13039010602
21502,1400000US13039010603,Census Tract 106.03; Camden County; Georgia,0,0,0,0,0,0,0,0,0,0,0,0,0,0,0,0,0,0,0,0,0,0,0,0,0,0,0,0,0,0,0,0,0,0,2500,0,13039010603
21503,1400000US13039010604,Census Tract 106.04; Camden County; Georgia,11,0,0,0,0,0,0,0,0,0,0,11,0,0,0,0,0,0,0,0,0,0,0,0,0,0,0,0,0,0,0,0,0,0,3961,0.27770765,13039010604
21504,1400000US13039990000,Census Tract 9900; Camden County; Georgia,0,0,0,0,0,0,0,0,0,0,0,0,0,0,0,0,0,0,0,0,0,0,0,0,0,0,0,0,0,0,0,0,0,0,0,NA,13039990000
21505,1400000US13043950100,Census Tract 9501; Candler County; Georgia,37,27,0,0,0,0,0,0,0,0,0,10,0,0,0,0,0,0,0,0,0,0,0,0,0,0,0,0,0,0,0,0,0,0,5178,0.714561607,13043950100
21506,1400000US13043950200,Census Tract 9502; Candler County; Georgia,55,7,0,0,0,0,0,0,0,0,0,48,0,0,0,0,0,0,0,0,0,0,0,0,0,0,0,0,0,0,0,0,0,0,3312,1.660628019,13043950200
21507,1400000US13043950300,Census Tract 9503; Candler County; Georgia,0,0,0,0,0,0,0,0,0,0,0,0,0,0,0,0,0,0,0,0,0,0,0,0,0,0,0,0,0,0,0,0,0,0,2456,0,13043950300
21508,1400000US13045910101,Census Tract 9101.01; Carroll County; Georgia,292,0,0,0,0,0,0,0,0,0,0,0,0,0,0,0,0,0,0,0,155,0,0,0,0,0,0,0,0,0,0,0,0,137,6452,4.525728456,13045910101
21509,1400000US13045910103,Census Tract 9101.03; Carroll County; Georgia,20,4,0,5,0,0,0,0,0,0,0,8,0,0,0,0,0,0,0,0,0,0,0,0,0,0,0,0,0,0,0,0,0,3,5442,0.367511944,13045910103
21510,1400000US13045910105,Census Tract 9101.05; Carroll County; Georgia,0,0,0,0,0,0,0,0,0,0,0,0,0,0,0,0,0,0,0,0,0,0,0,0,0,0,0,0,0,0,0,0,0,0,4561,0,13045910105
21511,1400000US13045910106,Census Tract 9101.06; Carroll County; Georgia,0,0,0,0,0,0,0,0,0,0,0,0,0,0,0,0,0,0,0,0,0,0,0,0,0,0,0,0,0,0,0,0,0,0,6006,0,13045910106
21512,1400000US13045910201,Census Tract 9102.01; Carroll County; Georgia,3,0,0,0,0,0,0,0,0,0,0,0,0,0,0,0,0,0,0,0,0,0,0,0,0,0,0,0,0,0,0,3,0,0,3645,0.082304527,13045910201
21513,1400000US13045910202,Census Tract 9102.02; Carroll County; Georgia,50,50,0,0,0,0,0,0,0,0,0,0,0,0,0,0,0,0,0,0,0,0,0,0,0,0,0,0,0,0,0,0,0,0,5832,0.85733882,13045910202
21514,1400000US13045910203,Census Tract 9102.03; Carroll County; Georgia,36,0,0,0,0,0,0,0,0,36,0,0,0,0,0,0,0,0,0,0,0,0,0,0,0,0,0,0,0,0,0,0,0,0,4434,0.811907984,13045910203
21515,1400000US13045910301,Census Tract 9103.01; Carroll County; Georgia,110,0,0,0,0,0,0,0,0,0,0,8,0,58,0,0,0,0,44,0,0,0,0,0,0,0,0,0,0,0,0,0,0,0,3339,3.294399521,13045910301
21516,1400000US13045910302,Census Tract 9103.02; Carroll County; Georgia,31,0,0,25,0,0,0,0,0,0,0,0,0,0,0,0,0,0,0,0,6,0,0,0,0,0,0,0,0,0,0,0,0,0,3977,0.779482022,13045910302
21517,1400000US13045910400,Census Tract 9104; Carroll County; Georgia,4,0,0,0,0,0,0,0,0,0,0,4,0,0,0,0,0,0,0,0,0,0,0,0,0,0,0,0,0,0,0,0,0,0,3724,0.107411386,13045910400
21518,1400000US13045910502,Census Tract 9105.02; Carroll County; Georgia,0,0,0,0,0,0,0,0,0,0,0,0,0,0,0,0,0,0,0,0,0,0,0,0,0,0,0,0,0,0,0,0,0,0,3226,0,13045910502
21519,1400000US13045910503,Census Tract 9105.03; Carroll County; Georgia,58,0,0,0,0,0,0,0,0,0,0,0,0,0,0,0,0,0,0,0,58,0,0,0,0,0,0,0,0,0,0,0,0,0,3952,1.467611336,13045910503
21520,1400000US13045910504,Census Tract 9105.04; Carroll County; Georgia,95,10,0,0,25,0,0,1,0,0,0,0,0,0,0,0,0,0,0,0,55,0,0,0,0,0,4,0,0,0,0,0,0,0,3971,2.392344498,13045910504
21521,1400000US13045910600,Census Tract 9106; Carroll County; Georgia,0,0,0,0,0,0,0,0,0,0,0,0,0,0,0,0,0,0,0,0,0,0,0,0,0,0,0,0,0,0,0,0,0,0,6113,0,13045910600
21522,1400000US13045910704,Census Tract 9107.04; Carroll County; Georgia,9,0,0,0,0,0,0,0,0,0,0,0,0,0,0,0,0,0,0,0,9,0,0,0,0,0,0,0,0,0,0,0,0,0,3812,0.236096537,13045910704
21523,1400000US13045910705,Census Tract 9107.05; Carroll County; Georgia,0,0,0,0,0,0,0,0,0,0,0,0,0,0,0,0,0,0,0,0,0,0,0,0,0,0,0,0,0,0,0,0,0,0,5149,0,13045910705
21524,1400000US13045910706,Census Tract 9107.06; Carroll County; Georgia,0,0,0,0,0,0,0,0,0,0,0,0,0,0,0,0,0,0,0,0,0,0,0,0,0,0,0,0,0,0,0,0,0,0,5851,0,13045910706
21525,1400000US13045910707,Census Tract 9107.07; Carroll County; Georgia,50,27,0,0,0,0,0,0,0,0,0,23,0,0,0,0,0,0,0,0,0,0,0,0,0,0,0,0,0,0,0,0,0,0,4748,1.053074979,13045910707
21526,1400000US13045910708,Census Tract 9107.08; Carroll County; Georgia,0,0,0,0,0,0,0,0,0,0,0,0,0,0,0,0,0,0,0,0,0,0,0,0,0,0,0,0,0,0,0,0,0,0,4008,0,13045910708
21527,1400000US13045910709,Census Tract 9107.09; Carroll County; Georgia,8,0,0,0,0,0,0,0,0,0,0,0,0,0,0,0,0,8,0,0,0,0,0,0,0,0,0,0,0,0,0,0,0,0,4022,0.198906017,13045910709
21528,1400000US13045910800,Census Tract 9108; Carroll County; Georgia,0,0,0,0,0,0,0,0,0,0,0,0,0,0,0,0,0,0,0,0,0,0,0,0,0,0,0,0,0,0,0,0,0,0,3970,0,13045910800
21529,1400000US13045910900,Census Tract 9109; Carroll County; Georgia,13,7,0,0,0,0,0,0,0,0,0,0,0,0,0,0,0,0,0,0,6,0,0,0,0,0,0,0,0,0,0,0,0,0,4126,0.315075133,13045910900
21530,1400000US13045911001,Census Tract 9110.01; Carroll County; Georgia,0,0,0,0,0,0,0,0,0,0,0,0,0,0,0,0,0,0,0,0,0,0,0,0,0,0,0,0,0,0,0,0,0,0,3521,0,13045911001
21531,1400000US13045911002,Census Tract 9110.02; Carroll County; Georgia,14,0,0,0,0,0,0,0,0,0,0,0,0,0,0,0,0,14,0,0,0,0,0,0,0,0,0,0,0,0,0,0,0,0,3278,0.427089689,13045911002
21532,1400000US13045911101,Census Tract 9111.01; Carroll County; Georgia,176,11,0,0,0,0,0,0,0,0,0,0,0,0,0,0,0,0,45,0,47,0,0,73,0,0,0,0,0,0,0,0,0,0,5148,3.418803419,13045911101
21533,1400000US13045911102,Census Tract 9111.02; Carroll County; Georgia,17,0,0,0,0,0,0,0,0,0,0,17,0,0,0,0,0,0,0,0,0,0,0,0,0,0,0,0,0,0,0,0,0,0,2817,0.603478878,13045911102
21534,1400000US13045911201,Census Tract 9112.01; Carroll County; Georgia,0,0,0,0,0,0,0,0,0,0,0,0,0,0,0,0,0,0,0,0,0,0,0,0,0,0,0,0,0,0,0,0,0,0,2062,0,13045911201
21535,1400000US13045911202,Census Tract 9112.02; Carroll County; Georgia,55,0,0,0,55,0,0,0,0,0,0,0,0,0,0,0,0,0,0,0,0,0,0,0,0,0,0,0,0,0,0,0,0,0,2874,1.913709116,13045911202
21536,1400000US13047030100,Census Tract 301; Catoosa County; Georgia,24,0,0,0,0,0,0,0,0,0,0,24,0,0,0,0,0,0,0,0,0,0,0,0,0,0,0,0,0,0,0,0,0,0,7298,0.328857221,13047030100
21537,1400000US13047030201,Census Tract 302.01; Catoosa County; Georgia,36,0,0,15,0,0,0,0,0,0,0,21,0,0,0,0,0,0,0,0,0,0,0,0,0,0,0,0,0,0,0,0,0,0,5576,0.645624103,13047030201
21538,1400000US13047030202,Census Tract 302.02; Catoosa County; Georgia,170,0,0,0,155,0,0,0,0,0,0,0,0,0,0,0,0,15,0,0,0,0,0,0,0,0,0,0,0,0,0,0,0,0,6252,2.719129878,13047030202
21539,1400000US13047030303,Census Tract 303.03; Catoosa County; Georgia,9,9,0,0,0,0,0,0,0,0,0,0,0,0,0,0,0,0,0,0,0,0,0,0,0,0,0,0,0,0,0,0,0,0,3691,0.243836359,13047030303
21540,1400000US13047030304,Census Tract 303.04; Catoosa County; Georgia,0,0,0,0,0,0,0,0,0,0,0,0,0,0,0,0,0,0,0,0,0,0,0,0,0,0,0,0,0,0,0,0,0,0,4236,0,13047030304
21541,1400000US13047030305,Census Tract 303.05; Catoosa County; Georgia,39,39,0,0,0,0,0,0,0,0,0,0,0,0,0,0,0,0,0,0,0,0,0,0,0,0,0,0,0,0,0,0,0,0,1950,2,13047030305
21542,1400000US13047030306,Census Tract 303.06; Catoosa County; Georgia,73,48,0,0,0,0,0,0,0,0,0,0,0,0,0,0,0,0,25,0,0,0,0,0,0,0,0,0,0,0,0,0,0,0,5742,1.27133403,13047030306
21543,1400000US13047030402,Census Tract 304.02; Catoosa County; Georgia,0,0,0,0,0,0,0,0,0,0,0,0,0,0,0,0,0,0,0,0,0,0,0,0,0,0,0,0,0,0,0,0,0,0,5886,0,13047030402
21544,1400000US13047030403,Census Tract 304.03; Catoosa County; Georgia,17,0,0,0,16,0,0,0,0,0,0,0,0,0,0,0,0,0,0,0,1,0,0,0,0,0,0,0,0,0,0,0,0,0,5222,0.325545768,13047030403
21545,1400000US13047030404,Census Tract 304.04; Catoosa County; Georgia,231,52,0,0,0,0,0,0,0,0,16,0,0,38,0,0,0,0,0,0,125,0,0,0,0,0,0,0,0,0,0,0,0,0,2366,9.763313609,13047030404
21546,1400000US13047030501,Census Tract 305.01; Catoosa County; Georgia,21,0,0,0,21,0,0,0,0,0,0,0,0,0,0,0,0,0,0,0,0,0,0,0,0,0,0,0,0,0,0,0,0,0,2757,0.761697497,13047030501
21547,1400000US13047030502,Census Tract 305.02; Catoosa County; Georgia,33,0,0,0,33,0,0,0,0,0,0,0,0,0,0,0,0,0,0,0,0,0,0,0,0,0,0,0,0,0,0,0,0,0,3911,0.843773971,13047030502
21548,1400000US13047030600,Census Tract 306; Catoosa County; Georgia,221,0,0,0,0,0,0,0,0,0,0,0,0,0,0,0,0,0,0,0,221,0,0,0,0,0,0,0,0,0,0,0,0,0,5482,4.03137541,13047030600
21549,1400000US13047030701,Census Tract 307.01; Catoosa County; Georgia,0,0,0,0,0,0,0,0,0,0,0,0,0,0,0,0,0,0,0,0,0,0,0,0,0,0,0,0,0,0,0,0,0,0,3232,0,13047030701
21550,1400000US13047030702,Census Tract 307.02; Catoosa County; Georgia,168,0,0,0,0,0,0,0,0,0,0,0,0,13,0,0,0,0,23,0,132,0,0,0,0,0,0,0,0,0,0,0,0,0,4451,3.774432712,13047030702
21551,1400000US13049010101,Census Tract 101.01; Charlton County; Georgia,14,0,0,0,13,0,0,0,0,0,0,0,0,0,0,0,0,0,0,0,1,0,0,0,0,0,0,0,0,0,0,0,0,0,4825,0.29015544,13049010101
21552,1400000US13049010102,Census Tract 101.02; Charlton County; Georgia,85,0,0,0,0,0,0,0,0,0,0,21,0,0,0,0,0,0,0,0,64,0,0,0,0,0,0,0,0,0,0,0,0,0,4211,2.018522916,13049010102
21553,1400000US13049010200,Census Tract 102; Charlton County; Georgia,0,0,0,0,0,0,0,0,0,0,0,0,0,0,0,0,0,0,0,0,0,0,0,0,0,0,0,0,0,0,0,0,0,0,3511,0,13049010200
21554,1400000US13051000601,Census Tract 6.01; Chatham County; Georgia,94,77,0,10,7,0,0,0,0,0,0,0,0,0,0,0,0,0,0,0,0,0,0,0,0,0,0,0,0,0,0,0,0,0,4974,1.889827101,13051000601
21555,1400000US13051001100,Census Tract 11; Chatham County; Georgia,66,0,0,0,16,0,0,0,0,0,0,43,0,0,0,0,0,0,0,0,7,0,0,0,0,0,0,0,0,0,0,0,0,0,1556,4.241645244,13051001100
21556,1400000US13051001200,Census Tract 12; Chatham County; Georgia,0,0,0,0,0,0,0,0,0,0,0,0,0,0,0,0,0,0,0,0,0,0,0,0,0,0,0,0,0,0,0,0,0,0,2541,0,13051001200
21557,1400000US13051002000,Census Tract 20; Chatham County; Georgia,59,10,0,0,0,0,0,0,0,0,0,0,31,0,0,0,0,5,7,0,6,0,0,0,0,0,0,0,0,0,0,0,0,0,1603,3.680598877,13051002000
21558,1400000US13051002100,Census Tract 21; Chatham County; Georgia,55,49,0,0,0,0,0,0,0,0,3,0,0,0,0,0,0,3,0,0,0,0,0,0,0,0,0,0,0,0,0,0,0,0,2167,2.538071066,13051002100
21559,1400000US13051002200,Census Tract 22; Chatham County; Georgia,0,0,0,0,0,0,0,0,0,0,0,0,0,0,0,0,0,0,0,0,0,0,0,0,0,0,0,0,0,0,0,0,0,0,4229,0,13051002200
21560,1400000US13051002300,Census Tract 23; Chatham County; Georgia,0,0,0,0,0,0,0,0,0,0,0,0,0,0,0,0,0,0,0,0,0,0,0,0,0,0,0,0,0,0,0,0,0,0,1821,0,13051002300
21561,1400000US13051002600,Census Tract 26; Chatham County; Georgia,71,13,0,0,14,0,0,15,0,0,0,0,0,5,0,0,0,0,0,0,24,0,0,0,0,0,0,0,0,0,0,0,0,0,1866,3.804930332,13051002600
21562,1400000US13051002700,Census Tract 27; Chatham County; Georgia,9,0,0,0,0,0,0,0,0,0,0,9,0,0,0,0,0,0,0,0,0,0,0,0,0,0,0,0,0,0,0,0,0,0,2956,0.304465494,13051002700
21563,1400000US13051002800,Census Tract 28; Chatham County; Georgia,81,14,0,0,19,0,0,0,0,0,19,27,2,0,0,0,0,0,0,0,0,0,0,0,0,0,0,0,0,0,0,0,0,0,3552,2.280405405,13051002800
21564,1400000US13051002900,Census Tract 29; Chatham County; Georgia,0,0,0,0,0,0,0,0,0,0,0,0,0,0,0,0,0,0,0,0,0,0,0,0,0,0,0,0,0,0,0,0,0,0,2773,0,13051002900
21565,1400000US13051003000,Census Tract 30; Chatham County; Georgia,12,7,0,0,5,0,0,0,0,0,0,0,0,0,0,0,0,0,0,0,0,0,0,0,0,0,0,0,0,0,0,0,0,0,1924,0.623700624,13051003000
21566,1400000US13051003301,Census Tract 33.01; Chatham County; Georgia,0,0,0,0,0,0,0,0,0,0,0,0,0,0,0,0,0,0,0,0,0,0,0,0,0,0,0,0,0,0,0,0,0,0,1665,0,13051003301
21567,1400000US13051003302,Census Tract 33.02; Chatham County; Georgia,0,0,0,0,0,0,0,0,0,0,0,0,0,0,0,0,0,0,0,0,0,0,0,0,0,0,0,0,0,0,0,0,0,0,2086,0,13051003302
21568,1400000US13051003400,Census Tract 34; Chatham County; Georgia,52,9,0,0,0,0,0,0,0,0,0,15,0,0,0,0,0,11,17,0,0,0,0,0,0,0,0,0,0,0,0,0,0,0,4417,1.17726964,13051003400
21569,1400000US13051003501,Census Tract 35.01; Chatham County; Georgia,0,0,0,0,0,0,0,0,0,0,0,0,0,0,0,0,0,0,0,0,0,0,0,0,0,0,0,0,0,0,0,0,0,0,2327,0,13051003501
21570,1400000US13051003502,Census Tract 35.02; Chatham County; Georgia,0,0,0,0,0,0,0,0,0,0,0,0,0,0,0,0,0,0,0,0,0,0,0,0,0,0,0,0,0,0,0,0,0,0,3818,0,13051003502
21571,1400000US13051003601,Census Tract 36.01; Chatham County; Georgia,14,0,0,0,0,0,0,0,0,0,0,0,0,0,0,0,0,0,0,0,14,0,0,0,0,0,0,0,0,0,0,0,0,0,3933,0.35596237,13051003601
21572,1400000US13051003602,Census Tract 36.02; Chatham County; Georgia,199,56,0,0,0,0,0,0,0,0,0,0,0,48,0,0,0,0,95,0,0,0,0,0,0,0,0,0,0,0,0,0,0,0,4726,4.210749048,13051003602
21573,1400000US13051003700,Census Tract 37; Chatham County; Georgia,4,0,0,0,0,0,0,0,0,0,0,0,0,0,0,0,0,0,0,0,0,0,0,0,0,0,4,0,0,0,0,0,0,0,2245,0.178173719,13051003700
21574,1400000US13051003800,Census Tract 38; Chatham County; Georgia,8,0,0,0,0,0,0,0,0,0,0,8,0,0,0,0,0,0,0,0,0,0,0,0,0,0,0,0,0,0,0,0,0,0,2804,0.285306705,13051003800
21575,1400000US13051003900,Census Tract 39; Chatham County; Georgia,113,27,0,0,0,0,0,0,0,0,47,0,0,0,0,0,0,0,23,0,0,0,0,0,0,0,0,0,0,0,0,0,16,0,3953,2.858588414,13051003900
21576,1400000US13051004001,Census Tract 40.01; Chatham County; Georgia,345,46,0,0,1,0,0,0,0,146,0,123,0,0,0,0,0,0,29,0,0,0,0,0,0,0,0,0,0,0,0,0,0,0,4524,7.625994695,13051004001
21577,1400000US13051004002,Census Tract 40.02; Chatham County; Georgia,78,0,0,0,6,0,0,0,0,0,0,0,0,0,0,0,0,0,0,0,27,0,0,45,0,0,0,0,0,0,0,0,0,0,3274,2.382406842,13051004002
21578,1400000US13051004100,Census Tract 41; Chatham County; Georgia,344,298,0,0,0,0,0,0,0,0,0,0,0,0,0,0,0,0,10,0,0,0,0,0,0,0,0,0,0,0,0,0,0,36,2112,16.28787879,13051004100
21579,1400000US13051004207,Census Tract 42.07; Chatham County; Georgia,113,23,0,16,0,0,0,0,0,0,0,0,0,0,0,0,0,0,32,0,42,0,0,0,0,0,0,0,0,0,0,0,0,0,3240,3.487654321,13051004207
21580,1400000US13051004208,Census Tract 42.08; Chatham County; Georgia,90,0,0,0,13,0,0,0,0,0,0,0,0,0,0,0,0,0,77,0,0,0,0,0,0,0,0,0,0,0,0,0,0,0,4150,2.168674699,13051004208
21581,1400000US13051004209,Census Tract 42.09; Chatham County; Georgia,99,0,0,0,10,0,0,0,0,0,0,5,0,0,0,0,0,14,0,0,70,0,0,0,0,0,0,0,0,0,0,0,0,0,3891,2.544333076,13051004209
21582,1400000US13051004210,Census Tract 42.10; Chatham County; Georgia,188,11,0,0,15,0,0,0,0,0,0,35,0,0,0,0,0,0,98,0,29,0,0,0,0,0,0,0,0,0,0,0,0,0,4908,3.830480848,13051004210
21583,1400000US13051004211,Census Tract 42.11; Chatham County; Georgia,219,0,0,0,119,0,0,0,0,0,0,0,6,0,0,0,0,0,94,0,0,0,0,0,0,0,0,0,0,0,0,0,0,0,5162,4.242541651,13051004211
21584,1400000US13051004212,Census Tract 42.12; Chatham County; Georgia,529,11,0,0,39,0,0,0,0,0,0,230,0,0,0,0,0,228,6,0,15,0,0,0,0,0,0,0,0,0,0,0,0,0,5559,9.516100018,13051004212
21585,1400000US13051004300,Census Tract 43; Chatham County; Georgia,32,0,21,0,11,0,0,0,0,0,0,0,0,0,0,0,0,0,0,0,0,0,0,0,0,0,0,0,0,0,0,0,0,0,2550,1.254901961,13051004300
21586,1400000US13051004400,Census Tract 44; Chatham County; Georgia,0,0,0,0,0,0,0,0,0,0,0,0,0,0,0,0,0,0,0,0,0,0,0,0,0,0,0,0,0,0,0,0,0,0,2518,0,13051004400
21587,1400000US13051004500,Census Tract 45; Chatham County; Georgia,0,0,0,0,0,0,0,0,0,0,0,0,0,0,0,0,0,0,0,0,0,0,0,0,0,0,0,0,0,0,0,0,0,0,3904,0,13051004500
21588,1400000US13051010102,Census Tract 101.02; Chatham County; Georgia,47,21,0,0,18,0,0,0,0,0,0,4,0,0,0,0,0,0,4,0,0,0,0,0,0,0,0,0,0,0,0,0,0,0,4319,1.088214865,13051010102
21589,1400000US13051010200,Census Tract 102; Chatham County; Georgia,42,39,0,0,3,0,0,0,0,0,0,0,0,0,0,0,0,0,0,0,0,0,0,0,0,0,0,0,0,0,0,0,0,0,4468,0.940017905,13051010200
21590,1400000US13051010502,Census Tract 105.02; Chatham County; Georgia,0,0,0,0,0,0,0,0,0,0,0,0,0,0,0,0,0,0,0,0,0,0,0,0,0,0,0,0,0,0,0,0,0,0,4130,0,13051010502
21591,1400000US13051010503,Census Tract 105.03; Chatham County; Georgia,12,0,0,0,12,0,0,0,0,0,0,0,0,0,0,0,0,0,0,0,0,0,0,0,0,0,0,0,0,0,0,0,0,0,1797,0.667779633,13051010503
21592,1400000US13051010504,Census Tract 105.04; Chatham County; Georgia,464,201,0,0,0,0,0,0,0,0,0,0,0,0,0,0,0,0,0,0,263,0,0,0,0,0,0,0,0,0,0,0,0,0,4505,10.29966704,13051010504
21593,1400000US13051010601,Census Tract 106.01; Chatham County; Georgia,0,0,0,0,0,0,0,0,0,0,0,0,0,0,0,0,0,0,0,0,0,0,0,0,0,0,0,0,0,0,0,0,0,0,4606,0,13051010601
21594,1400000US13051010603,Census Tract 106.03; Chatham County; Georgia,214,4,0,27,0,0,0,0,0,0,0,171,0,0,0,0,0,0,12,0,0,0,0,0,0,0,0,0,0,0,0,0,0,0,2459,8.702724685,13051010603
21595,1400000US13051010701,Census Tract 107.01; Chatham County; Georgia,0,0,0,0,0,0,0,0,0,0,0,0,0,0,0,0,0,0,0,0,0,0,0,0,0,0,0,0,0,0,0,0,0,0,3511,0,13051010701
21596,1400000US13051010702,Census Tract 107.02; Chatham County; Georgia,118,0,0,0,0,0,0,0,0,0,0,0,0,0,0,0,0,0,0,0,118,0,0,0,0,0,0,0,0,0,0,0,0,0,6931,1.702496032,13051010702
21597,1400000US13051010703,Census Tract 107.03; Chatham County; Georgia,344,0,0,0,0,0,0,0,0,0,0,0,0,0,0,0,0,0,281,0,63,0,0,0,0,0,0,0,0,0,0,0,0,0,6105,5.634725635,13051010703
21598,1400000US13051010704,Census Tract 107.04; Chatham County; Georgia,30,0,0,19,0,0,0,0,0,0,0,11,0,0,0,0,0,0,0,0,0,0,0,0,0,0,0,0,0,0,0,0,0,0,5694,0.52687039,13051010704
21599,1400000US13051010705,Census Tract 107.05; Chatham County; Georgia,82,0,0,0,0,0,0,0,0,0,0,75,0,7,0,0,0,0,0,0,0,0,0,0,0,0,0,0,0,0,0,0,0,0,3362,2.43902439,13051010705
21600,1400000US13051010706,Census Tract 107.06; Chatham County; Georgia,5,0,0,0,0,0,0,0,0,0,0,5,0,0,0,0,0,0,0,0,0,0,0,0,0,0,0,0,0,0,0,0,0,0,2078,0.240615977,13051010706
21601,1400000US13051010707,Census Tract 107.07; Chatham County; Georgia,0,0,0,0,0,0,0,0,0,0,0,0,0,0,0,0,0,0,0,0,0,0,0,0,0,0,0,0,0,0,0,0,0,0,4335,0,13051010707
21602,1400000US13051010801,Census Tract 108.01; Chatham County; Georgia,60,0,0,0,0,0,0,0,0,0,0,2,0,0,22,0,0,0,8,0,28,0,0,0,0,0,0,0,0,0,0,0,0,0,3937,1.524003048,13051010801
21603,1400000US13051010806,Census Tract 108.06; Chatham County; Georgia,147,34,0,0,0,0,0,0,0,0,0,0,0,0,0,0,0,0,0,0,113,0,0,0,0,0,0,0,0,0,0,0,0,0,6504,2.260147601,13051010806
21604,1400000US13051010807,Census Tract 108.07; Chatham County; Georgia,254,36,0,0,18,0,0,0,0,0,0,34,0,0,0,0,0,0,0,0,166,0,0,0,0,0,0,0,0,0,0,0,0,0,6476,3.922174182,13051010807
21605,1400000US13051010810,Census Tract 108.10; Chatham County; Georgia,0,0,0,0,0,0,0,0,0,0,0,0,0,0,0,0,0,0,0,0,0,0,0,0,0,0,0,0,0,0,0,0,0,0,5430,0,13051010810
21606,1400000US13051010811,Census Tract 108.11; Chatham County; Georgia,315,0,0,0,0,0,0,0,0,0,0,59,0,0,0,0,0,0,256,0,0,0,0,0,0,0,0,0,0,0,0,0,0,0,4930,6.389452333,13051010811
21607,1400000US13051010812,Census Tract 108.12; Chatham County; Georgia,116,0,0,0,0,0,0,0,0,0,0,0,0,0,0,0,0,0,0,0,66,0,0,50,0,0,0,0,0,0,0,0,0,0,4833,2.400165529,13051010812
21608,1400000US13051010813,Census Tract 108.13; Chatham County; Georgia,343,0,0,0,74,0,0,0,0,0,0,0,0,196,0,0,0,0,0,0,73,0,0,0,0,0,0,0,0,0,0,0,0,0,5383,6.371911573,13051010813
21609,1400000US13051010814,Census Tract 108.14; Chatham County; Georgia,167,0,0,0,14,0,0,0,0,0,0,100,0,0,0,0,0,0,0,0,53,0,0,0,0,0,0,0,0,0,0,0,0,0,5319,3.139687911,13051010814
21610,1400000US13051010815,Census Tract 108.15; Chatham County; Georgia,83,0,0,0,23,0,0,0,0,0,0,0,0,0,0,0,0,0,0,0,0,0,0,0,0,0,0,0,0,0,0,0,0,60,2244,3.698752228,13051010815
21611,1400000US13051010816,Census Tract 108.16; Chatham County; Georgia,21,0,0,0,0,0,0,0,0,0,0,0,0,0,0,0,0,0,0,0,0,0,0,0,0,0,0,0,0,0,0,0,0,21,2714,0.77376566,13051010816
21612,1400000US13051010817,Census Tract 108.17; Chatham County; Georgia,843,381,0,0,0,0,0,0,0,0,0,0,0,0,0,0,0,0,462,0,0,0,0,0,0,0,0,0,0,0,0,0,0,0,3740,22.54010695,13051010817
21613,1400000US13051010818,Census Tract 108.18; Chatham County; Georgia,0,0,0,0,0,0,0,0,0,0,0,0,0,0,0,0,0,0,0,0,0,0,0,0,0,0,0,0,0,0,0,0,0,0,2246,0,13051010818
21614,1400000US13051010819,Census Tract 108.19; Chatham County; Georgia,17,0,0,0,0,0,0,0,0,0,0,0,0,0,0,0,0,0,0,0,17,0,0,0,0,0,0,0,0,0,0,0,0,0,3598,0.472484714,13051010819
21615,1400000US13051010820,Census Tract 108.20; Chatham County; Georgia,32,0,0,0,0,0,0,0,0,0,0,0,0,0,0,0,0,0,0,0,32,0,0,0,0,0,0,0,0,0,0,0,0,0,1951,1.640184521,13051010820
21616,1400000US13051010821,Census Tract 108.21; Chatham County; Georgia,15,0,0,0,15,0,0,0,0,0,0,0,0,0,0,0,0,0,0,0,0,0,0,0,0,0,0,0,0,0,0,0,0,0,1747,0.858614768,13051010821
21617,1400000US13051010901,Census Tract 109.01; Chatham County; Georgia,223,0,0,0,70,0,0,0,0,0,0,0,0,0,0,0,0,0,153,0,0,0,0,0,0,0,0,0,0,0,0,0,0,0,4234,5.266887104,13051010901
21618,1400000US13051011004,Census Tract 110.04; Chatham County; Georgia,54,11,0,0,0,0,0,31,0,0,0,0,0,12,0,0,0,0,0,0,0,0,0,0,0,0,0,0,0,0,0,0,0,0,3405,1.585903084,13051011004
21619,1400000US13051011005,Census Tract 110.05; Chatham County; Georgia,179,0,0,12,108,0,0,0,0,0,0,0,0,0,0,0,0,0,0,0,59,0,0,0,0,0,0,0,0,0,0,0,0,0,5314,3.36846067,13051011005
21620,1400000US13051011006,Census Tract 110.06; Chatham County; Georgia,7,7,0,0,0,0,0,0,0,0,0,0,0,0,0,0,0,0,0,0,0,0,0,0,0,0,0,0,0,0,0,0,0,0,4073,0.171863491,13051011006
21621,1400000US13051011007,Census Tract 110.07; Chatham County; Georgia,349,341,0,0,8,0,0,0,0,0,0,0,0,0,0,0,0,0,0,0,0,0,0,0,0,0,0,0,0,0,0,0,0,0,2486,14.03861625,13051011007
21622,1400000US13051011008,Census Tract 110.08; Chatham County; Georgia,66,0,0,0,0,0,0,0,0,0,0,32,0,0,0,0,0,0,0,0,0,0,0,0,0,0,0,0,0,0,0,0,34,0,3660,1.803278689,13051011008
21623,1400000US13051011104,Census Tract 111.04; Chatham County; Georgia,88,76,0,0,0,0,0,0,0,0,0,12,0,0,0,0,0,0,0,0,0,0,0,0,0,0,0,0,0,0,0,0,0,0,5344,1.646706587,13051011104
21624,1400000US13051011107,Census Tract 111.07; Chatham County; Georgia,101,38,0,0,13,0,0,0,0,0,0,0,0,0,0,0,0,0,40,0,10,0,0,0,0,0,0,0,0,0,0,0,0,0,3492,2.892325315,13051011107
21625,1400000US13051011108,Census Tract 111.08; Chatham County; Georgia,52,3,0,0,0,0,0,0,0,0,0,49,0,0,0,0,0,0,0,0,0,0,0,0,0,0,0,0,0,0,0,0,0,0,2656,1.957831325,13051011108
21626,1400000US13051011110,Census Tract 111.10; Chatham County; Georgia,0,0,0,0,0,0,0,0,0,0,0,0,0,0,0,0,0,0,0,0,0,0,0,0,0,0,0,0,0,0,0,0,0,0,1646,0,13051011110
21627,1400000US13051011111,Census Tract 111.11; Chatham County; Georgia,0,0,0,0,0,0,0,0,0,0,0,0,0,0,0,0,0,0,0,0,0,0,0,0,0,0,0,0,0,0,0,0,0,0,1723,0,13051011111
21628,1400000US13051011112,Census Tract 111.12; Chatham County; Georgia,108,38,0,0,0,0,0,0,0,0,0,30,0,0,0,0,0,0,40,0,0,0,0,0,0,0,0,0,0,0,0,0,0,0,3111,3.471552555,13051011112
21629,1400000US13051011113,Census Tract 111.13; Chatham County; Georgia,170,0,0,0,0,0,0,0,0,0,0,12,0,0,0,0,0,0,0,0,158,0,0,0,0,0,0,0,0,0,0,0,0,0,4124,4.122211445,13051011113
21630,1400000US13051011114,Census Tract 111.14; Chatham County; Georgia,150,0,0,0,24,0,0,0,0,0,0,0,0,0,22,0,0,0,104,0,0,0,0,0,0,0,0,0,0,0,0,0,0,0,2020,7.425742574,13051011114
21631,1400000US13051011115,Census Tract 111.15; Chatham County; Georgia,46,19,0,0,0,0,0,0,0,0,0,0,0,0,0,0,0,0,7,0,20,0,0,0,0,0,0,0,0,0,0,0,0,0,2929,1.570501878,13051011115
21632,1400000US13051011200,Census Tract 112; Chatham County; Georgia,45,25,0,0,8,0,0,0,0,0,0,6,0,0,0,0,0,0,0,0,0,0,0,0,0,0,0,0,0,0,0,0,0,6,1618,2.781211372,13051011200
21633,1400000US13051011300,Census Tract 113; Chatham County; Georgia,49,49,0,0,0,0,0,0,0,0,0,0,0,0,0,0,0,0,0,0,0,0,0,0,0,0,0,0,0,0,0,0,0,0,2114,2.317880795,13051011300
21634,1400000US13051011400,Census Tract 114; Chatham County; Georgia,44,22,0,6,0,0,0,0,0,0,0,11,0,0,0,0,0,0,5,0,0,0,0,0,0,0,0,0,0,0,0,0,0,0,1854,2.373247033,13051011400
21635,1400000US13051011500,Census Tract 115; Chatham County; Georgia,102,18,0,0,0,0,0,0,0,0,0,7,0,0,0,0,0,0,27,0,19,0,0,0,0,0,0,0,0,0,0,0,0,31,2593,3.933667567,13051011500
21636,1400000US13051011600,Census Tract 116; Chatham County; Georgia,0,0,0,0,0,0,0,0,0,0,0,0,0,0,0,0,0,0,0,0,0,0,0,0,0,0,0,0,0,0,0,0,0,0,1907,0,13051011600
21637,1400000US13051011700,Census Tract 117; Chatham County; Georgia,128,76,0,0,17,0,0,0,0,0,0,12,3,0,0,0,0,0,11,0,5,4,0,0,0,0,0,0,0,0,0,0,0,0,3151,4.062202475,13051011700
21638,1400000US13051011800,Census Tract 118; Chatham County; Georgia,5,5,0,0,0,0,0,0,0,0,0,0,0,0,0,0,0,0,0,0,0,0,0,0,0,0,0,0,0,0,0,0,0,0,1710,0.292397661,13051011800
21639,1400000US13051011900,Census Tract 119; Chatham County; Georgia,7,0,0,0,0,0,0,0,0,0,0,7,0,0,0,0,0,0,0,0,0,0,0,0,0,0,0,0,0,0,0,0,0,0,2022,0.346191889,13051011900
21640,1400000US13051980000,Census Tract 9800; Chatham County; Georgia,0,0,0,0,0,0,0,0,0,0,0,0,0,0,0,0,0,0,0,0,0,0,0,0,0,0,0,0,0,0,0,0,0,0,0,NA,13051980000
21641,1400000US13051990000,Census Tract 9900; Chatham County; Georgia,0,0,0,0,0,0,0,0,0,0,0,0,0,0,0,0,0,0,0,0,0,0,0,0,0,0,0,0,0,0,0,0,0,0,0,NA,13051990000
21642,1400000US13053020100,Census Tract 201; Chattahoochee County; Georgia,0,0,0,0,0,0,0,0,0,0,0,0,0,0,0,0,0,0,0,0,0,0,0,0,0,0,0,0,0,0,0,0,0,0,1759,0,13053020100
21643,1400000US13053020201,Census Tract 202.01; Chattahoochee County; Georgia,80,0,0,0,21,0,0,0,0,0,0,59,0,0,0,0,0,0,0,0,0,0,0,0,0,0,0,0,0,0,0,0,0,0,3008,2.659574468,13053020201
21644,1400000US13053020203,Census Tract 202.03; Chattahoochee County; Georgia,126,44,0,0,6,0,0,1,0,0,48,27,0,0,0,0,0,0,0,0,0,0,0,0,0,0,0,0,0,0,0,0,0,0,1984,6.350806452,13053020203
21645,1400000US13053020205,Census Tract 202.05; Chattahoochee County; Georgia,49,0,0,0,0,0,0,0,0,0,0,36,0,0,0,0,0,0,0,0,0,0,0,0,13,0,0,0,0,0,0,0,0,0,1927,2.542812662,13053020205
21646,1400000US13053020206,Census Tract 202.06; Chattahoochee County; Georgia,80,0,0,0,0,0,0,0,0,0,0,48,0,0,0,0,0,0,0,0,0,0,0,0,0,0,0,0,0,0,0,0,32,0,724,11.04972376,13053020206
21647,1400000US13055010100,Census Tract 101; Chattooga County; Georgia,0,0,0,0,0,0,0,0,0,0,0,0,0,0,0,0,0,0,0,0,0,0,0,0,0,0,0,0,0,0,0,0,0,0,2449,0,13055010100
21648,1400000US13055010201,Census Tract 102.01; Chattooga County; Georgia,0,0,0,0,0,0,0,0,0,0,0,0,0,0,0,0,0,0,0,0,0,0,0,0,0,0,0,0,0,0,0,0,0,0,3184,0,13055010201
21649,1400000US13055010202,Census Tract 102.02; Chattooga County; Georgia,0,0,0,0,0,0,0,0,0,0,0,0,0,0,0,0,0,0,0,0,0,0,0,0,0,0,0,0,0,0,0,0,0,0,3268,0,13055010202
21650,1400000US13055010300,Census Tract 103; Chattooga County; Georgia,0,0,0,0,0,0,0,0,0,0,0,0,0,0,0,0,0,0,0,0,0,0,0,0,0,0,0,0,0,0,0,0,0,0,2411,0,13055010300
21651,1400000US13055010401,Census Tract 104.01; Chattooga County; Georgia,10,0,0,0,0,0,0,0,0,0,0,0,0,0,0,0,0,0,10,0,0,0,0,0,0,0,0,0,0,0,0,0,0,0,2271,0.440334654,13055010401
21652,1400000US13055010402,Census Tract 104.02; Chattooga County; Georgia,0,0,0,0,0,0,0,0,0,0,0,0,0,0,0,0,0,0,0,0,0,0,0,0,0,0,0,0,0,0,0,0,0,0,2822,0,13055010402
21653,1400000US13055010501,Census Tract 105.01; Chattooga County; Georgia,0,0,0,0,0,0,0,0,0,0,0,0,0,0,0,0,0,0,0,0,0,0,0,0,0,0,0,0,0,0,0,0,0,0,2750,0,13055010501
21654,1400000US13055010502,Census Tract 105.02; Chattooga County; Georgia,0,0,0,0,0,0,0,0,0,0,0,0,0,0,0,0,0,0,0,0,0,0,0,0,0,0,0,0,0,0,0,0,0,0,3407,0,13055010502
21655,1400000US13055010600,Census Tract 106; Chattooga County; Georgia,5,0,0,1,4,0,0,0,0,0,0,0,0,0,0,0,0,0,0,0,0,0,0,0,0,0,0,0,0,0,0,0,0,0,2340,0.213675214,13055010600
21656,1400000US13057090101,Census Tract 901.01; Cherokee County; Georgia,11,11,0,0,0,0,0,0,0,0,0,0,0,0,0,0,0,0,0,0,0,0,0,0,0,0,0,0,0,0,0,0,0,0,4968,0.221417069,13057090101
21657,1400000US13057090102,Census Tract 901.02; Cherokee County; Georgia,90,0,0,0,0,0,0,0,0,0,0,58,0,0,0,0,0,0,0,0,32,0,0,0,0,0,0,0,0,0,0,0,0,0,4964,1.813053989,13057090102
21658,1400000US13057090103,Census Tract 901.03; Cherokee County; Georgia,0,0,0,0,0,0,0,0,0,0,0,0,0,0,0,0,0,0,0,0,0,0,0,0,0,0,0,0,0,0,0,0,0,0,2067,0,13057090103
21659,1400000US13057090201,Census Tract 902.01; Cherokee County; Georgia,0,0,0,0,0,0,0,0,0,0,0,0,0,0,0,0,0,0,0,0,0,0,0,0,0,0,0,0,0,0,0,0,0,0,2226,0,13057090201
21660,1400000US13057090202,Census Tract 902.02; Cherokee County; Georgia,28,0,0,0,10,0,0,0,0,0,0,0,0,0,0,0,0,0,18,0,0,0,0,0,0,0,0,0,0,0,0,0,0,0,7129,0.392761958,13057090202
21661,1400000US13057090301,Census Tract 903.01; Cherokee County; Georgia,153,0,0,80,0,0,0,0,0,0,0,30,0,0,0,0,0,0,0,0,43,0,0,0,0,0,0,0,0,0,0,0,0,0,5308,2.882441598,13057090301
21662,1400000US13057090302,Census Tract 903.02; Cherokee County; Georgia,62,4,0,0,0,0,0,0,0,0,0,0,0,0,0,0,0,0,0,0,58,0,0,0,0,0,0,0,0,0,0,0,0,0,2366,2.620456467,13057090302
21663,1400000US13057090303,Census Tract 903.03; Cherokee County; Georgia,73,0,0,73,0,0,0,0,0,0,0,0,0,0,0,0,0,0,0,0,0,0,0,0,0,0,0,0,0,0,0,0,0,0,6345,1.150512214,13057090303
21664,1400000US13057090401,Census Tract 904.01; Cherokee County; Georgia,20,0,0,0,0,0,0,0,0,0,0,8,0,0,0,0,0,12,0,0,0,0,0,0,0,0,0,0,0,0,0,0,0,0,5754,0.347584289,13057090401
21665,1400000US13057090402,Census Tract 904.02; Cherokee County; Georgia,150,0,0,0,108,0,0,0,0,0,0,42,0,0,0,0,0,0,0,0,0,0,0,0,0,0,0,0,0,0,0,0,0,0,5904,2.540650407,13057090402
21666,1400000US13057090503,Census Tract 905.03; Cherokee County; Georgia,0,0,0,0,0,0,0,0,0,0,0,0,0,0,0,0,0,0,0,0,0,0,0,0,0,0,0,0,0,0,0,0,0,0,4370,0,13057090503
21667,1400000US13057090504,Census Tract 905.04; Cherokee County; Georgia,0,0,0,0,0,0,0,0,0,0,0,0,0,0,0,0,0,0,0,0,0,0,0,0,0,0,0,0,0,0,0,0,0,0,5385,0,13057090504
21668,1400000US13057090505,Census Tract 905.05; Cherokee County; Georgia,25,0,0,0,0,0,0,0,0,0,0,0,0,0,0,0,0,0,25,0,0,0,0,0,0,0,0,0,0,0,0,0,0,0,5029,0.497116723,13057090505
21669,1400000US13057090506,Census Tract 905.06; Cherokee County; Georgia,25,0,0,2,0,0,0,23,0,0,0,0,0,0,0,0,0,0,0,0,0,0,0,0,0,0,0,0,0,0,0,0,0,0,4381,0.570645971,13057090506
21670,1400000US13057090507,Census Tract 905.07; Cherokee County; Georgia,21,0,0,0,0,0,0,0,0,0,0,0,0,0,0,0,0,21,0,0,0,0,0,0,0,0,0,0,0,0,0,0,0,0,2918,0.719671008,13057090507
21671,1400000US13057090603,Census Tract 906.03; Cherokee County; Georgia,74,0,0,0,24,0,0,0,0,50,0,0,0,0,0,0,0,0,0,0,0,0,0,0,0,0,0,0,0,0,0,0,0,0,7004,1.056539121,13057090603
21672,1400000US13057090604,Census Tract 906.04; Cherokee County; Georgia,31,0,0,15,0,0,0,0,0,0,0,0,0,0,0,0,0,0,0,0,16,0,0,0,0,0,0,0,0,0,0,0,0,0,3336,0.929256595,13057090604
21673,1400000US13057090605,Census Tract 906.05; Cherokee County; Georgia,0,0,0,0,0,0,0,0,0,0,0,0,0,0,0,0,0,0,0,0,0,0,0,0,0,0,0,0,0,0,0,0,0,0,4145,0,13057090605
21674,1400000US13057090606,Census Tract 906.06; Cherokee County; Georgia,0,0,0,0,0,0,0,0,0,0,0,0,0,0,0,0,0,0,0,0,0,0,0,0,0,0,0,0,0,0,0,0,0,0,4365,0,13057090606
21675,1400000US13057090703,Census Tract 907.03; Cherokee County; Georgia,0,0,0,0,0,0,0,0,0,0,0,0,0,0,0,0,0,0,0,0,0,0,0,0,0,0,0,0,0,0,0,0,0,0,5402,0,13057090703
21676,1400000US13057090704,Census Tract 907.04; Cherokee County; Georgia,0,0,0,0,0,0,0,0,0,0,0,0,0,0,0,0,0,0,0,0,0,0,0,0,0,0,0,0,0,0,0,0,0,0,4459,0,13057090704
21677,1400000US13057090705,Census Tract 907.05; Cherokee County; Georgia,0,0,0,0,0,0,0,0,0,0,0,0,0,0,0,0,0,0,0,0,0,0,0,0,0,0,0,0,0,0,0,0,0,0,2724,0,13057090705
21678,1400000US13057090706,Census Tract 907.06; Cherokee County; Georgia,1,0,0,0,0,0,0,0,0,0,0,1,0,0,0,0,0,0,0,0,0,0,0,0,0,0,0,0,0,0,0,0,0,0,4841,0.020656889,13057090706
21679,1400000US13057090707,Census Tract 907.07; Cherokee County; Georgia,0,0,0,0,0,0,0,0,0,0,0,0,0,0,0,0,0,0,0,0,0,0,0,0,0,0,0,0,0,0,0,0,0,0,4318,0,13057090707
21680,1400000US13057090708,Census Tract 907.08; Cherokee County; Georgia,0,0,0,0,0,0,0,0,0,0,0,0,0,0,0,0,0,0,0,0,0,0,0,0,0,0,0,0,0,0,0,0,0,0,6123,0,13057090708
21681,1400000US13057090709,Census Tract 907.09; Cherokee County; Georgia,0,0,0,0,0,0,0,0,0,0,0,0,0,0,0,0,0,0,0,0,0,0,0,0,0,0,0,0,0,0,0,0,0,0,2131,0,13057090709
21682,1400000US13057090710,Census Tract 907.10; Cherokee County; Georgia,146,0,0,99,0,0,0,0,0,0,0,23,0,0,0,0,0,0,0,0,24,0,0,0,0,0,0,0,0,0,0,0,0,0,4109,3.553175955,13057090710
21683,1400000US13057090805,Census Tract 908.05; Cherokee County; Georgia,86,0,0,0,10,0,0,0,0,0,0,7,0,0,0,0,0,0,0,0,2,0,0,0,0,0,0,0,0,0,0,0,67,0,4416,1.947463768,13057090805
21684,1400000US13057090806,Census Tract 908.06; Cherokee County; Georgia,237,36,0,0,0,0,0,0,0,0,0,65,0,0,0,0,0,0,81,0,55,0,0,0,0,0,0,0,0,0,0,0,0,0,4936,4.801458671,13057090806
21685,1400000US13057090807,Census Tract 908.07; Cherokee County; Georgia,219,0,0,0,12,0,0,0,0,0,0,0,0,0,0,0,0,0,0,0,195,0,0,0,0,0,0,0,0,0,0,0,0,12,7800,2.807692308,13057090807
21686,1400000US13057090808,Census Tract 908.08; Cherokee County; Georgia,0,0,0,0,0,0,0,0,0,0,0,0,0,0,0,0,0,0,0,0,0,0,0,0,0,0,0,0,0,0,0,0,0,0,6789,0,13057090808
21687,1400000US13057090809,Census Tract 908.09; Cherokee County; Georgia,201,151,0,0,0,0,0,19,0,0,0,0,31,0,0,0,0,0,0,0,0,0,0,0,0,0,0,0,0,0,0,0,0,0,4083,4.922850845,13057090809
21688,1400000US13057090810,Census Tract 908.10; Cherokee County; Georgia,98,23,0,0,36,0,0,0,0,0,0,39,0,0,0,0,0,0,0,0,0,0,0,0,0,0,0,0,0,0,0,0,0,0,4653,2.106168064,13057090810
21689,1400000US13057090905,Census Tract 909.05; Cherokee County; Georgia,282,87,0,0,11,0,0,0,0,0,0,63,0,0,0,0,0,0,49,0,72,0,0,0,0,0,0,0,0,0,0,0,0,0,4787,5.890954669,13057090905
21690,1400000US13057090906,Census Tract 909.06; Cherokee County; Georgia,154,2,0,0,35,0,0,0,0,0,5,34,0,0,0,0,0,0,0,0,78,0,0,0,0,0,0,0,0,0,0,0,0,0,6362,2.420622446,13057090906
21691,1400000US13057090907,Census Tract 909.07; Cherokee County; Georgia,137,0,0,39,0,0,0,0,0,0,0,5,0,0,0,0,0,0,0,0,37,0,0,0,0,0,0,0,0,0,0,0,0,56,4287,3.195707954,13057090907
21692,1400000US13057090908,Census Tract 909.08; Cherokee County; Georgia,57,0,0,0,0,0,0,0,0,0,0,34,0,0,0,0,0,0,0,0,23,0,0,0,0,0,0,0,0,0,0,0,0,0,6117,0.931829328,13057090908
21693,1400000US13057090909,Census Tract 909.09; Cherokee County; Georgia,415,36,0,0,75,0,0,0,0,0,238,0,0,0,0,0,0,0,66,0,0,0,0,0,0,0,0,0,0,0,0,0,0,0,6556,6.330079317,13057090909
21694,1400000US13057090910,Census Tract 909.10; Cherokee County; Georgia,254,50,0,0,15,0,0,0,0,0,0,0,0,0,0,0,0,0,0,0,122,0,0,0,67,0,0,0,0,0,0,0,0,0,4647,5.465891973,13057090910
21695,1400000US13057090911,Census Tract 909.11; Cherokee County; Georgia,152,43,0,0,0,0,0,0,0,0,0,16,0,0,0,0,0,0,0,0,93,0,0,0,0,0,0,0,0,0,0,0,0,0,4816,3.156146179,13057090911
21696,1400000US13057090912,Census Tract 909.12; Cherokee County; Georgia,136,0,0,0,0,0,0,0,0,0,0,0,49,0,0,0,0,0,0,0,87,0,0,0,0,0,0,0,0,0,0,0,0,0,4076,3.336604514,13057090912
21697,1400000US13057091001,Census Tract 910.01; Cherokee County; Georgia,222,19,0,0,0,0,0,0,0,0,0,0,0,0,0,0,0,0,0,0,203,0,0,0,0,0,0,0,0,0,0,0,0,0,5471,4.057759093,13057091001
21698,1400000US13057091006,Census Tract 910.06; Cherokee County; Georgia,90,44,0,10,0,0,0,0,0,0,0,0,0,0,0,0,0,0,0,0,36,0,0,0,0,0,0,0,0,0,0,0,0,0,4594,1.959077057,13057091006
21699,1400000US13057091007,Census Tract 910.07; Cherokee County; Georgia,61,0,0,0,61,0,0,0,0,0,0,0,0,0,0,0,0,0,0,0,0,0,0,0,0,0,0,0,0,0,0,0,0,0,7087,0.860730916,13057091007
21700,1400000US13057091009,Census Tract 910.09; Cherokee County; Georgia,93,36,0,0,0,0,0,0,0,0,0,0,0,0,0,0,0,0,0,0,57,0,0,0,0,0,0,0,0,0,0,0,0,0,5783,1.608161854,13057091009
21701,1400000US13057091010,Census Tract 910.10; Cherokee County; Georgia,112,0,0,0,0,0,0,0,0,0,0,112,0,0,0,0,0,0,0,0,0,0,0,0,0,0,0,0,0,0,0,0,0,0,3232,3.465346535,13057091010
21702,1400000US13057091011,Census Tract 910.11; Cherokee County; Georgia,44,0,0,0,0,0,0,0,0,0,0,0,0,0,0,0,0,0,0,0,44,0,0,0,0,0,0,0,0,0,0,0,0,0,4463,0.985883935,13057091011
21703,1400000US13057091012,Census Tract 910.12; Cherokee County; Georgia,2,0,0,0,2,0,0,0,0,0,0,0,0,0,0,0,0,0,0,0,0,0,0,0,0,0,0,0,0,0,0,0,0,0,3992,0.0501002,13057091012
21704,1400000US13057091013,Census Tract 910.13; Cherokee County; Georgia,83,0,0,0,0,0,0,0,0,0,0,54,0,0,0,0,0,0,0,0,0,0,0,0,29,0,0,0,0,0,0,0,0,0,5040,1.646825397,13057091013
21705,1400000US13057091014,Census Tract 910.14; Cherokee County; Georgia,40,0,0,0,0,0,0,0,0,0,0,0,0,0,0,0,0,0,0,0,40,0,0,0,0,0,0,0,0,0,0,0,0,0,4591,0.871269876,13057091014
21706,1400000US13057091101,Census Tract 911.01; Cherokee County; Georgia,141,0,0,0,87,0,0,0,0,0,0,0,0,0,0,0,0,0,0,0,54,0,0,0,0,0,0,0,0,0,0,0,0,0,6599,2.136687377,13057091101
21707,1400000US13057091104,Census Tract 911.04; Cherokee County; Georgia,704,119,0,0,0,0,0,0,0,0,0,0,0,0,0,0,0,0,0,0,529,56,0,0,0,0,0,0,0,0,0,0,0,0,5632,12.5,13057091104
21708,1400000US13057091105,Census Tract 911.05; Cherokee County; Georgia,0,0,0,0,0,0,0,0,0,0,0,0,0,0,0,0,0,0,0,0,0,0,0,0,0,0,0,0,0,0,0,0,0,0,5137,0,13057091105
21709,1400000US13057091106,Census Tract 911.06; Cherokee County; Georgia,200,0,0,20,0,0,0,0,0,0,0,82,0,0,0,0,0,0,55,0,21,0,0,0,0,0,0,0,0,0,0,0,22,0,5360,3.731343284,13057091106
21710,1400000US13057091107,Census Tract 911.07; Cherokee County; Georgia,217,0,0,0,111,0,0,0,0,0,0,0,0,0,0,0,0,0,0,0,106,0,0,0,0,0,0,0,0,0,0,0,0,0,3695,5.872801083,13057091107
21711,1400000US13057091108,Census Tract 911.08; Cherokee County; Georgia,27,0,0,0,0,0,0,27,0,0,0,0,0,0,0,0,0,0,0,0,0,0,0,0,0,0,0,0,0,0,0,0,0,0,1495,1.806020067,13057091108
21712,1400000US13059000100,Census Tract 1; Clarke County; Georgia,92,15,0,0,4,0,0,0,0,0,0,0,0,0,0,0,0,0,0,0,73,0,0,0,0,0,0,0,0,0,0,0,0,0,3450,2.666666667,13059000100
21713,1400000US13059000401,Census Tract 4.01; Clarke County; Georgia,386,47,0,9,197,0,0,9,0,0,13,0,0,0,0,0,0,0,14,0,61,0,0,0,0,0,0,36,0,0,0,0,0,0,1497,25.78490314,13059000401
21714,1400000US13059000402,Census Tract 4.02; Clarke County; Georgia,913,216,0,0,174,0,0,7,0,0,0,0,18,12,0,0,0,8,92,0,317,0,0,0,20,0,0,32,0,0,0,0,0,17,7595,12.02106649,13059000402
21715,1400000US13059000600,Census Tract 6; Clarke County; Georgia,149,40,0,0,35,0,0,0,0,0,0,0,0,11,0,0,0,0,0,0,63,0,0,0,0,0,0,0,0,0,0,0,0,0,3167,4.704767919,13059000600
21716,1400000US13059000900,Census Tract 9; Clarke County; Georgia,11,0,0,0,0,0,0,0,0,0,0,0,0,0,0,0,0,0,0,0,0,0,0,0,0,0,0,0,0,0,0,0,11,0,3866,0.284531816,13059000900
21717,1400000US13059001200,Census Tract 12; Clarke County; Georgia,202,127,0,0,23,0,0,0,0,0,0,0,0,0,28,0,0,0,0,0,24,0,0,0,0,0,0,0,0,0,0,0,0,0,3000,6.733333333,13059001200
21718,1400000US13059001700,Census Tract 17; Clarke County; Georgia,38,6,0,0,0,0,0,0,0,0,0,0,0,0,0,0,0,0,0,0,32,0,0,0,0,0,0,0,0,0,0,0,0,0,1948,1.950718686,13059001700
21719,1400000US13059001800,Census Tract 18; Clarke County; Georgia,13,0,0,0,13,0,0,0,0,0,0,0,0,0,0,0,0,0,0,0,0,0,0,0,0,0,0,0,0,0,0,0,0,0,2347,0.553898594,13059001800
21720,1400000US13059001900,Census Tract 19; Clarke County; Georgia,31,8,0,0,8,0,0,0,0,0,0,9,0,0,0,0,0,0,0,0,0,0,0,0,6,0,0,0,0,0,0,0,0,0,3254,0.952673632,13059001900
21721,1400000US13059002000,Census Tract 20; Clarke County; Georgia,185,12,0,0,57,0,0,0,0,0,0,0,0,0,0,0,0,0,1,0,115,0,0,0,0,0,0,0,0,0,0,0,0,0,2027,9.126788357,13059002000
21722,1400000US13059002100,Census Tract 21; Clarke County; Georgia,131,45,0,0,6,0,0,0,0,0,0,0,0,0,0,0,0,0,0,0,74,0,0,0,6,0,0,0,0,0,0,0,0,0,4048,3.236166008,13059002100
21723,1400000US13059002200,Census Tract 22; Clarke County; Georgia,227,28,0,0,63,0,0,0,0,0,0,0,0,0,0,0,0,0,0,0,130,0,0,6,0,0,0,0,0,0,0,0,0,0,2870,7.909407666,13059002200
21724,1400000US13059030101,Census Tract 301.01; Clarke County; Georgia,29,16,0,0,0,0,0,0,0,0,0,0,0,0,0,0,0,0,13,0,0,0,0,0,0,0,0,0,0,0,0,0,0,0,2693,1.076865949,13059030101
21725,1400000US13059030102,Census Tract 301.02; Clarke County; Georgia,97,0,0,0,24,0,0,0,0,0,0,0,0,0,0,0,0,0,0,0,63,0,0,0,0,0,0,0,0,0,0,0,0,10,2264,4.284452297,13059030102
21726,1400000US13059030200,Census Tract 302; Clarke County; Georgia,125,0,0,0,25,0,0,0,0,0,0,0,0,0,0,0,0,0,76,0,15,0,0,0,0,0,0,0,9,0,0,0,0,0,5450,2.293577982,13059030200
21727,1400000US13059130300,Census Tract 1303; Clarke County; Georgia,42,0,0,0,0,0,0,0,0,0,0,0,0,42,0,0,0,0,0,0,0,0,0,0,0,0,0,0,0,0,0,0,0,0,5781,0.726517903,13059130300
21728,1400000US13059130400,Census Tract 1304; Clarke County; Georgia,474,0,0,0,0,0,0,0,0,296,0,116,0,0,0,0,0,40,0,0,22,0,0,0,0,0,0,0,0,0,0,0,0,0,6787,6.983939885,13059130400
21729,1400000US13059130500,Census Tract 1305; Clarke County; Georgia,28,4,0,0,0,0,0,0,0,0,0,2,0,0,0,0,0,0,22,0,0,0,0,0,0,0,0,0,0,0,0,0,0,0,2906,0.963523744,13059130500
21730,1400000US13059130601,Census Tract 1306.01; Clarke County; Georgia,156,0,0,0,0,0,0,0,0,0,0,0,0,0,0,0,0,0,0,0,156,0,0,0,0,0,0,0,0,0,0,0,0,0,4231,3.687071614,13059130601
21731,1400000US13059130602,Census Tract 1306.02; Clarke County; Georgia,174,100,0,0,0,0,0,0,0,0,0,56,0,0,0,0,0,18,0,0,0,0,0,0,0,0,0,0,0,0,0,0,0,0,2869,6.064830952,13059130602
21732,1400000US13059130701,Census Tract 1307.01; Clarke County; Georgia,179,116,0,0,0,0,0,0,0,0,0,0,0,0,0,0,0,0,0,0,63,0,0,0,0,0,0,0,0,0,0,0,0,0,4171,4.291536802,13059130701
21733,1400000US13059130702,Census Tract 1307.02; Clarke County; Georgia,209,40,94,0,0,0,0,0,0,0,0,0,0,0,0,0,0,0,0,0,0,0,0,0,75,0,0,0,0,0,0,0,0,0,2851,7.330761136,13059130702
21734,1400000US13059140300,Census Tract 1403; Clarke County; Georgia,0,0,0,0,0,0,0,0,0,0,0,0,0,0,0,0,0,0,0,0,0,0,0,0,0,0,0,0,0,0,0,0,0,0,4801,0,13059140300
21735,1400000US13059140400,Census Tract 1404; Clarke County; Georgia,0,0,0,0,0,0,0,0,0,0,0,0,0,0,0,0,0,0,0,0,0,0,0,0,0,0,0,0,0,0,0,0,0,0,3403,0,13059140400
21736,1400000US13059140500,Census Tract 1405; Clarke County; Georgia,3,3,0,0,0,0,0,0,0,0,0,0,0,0,0,0,0,0,0,0,0,0,0,0,0,0,0,0,0,0,0,0,0,0,1934,0.155118925,13059140500
21737,1400000US13059140600,Census Tract 1406; Clarke County; Georgia,116,23,0,0,21,0,0,0,0,0,0,0,0,0,0,0,0,0,0,0,0,0,0,0,0,0,0,0,0,0,0,0,0,72,5780,2.006920415,13059140600
21738,1400000US13059150300,Census Tract 1503; Clarke County; Georgia,153,15,0,0,7,0,0,0,0,0,0,12,0,0,0,0,0,0,109,0,10,0,0,0,0,0,0,0,0,0,0,0,0,0,3303,4.632152589,13059150300
21739,1400000US13059150400,Census Tract 1504; Clarke County; Georgia,191,51,0,43,23,0,0,0,0,0,0,0,0,0,0,0,0,18,8,0,48,0,0,0,0,0,0,0,0,0,0,0,0,0,4423,4.318335971,13059150400
21740,1400000US13059150500,Census Tract 1505; Clarke County; Georgia,443,114,0,0,0,0,0,0,0,0,0,205,0,0,0,0,0,0,9,0,115,0,0,0,0,0,0,0,0,0,0,0,0,0,5272,8.402883156,13059150500
21741,1400000US13059150600,Census Tract 1506; Clarke County; Georgia,120,4,10,37,50,0,0,0,0,0,0,0,0,0,0,0,0,0,0,0,15,0,0,0,0,0,0,0,0,0,0,0,0,4,4230,2.836879433,13059150600
21742,1400000US13059150701,Census Tract 1507.01; Clarke County; Georgia,171,21,0,0,65,0,0,0,0,0,0,16,0,0,0,0,0,0,39,0,18,0,0,0,0,0,0,0,0,0,0,0,0,12,4647,3.679793415,13059150701
21743,1400000US13059150702,Census Tract 1507.02; Clarke County; Georgia,25,0,0,0,0,0,0,0,0,0,0,0,0,0,0,0,0,0,0,0,25,0,0,0,0,0,0,0,0,0,0,0,0,0,1608,1.554726368,13059150702
21744,1400000US13059150800,Census Tract 1508; Clarke County; Georgia,66,19,0,0,0,0,0,0,0,0,0,0,0,0,0,0,0,47,0,0,0,0,0,0,0,0,0,0,0,0,0,0,0,0,6174,1.068999028,13059150800
21745,1400000US13059150900,Census Tract 1509; Clarke County; Georgia,73,8,0,0,11,0,0,0,0,0,0,0,0,0,0,0,0,0,0,0,18,0,0,0,0,0,0,0,0,0,0,0,0,36,4217,1.731088452,13059150900
21746,1400000US13061960300,Census Tract 9603; Clay County; Georgia,44,0,0,0,0,0,0,0,0,0,0,0,0,0,0,0,0,0,0,0,44,0,0,0,0,0,0,0,0,0,0,0,0,0,2855,1.541155867,13061960300
21747,1400000US13063040202,Census Tract 402.02; Clayton County; Georgia,162,0,0,0,0,0,0,0,0,0,149,0,0,0,0,0,0,0,13,0,0,0,0,0,0,0,0,0,0,0,0,0,0,0,2848,5.688202247,13063040202
21748,1400000US13063040203,Census Tract 402.03; Clayton County; Georgia,72,50,0,0,0,0,0,0,0,0,0,22,0,0,0,0,0,0,0,0,0,0,0,0,0,0,0,0,0,0,0,0,0,0,3933,1.830663616,13063040203
21749,1400000US13063040204,Census Tract 402.04; Clayton County; Georgia,22,0,0,0,0,0,0,0,0,0,0,8,0,0,0,0,0,0,0,0,0,0,0,0,0,0,0,0,0,0,0,0,0,14,5297,0.415329432,13063040204
21750,1400000US13063040302,Census Tract 403.02; Clayton County; Georgia,230,0,0,0,0,0,0,0,0,0,0,60,0,0,19,0,0,0,143,0,8,0,0,0,0,0,0,0,0,0,0,0,0,0,5560,4.136690647,13063040302
21751,1400000US13063040306,Census Tract 403.06; Clayton County; Georgia,0,0,0,0,0,0,0,0,0,0,0,0,0,0,0,0,0,0,0,0,0,0,0,0,0,0,0,0,0,0,0,0,0,0,4600,0,13063040306
21752,1400000US13063040307,Census Tract 403.07; Clayton County; Georgia,615,0,0,0,0,0,0,0,0,0,16,0,0,0,0,0,0,57,542,0,0,0,0,0,0,0,0,0,0,0,0,0,0,0,4281,14.36580238,13063040307
21753,1400000US13063040308,Census Tract 403.08; Clayton County; Georgia,338,0,0,0,0,0,0,0,0,0,0,0,0,2,0,0,0,0,318,0,0,0,0,0,0,0,0,0,0,0,0,0,0,18,4361,7.750515937,13063040308
21754,1400000US13063040309,Census Tract 403.09; Clayton County; Georgia,88,0,0,0,0,0,0,0,0,0,0,0,0,0,0,0,0,0,88,0,0,0,0,0,0,0,0,0,0,0,0,0,0,0,2972,2.960969044,13063040309
21755,1400000US13063040310,Census Tract 403.10; Clayton County; Georgia,111,0,0,69,0,0,0,0,0,0,0,0,0,0,0,0,0,0,0,0,0,0,0,0,0,0,0,0,0,0,0,0,0,42,3539,3.136479231,13063040310
21756,1400000US13063040407,Census Tract 404.07; Clayton County; Georgia,938,47,0,0,25,0,0,0,0,0,33,0,0,0,0,0,0,0,818,0,0,0,0,0,0,0,0,0,0,0,0,0,0,15,4343,21.59797375,13063040407
21757,1400000US13063040409,Census Tract 404.09; Clayton County; Georgia,693,0,0,0,0,0,0,0,0,0,0,5,0,14,0,0,0,0,644,0,0,0,0,0,0,0,0,0,0,0,0,0,0,30,5773,12.00415728,13063040409
21758,1400000US13063040410,Census Tract 404.10; Clayton County; Georgia,247,0,0,0,0,0,0,0,0,0,23,0,0,0,0,0,0,0,163,0,61,0,0,0,0,0,0,0,0,0,0,0,0,0,7901,3.126186559,13063040410
21759,1400000US13063040414,Census Tract 404.14; Clayton County; Georgia,25,25,0,0,0,0,0,0,0,0,0,0,0,0,0,0,0,0,0,0,0,0,0,0,0,0,0,0,0,0,0,0,0,0,1501,1.665556296,13063040414
21760,1400000US13063040416,Census Tract 404.16; Clayton County; Georgia,201,0,0,0,0,0,0,0,0,0,0,11,0,0,0,0,0,0,190,0,0,0,0,0,0,0,0,0,0,0,0,0,0,0,3263,6.159975483,13063040416
21761,1400000US13063040417,Census Tract 404.17; Clayton County; Georgia,94,0,0,0,0,0,0,0,0,0,0,22,0,13,0,0,0,17,27,0,0,0,0,0,0,0,0,0,0,0,0,0,0,15,6710,1.400894188,13063040417
21762,1400000US13063040418,Census Tract 404.18; Clayton County; Georgia,851,0,0,0,0,0,0,0,0,0,0,0,0,0,0,0,0,0,833,0,18,0,0,0,0,0,0,0,0,0,0,0,0,0,3037,28.02107343,13063040418
21763,1400000US13063040419,Census Tract 404.19; Clayton County; Georgia,1138,0,0,0,7,0,0,0,0,0,0,0,0,0,0,0,0,0,836,0,258,0,0,0,0,0,0,0,0,0,0,0,37,0,7603,14.96777588,13063040419
21764,1400000US13063040420,Census Tract 404.20; Clayton County; Georgia,711,0,0,0,0,0,0,0,0,0,0,0,0,0,0,0,0,0,711,0,0,0,0,0,0,0,0,0,0,0,0,0,0,0,7852,9.05501783,13063040420
21765,1400000US13063040421,Census Tract 404.21; Clayton County; Georgia,0,0,0,0,0,0,0,0,0,0,0,0,0,0,0,0,0,0,0,0,0,0,0,0,0,0,0,0,0,0,0,0,0,0,5321,0,13063040421
21766,1400000US13063040422,Census Tract 404.22; Clayton County; Georgia,0,0,0,0,0,0,0,0,0,0,0,0,0,0,0,0,0,0,0,0,0,0,0,0,0,0,0,0,0,0,0,0,0,0,2981,0,13063040422
21767,1400000US13063040423,Census Tract 404.23; Clayton County; Georgia,354,0,0,0,0,0,0,0,0,0,0,0,0,0,0,0,0,0,354,0,0,0,0,0,0,0,0,0,0,0,0,0,0,0,5138,6.889840405,13063040423
21768,1400000US13063040424,Census Tract 404.24; Clayton County; Georgia,21,0,0,0,0,0,0,0,0,0,0,21,0,0,0,0,0,0,0,0,0,0,0,0,0,0,0,0,0,0,0,0,0,0,3373,0.622591165,13063040424
21769,1400000US13063040425,Census Tract 404.25; Clayton County; Georgia,1770,0,0,0,14,0,0,0,0,0,0,0,0,12,0,0,0,0,1588,0,0,0,0,0,0,0,0,0,0,0,0,0,136,20,5587,31.68068731,13063040425
21770,1400000US13063040426,Census Tract 404.26; Clayton County; Georgia,59,0,0,0,0,0,0,0,0,0,0,0,0,0,0,0,0,0,59,0,0,0,0,0,0,0,0,0,0,0,0,0,0,0,2430,2.427983539,13063040426
21771,1400000US13063040427,Census Tract 404.27; Clayton County; Georgia,0,0,0,0,0,0,0,0,0,0,0,0,0,0,0,0,0,0,0,0,0,0,0,0,0,0,0,0,0,0,0,0,0,0,4598,0,13063040427
21772,1400000US13063040509,Census Tract 405.09; Clayton County; Georgia,39,0,0,0,0,0,0,0,0,0,0,0,0,0,0,0,0,0,39,0,0,0,0,0,0,0,0,0,0,0,0,0,0,0,4548,0.857519789,13063040509
21773,1400000US13063040510,Census Tract 405.10; Clayton County; Georgia,551,454,0,0,7,0,0,0,0,0,46,0,0,44,0,0,0,0,0,0,0,0,0,0,0,0,0,0,0,0,0,0,0,0,4218,13.06306306,13063040510
21774,1400000US13063040512,Census Tract 405.12; Clayton County; Georgia,75,0,0,0,0,0,0,0,0,0,0,0,0,0,0,0,0,0,37,0,38,0,0,0,0,0,0,0,0,0,0,0,0,0,4849,1.546710662,13063040512
21775,1400000US13063040513,Census Tract 405.13; Clayton County; Georgia,85,0,0,0,0,0,0,0,0,0,0,0,0,0,0,0,0,0,84,0,1,0,0,0,0,0,0,0,0,0,0,0,0,0,5554,1.53042852,13063040513
21776,1400000US13063040518,Census Tract 405.18; Clayton County; Georgia,123,0,0,0,0,0,0,0,0,0,19,0,0,74,0,0,0,0,30,0,0,0,0,0,0,0,0,0,0,0,0,0,0,0,5496,2.237991266,13063040518
21777,1400000US13063040519,Census Tract 405.19; Clayton County; Georgia,0,0,0,0,0,0,0,0,0,0,0,0,0,0,0,0,0,0,0,0,0,0,0,0,0,0,0,0,0,0,0,0,0,0,5031,0,13063040519
21778,1400000US13063040521,Census Tract 405.21; Clayton County; Georgia,401,0,0,0,11,0,0,0,0,0,225,0,0,0,0,0,0,0,165,0,0,0,0,0,0,0,0,0,0,0,0,0,0,0,3935,10.1905972,13063040521
21779,1400000US13063040522,Census Tract 405.22; Clayton County; Georgia,533,0,0,0,5,0,0,0,0,0,134,0,44,178,0,0,0,0,172,0,0,0,0,0,0,0,0,0,0,0,0,0,0,0,4992,10.67708333,13063040522
21780,1400000US13063040523,Census Tract 405.23; Clayton County; Georgia,83,0,0,0,0,0,0,0,0,0,37,46,0,0,0,0,0,0,0,0,0,0,0,0,0,0,0,0,0,0,0,0,0,0,3031,2.738370175,13063040523
21781,1400000US13063040525,Census Tract 405.25; Clayton County; Georgia,0,0,0,0,0,0,0,0,0,0,0,0,0,0,0,0,0,0,0,0,0,0,0,0,0,0,0,0,0,0,0,0,0,0,2885,0,13063040525
21782,1400000US13063040527,Census Tract 405.27; Clayton County; Georgia,23,0,0,0,0,0,0,0,0,0,0,23,0,0,0,0,0,0,0,0,0,0,0,0,0,0,0,0,0,0,0,0,0,0,3351,0.68636228,13063040527
21783,1400000US13063040528,Census Tract 405.28; Clayton County; Georgia,0,0,0,0,0,0,0,0,0,0,0,0,0,0,0,0,0,0,0,0,0,0,0,0,0,0,0,0,0,0,0,0,0,0,2746,0,13063040528
21784,1400000US13063040529,Census Tract 405.29; Clayton County; Georgia,16,0,0,0,0,0,0,0,0,0,16,0,0,0,0,0,0,0,0,0,0,0,0,0,0,0,0,0,0,0,0,0,0,0,3088,0.518134715,13063040529
21785,1400000US13063040530,Census Tract 405.30; Clayton County; Georgia,39,0,0,0,0,0,0,0,0,0,0,39,0,0,0,0,0,0,0,0,0,0,0,0,0,0,0,0,0,0,0,0,0,0,3772,1.033934252,13063040530
21786,1400000US13063040531,Census Tract 405.31; Clayton County; Georgia,0,0,0,0,0,0,0,0,0,0,0,0,0,0,0,0,0,0,0,0,0,0,0,0,0,0,0,0,0,0,0,0,0,0,2597,0,13063040531
21787,1400000US13063040532,Census Tract 405.32; Clayton County; Georgia,0,0,0,0,0,0,0,0,0,0,0,0,0,0,0,0,0,0,0,0,0,0,0,0,0,0,0,0,0,0,0,0,0,0,1625,0,13063040532
21788,1400000US13063040533,Census Tract 405.33; Clayton County; Georgia,309,35,0,0,0,0,0,0,0,0,53,0,0,37,0,0,0,0,158,0,0,0,0,0,8,0,0,0,0,0,0,0,18,0,4497,6.871247498,13063040533
21789,1400000US13063040534,Census Tract 405.34; Clayton County; Georgia,224,0,0,0,0,0,0,0,0,0,0,0,0,137,0,0,0,0,26,0,0,0,0,0,0,0,0,0,0,0,0,0,0,61,2976,7.52688172,13063040534
21790,1400000US13063040535,Census Tract 405.35; Clayton County; Georgia,71,0,0,0,0,0,0,0,0,0,0,0,0,0,0,0,0,0,0,0,71,0,0,0,0,0,0,0,0,0,0,0,0,0,3954,1.795649975,13063040535
21791,1400000US13063040536,Census Tract 405.36; Clayton County; Georgia,180,0,0,0,0,0,0,0,0,0,180,0,0,0,0,0,0,0,0,0,0,0,0,0,0,0,0,0,0,0,0,0,0,0,4540,3.964757709,13063040536
21792,1400000US13063040537,Census Tract 405.37; Clayton County; Georgia,21,0,0,0,21,0,0,0,0,0,0,0,0,0,0,0,0,0,0,0,0,0,0,0,0,0,0,0,0,0,0,0,0,0,5891,0.35647598,13063040537
21793,1400000US13063040538,Census Tract 405.38; Clayton County; Georgia,0,0,0,0,0,0,0,0,0,0,0,0,0,0,0,0,0,0,0,0,0,0,0,0,0,0,0,0,0,0,0,0,0,0,2428,0,13063040538
21794,1400000US13063040606,Census Tract 406.06; Clayton County; Georgia,30,0,0,0,0,0,0,0,0,0,0,30,0,0,0,0,0,0,0,0,0,0,0,0,0,0,0,0,0,0,0,0,0,0,5070,0.591715976,13063040606
21795,1400000US13063040609,Census Tract 406.09; Clayton County; Georgia,829,425,0,0,0,0,0,0,0,0,0,10,0,0,0,0,0,0,394,0,0,0,0,0,0,0,0,0,0,0,0,0,0,0,7868,10.53634977,13063040609
21796,1400000US13063040614,Census Tract 406.14; Clayton County; Georgia,652,30,0,0,19,0,0,0,0,0,0,258,0,137,0,0,0,0,14,0,170,0,0,0,0,0,0,0,0,0,0,0,24,0,5511,11.83088369,13063040614
21797,1400000US13063040615,Census Tract 406.15; Clayton County; Georgia,324,8,0,0,0,0,0,0,0,0,0,0,0,0,0,0,0,0,68,0,204,0,0,0,0,0,0,0,0,0,0,0,0,44,2204,14.70054446,13063040615
21798,1400000US13063040617,Census Tract 406.17; Clayton County; Georgia,39,0,0,0,0,0,0,0,0,0,0,0,0,39,0,0,0,0,0,0,0,0,0,0,0,0,0,0,0,0,0,0,0,0,1460,2.671232877,13063040617
21799,1400000US13063040623,Census Tract 406.23; Clayton County; Georgia,0,0,0,0,0,0,0,0,0,0,0,0,0,0,0,0,0,0,0,0,0,0,0,0,0,0,0,0,0,0,0,0,0,0,5569,0,13063040623
21800,1400000US13063040624,Census Tract 406.24; Clayton County; Georgia,0,0,0,0,0,0,0,0,0,0,0,0,0,0,0,0,0,0,0,0,0,0,0,0,0,0,0,0,0,0,0,0,0,0,2736,0,13063040624
21801,1400000US13063040625,Census Tract 406.25; Clayton County; Georgia,358,0,0,0,23,0,0,0,0,0,0,2,0,0,0,0,0,0,0,0,333,0,0,0,0,0,0,0,0,0,0,0,0,0,4132,8.664085189,13063040625
21802,1400000US13063040626,Census Tract 406.26; Clayton County; Georgia,259,0,0,0,49,0,0,0,0,0,0,0,0,101,0,0,0,0,0,0,109,0,0,0,0,0,0,0,0,0,0,0,0,0,6095,4.249384742,13063040626
21803,1400000US13063040627,Census Tract 406.27; Clayton County; Georgia,379,0,0,115,0,0,0,0,0,0,102,0,0,0,0,0,0,0,92,0,0,0,0,0,0,0,0,0,0,0,0,0,0,70,5775,6.562770563,13063040627
21804,1400000US13063040628,Census Tract 406.28; Clayton County; Georgia,0,0,0,0,0,0,0,0,0,0,0,0,0,0,0,0,0,0,0,0,0,0,0,0,0,0,0,0,0,0,0,0,0,0,3338,0,13063040628
21805,1400000US13063040629,Census Tract 406.29; Clayton County; Georgia,21,0,0,21,0,0,0,0,0,0,0,0,0,0,0,0,0,0,0,0,0,0,0,0,0,0,0,0,0,0,0,0,0,0,2454,0.855745721,13063040629
21806,1400000US13063040630,Census Tract 406.30; Clayton County; Georgia,0,0,0,0,0,0,0,0,0,0,0,0,0,0,0,0,0,0,0,0,0,0,0,0,0,0,0,0,0,0,0,0,0,0,3429,0,13063040630
21807,1400000US13063040631,Census Tract 406.31; Clayton County; Georgia,62,0,0,0,0,0,0,0,0,0,0,19,0,23,0,0,0,0,0,0,0,0,0,0,0,0,0,0,0,0,0,0,0,20,6457,0.960198234,13063040631
21808,1400000US13063040632,Census Tract 406.32; Clayton County; Georgia,9,0,0,0,0,0,0,0,0,0,0,0,0,0,0,0,0,0,0,0,9,0,0,0,0,0,0,0,0,0,0,0,0,0,5391,0.166944908,13063040632
21809,1400000US13063040633,Census Tract 406.33; Clayton County; Georgia,34,0,0,0,0,0,0,0,0,0,0,34,0,0,0,0,0,0,0,0,0,0,0,0,0,0,0,0,0,0,0,0,0,0,2913,1.1671816,13063040633
21810,1400000US13063040634,Census Tract 406.34; Clayton County; Georgia,0,0,0,0,0,0,0,0,0,0,0,0,0,0,0,0,0,0,0,0,0,0,0,0,0,0,0,0,0,0,0,0,0,0,4306,0,13063040634
21811,1400000US13063040635,Census Tract 406.35; Clayton County; Georgia,195,6,0,0,0,0,0,0,0,0,0,0,0,36,0,0,0,0,126,0,0,0,0,0,0,0,0,0,0,0,0,0,0,27,2975,6.554621849,13063040635
21812,1400000US13063040636,Census Tract 406.36; Clayton County; Georgia,178,0,0,0,0,0,0,0,0,0,178,0,0,0,0,0,0,0,0,0,0,0,0,0,0,0,0,0,0,0,0,0,0,0,6340,2.807570978,13063040636
21813,1400000US13063040637,Census Tract 406.37; Clayton County; Georgia,0,0,0,0,0,0,0,0,0,0,0,0,0,0,0,0,0,0,0,0,0,0,0,0,0,0,0,0,0,0,0,0,0,0,3936,0,13063040637
21814,1400000US13063040638,Census Tract 406.38; Clayton County; Georgia,82,0,0,0,0,0,0,0,0,0,0,0,0,0,0,0,0,0,0,0,0,0,0,0,0,0,0,0,0,0,0,0,0,82,4046,2.02669303,13063040638
21815,1400000US13063040639,Census Tract 406.39; Clayton County; Georgia,214,0,0,0,0,0,0,0,0,0,0,214,0,0,0,0,0,0,0,0,0,0,0,0,0,0,0,0,0,0,0,0,0,0,3501,6.112539274,13063040639
21816,1400000US13063980000,Census Tract 9800; Clayton County; Georgia,0,0,0,0,0,0,0,0,0,0,0,0,0,0,0,0,0,0,0,0,0,0,0,0,0,0,0,0,0,0,0,0,0,0,0,NA,13063980000
21817,1400000US13065970100,Census Tract 9701; Clinch County; Georgia,11,0,0,0,0,0,0,0,0,0,0,8,0,0,0,0,0,0,3,0,0,0,0,0,0,0,0,0,0,0,0,0,0,0,5544,0.198412698,13065970100
21818,1400000US13065970200,Census Tract 9702; Clinch County; Georgia,0,0,0,0,0,0,0,0,0,0,0,0,0,0,0,0,0,0,0,0,0,0,0,0,0,0,0,0,0,0,0,0,0,0,1169,0,13065970200
21819,1400000US13067030104,Census Tract 301.04; Cobb County; Georgia,100,0,0,0,0,0,0,0,0,0,0,76,0,0,0,0,0,0,0,0,24,0,0,0,0,0,0,0,0,0,0,0,0,0,3620,2.762430939,13067030104
21820,1400000US13067030107,Census Tract 301.07; Cobb County; Georgia,360,0,0,0,25,0,0,0,0,0,0,32,0,44,0,0,0,0,41,0,43,104,0,0,71,0,0,0,0,0,0,0,0,0,4801,7.498437825,13067030107
21821,1400000US13067030108,Census Tract 301.08; Cobb County; Georgia,64,0,0,0,0,0,0,0,0,0,0,0,0,0,0,0,0,0,0,0,64,0,0,0,0,0,0,0,0,0,0,0,0,0,4976,1.286173633,13067030108
21822,1400000US13067030109,Census Tract 301.09; Cobb County; Georgia,51,0,0,0,0,0,0,0,0,0,0,0,0,0,0,0,0,0,51,0,0,0,0,0,0,0,0,0,0,0,0,0,0,0,4629,1.101749838,13067030109
21823,1400000US13067030110,Census Tract 301.10; Cobb County; Georgia,356,282,0,5,0,0,0,0,0,0,0,0,0,0,0,0,0,0,0,0,54,0,0,0,0,0,0,0,0,0,0,0,0,15,4456,7.989228007,13067030110
21824,1400000US13067030111,Census Tract 301.11; Cobb County; Georgia,79,0,0,0,0,0,0,0,0,0,0,5,0,0,0,0,0,0,0,0,24,0,0,0,0,0,0,0,0,0,0,0,0,50,4837,1.633243746,13067030111
21825,1400000US13067030112,Census Tract 301.12; Cobb County; Georgia,104,0,0,0,0,0,0,0,0,0,0,0,0,0,0,0,0,0,104,0,0,0,0,0,0,0,0,0,0,0,0,0,0,0,3090,3.365695793,13067030112
21826,1400000US13067030113,Census Tract 301.13; Cobb County; Georgia,0,0,0,0,0,0,0,0,0,0,0,0,0,0,0,0,0,0,0,0,0,0,0,0,0,0,0,0,0,0,0,0,0,0,3903,0,13067030113
21827,1400000US13067030220,Census Tract 302.20; Cobb County; Georgia,78,0,0,0,0,0,0,0,0,0,0,41,9,12,0,0,0,0,8,0,0,0,0,0,0,0,0,0,0,0,0,0,0,8,1554,5.019305019,13067030220
21828,1400000US13067030233,Census Tract 302.33; Cobb County; Georgia,111,49,0,10,43,0,0,0,0,0,0,0,0,0,0,0,0,0,9,0,0,0,0,0,0,0,0,0,0,0,0,0,0,0,4855,2.286302781,13067030233
21829,1400000US13067030235,Census Tract 302.35; Cobb County; Georgia,0,0,0,0,0,0,0,0,0,0,0,0,0,0,0,0,0,0,0,0,0,0,0,0,0,0,0,0,0,0,0,0,0,0,4829,0,13067030235
21830,1400000US13067030236,Census Tract 302.36; Cobb County; Georgia,50,21,0,0,8,0,0,0,0,0,0,8,0,4,0,0,0,0,0,0,0,0,0,0,9,0,0,0,0,0,0,0,0,0,4643,1.076889942,13067030236
21831,1400000US13067030240,Census Tract 302.40; Cobb County; Georgia,74,11,0,17,26,0,0,0,0,0,0,0,0,0,0,0,0,0,0,0,0,0,0,0,0,0,0,0,0,0,0,0,0,20,4879,1.516704243,13067030240
21832,1400000US13067030241,Census Tract 302.41; Cobb County; Georgia,75,31,0,0,0,0,0,0,0,0,0,44,0,0,0,0,0,0,0,0,0,0,0,0,0,0,0,0,0,0,0,0,0,0,2711,2.766506824,13067030241
21833,1400000US13067030242,Census Tract 302.42; Cobb County; Georgia,338,0,0,0,0,0,0,0,0,0,0,93,0,0,0,0,0,0,0,0,216,0,0,0,0,0,0,0,0,0,0,0,0,29,4049,8.347740183,13067030242
21834,1400000US13067030243,Census Tract 302.43; Cobb County; Georgia,373,81,0,0,0,0,0,0,0,0,0,32,0,0,0,0,0,0,235,0,0,0,0,0,0,0,0,0,0,0,0,0,0,25,5854,6.37171165,13067030243
21835,1400000US13067030244,Census Tract 302.44; Cobb County; Georgia,417,14,0,0,58,0,0,0,0,0,0,43,0,0,0,0,0,0,176,0,126,0,0,0,0,0,0,0,0,0,0,0,0,0,4621,9.024020775,13067030244
21836,1400000US13067030245,Census Tract 302.45; Cobb County; Georgia,286,0,0,7,10,0,0,18,0,0,0,1,0,0,0,0,0,0,0,0,250,0,0,0,0,0,0,0,0,0,0,0,0,0,4095,6.984126984,13067030245
21837,1400000US13067030246,Census Tract 302.46; Cobb County; Georgia,0,0,0,0,0,0,0,0,0,0,0,0,0,0,0,0,0,0,0,0,0,0,0,0,0,0,0,0,0,0,0,0,0,0,1614,0,13067030246
21838,1400000US13067030247,Census Tract 302.47; Cobb County; Georgia,6,0,0,0,0,0,0,0,0,0,0,0,0,0,0,0,0,0,6,0,0,0,0,0,0,0,0,0,0,0,0,0,0,0,3259,0.184105554,13067030247
21839,1400000US13067030248,Census Tract 302.48; Cobb County; Georgia,493,0,0,40,87,0,0,0,0,0,0,56,0,0,0,0,0,0,9,0,292,0,0,0,9,0,0,0,0,0,0,0,0,0,6757,7.296137339,13067030248
21840,1400000US13067030249,Census Tract 302.49; Cobb County; Georgia,352,0,0,0,174,0,0,0,0,0,0,0,0,0,0,0,0,0,26,0,123,0,0,0,29,0,0,0,0,0,0,0,0,0,3643,9.662366182,13067030249
21841,1400000US13067030250,Census Tract 302.50; Cobb County; Georgia,485,0,0,0,15,0,0,0,0,0,0,0,0,0,0,0,0,0,82,0,190,0,0,0,198,0,0,0,0,0,0,0,0,0,5547,8.743464936,13067030250
21842,1400000US13067030251,Census Tract 302.51; Cobb County; Georgia,52,0,0,0,0,0,0,0,0,0,0,0,0,0,0,0,0,0,0,0,52,0,0,0,0,0,0,0,0,0,0,0,0,0,3145,1.653418124,13067030251
21843,1400000US13067030252,Census Tract 302.52; Cobb County; Georgia,83,24,0,0,20,0,0,0,0,0,0,19,0,0,0,0,0,0,0,0,0,0,0,0,0,0,0,0,0,0,0,0,0,20,4895,1.695607763,13067030252
21844,1400000US13067030253,Census Tract 302.53; Cobb County; Georgia,543,15,0,0,0,0,0,0,0,0,0,0,0,0,0,0,0,0,0,0,9,0,0,0,519,0,0,0,0,0,0,0,0,0,3497,15.52759508,13067030253
21845,1400000US13067030254,Census Tract 302.54; Cobb County; Georgia,118,0,0,0,10,0,0,0,0,65,0,0,0,7,0,0,0,0,0,0,36,0,0,0,0,0,0,0,0,0,0,0,0,0,1815,6.50137741,13067030254
21846,1400000US13067030255,Census Tract 302.55; Cobb County; Georgia,719,65,0,0,51,0,0,0,0,0,8,36,0,0,0,0,0,0,59,0,500,0,0,0,0,0,0,0,0,0,0,0,0,0,5631,12.76860238,13067030255
21847,1400000US13067030256,Census Tract 302.56; Cobb County; Georgia,90,0,0,0,0,0,0,0,0,0,0,7,0,0,0,0,0,4,0,0,79,0,0,0,0,0,0,0,0,0,0,0,0,0,5636,1.596877218,13067030256
21848,1400000US13067030257,Census Tract 302.57; Cobb County; Georgia,577,0,0,0,0,0,0,0,0,0,0,187,0,0,0,0,0,0,8,0,382,0,0,0,0,0,0,0,0,0,0,0,0,0,4499,12.82507224,13067030257
21849,1400000US13067030258,Census Tract 302.58; Cobb County; Georgia,69,0,0,0,0,0,0,0,0,0,0,0,0,27,0,0,0,0,9,0,33,0,0,0,0,0,0,0,0,0,0,0,0,0,3712,1.858836207,13067030258
21850,1400000US13067030259,Census Tract 302.59; Cobb County; Georgia,76,0,0,0,0,0,0,0,0,0,0,34,0,0,0,0,0,21,0,0,21,0,0,0,0,0,0,0,0,0,0,0,0,0,3590,2.116991643,13067030259
21851,1400000US13067030260,Census Tract 302.60; Cobb County; Georgia,214,51,0,0,13,0,0,0,0,0,0,0,0,0,0,0,0,0,0,0,148,0,0,0,0,0,0,0,0,0,0,0,0,2,2624,8.155487805,13067030260
21852,1400000US13067030261,Census Tract 302.61; Cobb County; Georgia,83,0,0,46,22,0,0,0,0,0,0,0,0,0,0,0,0,0,0,0,0,0,0,0,0,15,0,0,0,0,0,0,0,0,3588,2.313266444,13067030261
21853,1400000US13067030262,Census Tract 302.62; Cobb County; Georgia,140,19,0,0,0,0,0,0,0,0,0,0,0,0,0,0,0,0,13,0,108,0,0,0,0,0,0,0,0,0,0,0,0,0,4828,2.89975145,13067030262
21854,1400000US13067030263,Census Tract 302.63; Cobb County; Georgia,0,0,0,0,0,0,0,0,0,0,0,0,0,0,0,0,0,0,0,0,0,0,0,0,0,0,0,0,0,0,0,0,0,0,2818,0,13067030263
21855,1400000US13067030264,Census Tract 302.64; Cobb County; Georgia,76,0,0,0,0,0,0,0,0,0,0,0,0,0,0,0,0,0,0,0,76,0,0,0,0,0,0,0,0,0,0,0,0,0,2725,2.788990826,13067030264
21856,1400000US13067030265,Census Tract 302.65; Cobb County; Georgia,347,41,0,0,0,0,0,0,0,0,0,0,0,0,0,0,0,0,22,0,284,0,0,0,0,0,0,0,0,0,0,0,0,0,4229,8.205249468,13067030265
21857,1400000US13067030266,Census Tract 302.66; Cobb County; Georgia,0,0,0,0,0,0,0,0,0,0,0,0,0,0,0,0,0,0,0,0,0,0,0,0,0,0,0,0,0,0,0,0,0,0,2301,0,13067030266
21858,1400000US13067030267,Census Tract 302.67; Cobb County; Georgia,88,54,0,0,8,0,0,0,0,0,0,14,0,0,0,0,0,0,12,0,0,0,0,0,0,0,0,0,0,0,0,0,0,0,3442,2.556653109,13067030267
21859,1400000US13067030268,Census Tract 302.68; Cobb County; Georgia,189,0,0,0,0,0,0,0,0,0,0,0,0,0,0,0,0,0,0,0,189,0,0,0,0,0,0,0,0,0,0,0,0,0,3176,5.950881612,13067030268
21860,1400000US13067030269,Census Tract 302.69; Cobb County; Georgia,21,0,0,0,0,0,0,21,0,0,0,0,0,0,0,0,0,0,0,0,0,0,0,0,0,0,0,0,0,0,0,0,0,0,3035,0.691927512,13067030269
21861,1400000US13067030270,Census Tract 302.70; Cobb County; Georgia,1,0,0,0,0,0,0,0,0,0,0,0,0,0,0,0,0,0,1,0,0,0,0,0,0,0,0,0,0,0,0,0,0,0,2962,0.033760972,13067030270
21862,1400000US13067030271,Census Tract 302.71; Cobb County; Georgia,5,0,0,0,5,0,0,0,0,0,0,0,0,0,0,0,0,0,0,0,0,0,0,0,0,0,0,0,0,0,0,0,0,0,2835,0.176366843,13067030271
21863,1400000US13067030272,Census Tract 302.72; Cobb County; Georgia,36,30,0,0,0,0,0,6,0,0,0,0,0,0,0,0,0,0,0,0,0,0,0,0,0,0,0,0,0,0,0,0,0,0,2570,1.40077821,13067030272
21864,1400000US13067030273,Census Tract 302.73; Cobb County; Georgia,186,0,0,0,0,0,0,0,0,0,0,0,69,0,0,0,0,0,0,0,95,11,0,0,0,0,0,0,0,0,0,0,11,0,2841,6.546990496,13067030273
21865,1400000US13067030274,Census Tract 302.74; Cobb County; Georgia,311,0,0,0,0,0,0,0,0,0,0,0,0,0,0,0,0,0,62,0,249,0,0,0,0,0,0,0,0,0,0,0,0,0,3743,8.308843174,13067030274
21866,1400000US13067030275,Census Tract 302.75; Cobb County; Georgia,128,88,0,0,0,0,0,0,0,0,17,0,0,0,0,0,0,0,0,0,23,0,0,0,0,0,0,0,0,0,0,0,0,0,2745,4.663023679,13067030275
21867,1400000US13067030276,Census Tract 302.76; Cobb County; Georgia,0,0,0,0,0,0,0,0,0,0,0,0,0,0,0,0,0,0,0,0,0,0,0,0,0,0,0,0,0,0,0,0,0,0,2841,0,13067030276
21868,1400000US13067030277,Census Tract 302.77; Cobb County; Georgia,12,12,0,0,0,0,0,0,0,0,0,0,0,0,0,0,0,0,0,0,0,0,0,0,0,0,0,0,0,0,0,0,0,0,2881,0.416522041,13067030277
21869,1400000US13067030278,Census Tract 302.78; Cobb County; Georgia,251,80,0,0,0,0,0,0,0,0,0,30,0,0,0,0,0,0,89,0,47,0,0,0,5,0,0,0,0,0,0,0,0,0,5721,4.38734487,13067030278
21870,1400000US13067030319,Census Tract 303.19; Cobb County; Georgia,786,172,0,15,116,0,0,50,0,0,0,0,0,0,0,0,0,35,0,0,291,0,0,0,18,0,0,0,0,0,0,0,89,0,4486,17.521177,13067030319
21871,1400000US13067030322,Census Tract 303.22; Cobb County; Georgia,194,6,0,9,0,0,0,0,0,0,0,20,0,0,0,0,0,0,3,0,144,0,0,0,0,0,0,0,0,0,0,0,0,12,3891,4.985864816,13067030322
21872,1400000US13067030324,Census Tract 303.24; Cobb County; Georgia,52,0,0,8,20,0,0,12,0,0,0,0,0,0,0,0,0,0,0,0,12,0,0,0,0,0,0,0,0,0,0,0,0,0,4492,1.157613535,13067030324
21873,1400000US13067030326,Census Tract 303.26; Cobb County; Georgia,565,0,0,0,20,0,0,0,0,0,0,0,0,0,0,0,0,0,0,0,545,0,0,0,0,0,0,0,0,0,0,0,0,0,4443,12.71663291,13067030326
21874,1400000US13067030327,Census Tract 303.27; Cobb County; Georgia,377,34,0,0,84,0,0,0,0,0,0,0,0,0,0,0,0,0,0,0,123,0,0,0,136,0,0,0,0,0,0,0,0,0,4745,7.945205479,13067030327
21875,1400000US13067030329,Census Tract 303.29; Cobb County; Georgia,305,31,0,18,80,0,0,0,0,0,0,8,0,0,0,0,10,0,103,0,55,0,0,0,0,0,0,0,0,0,0,0,0,0,4497,6.782299311,13067030329
21876,1400000US13067030331,Census Tract 303.31; Cobb County; Georgia,537,59,0,0,72,0,0,0,0,0,0,16,0,0,0,0,0,0,0,0,390,0,0,0,0,0,0,0,0,0,0,0,0,0,5545,9.684400361,13067030331
21877,1400000US13067030332,Census Tract 303.32; Cobb County; Georgia,463,161,0,0,103,5,0,0,0,0,0,14,0,0,0,0,0,0,42,0,138,0,0,0,0,0,0,0,0,0,0,0,0,0,2956,15.66305819,13067030332
21878,1400000US13067030334,Census Tract 303.34; Cobb County; Georgia,329,0,0,0,146,0,0,0,0,0,0,0,24,0,0,0,0,0,52,0,107,0,0,0,0,0,0,0,0,0,0,0,0,0,3460,9.50867052,13067030334
21879,1400000US13067030335,Census Tract 303.35; Cobb County; Georgia,378,31,0,0,1,0,0,0,0,0,0,0,0,0,0,0,0,0,31,0,315,0,0,0,0,0,0,0,0,0,0,0,0,0,4975,7.59798995,13067030335
21880,1400000US13067030337,Census Tract 303.37; Cobb County; Georgia,430,134,0,2,33,0,0,10,0,0,0,5,0,0,0,0,0,0,0,0,246,0,0,0,0,0,0,0,0,0,0,0,0,0,5091,8.446277745,13067030337
21881,1400000US13067030340,Census Tract 303.40; Cobb County; Georgia,153,5,0,0,0,0,0,0,0,0,0,0,0,0,0,0,0,11,54,0,70,0,0,0,0,0,0,0,0,0,0,0,13,0,4401,3.476482618,13067030340
21882,1400000US13067030341,Census Tract 303.41; Cobb County; Georgia,329,114,0,13,40,0,0,0,0,0,0,0,0,0,0,0,0,0,36,0,126,0,0,0,0,0,0,0,0,0,0,0,0,0,4571,7.19754977,13067030341
21883,1400000US13067030342,Census Tract 303.42; Cobb County; Georgia,301,32,0,25,36,0,0,0,0,0,0,33,0,0,0,0,0,0,0,0,148,0,0,0,0,0,0,0,0,0,0,0,0,27,4843,6.215155895,13067030342
21884,1400000US13067030343,Census Tract 303.43; Cobb County; Georgia,598,96,0,8,41,0,0,0,0,0,0,0,0,0,0,0,0,0,37,0,360,0,0,0,10,0,0,0,0,0,0,0,30,16,5124,11.67056987,13067030343
21885,1400000US13067030344,Census Tract 303.44; Cobb County; Georgia,254,31,0,0,72,0,0,0,0,0,0,48,0,0,0,0,0,0,0,0,103,0,0,0,0,0,0,0,0,0,0,0,0,0,3785,6.710700132,13067030344
21886,1400000US13067030345,Census Tract 303.45; Cobb County; Georgia,1303,27,0,80,30,0,0,11,0,0,0,22,0,0,0,0,0,0,65,0,1034,0,0,0,34,0,0,0,0,0,0,0,0,0,7360,17.70380435,13067030345
21887,1400000US13067030346,Census Tract 303.46; Cobb County; Georgia,0,0,0,0,0,0,0,0,0,0,0,0,0,0,0,0,0,0,0,0,0,0,0,0,0,0,0,0,0,0,0,0,0,0,5618,0,13067030346
21888,1400000US13067030347,Census Tract 303.47; Cobb County; Georgia,124,19,0,0,0,0,0,0,0,0,0,56,0,0,0,0,0,0,0,0,49,0,0,0,0,0,0,0,0,0,0,0,0,0,4464,2.777777778,13067030347
21889,1400000US13067030348,Census Tract 303.48; Cobb County; Georgia,650,19,0,59,0,0,0,0,0,0,0,0,0,0,0,0,0,0,21,0,340,0,0,0,64,0,25,0,0,0,0,0,0,122,5044,12.88659794,13067030348
21890,1400000US13067030349,Census Tract 303.49; Cobb County; Georgia,155,19,0,0,0,0,0,0,0,0,0,0,0,0,0,0,0,0,126,0,10,0,0,0,0,0,0,0,0,0,0,0,0,0,3255,4.761904762,13067030349
21891,1400000US13067030350,Census Tract 303.50; Cobb County; Georgia,228,72,0,0,23,0,0,0,0,0,0,14,0,0,0,0,0,0,30,0,66,0,0,0,0,0,0,0,0,0,0,0,0,23,2281,9.995615958,13067030350
21892,1400000US13067030351,Census Tract 303.51; Cobb County; Georgia,180,0,0,0,34,0,0,0,0,0,0,0,0,0,0,0,0,0,42,0,104,0,0,0,0,0,0,0,0,0,0,0,0,0,3103,5.800837899,13067030351
21893,1400000US13067030352,Census Tract 303.52; Cobb County; Georgia,750,63,0,0,44,0,0,56,0,0,0,11,0,0,0,0,0,0,67,0,401,0,0,0,108,0,0,0,0,0,0,0,0,0,6218,12.06175619,13067030352
21894,1400000US13067030353,Census Tract 303.53; Cobb County; Georgia,342,61,0,0,49,0,0,0,0,0,0,0,0,0,0,0,0,0,0,0,167,0,0,9,23,0,0,0,0,0,0,0,21,12,3197,10.69752893,13067030353
21895,1400000US13067030354,Census Tract 303.54; Cobb County; Georgia,910,58,0,0,172,0,0,0,0,0,0,0,0,43,0,0,0,0,18,0,607,0,0,0,12,0,0,0,0,0,0,0,0,0,4678,19.45275759,13067030354
21896,1400000US13067030355,Census Tract 303.55; Cobb County; Georgia,137,24,0,0,0,0,0,0,0,0,0,0,0,0,0,0,0,0,0,0,28,0,0,0,0,0,85,0,0,0,0,0,0,0,2332,5.874785592,13067030355
21897,1400000US13067030356,Census Tract 303.56; Cobb County; Georgia,869,191,0,16,0,0,0,40,0,0,0,0,0,0,0,0,0,14,0,0,608,0,0,0,0,0,0,0,0,0,0,0,0,0,4741,18.32946636,13067030356
21898,1400000US13067030357,Census Tract 303.57; Cobb County; Georgia,158,25,0,9,92,0,0,0,0,0,0,12,0,0,0,0,0,0,0,0,0,0,0,0,0,0,0,0,0,0,0,0,0,20,2175,7.264367816,13067030357
21899,1400000US13067030358,Census Tract 303.58; Cobb County; Georgia,766,62,0,0,25,0,0,0,0,0,0,20,0,0,44,0,0,0,127,0,329,0,0,67,42,0,0,0,0,0,0,0,0,50,3601,21.27186893,13067030358
21900,1400000US13067030359,Census Tract 303.59; Cobb County; Georgia,493,76,0,0,124,0,0,0,0,0,0,45,0,0,0,0,0,16,37,0,195,0,0,0,0,0,0,0,0,0,0,0,0,0,4318,11.41732283,13067030359
21901,1400000US13067030360,Census Tract 303.60; Cobb County; Georgia,47,0,0,0,0,0,0,24,0,0,0,23,0,0,0,0,0,0,0,0,0,0,0,0,0,0,0,0,0,0,0,0,0,0,1913,2.45687402,13067030360
21902,1400000US13067030361,Census Tract 303.61; Cobb County; Georgia,379,49,0,0,0,0,0,0,0,0,0,0,0,0,0,0,0,0,18,0,312,0,0,0,0,0,0,0,0,0,0,0,0,0,4486,8.448506465,13067030361
21903,1400000US13067030362,Census Tract 303.62; Cobb County; Georgia,152,0,0,0,0,0,0,0,0,0,0,44,0,0,0,0,0,0,0,0,108,0,0,0,0,0,0,0,0,0,0,0,0,0,3308,4.594921403,13067030362
21904,1400000US13067030363,Census Tract 303.63; Cobb County; Georgia,316,31,0,22,0,0,0,0,0,0,0,0,0,0,0,0,0,0,263,0,0,0,0,0,0,0,0,0,0,0,0,0,0,0,3531,8.949306146,13067030363
21905,1400000US13067030364,Census Tract 303.64; Cobb County; Georgia,91,23,0,0,0,0,0,0,0,0,0,0,0,0,0,0,0,0,7,0,61,0,0,0,0,0,0,0,0,0,0,0,0,0,2740,3.321167883,13067030364
21906,1400000US13067030365,Census Tract 303.65; Cobb County; Georgia,45,0,0,0,0,0,0,0,0,0,0,45,0,0,0,0,0,0,0,0,0,0,0,0,0,0,0,0,0,0,0,0,0,0,3021,1.489572989,13067030365
21907,1400000US13067030366,Census Tract 303.66; Cobb County; Georgia,443,98,0,0,12,0,0,0,0,0,0,26,0,0,0,0,0,0,0,0,307,0,0,0,0,0,0,0,0,0,0,0,0,0,3235,13.69397218,13067030366
21908,1400000US13067030367,Census Tract 303.67; Cobb County; Georgia,179,12,0,0,41,0,0,0,0,0,0,0,0,0,0,0,5,0,0,0,81,0,0,0,37,0,0,0,0,0,0,0,0,3,2535,7.061143984,13067030367
21909,1400000US13067030368,Census Tract 303.68; Cobb County; Georgia,193,0,0,0,0,0,0,0,0,0,0,0,0,0,0,0,0,0,0,0,193,0,0,0,0,0,0,0,0,0,0,0,0,0,2698,7.153446998,13067030368
21910,1400000US13067030369,Census Tract 303.69; Cobb County; Georgia,363,182,0,0,25,0,0,0,0,0,0,38,0,0,0,0,0,0,0,0,118,0,0,0,0,0,0,0,0,0,0,0,0,0,3494,10.38923869,13067030369
21911,1400000US13067030370,Census Tract 303.70; Cobb County; Georgia,360,56,0,21,80,0,0,0,0,0,0,13,0,0,5,0,0,0,0,0,185,0,0,0,0,0,0,0,0,0,0,0,0,0,4009,8.97979546,13067030370
21912,1400000US13067030405,Census Tract 304.05; Cobb County; Georgia,87,0,0,0,0,0,0,0,0,0,0,0,0,0,0,0,0,0,17,0,70,0,0,0,0,0,0,0,0,0,0,0,0,0,6832,1.273419204,13067030405
21913,1400000US13067030407,Census Tract 304.07; Cobb County; Georgia,657,226,0,34,46,0,0,0,0,0,0,122,0,0,0,0,0,44,27,0,144,0,0,14,0,0,0,0,0,0,0,0,0,0,4959,13.24863884,13067030407
21914,1400000US13067030408,Census Tract 304.08; Cobb County; Georgia,501,47,0,0,9,0,0,0,0,0,0,0,0,0,0,0,0,0,0,0,424,0,0,0,0,0,0,0,0,0,0,0,0,21,2750,18.21818182,13067030408
21915,1400000US13067030409,Census Tract 304.09; Cobb County; Georgia,511,271,0,0,48,0,0,0,0,0,0,0,0,14,0,0,0,15,40,0,123,0,0,0,0,0,0,0,0,0,0,0,0,0,3390,15.07374631,13067030409
21916,1400000US13067030410,Census Tract 304.10; Cobb County; Georgia,99,17,0,0,36,0,0,0,0,0,0,31,0,0,0,0,0,0,15,0,0,0,0,0,0,0,0,0,0,0,0,0,0,0,4557,2.172481896,13067030410
21917,1400000US13067030411,Census Tract 304.11; Cobb County; Georgia,71,0,0,0,0,0,0,0,0,0,0,0,0,0,0,0,0,0,71,0,0,0,0,0,0,0,0,0,0,0,0,0,0,0,2208,3.21557971,13067030411
21918,1400000US13067030412,Census Tract 304.12; Cobb County; Georgia,149,0,0,0,9,0,0,0,0,0,0,0,0,0,0,0,0,0,0,0,140,0,0,0,0,0,0,0,0,0,0,0,0,0,4732,3.148774303,13067030412
21919,1400000US13067030413,Census Tract 304.13; Cobb County; Georgia,347,33,0,35,0,0,0,0,0,0,0,0,0,38,0,0,0,0,16,0,196,0,0,0,0,0,0,0,0,0,0,0,29,0,5628,6.165600569,13067030413
21920,1400000US13067030414,Census Tract 304.14; Cobb County; Georgia,144,0,0,0,0,0,0,0,0,0,0,25,0,0,0,0,0,0,28,0,0,0,0,0,91,0,0,0,0,0,0,0,0,0,3180,4.528301887,13067030414
21921,1400000US13067030505,Census Tract 305.05; Cobb County; Georgia,503,14,0,0,0,0,0,0,0,0,0,0,0,0,0,0,0,0,0,0,489,0,0,0,0,0,0,0,0,0,0,0,0,0,6100,8.245901639,13067030505
21922,1400000US13067030506,Census Tract 305.06; Cobb County; Georgia,43,4,0,0,0,0,0,0,0,0,0,0,0,0,0,0,0,0,19,0,9,0,0,0,0,0,0,0,0,0,0,0,0,11,4470,0.96196868,13067030506
21923,1400000US13067030507,Census Tract 305.07; Cobb County; Georgia,574,15,0,0,0,0,0,0,0,0,31,0,10,24,0,0,0,47,0,0,442,0,0,0,0,0,0,0,0,0,0,0,5,0,6207,9.247623651,13067030507
21924,1400000US13067030508,Census Tract 305.08; Cobb County; Georgia,164,26,0,0,0,0,0,0,0,0,0,7,0,0,0,0,0,0,0,0,131,0,0,0,0,0,0,0,0,0,0,0,0,0,3610,4.542936288,13067030508
21925,1400000US13067030509,Census Tract 305.09; Cobb County; Georgia,308,14,0,11,0,0,0,0,0,0,0,48,0,0,0,0,0,0,66,0,58,0,0,0,111,0,0,0,0,0,0,0,0,0,3630,8.484848485,13067030509
21926,1400000US13067030510,Census Tract 305.10; Cobb County; Georgia,425,32,0,0,134,0,0,32,0,0,0,0,0,0,0,0,0,0,0,0,227,0,0,0,0,0,0,0,0,0,0,0,0,0,1808,23.50663717,13067030510
21927,1400000US13067030511,Census Tract 305.11; Cobb County; Georgia,281,6,0,0,0,0,0,0,0,0,0,0,0,0,0,0,0,0,0,0,275,0,0,0,0,0,0,0,0,0,0,0,0,0,4022,6.986573844,13067030511
21928,1400000US13067030602,Census Tract 306.02; Cobb County; Georgia,19,0,0,0,0,0,0,0,0,0,0,0,0,0,0,0,0,0,0,0,19,0,0,0,0,0,0,0,0,0,0,0,0,0,8030,0.236612702,13067030602
21929,1400000US13067030603,Census Tract 306.03; Cobb County; Georgia,1198,0,0,0,148,0,0,0,0,0,0,24,0,0,0,0,0,0,0,0,934,0,0,0,92,0,0,0,0,0,0,0,0,0,5583,21.45799749,13067030603
21930,1400000US13067030604,Census Tract 306.04; Cobb County; Georgia,0,0,0,0,0,0,0,0,0,0,0,0,0,0,0,0,0,0,0,0,0,0,0,0,0,0,0,0,0,0,0,0,0,0,3141,0,13067030604
21931,1400000US13067030700,Census Tract 307; Cobb County; Georgia,0,0,0,0,0,0,0,0,0,0,0,0,0,0,0,0,0,0,0,0,0,0,0,0,0,0,0,0,0,0,0,0,0,0,4440,0,13067030700
21932,1400000US13067030800,Census Tract 308; Cobb County; Georgia,182,41,0,0,23,0,0,0,0,0,0,24,0,0,0,0,0,0,0,0,59,0,0,0,35,0,0,0,0,0,0,0,0,0,6489,2.804746494,13067030800
21933,1400000US13067030906,Census Tract 309.06; Cobb County; Georgia,79,16,0,0,35,0,0,0,0,0,0,14,0,0,0,0,0,0,8,0,6,0,0,0,0,0,0,0,0,0,0,0,0,0,4499,1.755945766,13067030906
21934,1400000US13067030907,Census Tract 309.07; Cobb County; Georgia,51,0,0,0,0,0,0,0,0,0,0,0,0,0,0,0,0,0,0,0,51,0,0,0,0,0,0,0,0,0,0,0,0,0,3594,1.41903172,13067030907
21935,1400000US13067030908,Census Tract 309.08; Cobb County; Georgia,87,0,0,0,0,0,0,0,0,0,0,0,0,0,0,0,0,0,64,0,0,0,0,0,0,0,0,0,0,0,0,0,23,0,4124,2.109602328,13067030908
21936,1400000US13067030909,Census Tract 309.09; Cobb County; Georgia,56,11,0,0,7,0,0,0,0,0,0,0,0,0,0,0,0,0,10,0,0,0,0,0,28,0,0,0,0,0,0,0,0,0,4293,1.304449103,13067030909
21937,1400000US13067030910,Census Tract 309.10; Cobb County; Georgia,195,73,0,0,0,0,0,0,0,0,0,0,0,0,0,0,0,0,0,0,0,0,0,0,122,0,0,0,0,0,0,0,0,0,3595,5.424200278,13067030910
21938,1400000US13067030911,Census Tract 309.11; Cobb County; Georgia,244,244,0,0,0,0,0,0,0,0,0,0,0,0,0,0,0,0,0,0,0,0,0,0,0,0,0,0,0,0,0,0,0,0,3753,6.501465494,13067030911
21939,1400000US13067030912,Census Tract 309.12; Cobb County; Georgia,225,140,0,0,0,0,0,0,0,0,0,0,0,0,0,0,0,0,0,0,0,85,0,0,0,0,0,0,0,0,0,0,0,0,6125,3.673469388,13067030912
21940,1400000US13067031001,Census Tract 310.01; Cobb County; Georgia,0,0,0,0,0,0,0,0,0,0,0,0,0,0,0,0,0,0,0,0,0,0,0,0,0,0,0,0,0,0,0,0,0,0,5773,0,13067031001
21941,1400000US13067031004,Census Tract 310.04; Cobb County; Georgia,348,0,0,0,0,0,0,0,0,0,0,1,0,0,0,0,0,0,347,0,0,0,0,0,0,0,0,0,0,0,0,0,0,0,8837,3.937988005,13067031004
21942,1400000US13067031005,Census Tract 310.05; Cobb County; Georgia,317,0,0,0,0,0,0,0,0,0,72,0,0,0,0,0,0,0,45,0,200,0,0,0,0,0,0,0,0,0,0,0,0,0,5078,6.242615203,13067031005
21943,1400000US13067031006,Census Tract 310.06; Cobb County; Georgia,115,73,0,0,0,0,0,0,0,0,0,0,0,0,0,0,0,0,42,0,0,0,0,0,0,0,0,0,0,0,0,0,0,0,3814,3.015207132,13067031006
21944,1400000US13067031007,Census Tract 310.07; Cobb County; Georgia,22,0,0,0,0,0,0,0,0,0,0,3,0,0,0,0,0,0,19,0,0,0,0,0,0,0,0,0,0,0,0,0,0,0,5082,0.432900433,13067031007
21945,1400000US13067031101,Census Tract 311.01; Cobb County; Georgia,231,0,0,0,52,0,0,16,0,0,0,0,0,60,0,0,0,0,0,0,95,0,0,0,8,0,0,0,0,0,0,0,0,0,6966,3.316106804,13067031101
21946,1400000US13067031110,Census Tract 311.10; Cobb County; Georgia,271,25,0,0,0,0,0,90,0,0,0,0,0,0,0,0,0,0,76,0,80,0,0,0,0,0,0,0,0,0,0,0,0,0,3258,8.317986495,13067031110
21947,1400000US13067031111,Census Tract 311.11; Cobb County; Georgia,165,11,0,13,16,0,0,0,0,0,11,49,0,0,0,0,0,0,57,0,0,0,0,0,0,0,0,0,0,0,0,0,0,8,3347,4.92978787,13067031111
21948,1400000US13067031112,Census Tract 311.12; Cobb County; Georgia,616,36,0,14,0,0,0,0,0,0,0,10,0,0,0,0,0,0,0,0,430,0,0,0,95,0,0,0,0,0,0,0,0,31,6662,9.246472531,13067031112
21949,1400000US13067031113,Census Tract 311.13; Cobb County; Georgia,14,0,0,5,1,0,0,4,0,0,0,0,0,0,0,0,0,0,4,0,0,0,0,0,0,0,0,0,0,0,0,0,0,0,1377,1.016702977,13067031113
21950,1400000US13067031114,Census Tract 311.14; Cobb County; Georgia,796,0,0,0,265,0,0,0,0,0,0,76,0,31,0,0,0,0,105,0,296,0,0,0,0,0,0,0,0,0,0,0,0,23,6601,12.05877897,13067031114
21951,1400000US13067031115,Census Tract 311.15; Cobb County; Georgia,218,38,0,8,4,0,0,0,0,0,0,18,0,0,0,0,0,0,30,0,120,0,0,0,0,0,0,0,0,0,0,0,0,0,3982,5.474635861,13067031115
21952,1400000US13067031116,Census Tract 311.16; Cobb County; Georgia,281,0,0,0,0,0,0,0,0,0,0,0,0,0,0,0,0,0,72,0,209,0,0,0,0,0,0,0,0,0,0,0,0,0,3689,7.617240445,13067031116
21953,1400000US13067031117,Census Tract 311.17; Cobb County; Georgia,622,7,0,54,15,0,0,0,0,0,0,0,0,0,0,0,0,0,15,0,517,0,0,0,0,0,0,0,0,0,0,0,0,14,6420,9.68847352,13067031117
21954,1400000US13067031118,Census Tract 311.18; Cobb County; Georgia,13,9,0,0,0,0,0,0,0,0,1,3,0,0,0,0,0,0,0,0,0,0,0,0,0,0,0,0,0,0,0,0,0,0,5501,0.236320669,13067031118
21955,1400000US13067031119,Census Tract 311.19; Cobb County; Georgia,100,0,0,0,0,0,0,0,0,0,25,6,0,0,0,0,0,0,29,0,40,0,0,0,0,0,0,0,0,0,0,0,0,0,3999,2.500625156,13067031119
21956,1400000US13067031120,Census Tract 311.20; Cobb County; Georgia,385,28,0,0,0,0,0,0,0,0,0,0,0,0,0,0,0,0,124,0,233,0,0,0,0,0,0,0,0,0,0,0,0,0,4179,9.212730318,13067031120
21957,1400000US13067031121,Census Tract 311.21; Cobb County; Georgia,208,0,0,11,0,0,0,0,0,0,0,48,0,0,0,0,0,121,0,0,28,0,0,0,0,0,0,0,0,0,0,0,0,0,2426,8.573784007,13067031121
21958,1400000US13067031122,Census Tract 311.22; Cobb County; Georgia,0,0,0,0,0,0,0,0,0,0,0,0,0,0,0,0,0,0,0,0,0,0,0,0,0,0,0,0,0,0,0,0,0,0,2425,0,13067031122
21959,1400000US13067031207,Census Tract 312.07; Cobb County; Georgia,198,29,0,0,30,0,0,0,0,0,0,0,0,25,0,0,0,0,17,0,77,0,0,0,0,0,0,0,0,0,0,0,20,0,5182,3.820918564,13067031207
21960,1400000US13067031209,Census Tract 312.09; Cobb County; Georgia,246,0,0,0,0,0,0,20,0,0,0,36,0,0,0,0,0,0,7,0,129,13,0,0,11,0,0,0,0,0,0,0,0,30,4551,5.405405405,13067031209
21961,1400000US13067031212,Census Tract 312.12; Cobb County; Georgia,80,0,0,0,19,0,0,0,0,0,0,0,5,0,0,0,0,0,0,0,56,0,0,0,0,0,0,0,0,0,0,0,0,0,2550,3.137254902,13067031212
21962,1400000US13067031213,Census Tract 312.13; Cobb County; Georgia,66,0,0,0,13,0,0,0,0,0,0,36,0,0,0,0,0,0,0,0,17,0,0,0,0,0,0,0,0,0,0,0,0,0,3023,2.183261661,13067031213
21963,1400000US13067031214,Census Tract 312.14; Cobb County; Georgia,182,130,0,0,18,0,0,0,0,0,0,0,0,0,0,0,0,0,0,0,34,0,0,0,0,0,0,0,0,0,0,0,0,0,4049,4.494937021,13067031214
21964,1400000US13067031215,Census Tract 312.15; Cobb County; Georgia,330,28,0,0,0,0,0,0,0,0,0,56,0,0,0,0,0,0,0,0,246,0,0,0,0,0,0,0,0,0,0,0,0,0,5028,6.563245823,13067031215
21965,1400000US13067031216,Census Tract 312.16; Cobb County; Georgia,694,35,0,0,0,0,0,0,0,0,0,0,0,0,0,0,0,0,0,0,659,0,0,0,0,0,0,0,0,0,0,0,0,0,3074,22.57644763,13067031216
21966,1400000US13067031217,Census Tract 312.17; Cobb County; Georgia,928,21,0,0,0,0,0,0,0,0,0,0,0,0,0,0,0,0,0,0,907,0,0,0,0,0,0,0,0,0,0,0,0,0,3962,23.42251388,13067031217
21967,1400000US13067031218,Census Tract 312.18; Cobb County; Georgia,70,0,0,0,9,0,0,0,0,0,0,0,0,0,0,0,0,0,28,0,33,0,0,0,0,0,0,0,0,0,0,0,0,0,2303,3.039513678,13067031218
21968,1400000US13067031219,Census Tract 312.19; Cobb County; Georgia,44,0,0,0,20,0,0,0,0,0,0,0,0,0,0,0,0,0,9,0,15,0,0,0,0,0,0,0,0,0,0,0,0,0,1997,2.203304957,13067031219
21969,1400000US13067031220,Census Tract 312.20; Cobb County; Georgia,247,0,0,0,55,0,0,0,0,0,182,0,0,0,0,0,0,0,0,0,10,0,0,0,0,0,0,0,0,0,0,0,0,0,2415,10.22774327,13067031220
21970,1400000US13067031221,Census Tract 312.21; Cobb County; Georgia,364,5,0,0,173,0,0,0,0,0,0,41,0,0,0,0,0,0,0,0,133,0,0,0,12,0,0,0,0,0,0,0,0,0,2833,12.84857042,13067031221
21971,1400000US13067031306,Census Tract 313.06; Cobb County; Georgia,69,0,0,0,0,0,0,0,0,0,0,40,0,0,0,0,0,0,0,0,0,0,0,0,0,0,0,0,0,0,0,0,0,29,4542,1.519154557,13067031306
21972,1400000US13067031308,Census Tract 313.08; Cobb County; Georgia,78,0,0,0,0,0,0,0,0,0,41,7,0,0,0,0,0,0,16,0,14,0,0,0,0,0,0,0,0,0,0,0,0,0,4734,1.64765526,13067031308
21973,1400000US13067031314,Census Tract 313.14; Cobb County; Georgia,851,50,0,0,52,0,0,0,0,0,0,0,0,0,0,0,0,0,0,0,406,0,0,0,0,0,0,0,0,0,0,0,343,0,5850,14.54700855,13067031314
21974,1400000US13067031315,Census Tract 313.15; Cobb County; Georgia,367,31,0,12,0,0,0,0,0,0,0,0,0,0,0,0,0,0,0,0,239,0,0,0,0,0,85,0,0,0,0,0,0,0,5277,6.954709115,13067031315
21975,1400000US13067031316,Census Tract 313.16; Cobb County; Georgia,151,47,0,0,0,0,0,0,0,0,0,0,0,0,0,0,0,0,0,0,104,0,0,0,0,0,0,0,0,0,0,0,0,0,6238,2.420647643,13067031316
21976,1400000US13067031317,Census Tract 313.17; Cobb County; Georgia,37,0,0,0,0,0,0,0,0,0,0,0,0,0,0,0,0,0,0,0,0,0,0,0,0,0,37,0,0,0,0,0,0,0,5537,0.668231895,13067031317
21977,1400000US13067031318,Census Tract 313.18; Cobb County; Georgia,39,0,0,0,0,0,0,0,0,0,0,39,0,0,0,0,0,0,0,0,0,0,0,0,0,0,0,0,0,0,0,0,0,0,4875,0.8,13067031318
21978,1400000US13067031319,Census Tract 313.19; Cobb County; Georgia,23,0,0,0,0,0,0,0,0,0,0,0,0,0,0,0,0,0,23,0,0,0,0,0,0,0,0,0,0,0,0,0,0,0,4799,0.479266514,13067031319
21979,1400000US13067031320,Census Tract 313.20; Cobb County; Georgia,22,0,0,0,0,0,0,0,0,0,0,22,0,0,0,0,0,0,0,0,0,0,0,0,0,0,0,0,0,0,0,0,0,0,4863,0.452395641,13067031320
21980,1400000US13067031321,Census Tract 313.21; Cobb County; Georgia,0,0,0,0,0,0,0,0,0,0,0,0,0,0,0,0,0,0,0,0,0,0,0,0,0,0,0,0,0,0,0,0,0,0,2177,0,13067031321
21981,1400000US13067031322,Census Tract 313.22; Cobb County; Georgia,0,0,0,0,0,0,0,0,0,0,0,0,0,0,0,0,0,0,0,0,0,0,0,0,0,0,0,0,0,0,0,0,0,0,4015,0,13067031322
21982,1400000US13067031323,Census Tract 313.23; Cobb County; Georgia,3,3,0,0,0,0,0,0,0,0,0,0,0,0,0,0,0,0,0,0,0,0,0,0,0,0,0,0,0,0,0,0,0,0,2988,0.100401606,13067031323
21983,1400000US13067031324,Census Tract 313.24; Cobb County; Georgia,26,1,0,0,0,0,0,0,0,0,0,0,0,0,0,0,0,0,0,0,25,0,0,0,0,0,0,0,0,0,0,0,0,0,4212,0.617283951,13067031324
21984,1400000US13067031325,Census Tract 313.25; Cobb County; Georgia,171,52,0,0,0,0,0,0,0,0,0,23,0,0,0,0,0,12,0,0,72,0,0,0,12,0,0,0,0,0,0,0,0,0,1861,9.188608275,13067031325
21985,1400000US13067031409,Census Tract 314.09; Cobb County; Georgia,19,0,0,0,0,0,0,0,0,0,0,0,0,0,0,0,0,0,19,0,0,0,0,0,0,0,0,0,0,0,0,0,0,0,6015,0.315876974,13067031409
21986,1400000US13067031410,Census Tract 314.10; Cobb County; Georgia,0,0,0,0,0,0,0,0,0,0,0,0,0,0,0,0,0,0,0,0,0,0,0,0,0,0,0,0,0,0,0,0,0,0,4898,0,13067031410
21987,1400000US13067031411,Census Tract 314.11; Cobb County; Georgia,245,0,0,0,0,0,0,0,0,0,13,201,0,0,0,0,0,0,17,0,10,0,0,0,0,0,0,0,0,0,0,0,0,4,4197,5.837502978,13067031411
21988,1400000US13067031412,Census Tract 314.12; Cobb County; Georgia,16,0,0,0,0,0,0,0,0,0,0,16,0,0,0,0,0,0,0,0,0,0,0,0,0,0,0,0,0,0,0,0,0,0,4552,0.351493849,13067031412
21989,1400000US13067031413,Census Tract 314.13; Cobb County; Georgia,23,0,0,0,23,0,0,0,0,0,0,0,0,0,0,0,0,0,0,0,0,0,0,0,0,0,0,0,0,0,0,0,0,0,3954,0.581689428,13067031413
21990,1400000US13067031414,Census Tract 314.14; Cobb County; Georgia,38,0,0,0,0,0,0,0,0,0,0,0,0,0,0,0,0,0,0,0,12,26,0,0,0,0,0,0,0,0,0,0,0,0,4039,0.940826937,13067031414
21991,1400000US13067031415,Census Tract 314.15; Cobb County; Georgia,0,0,0,0,0,0,0,0,0,0,0,0,0,0,0,0,0,0,0,0,0,0,0,0,0,0,0,0,0,0,0,0,0,0,2051,0,13067031415
21992,1400000US13067031416,Census Tract 314.16; Cobb County; Georgia,174,0,0,0,1,0,0,0,0,0,0,0,0,0,0,0,0,0,173,0,0,0,0,0,0,0,0,0,0,0,0,0,0,0,4377,3.975325565,13067031416
21993,1400000US13067031417,Census Tract 314.17; Cobb County; Georgia,51,0,0,0,0,0,0,0,0,0,0,0,0,0,0,0,0,0,51,0,0,0,0,0,0,0,0,0,0,0,0,0,0,0,3273,1.558203483,13067031417
21994,1400000US13067031506,Census Tract 315.06; Cobb County; Georgia,58,0,0,0,0,0,0,0,0,0,0,0,0,0,0,0,0,0,38,0,20,0,0,0,0,0,0,0,0,0,0,0,0,0,6458,0.89811087,13067031506
21995,1400000US13067031507,Census Tract 315.07; Cobb County; Georgia,143,0,0,0,0,0,0,0,0,0,105,0,0,0,0,0,0,10,0,0,0,0,0,0,28,0,0,0,0,0,0,0,0,0,3208,4.457605985,13067031507
21996,1400000US13067031510,Census Tract 315.10; Cobb County; Georgia,10,0,0,0,10,0,0,0,0,0,0,0,0,0,0,0,0,0,0,0,0,0,0,0,0,0,0,0,0,0,0,0,0,0,3242,0.308451573,13067031510
21997,1400000US13067031511,Census Tract 315.11; Cobb County; Georgia,0,0,0,0,0,0,0,0,0,0,0,0,0,0,0,0,0,0,0,0,0,0,0,0,0,0,0,0,0,0,0,0,0,0,6578,0,13067031511
21998,1400000US13067031512,Census Tract 315.12; Cobb County; Georgia,54,0,0,0,0,0,0,0,0,0,0,0,0,0,0,0,0,0,54,0,0,0,0,0,0,0,0,0,0,0,0,0,0,0,5334,1.012373453,13067031512
21999,1400000US13067031513,Census Tract 315.13; Cobb County; Georgia,119,0,0,0,0,0,0,0,0,0,0,0,0,0,0,0,0,0,119,0,0,0,0,0,0,0,0,0,0,0,0,0,0,0,5559,2.140672783,13067031513
22000,1400000US13067031514,Census Tract 315.14; Cobb County; Georgia,135,0,0,0,0,0,0,0,0,0,0,135,0,0,0,0,0,0,0,0,0,0,0,0,0,0,0,0,0,0,0,0,0,0,3459,3.902862099,13067031514
22001,1400000US13067031515,Census Tract 315.15; Cobb County; Georgia,23,0,0,0,0,0,0,0,0,0,0,14,0,0,0,0,0,0,0,0,0,0,0,0,9,0,0,0,0,0,0,0,0,0,3649,0.630309674,13067031515
22002,1400000US13067031516,Census Tract 315.16; Cobb County; Georgia,30,0,0,0,0,0,0,0,0,0,0,0,0,0,0,0,0,0,0,0,30,0,0,0,0,0,0,0,0,0,0,0,0,0,2880,1.041666667,13067031516
22003,1400000US13067031517,Census Tract 315.17; Cobb County; Georgia,0,0,0,0,0,0,0,0,0,0,0,0,0,0,0,0,0,0,0,0,0,0,0,0,0,0,0,0,0,0,0,0,0,0,3204,0,13067031517
22004,1400000US13067031518,Census Tract 315.18; Cobb County; Georgia,5,5,0,0,0,0,0,0,0,0,0,0,0,0,0,0,0,0,0,0,0,0,0,0,0,0,0,0,0,0,0,0,0,0,2579,0.193873594,13067031518
22005,1400000US13069010100,Census Tract 101; Coffee County; Georgia,13,0,0,0,13,0,0,0,0,0,0,0,0,0,0,0,0,0,0,0,0,0,0,0,0,0,0,0,0,0,0,0,0,0,3043,0.42720999,13069010100
22006,1400000US13069010200,Census Tract 102; Coffee County; Georgia,0,0,0,0,0,0,0,0,0,0,0,0,0,0,0,0,0,0,0,0,0,0,0,0,0,0,0,0,0,0,0,0,0,0,3039,0,13069010200
22007,1400000US13069010301,Census Tract 103.01; Coffee County; Georgia,0,0,0,0,0,0,0,0,0,0,0,0,0,0,0,0,0,0,0,0,0,0,0,0,0,0,0,0,0,0,0,0,0,0,2570,0,13069010301
22008,1400000US13069010302,Census Tract 103.02; Coffee County; Georgia,0,0,0,0,0,0,0,0,0,0,0,0,0,0,0,0,0,0,0,0,0,0,0,0,0,0,0,0,0,0,0,0,0,0,3026,0,13069010302
22009,1400000US13069010401,Census Tract 104.01; Coffee County; Georgia,0,0,0,0,0,0,0,0,0,0,0,0,0,0,0,0,0,0,0,0,0,0,0,0,0,0,0,0,0,0,0,0,0,0,2810,0,13069010401
22010,1400000US13069010402,Census Tract 104.02; Coffee County; Georgia,0,0,0,0,0,0,0,0,0,0,0,0,0,0,0,0,0,0,0,0,0,0,0,0,0,0,0,0,0,0,0,0,0,0,3057,0,13069010402
22011,1400000US13069010500,Census Tract 105; Coffee County; Georgia,0,0,0,0,0,0,0,0,0,0,0,0,0,0,0,0,0,0,0,0,0,0,0,0,0,0,0,0,0,0,0,0,0,0,4330,0,13069010500
22012,1400000US13069010600,Census Tract 106; Coffee County; Georgia,311,0,0,56,0,0,0,0,0,0,0,0,0,0,0,0,0,0,40,0,215,0,0,0,0,0,0,0,0,0,0,0,0,0,5856,5.31079235,13069010600
22013,1400000US13069010701,Census Tract 107.01; Coffee County; Georgia,6,6,0,0,0,0,0,0,0,0,0,0,0,0,0,0,0,0,0,0,0,0,0,0,0,0,0,0,0,0,0,0,0,0,3940,0.152284264,13069010701
22014,1400000US13069010702,Census Tract 107.02; Coffee County; Georgia,0,0,0,0,0,0,0,0,0,0,0,0,0,0,0,0,0,0,0,0,0,0,0,0,0,0,0,0,0,0,0,0,0,0,1890,0,13069010702
22015,1400000US13069010801,Census Tract 108.01; Coffee County; Georgia,0,0,0,0,0,0,0,0,0,0,0,0,0,0,0,0,0,0,0,0,0,0,0,0,0,0,0,0,0,0,0,0,0,0,4601,0,13069010801
22016,1400000US13069010802,Census Tract 108.02; Coffee County; Georgia,0,0,0,0,0,0,0,0,0,0,0,0,0,0,0,0,0,0,0,0,0,0,0,0,0,0,0,0,0,0,0,0,0,0,4894,0,13069010802
22017,1400000US13071970101,Census Tract 9701.01; Colquitt County; Georgia,11,0,0,0,0,0,0,0,0,0,0,11,0,0,0,0,0,0,0,0,0,0,0,0,0,0,0,0,0,0,0,0,0,0,3283,0.335059397,13071970101
22018,1400000US13071970102,Census Tract 9701.02; Colquitt County; Georgia,0,0,0,0,0,0,0,0,0,0,0,0,0,0,0,0,0,0,0,0,0,0,0,0,0,0,0,0,0,0,0,0,0,0,2465,0,13071970102
22019,1400000US13071970200,Census Tract 9702; Colquitt County; Georgia,135,0,0,0,0,0,0,0,0,0,0,0,0,0,0,0,0,0,129,0,6,0,0,0,0,0,0,0,0,0,0,0,0,0,2660,5.07518797,13071970200
22020,1400000US13071970301,Census Tract 9703.01; Colquitt County; Georgia,0,0,0,0,0,0,0,0,0,0,0,0,0,0,0,0,0,0,0,0,0,0,0,0,0,0,0,0,0,0,0,0,0,0,2357,0,13071970301
22021,1400000US13071970302,Census Tract 9703.02; Colquitt County; Georgia,0,0,0,0,0,0,0,0,0,0,0,0,0,0,0,0,0,0,0,0,0,0,0,0,0,0,0,0,0,0,0,0,0,0,2101,0,13071970302
22022,1400000US13071970400,Census Tract 9704; Colquitt County; Georgia,0,0,0,0,0,0,0,0,0,0,0,0,0,0,0,0,0,0,0,0,0,0,0,0,0,0,0,0,0,0,0,0,0,0,3794,0,13071970400
22023,1400000US13071970500,Census Tract 9705; Colquitt County; Georgia,35,0,0,0,3,0,0,0,0,0,0,0,0,0,0,0,0,0,0,0,32,0,0,0,0,0,0,0,0,0,0,0,0,0,3763,0.930108956,13071970500
22024,1400000US13071970601,Census Tract 9706.01; Colquitt County; Georgia,0,0,0,0,0,0,0,0,0,0,0,0,0,0,0,0,0,0,0,0,0,0,0,0,0,0,0,0,0,0,0,0,0,0,2546,0,13071970601
22025,1400000US13071970602,Census Tract 9706.02; Colquitt County; Georgia,56,55,0,0,0,0,0,0,0,0,0,1,0,0,0,0,0,0,0,0,0,0,0,0,0,0,0,0,0,0,0,0,0,0,3387,1.653380573,13071970602
22026,1400000US13071970702,Census Tract 9707.02; Colquitt County; Georgia,0,0,0,0,0,0,0,0,0,0,0,0,0,0,0,0,0,0,0,0,0,0,0,0,0,0,0,0,0,0,0,0,0,0,2319,0,13071970702
22027,1400000US13071970703,Census Tract 9707.03; Colquitt County; Georgia,0,0,0,0,0,0,0,0,0,0,0,0,0,0,0,0,0,0,0,0,0,0,0,0,0,0,0,0,0,0,0,0,0,0,4684,0,13071970703
22028,1400000US13071970704,Census Tract 9707.04; Colquitt County; Georgia,16,0,0,0,0,0,0,0,0,0,0,0,0,0,0,0,0,0,16,0,0,0,0,0,0,0,0,0,0,0,0,0,0,0,2229,0.717810677,13071970704
22029,1400000US13071970800,Census Tract 9708; Colquitt County; Georgia,0,0,0,0,0,0,0,0,0,0,0,0,0,0,0,0,0,0,0,0,0,0,0,0,0,0,0,0,0,0,0,0,0,0,3420,0,13071970800
22030,1400000US13071970901,Census Tract 9709.01; Colquitt County; Georgia,30,0,0,0,30,0,0,0,0,0,0,0,0,0,0,0,0,0,0,0,0,0,0,0,0,0,0,0,0,0,0,0,0,0,3061,0.980071872,13071970901
22031,1400000US13071970902,Census Tract 9709.02; Colquitt County; Georgia,95,95,0,0,0,0,0,0,0,0,0,0,0,0,0,0,0,0,0,0,0,0,0,0,0,0,0,0,0,0,0,0,0,0,3744,2.537393162,13071970902
22032,1400000US13073030103,Census Tract 301.03; Columbia County; Georgia,503,42,0,0,187,0,0,0,0,0,0,91,0,0,0,0,0,0,0,0,173,0,0,0,10,0,0,0,0,0,0,0,0,0,3675,13.68707483,13073030103
22033,1400000US13073030105,Census Tract 301.05; Columbia County; Georgia,153,29,0,0,0,0,0,23,0,0,0,0,0,0,0,0,0,0,0,0,66,0,0,0,35,0,0,0,0,0,0,0,0,0,5116,2.99061767,13073030105
22034,1400000US13073030106,Census Tract 301.06; Columbia County; Georgia,164,15,0,0,66,0,0,0,0,0,0,7,0,0,0,0,0,0,0,0,0,31,0,0,0,0,0,0,0,0,45,0,0,0,3981,4.119567948,13073030106
22035,1400000US13073030107,Census Tract 301.07; Columbia County; Georgia,785,122,0,0,0,0,0,0,0,0,0,0,0,0,0,0,0,0,9,0,621,0,0,0,0,0,0,0,0,0,0,0,33,0,3579,21.93350098,13073030107
22036,1400000US13073030108,Census Tract 301.08; Columbia County; Georgia,1171,135,0,0,374,0,0,0,0,0,0,29,0,0,0,0,0,12,40,0,467,61,0,0,0,0,0,0,0,0,0,0,53,0,6615,17.70219199,13073030108
22037,1400000US13073030201,Census Tract 302.01; Columbia County; Georgia,231,0,0,0,41,0,0,0,0,0,0,0,0,0,0,0,0,0,148,0,42,0,0,0,0,0,0,0,0,0,0,0,0,0,6262,3.688917279,13073030201
22038,1400000US13073030202,Census Tract 302.02; Columbia County; Georgia,135,0,0,0,8,0,0,0,0,0,0,0,0,0,0,0,0,0,127,0,0,0,0,0,0,0,0,0,0,0,0,0,0,0,2939,4.593399115,13073030202
22039,1400000US13073030203,Census Tract 302.03; Columbia County; Georgia,103,20,0,0,74,0,0,0,0,0,0,9,0,0,0,0,0,0,0,0,0,0,0,0,0,0,0,0,0,0,0,0,0,0,6166,1.67045086,13073030203
22040,1400000US13073030304,Census Tract 303.04; Columbia County; Georgia,730,25,0,57,28,0,0,0,0,0,0,230,0,0,0,0,0,0,18,0,263,0,0,0,0,0,0,0,0,0,23,0,0,86,11232,6.499287749,13073030304
22041,1400000US13073030306,Census Tract 303.06; Columbia County; Georgia,601,0,0,0,27,0,0,0,0,0,0,56,0,0,0,0,0,10,419,0,0,0,0,0,0,0,0,0,0,0,24,0,0,65,7549,7.96131938,13073030306
22042,1400000US13073030307,Census Tract 303.07; Columbia County; Georgia,321,16,0,0,54,0,0,0,0,0,0,125,0,0,0,0,0,0,0,0,126,0,0,0,0,0,0,0,0,0,0,0,0,0,6700,4.791044776,13073030307
22043,1400000US13073030308,Census Tract 303.08; Columbia County; Georgia,221,0,0,0,79,0,0,0,0,0,0,64,0,0,0,0,0,0,0,0,50,0,0,0,0,0,0,0,0,0,0,0,0,28,12321,1.793685577,13073030308
22044,1400000US13073030310,Census Tract 303.10; Columbia County; Georgia,0,0,0,0,0,0,0,0,0,0,0,0,0,0,0,0,0,0,0,0,0,0,0,0,0,0,0,0,0,0,0,0,0,0,3739,0,13073030310
22045,1400000US13073030311,Census Tract 303.11; Columbia County; Georgia,114,0,0,0,71,0,0,0,0,0,0,9,0,0,0,0,0,0,0,0,0,0,0,0,0,0,34,0,0,0,0,0,0,0,6085,1.873459326,13073030311
22046,1400000US13073030312,Census Tract 303.12; Columbia County; Georgia,48,0,0,18,0,0,0,0,0,0,0,0,0,0,0,0,0,0,0,0,30,0,0,0,0,0,0,0,0,0,0,0,0,0,7277,0.659612478,13073030312
22047,1400000US13073030313,Census Tract 303.13; Columbia County; Georgia,93,0,0,0,19,0,0,0,0,0,0,0,0,0,0,0,0,0,74,0,0,0,0,0,0,0,0,0,0,0,0,0,0,0,4683,1.98590647,13073030313
22048,1400000US13073030401,Census Tract 304.01; Columbia County; Georgia,27,17,0,0,0,0,0,0,0,0,0,0,0,0,0,0,0,0,10,0,0,0,0,0,0,0,0,0,0,0,0,0,0,0,2350,1.14893617,13073030401
22049,1400000US13073030403,Census Tract 304.03; Columbia County; Georgia,246,0,0,0,246,0,0,0,0,0,0,0,0,0,0,0,0,0,0,0,0,0,0,0,0,0,0,0,0,0,0,0,0,0,12034,2.044208077,13073030403
22050,1400000US13073030404,Census Tract 304.04; Columbia County; Georgia,18,0,0,0,0,0,0,0,0,0,18,0,0,0,0,0,0,0,0,0,0,0,0,0,0,0,0,0,0,0,0,0,0,0,1785,1.008403361,13073030404
22051,1400000US13073030503,Census Tract 305.03; Columbia County; Georgia,418,99,0,17,0,0,0,0,0,0,0,89,0,0,0,0,0,0,100,0,0,0,0,0,0,0,0,0,0,0,0,0,0,113,12212,3.422862758,13073030503
22052,1400000US13073030504,Census Tract 305.04; Columbia County; Georgia,0,0,0,0,0,0,0,0,0,0,0,0,0,0,0,0,0,0,0,0,0,0,0,0,0,0,0,0,0,0,0,0,0,0,4441,0,13073030504
22053,1400000US13073030505,Census Tract 305.05; Columbia County; Georgia,136,0,0,23,8,0,0,0,0,0,29,0,0,0,0,0,0,0,30,0,46,0,0,0,0,0,0,0,0,0,0,0,0,0,9237,1.472339504,13073030505
22054,1400000US13073030507,Census Tract 305.07; Columbia County; Georgia,63,0,0,32,0,0,0,0,0,0,0,0,0,0,0,0,0,0,31,0,0,0,0,0,0,0,0,0,0,0,0,0,0,0,6877,0.916097135,13073030507
22055,1400000US13073030508,Census Tract 305.08; Columbia County; Georgia,182,20,0,24,0,0,0,0,0,0,0,138,0,0,0,0,0,0,0,0,0,0,0,0,0,0,0,0,0,0,0,0,0,0,6320,2.879746835,13073030508
22056,1400000US13073030603,Census Tract 306.03; Columbia County; Georgia,387,97,0,0,158,0,0,9,0,0,0,4,0,0,0,0,0,9,0,0,101,0,0,0,0,0,0,0,0,0,0,0,0,9,3746,10.33101975,13073030603
22057,1400000US13075960100,Census Tract 9601; Cook County; Georgia,0,0,0,0,0,0,0,0,0,0,0,0,0,0,0,0,0,0,0,0,0,0,0,0,0,0,0,0,0,0,0,0,0,0,1940,0,13075960100
22058,1400000US13075960200,Census Tract 9602; Cook County; Georgia,0,0,0,0,0,0,0,0,0,0,0,0,0,0,0,0,0,0,0,0,0,0,0,0,0,0,0,0,0,0,0,0,0,0,3231,0,13075960200
22059,1400000US13075960301,Census Tract 9603.01; Cook County; Georgia,0,0,0,0,0,0,0,0,0,0,0,0,0,0,0,0,0,0,0,0,0,0,0,0,0,0,0,0,0,0,0,0,0,0,3613,0,13075960301
22060,1400000US13075960302,Census Tract 9603.02; Cook County; Georgia,42,0,0,21,0,0,0,0,0,0,0,0,0,0,0,0,0,0,21,0,0,0,0,0,0,0,0,0,0,0,0,0,0,0,3898,1.077475629,13075960302
22061,1400000US13075960400,Census Tract 9604; Cook County; Georgia,0,0,0,0,0,0,0,0,0,0,0,0,0,0,0,0,0,0,0,0,0,0,0,0,0,0,0,0,0,0,0,0,0,0,4560,0,13075960400
22062,1400000US13077170101,Census Tract 1701.01; Coweta County; Georgia,3,0,0,0,0,0,0,0,0,0,0,0,0,0,0,0,0,0,3,0,0,0,0,0,0,0,0,0,0,0,0,0,0,0,1707,0.175746924,13077170101
22063,1400000US13077170102,Census Tract 1701.02; Coweta County; Georgia,0,0,0,0,0,0,0,0,0,0,0,0,0,0,0,0,0,0,0,0,0,0,0,0,0,0,0,0,0,0,0,0,0,0,5747,0,13077170102
22064,1400000US13077170200,Census Tract 1702; Coweta County; Georgia,62,0,0,0,0,0,0,0,0,0,0,29,0,0,0,0,0,0,33,0,0,0,0,0,0,0,0,0,0,0,0,0,0,0,8164,0.759431651,13077170200
22065,1400000US13077170303,Census Tract 1703.03; Coweta County; Georgia,127,0,0,0,0,0,0,0,0,0,0,9,0,0,0,0,0,0,0,0,118,0,0,0,0,0,0,0,0,0,0,0,0,0,6746,1.882597095,13077170303
22066,1400000US13077170304,Census Tract 1703.04; Coweta County; Georgia,235,31,0,0,0,0,0,0,0,0,0,0,0,0,0,0,0,0,0,0,204,0,0,0,0,0,0,0,0,0,0,0,0,0,7919,2.967546407,13077170304
22067,1400000US13077170307,Census Tract 1703.07; Coweta County; Georgia,301,233,0,0,0,0,0,0,0,0,0,0,0,0,0,0,0,0,0,0,0,0,0,0,0,0,0,0,0,0,0,0,0,68,6824,4.410902696,13077170307
22068,1400000US13077170308,Census Tract 1703.08; Coweta County; Georgia,76,0,0,0,0,0,0,0,0,0,0,0,0,0,0,0,0,0,0,0,76,0,0,0,0,0,0,0,0,0,0,0,0,0,4985,1.524573721,13077170308
22069,1400000US13077170309,Census Tract 1703.09; Coweta County; Georgia,394,24,0,0,76,0,0,0,0,0,0,12,0,0,0,0,0,0,181,0,86,0,0,0,0,0,0,0,0,0,0,0,0,15,4455,8.843995511,13077170309
22070,1400000US13077170310,Census Tract 1703.10; Coweta County; Georgia,0,0,0,0,0,0,0,0,0,0,0,0,0,0,0,0,0,0,0,0,0,0,0,0,0,0,0,0,0,0,0,0,0,0,4432,0,13077170310
22071,1400000US13077170403,Census Tract 1704.03; Coweta County; Georgia,115,15,0,0,0,0,0,0,0,0,0,3,0,0,0,0,0,0,48,0,49,0,0,0,0,0,0,0,0,0,0,0,0,0,5721,2.010138088,13077170403
22072,1400000US13077170404,Census Tract 1704.04; Coweta County; Georgia,189,84,0,43,0,0,0,0,0,0,0,32,0,0,0,0,0,0,0,0,0,0,0,0,0,0,0,0,0,0,0,0,30,0,5361,3.525461668,13077170404
22073,1400000US13077170405,Census Tract 1704.05; Coweta County; Georgia,205,0,0,0,159,0,0,0,0,0,0,0,0,0,0,0,0,0,0,0,46,0,0,0,0,0,0,0,0,0,0,0,0,0,7518,2.72678904,13077170405
22074,1400000US13077170406,Census Tract 1704.06; Coweta County; Georgia,12,0,0,0,6,0,0,0,0,0,0,0,0,0,0,0,0,0,6,0,0,0,0,0,0,0,0,0,0,0,0,0,0,0,4273,0.280833138,13077170406
22075,1400000US13077170407,Census Tract 1704.07; Coweta County; Georgia,0,0,0,0,0,0,0,0,0,0,0,0,0,0,0,0,0,0,0,0,0,0,0,0,0,0,0,0,0,0,0,0,0,0,1067,0,13077170407
22076,1400000US13077170408,Census Tract 1704.08; Coweta County; Georgia,146,0,0,0,0,0,0,0,0,0,0,12,0,0,0,0,0,0,134,0,0,0,0,0,0,0,0,0,0,0,0,0,0,0,8139,1.793832166,13077170408
22077,1400000US13077170501,Census Tract 1705.01; Coweta County; Georgia,114,105,0,0,0,0,0,0,0,0,0,4,0,0,0,0,0,0,0,0,5,0,0,0,0,0,0,0,0,0,0,0,0,0,6717,1.697186244,13077170501
22078,1400000US13077170502,Census Tract 1705.02; Coweta County; Georgia,24,0,0,0,0,0,0,0,0,0,0,24,0,0,0,0,0,0,0,0,0,0,0,0,0,0,0,0,0,0,0,0,0,0,7873,0.304839324,13077170502
22079,1400000US13077170503,Census Tract 1705.03; Coweta County; Georgia,61,36,0,0,0,0,0,0,0,0,0,0,0,0,0,0,0,0,0,0,25,0,0,0,0,0,0,0,0,0,0,0,0,0,7739,0.788215532,13077170503
22080,1400000US13077170603,Census Tract 1706.03; Coweta County; Georgia,177,48,0,0,0,0,0,0,0,0,0,104,0,0,0,0,0,0,7,0,18,0,0,0,0,0,0,0,0,0,0,0,0,0,7117,2.487002951,13077170603
22081,1400000US13077170604,Census Tract 1706.04; Coweta County; Georgia,8,0,0,0,0,0,0,0,0,0,0,8,0,0,0,0,0,0,0,0,0,0,0,0,0,0,0,0,0,0,0,0,0,0,4076,0.196270854,13077170604
22082,1400000US13077170605,Census Tract 1706.05; Coweta County; Georgia,0,0,0,0,0,0,0,0,0,0,0,0,0,0,0,0,0,0,0,0,0,0,0,0,0,0,0,0,0,0,0,0,0,0,3458,0,13077170605
22083,1400000US13077170606,Census Tract 1706.06; Coweta County; Georgia,327,0,0,0,140,0,0,0,0,0,0,5,0,0,0,0,0,0,65,0,92,0,0,0,0,0,0,0,0,0,0,0,0,25,4985,6.559679037,13077170606
22084,1400000US13077170607,Census Tract 1706.07; Coweta County; Georgia,85,15,0,0,0,0,0,0,0,0,0,53,0,0,0,0,0,0,0,0,17,0,0,0,0,0,0,0,0,0,0,0,0,0,4160,2.043269231,13077170607
22085,1400000US13077170701,Census Tract 1707.01; Coweta County; Georgia,0,0,0,0,0,0,0,0,0,0,0,0,0,0,0,0,0,0,0,0,0,0,0,0,0,0,0,0,0,0,0,0,0,0,4324,0,13077170701
22086,1400000US13077170702,Census Tract 1707.02; Coweta County; Georgia,56,0,0,0,0,0,0,0,0,0,0,0,0,0,0,0,0,0,0,0,56,0,0,0,0,0,0,0,0,0,0,0,0,0,2882,1.943095073,13077170702
22087,1400000US13077170801,Census Tract 1708.01; Coweta County; Georgia,70,0,0,0,35,0,0,0,0,0,0,5,0,17,0,0,0,0,13,0,0,0,0,0,0,0,0,0,0,0,0,0,0,0,5121,1.366920523,13077170801
22088,1400000US13077170802,Census Tract 1708.02; Coweta County; Georgia,27,7,0,2,0,0,0,0,0,0,0,18,0,0,0,0,0,0,0,0,0,0,0,0,0,0,0,0,0,0,0,0,0,0,5939,0.45462199,13077170802
22089,1400000US13079070100,Census Tract 701; Crawford County; Georgia,0,0,0,0,0,0,0,0,0,0,0,0,0,0,0,0,0,0,0,0,0,0,0,0,0,0,0,0,0,0,0,0,0,0,3598,0,13079070100
22090,1400000US13079070201,Census Tract 702.01; Crawford County; Georgia,0,0,0,0,0,0,0,0,0,0,0,0,0,0,0,0,0,0,0,0,0,0,0,0,0,0,0,0,0,0,0,0,0,0,5511,0,13079070201
22091,1400000US13079070202,Census Tract 702.02; Crawford County; Georgia,0,0,0,0,0,0,0,0,0,0,0,0,0,0,0,0,0,0,0,0,0,0,0,0,0,0,0,0,0,0,0,0,0,0,3047,0,13079070202
22092,1400000US13081010100,Census Tract 101; Crisp County; Georgia,0,0,0,0,0,0,0,0,0,0,0,0,0,0,0,0,0,0,0,0,0,0,0,0,0,0,0,0,0,0,0,0,0,0,3912,0,13081010100
22093,1400000US13081010201,Census Tract 102.01; Crisp County; Georgia,8,0,0,0,0,0,0,0,0,0,0,0,0,0,0,0,0,0,8,0,0,0,0,0,0,0,0,0,0,0,0,0,0,0,4118,0.194269063,13081010201
22094,1400000US13081010202,Census Tract 102.02; Crisp County; Georgia,0,0,0,0,0,0,0,0,0,0,0,0,0,0,0,0,0,0,0,0,0,0,0,0,0,0,0,0,0,0,0,0,0,0,2202,0,13081010202
22095,1400000US13081010300,Census Tract 103; Crisp County; Georgia,37,35,0,0,0,0,0,0,0,0,0,0,0,0,0,0,0,0,0,0,2,0,0,0,0,0,0,0,0,0,0,0,0,0,2686,1.377513031,13081010300
22096,1400000US13081010400,Census Tract 104; Crisp County; Georgia,0,0,0,0,0,0,0,0,0,0,0,0,0,0,0,0,0,0,0,0,0,0,0,0,0,0,0,0,0,0,0,0,0,0,5941,0,13081010400
22097,1400000US13081010500,Census Tract 105; Crisp County; Georgia,80,0,0,0,0,0,0,0,0,0,0,0,0,0,0,0,0,0,52,0,0,0,0,0,28,0,0,0,0,0,0,0,0,0,1396,5.730659026,13081010500
22098,1400000US13083040102,Census Tract 401.02; Dade County; Georgia,0,0,0,0,0,0,0,0,0,0,0,0,0,0,0,0,0,0,0,0,0,0,0,0,0,0,0,0,0,0,0,0,0,0,3695,0,13083040102
22099,1400000US13083040103,Census Tract 401.03; Dade County; Georgia,101,0,0,0,0,0,0,0,0,0,0,3,0,0,0,0,0,0,4,0,36,0,0,0,0,0,0,0,0,0,0,0,58,0,2674,3.777112939,13083040103
22100,1400000US13083040104,Census Tract 401.04; Dade County; Georgia,16,0,0,0,0,0,0,0,0,0,0,0,0,0,0,0,0,0,0,0,16,0,0,0,0,0,0,0,0,0,0,0,0,0,2056,0.778210117,13083040104
22101,1400000US13083040200,Census Tract 402; Dade County; Georgia,0,0,0,0,0,0,0,0,0,0,0,0,0,0,0,0,0,0,0,0,0,0,0,0,0,0,0,0,0,0,0,0,0,0,3785,0,13083040200
22102,1400000US13083040300,Census Tract 403; Dade County; Georgia,16,4,0,0,7,0,0,0,0,0,0,5,0,0,0,0,0,0,0,0,0,0,0,0,0,0,0,0,0,0,0,0,0,0,4029,0.397120874,13083040300
22103,1400000US13085970101,Census Tract 9701.01; Dawson County; Georgia,0,0,0,0,0,0,0,0,0,0,0,0,0,0,0,0,0,0,0,0,0,0,0,0,0,0,0,0,0,0,0,0,0,0,1743,0,13085970101
22104,1400000US13085970102,Census Tract 9701.02; Dawson County; Georgia,159,0,0,0,5,0,0,0,0,0,0,35,0,0,0,0,0,0,0,0,119,0,0,0,0,0,0,0,0,0,0,0,0,0,4880,3.258196721,13085970102
22105,1400000US13085970103,Census Tract 9701.03; Dawson County; Georgia,0,0,0,0,0,0,0,0,0,0,0,0,0,0,0,0,0,0,0,0,0,0,0,0,0,0,0,0,0,0,0,0,0,0,3149,0,13085970103
22106,1400000US13085970203,Census Tract 9702.03; Dawson County; Georgia,0,0,0,0,0,0,0,0,0,0,0,0,0,0,0,0,0,0,0,0,0,0,0,0,0,0,0,0,0,0,0,0,0,0,4678,0,13085970203
22107,1400000US13085970204,Census Tract 9702.04; Dawson County; Georgia,28,0,0,0,0,0,0,0,0,0,0,28,0,0,0,0,0,0,0,0,0,0,0,0,0,0,0,0,0,0,0,0,0,0,3796,0.737618546,13085970204
22108,1400000US13085970205,Census Tract 9702.05; Dawson County; Georgia,0,0,0,0,0,0,0,0,0,0,0,0,0,0,0,0,0,0,0,0,0,0,0,0,0,0,0,0,0,0,0,0,0,0,4459,0,13085970205
22109,1400000US13085970206,Census Tract 9702.06; Dawson County; Georgia,25,2,0,0,6,0,0,0,0,0,0,17,0,0,0,0,0,0,0,0,0,0,0,0,0,0,0,0,0,0,0,0,0,0,4650,0.537634409,13085970206
22110,1400000US13087970100,Census Tract 9701; Decatur County; Georgia,1,0,0,0,0,0,0,0,0,0,0,1,0,0,0,0,0,0,0,0,0,0,0,0,0,0,0,0,0,0,0,0,0,0,3116,0.032092426,13087970100
22111,1400000US13087970200,Census Tract 9702; Decatur County; Georgia,0,0,0,0,0,0,0,0,0,0,0,0,0,0,0,0,0,0,0,0,0,0,0,0,0,0,0,0,0,0,0,0,0,0,2962,0,13087970200
22112,1400000US13087970301,Census Tract 9703.01; Decatur County; Georgia,13,13,0,0,0,0,0,0,0,0,0,0,0,0,0,0,0,0,0,0,0,0,0,0,0,0,0,0,0,0,0,0,0,0,3457,0.376048597,13087970301
22113,1400000US13087970302,Census Tract 9703.02; Decatur County; Georgia,0,0,0,0,0,0,0,0,0,0,0,0,0,0,0,0,0,0,0,0,0,0,0,0,0,0,0,0,0,0,0,0,0,0,3788,0,13087970302
22114,1400000US13087970400,Census Tract 9704; Decatur County; Georgia,58,0,0,0,0,0,0,0,0,0,0,49,0,0,0,0,0,0,0,0,9,0,0,0,0,0,0,0,0,0,0,0,0,0,5138,1.128843908,13087970400
22115,1400000US13087970600,Census Tract 9706; Decatur County; Georgia,69,0,0,0,0,0,0,0,0,0,0,0,0,0,0,0,0,0,0,0,69,0,0,0,0,0,0,0,0,0,0,0,0,0,6476,1.065472514,13087970600
22116,1400000US13087970700,Census Tract 9707; Decatur County; Georgia,0,0,0,0,0,0,0,0,0,0,0,0,0,0,0,0,0,0,0,0,0,0,0,0,0,0,0,0,0,0,0,0,0,0,1563,0,13087970700
22117,1400000US13087970800,Census Tract 9708; Decatur County; Georgia,0,0,0,0,0,0,0,0,0,0,0,0,0,0,0,0,0,0,0,0,0,0,0,0,0,0,0,0,0,0,0,0,0,0,2563,0,13087970800
22118,1400000US13089020100,Census Tract 201; DeKalb County; Georgia,62,19,0,7,8,0,0,0,0,0,0,16,0,0,0,0,0,0,0,0,12,0,0,0,0,0,0,0,0,0,0,0,0,0,2198,2.820746133,13089020100
22119,1400000US13089020200,Census Tract 202; DeKalb County; Georgia,272,68,0,21,6,0,0,0,0,0,0,0,0,0,0,0,0,0,14,0,148,0,0,0,0,0,0,0,0,0,0,0,15,0,1960,13.87755102,13089020200
22120,1400000US13089020300,Census Tract 203; DeKalb County; Georgia,115,51,0,0,0,0,0,0,0,0,0,0,0,0,0,0,0,0,27,0,37,0,0,0,0,0,0,0,0,0,0,0,0,0,4504,2.553285968,13089020300
22121,1400000US13089020400,Census Tract 204; DeKalb County; Georgia,137,19,0,0,37,0,0,0,0,0,0,0,0,0,0,0,0,0,7,0,36,0,0,0,0,0,0,0,0,0,22,0,0,16,2709,5.057216685,13089020400
22122,1400000US13089020500,Census Tract 205; DeKalb County; Georgia,50,5,0,0,27,0,0,0,0,0,0,0,0,0,0,0,0,0,0,0,18,0,0,0,0,0,0,0,0,0,0,0,0,0,3688,1.355748373,13089020500
22123,1400000US13089020600,Census Tract 206; DeKalb County; Georgia,83,11,0,11,12,0,0,0,0,0,0,0,0,0,0,0,0,0,0,9,21,0,0,0,0,0,0,0,0,0,0,0,0,19,2439,3.40303403,13089020600
22124,1400000US13089020700,Census Tract 207; DeKalb County; Georgia,39,0,0,0,0,0,0,11,0,0,0,0,0,0,0,0,0,0,3,0,25,0,0,0,0,0,0,0,0,0,0,0,0,0,2909,1.340666896,13089020700
22125,1400000US13089020801,Census Tract 208.01; DeKalb County; Georgia,48,0,0,0,29,0,0,0,0,0,0,0,0,0,0,0,0,0,0,0,19,0,0,0,0,0,0,0,0,0,0,0,0,0,3152,1.52284264,13089020801
22126,1400000US13089020802,Census Tract 208.02; DeKalb County; Georgia,27,0,0,0,8,0,0,0,0,0,0,9,0,0,0,0,0,0,0,0,10,0,0,0,0,0,0,0,0,0,0,0,0,0,4253,0.634845991,13089020802
22127,1400000US13089020901,Census Tract 209.01; DeKalb County; Georgia,285,0,0,0,0,0,0,0,0,0,0,129,0,0,0,0,0,0,0,0,140,0,0,0,16,0,0,0,0,0,0,0,0,0,3027,9.415262636,13089020901
22128,1400000US13089020902,Census Tract 209.02; DeKalb County; Georgia,203,0,0,0,4,0,0,0,0,0,0,179,0,0,0,0,0,0,0,0,20,0,0,0,0,0,0,0,0,0,0,0,0,0,2738,7.414170928,13089020902
22129,1400000US13089021101,Census Tract 211.01; DeKalb County; Georgia,832,91,0,0,32,0,0,0,0,0,0,10,0,0,0,0,0,0,0,0,694,5,0,0,0,0,0,0,0,0,0,0,0,0,5097,16.32332745,13089021101
22130,1400000US13089021103,Census Tract 211.03; DeKalb County; Georgia,548,88,0,84,0,0,0,0,0,0,0,70,0,0,0,0,0,0,60,0,246,0,0,0,0,0,0,0,0,0,0,0,0,0,4981,11.00180687,13089021103
22131,1400000US13089021104,Census Tract 211.04; DeKalb County; Georgia,23,13,0,0,0,0,0,0,0,0,0,0,0,0,0,0,0,0,0,0,10,0,0,0,0,0,0,0,0,0,0,0,0,0,1912,1.20292887,13089021104
22132,1400000US13089021204,Census Tract 212.04; DeKalb County; Georgia,0,0,0,0,0,0,0,0,0,0,0,0,0,0,0,0,0,0,0,0,0,0,0,0,0,0,0,0,0,0,0,0,0,0,2973,0,13089021204
22133,1400000US13089021208,Census Tract 212.08; DeKalb County; Georgia,711,85,0,0,143,0,0,0,0,0,0,62,198,0,0,0,0,11,135,0,33,44,0,0,0,0,0,0,0,0,0,0,0,0,4839,14.69311841,13089021208
22134,1400000US13089021210,Census Tract 212.10; DeKalb County; Georgia,454,141,0,0,51,0,0,0,0,0,0,0,0,0,0,0,0,74,0,0,188,0,0,0,0,0,0,0,0,0,0,0,0,0,5892,7.705363204,13089021210
22135,1400000US13089021211,Census Tract 212.11; DeKalb County; Georgia,408,45,0,0,0,0,0,17,0,0,0,8,0,0,0,0,0,0,202,0,115,0,0,0,0,0,0,0,0,0,0,0,21,0,4787,8.523083351,13089021211
22136,1400000US13089021213,Census Tract 212.13; DeKalb County; Georgia,64,11,0,0,0,0,0,0,0,0,0,0,0,0,0,0,0,0,0,0,53,0,0,0,0,0,0,0,0,0,0,0,0,0,3593,1.781241303,13089021213
22137,1400000US13089021217,Census Tract 212.17; DeKalb County; Georgia,241,24,0,18,7,0,0,0,0,0,0,14,0,0,0,0,0,0,42,0,136,0,0,0,0,0,0,0,0,0,0,0,0,0,2919,8.256252141,13089021217
22138,1400000US13089021219,Census Tract 212.19; DeKalb County; Georgia,419,32,0,65,15,0,0,0,0,0,0,40,0,0,0,0,0,0,40,0,216,0,0,0,0,0,0,0,0,0,0,0,0,11,4827,8.680339756,13089021219
22139,1400000US13089021220,Census Tract 212.20; DeKalb County; Georgia,272,84,0,0,130,0,0,5,0,0,0,0,0,0,0,0,0,0,0,0,51,0,0,0,2,0,0,0,0,0,0,0,0,0,3655,7.441860465,13089021220
22140,1400000US13089021221,Census Tract 212.21; DeKalb County; Georgia,166,17,0,0,59,0,0,0,0,0,0,39,0,0,0,0,0,0,17,0,16,0,0,0,0,0,18,0,0,0,0,0,0,0,2900,5.724137931,13089021221
22141,1400000US13089021222,Census Tract 212.22; DeKalb County; Georgia,361,124,0,28,97,0,0,0,0,0,0,0,0,0,0,0,0,0,0,0,112,0,0,0,0,0,0,0,0,0,0,0,0,0,5045,7.155599604,13089021222
22142,1400000US13089021223,Census Tract 212.23; DeKalb County; Georgia,1049,81,0,83,0,0,0,0,0,0,0,0,0,0,20,0,0,11,0,0,854,0,0,0,0,0,0,0,0,0,0,0,0,0,1876,55.91684435,13089021223
22143,1400000US13089021224,Census Tract 212.24; DeKalb County; Georgia,771,309,0,57,80,0,0,7,0,0,0,0,0,0,0,0,0,0,0,0,275,0,0,0,31,0,0,0,0,0,0,0,0,12,3983,19.35726839,13089021224
22144,1400000US13089021225,Census Tract 212.25; DeKalb County; Georgia,207,14,0,0,0,0,0,0,0,0,0,17,0,0,0,0,0,0,19,0,157,0,0,0,0,0,0,0,0,0,0,0,0,0,2523,8.20451843,13089021225
22145,1400000US13089021226,Census Tract 212.26; DeKalb County; Georgia,998,142,0,69,176,0,0,0,0,0,0,0,0,0,0,0,0,0,0,0,486,0,0,0,0,0,0,0,0,0,0,0,0,125,3148,31.70266836,13089021226
22146,1400000US13089021227,Census Tract 212.27; DeKalb County; Georgia,1430,92,0,13,0,0,0,20,0,0,49,0,0,0,0,0,0,0,0,0,1256,0,0,0,0,0,0,0,0,0,0,0,0,0,5615,25.46749777,13089021227
22147,1400000US13089021228,Census Tract 212.28; DeKalb County; Georgia,256,10,0,0,43,0,0,0,0,0,0,0,0,0,0,0,0,0,0,0,80,0,0,0,123,0,0,0,0,0,0,0,0,0,3486,7.343660356,13089021228
22148,1400000US13089021229,Census Tract 212.29; DeKalb County; Georgia,118,0,0,0,0,0,0,0,0,0,0,24,0,0,0,0,0,0,23,0,56,0,0,0,0,0,0,0,0,0,0,0,0,15,3441,3.429235687,13089021229
22149,1400000US13089021230,Census Tract 212.30; DeKalb County; Georgia,2352,168,0,62,145,0,0,0,0,0,0,74,0,0,0,0,0,0,13,0,1838,0,0,0,17,0,0,0,0,0,0,0,0,35,3947,59.58956169,13089021230
22150,1400000US13089021301,Census Tract 213.01; DeKalb County; Georgia,601,124,0,0,75,0,0,0,0,0,0,0,0,0,0,0,0,0,0,0,191,211,0,0,0,0,0,0,0,0,0,0,0,0,3617,16.61598009,13089021301
22151,1400000US13089021305,Census Tract 213.05; DeKalb County; Georgia,409,90,0,53,83,0,0,22,0,0,0,0,0,0,0,0,0,0,14,0,107,0,0,40,0,0,0,0,0,0,0,0,0,0,5436,7.523914643,13089021305
22152,1400000US13089021306,Census Tract 213.06; DeKalb County; Georgia,483,8,0,0,72,0,0,44,0,0,0,11,0,0,0,0,0,0,0,0,208,140,0,0,0,0,0,0,0,0,0,0,0,0,5182,9.320725589,13089021306
22153,1400000US13089021307,Census Tract 213.07; DeKalb County; Georgia,1155,472,6,0,71,0,0,0,0,0,0,91,0,31,0,0,0,0,199,0,158,52,0,14,0,0,0,0,0,0,0,0,0,61,3813,30.29110936,13089021307
22154,1400000US13089021308,Census Tract 213.08; DeKalb County; Georgia,602,40,0,0,0,0,0,0,0,0,3,0,0,0,0,0,0,18,288,0,50,167,0,0,36,0,0,0,0,0,0,0,0,0,3940,15.27918782,13089021308
22155,1400000US13089021309,Census Tract 213.09; DeKalb County; Georgia,132,12,0,0,13,0,0,0,0,0,0,0,0,0,30,0,0,0,20,0,57,0,0,0,0,0,0,0,0,0,0,0,0,0,1936,6.818181818,13089021309
22156,1400000US13089021310,Census Tract 213.10; DeKalb County; Georgia,1761,30,0,0,17,0,0,0,0,0,0,56,0,0,0,0,0,0,442,0,430,764,0,0,0,0,0,0,0,0,0,0,0,22,5445,32.3415978,13089021310
22157,1400000US13089021405,Census Tract 214.05; DeKalb County; Georgia,252,25,0,20,76,0,0,0,0,0,0,0,0,0,0,0,0,0,0,0,131,0,0,0,0,0,0,0,0,0,0,0,0,0,4992,5.048076923,13089021405
22158,1400000US13089021409,Census Tract 214.09; DeKalb County; Georgia,140,70,0,0,11,0,0,0,0,0,0,0,0,0,0,0,0,0,59,0,0,0,0,0,0,0,0,0,0,0,0,0,0,0,4139,3.382459531,13089021409
22159,1400000US13089021410,Census Tract 214.10; DeKalb County; Georgia,546,353,0,0,18,0,0,0,0,0,0,18,0,0,28,0,0,0,29,0,57,43,0,0,0,0,0,0,0,0,0,0,0,0,5402,10.10736764,13089021410
22160,1400000US13089021411,Census Tract 214.11; DeKalb County; Georgia,173,30,0,20,30,0,0,0,0,0,0,0,0,0,0,0,0,0,25,0,59,0,0,0,0,0,0,0,0,0,0,0,0,9,4124,4.194956353,13089021411
22161,1400000US13089021412,Census Tract 214.12; DeKalb County; Georgia,183,26,0,0,0,0,0,0,0,0,0,16,0,0,0,0,0,0,0,0,126,0,0,0,0,0,0,0,0,0,0,0,0,15,3812,4.800629591,13089021412
22162,1400000US13089021415,Census Tract 214.15; DeKalb County; Georgia,480,141,0,34,44,0,0,0,0,0,0,11,0,0,0,0,0,0,27,0,201,12,0,0,10,0,0,0,0,0,0,0,0,0,4429,10.83766087,13089021415
22163,1400000US13089021416,Census Tract 214.16; DeKalb County; Georgia,75,0,0,0,11,0,0,0,0,0,0,19,0,0,0,0,0,0,0,0,45,0,0,0,0,0,0,0,0,0,0,0,0,0,2181,3.438789546,13089021416
22164,1400000US13089021417,Census Tract 214.17; DeKalb County; Georgia,34,0,0,0,0,0,0,0,0,0,0,0,0,0,0,0,0,0,0,0,34,0,0,0,0,0,0,0,0,0,0,0,0,0,4465,0.761478163,13089021417
22165,1400000US13089021418,Census Tract 214.18; DeKalb County; Georgia,85,0,0,0,0,0,0,0,0,0,0,0,0,0,0,0,0,0,0,0,37,48,0,0,0,0,0,0,0,0,0,0,0,0,2193,3.875968992,13089021418
22166,1400000US13089021419,Census Tract 214.19; DeKalb County; Georgia,92,14,0,0,0,0,0,0,0,0,0,0,0,0,0,0,0,9,0,0,14,55,0,0,0,0,0,0,0,0,0,0,0,0,1988,4.6277666,13089021419
22167,1400000US13089021420,Census Tract 214.20; DeKalb County; Georgia,18,0,0,0,0,0,0,0,0,0,18,0,0,0,0,0,0,0,0,0,0,0,0,0,0,0,0,0,0,0,0,0,0,0,1370,1.313868613,13089021420
22168,1400000US13089021421,Census Tract 214.21; DeKalb County; Georgia,117,0,0,0,0,0,0,0,0,0,0,0,0,0,0,0,0,0,0,0,117,0,0,0,0,0,0,0,0,0,0,0,0,0,1864,6.276824034,13089021421
22169,1400000US13089021502,Census Tract 215.02; DeKalb County; Georgia,222,72,0,0,0,0,0,0,0,0,51,0,0,0,0,0,0,19,0,0,65,0,0,0,0,0,0,0,0,0,0,0,0,15,4484,4.950936664,13089021502
22170,1400000US13089021503,Census Tract 215.03; DeKalb County; Georgia,251,27,0,0,20,0,0,18,0,0,0,15,11,0,0,0,0,0,0,0,110,50,0,0,0,0,0,0,0,0,0,0,0,0,3707,6.770973833,13089021503
22171,1400000US13089021505,Census Tract 215.05; DeKalb County; Georgia,688,365,0,15,157,0,0,0,0,0,0,0,0,0,0,0,0,0,0,0,124,0,0,0,0,0,0,0,0,0,0,0,0,27,2944,23.36956522,13089021505
22172,1400000US13089021506,Census Tract 215.06; DeKalb County; Georgia,573,527,0,0,28,0,0,0,0,0,0,0,0,0,0,0,0,0,0,0,18,0,0,0,0,0,0,0,0,0,0,0,0,0,2774,20.65609229,13089021506
22173,1400000US13089021602,Census Tract 216.02; DeKalb County; Georgia,187,30,0,11,0,0,0,0,0,0,0,0,0,28,0,0,0,0,0,0,46,0,0,0,0,0,0,0,0,0,0,0,72,0,3803,4.917170655,13089021602
22174,1400000US13089021604,Census Tract 216.04; DeKalb County; Georgia,233,22,0,0,12,0,0,0,0,0,0,0,0,0,0,0,0,0,11,0,156,0,0,0,0,0,0,0,0,0,0,0,0,32,3073,7.582167263,13089021604
22175,1400000US13089021606,Census Tract 216.06; DeKalb County; Georgia,296,38,0,10,57,0,0,0,0,0,0,14,0,0,0,0,0,0,0,0,177,0,0,0,0,0,0,0,0,0,0,0,0,0,4248,6.967984934,13089021606
22176,1400000US13089021607,Census Tract 216.07; DeKalb County; Georgia,215,108,0,0,21,0,0,0,0,0,0,0,8,0,0,0,0,0,0,0,78,0,0,0,0,0,0,0,0,0,0,0,0,0,1667,12.89742052,13089021607
22177,1400000US13089021608,Census Tract 216.08; DeKalb County; Georgia,102,66,0,0,23,0,0,0,0,0,0,0,0,0,0,0,0,0,0,0,13,0,0,0,0,0,0,0,0,0,0,0,0,0,3360,3.035714286,13089021608
22178,1400000US13089021609,Census Tract 216.09; DeKalb County; Georgia,121,55,0,0,0,0,0,3,0,0,0,2,0,0,0,0,0,12,0,0,49,0,0,0,0,0,0,0,0,0,0,0,0,0,1738,6.962025316,13089021609
22179,1400000US13089021703,Census Tract 217.03; DeKalb County; Georgia,313,116,0,0,35,0,0,9,0,0,0,1,0,0,0,0,0,0,0,0,152,0,0,0,0,0,0,0,0,0,0,0,0,0,4346,7.20202485,13089021703
22180,1400000US13089021707,Census Tract 217.07; DeKalb County; Georgia,304,64,0,14,38,0,0,25,0,0,0,0,0,0,0,0,0,0,47,0,98,7,0,0,0,0,0,0,0,0,0,0,9,2,2748,11.06259098,13089021707
22181,1400000US13089021708,Census Tract 217.08; DeKalb County; Georgia,174,40,0,0,0,0,0,0,0,0,0,80,0,0,0,0,0,0,36,0,18,0,0,0,0,0,0,0,0,0,0,0,0,0,3903,4.458109147,13089021708
22182,1400000US13089021709,Census Tract 217.09; DeKalb County; Georgia,136,52,0,11,32,0,0,0,0,0,0,26,0,0,0,0,0,0,0,0,15,0,0,0,0,0,0,0,0,0,0,0,0,0,3006,4.524284764,13089021709
22183,1400000US13089021710,Census Tract 217.10; DeKalb County; Georgia,298,138,0,0,12,0,0,27,0,0,0,11,0,0,0,0,0,0,38,0,72,0,0,0,0,0,0,0,0,0,0,0,0,0,2398,12.42702252,13089021710
22184,1400000US13089021711,Census Tract 217.11; DeKalb County; Georgia,346,143,0,0,0,0,0,0,0,0,17,0,0,0,0,0,0,0,122,0,64,0,0,0,0,0,0,0,0,0,0,0,0,0,2669,12.9636568,13089021711
22185,1400000US13089021712,Census Tract 217.12; DeKalb County; Georgia,107,0,0,0,39,0,0,0,0,0,0,22,0,15,0,0,0,0,0,0,31,0,0,0,0,0,0,0,0,0,0,0,0,0,2272,4.709507042,13089021712
22186,1400000US13089021808,Census Tract 218.08; DeKalb County; Georgia,211,111,0,10,40,0,0,0,0,0,0,0,0,0,0,0,0,0,0,0,38,0,0,0,0,0,0,0,0,0,0,0,0,12,4875,4.328205128,13089021808
22187,1400000US13089021812,Census Tract 218.12; DeKalb County; Georgia,466,28,0,0,38,0,0,0,0,0,0,7,0,0,0,0,0,6,34,0,10,337,0,0,0,0,0,0,0,0,0,0,6,0,2973,15.67440296,13089021812
22188,1400000US13089021813,Census Tract 218.13; DeKalb County; Georgia,74,0,0,0,0,0,0,0,0,0,0,0,0,0,0,0,0,0,0,0,74,0,0,0,0,0,0,0,0,0,0,0,0,0,2202,3.36058129,13089021813
22189,1400000US13089021815,Census Tract 218.15; DeKalb County; Georgia,223,223,0,0,0,0,0,0,0,0,0,0,0,0,0,0,0,0,0,0,0,0,0,0,0,0,0,0,0,0,0,0,0,0,4429,5.034996613,13089021815
22190,1400000US13089021816,Census Tract 218.16; DeKalb County; Georgia,96,0,0,29,0,0,0,0,0,28,0,0,0,0,0,0,0,0,0,0,39,0,0,0,0,0,0,0,0,0,0,0,0,0,2376,4.04040404,13089021816
22191,1400000US13089021817,Census Tract 218.17; DeKalb County; Georgia,559,0,0,0,0,0,0,0,0,547,0,0,0,0,0,0,0,0,0,0,12,0,0,0,0,0,0,0,0,0,0,0,0,0,2643,21.1502081,13089021817
22192,1400000US13089021818,Census Tract 218.18; DeKalb County; Georgia,421,86,0,0,22,0,0,0,0,0,0,0,0,65,0,0,0,0,0,0,248,0,0,0,0,0,0,0,0,0,0,0,0,0,5167,8.147861428,13089021818
22193,1400000US13089021819,Census Tract 218.19; DeKalb County; Georgia,387,86,0,0,62,0,0,0,0,18,0,35,0,0,0,0,0,1,18,0,157,10,0,0,0,0,0,0,0,0,0,0,0,0,3181,12.16598554,13089021819
22194,1400000US13089021820,Census Tract 218.20; DeKalb County; Georgia,260,41,0,0,0,0,0,62,0,0,0,0,0,0,0,0,0,0,0,0,126,0,0,0,0,0,0,0,0,0,0,0,0,31,2114,12.29895932,13089021820
22195,1400000US13089021821,Census Tract 218.21; DeKalb County; Georgia,98,48,0,0,0,0,0,17,0,0,0,0,0,0,0,0,0,0,0,0,33,0,0,0,0,0,0,0,0,0,0,0,0,0,2961,3.309692671,13089021821
22196,1400000US13089021822,Census Tract 218.22; DeKalb County; Georgia,387,6,0,0,50,0,0,0,0,0,0,0,0,0,0,0,0,0,0,0,190,0,0,0,141,0,0,0,0,0,0,0,0,0,4005,9.662921348,13089021822
22197,1400000US13089021823,Census Tract 218.23; DeKalb County; Georgia,249,24,0,0,18,0,0,0,0,118,0,21,0,0,0,0,0,0,30,0,38,0,0,0,0,0,0,0,0,0,0,0,0,0,3829,6.503003395,13089021823
22198,1400000US13089021824,Census Tract 218.24; DeKalb County; Georgia,0,0,0,0,0,0,0,0,0,0,0,0,0,0,0,0,0,0,0,0,0,0,0,0,0,0,0,0,0,0,0,0,0,0,2868,0,13089021824
22199,1400000US13089021906,Census Tract 219.06; DeKalb County; Georgia,158,93,0,0,0,0,0,0,0,22,0,0,0,0,0,0,0,0,0,0,43,0,0,0,0,0,0,0,0,0,0,0,0,0,5868,2.69256987,13089021906
22200,1400000US13089021908,Census Tract 219.08; DeKalb County; Georgia,398,0,0,0,78,0,0,0,0,0,0,0,0,0,0,0,0,0,92,0,0,0,59,0,0,0,0,0,0,0,169,0,0,0,5492,7.246904588,13089021908
22201,1400000US13089021910,Census Tract 219.10; DeKalb County; Georgia,220,0,0,0,0,0,0,0,0,0,0,0,0,0,0,0,0,0,156,0,64,0,0,0,0,0,0,0,0,0,0,0,0,0,7857,2.80005091,13089021910
22202,1400000US13089021911,Census Tract 219.11; DeKalb County; Georgia,31,0,0,0,31,0,0,0,0,0,0,0,0,0,0,0,0,0,0,0,0,0,0,0,0,0,0,0,0,0,0,0,0,0,2949,1.051203798,13089021911
22203,1400000US13089021912,Census Tract 219.12; DeKalb County; Georgia,43,0,0,0,0,0,0,26,0,0,7,0,0,0,0,0,0,0,0,0,0,0,0,0,10,0,0,0,0,0,0,0,0,0,3485,1.233859397,13089021912
22204,1400000US13089021913,Census Tract 219.13; DeKalb County; Georgia,0,0,0,0,0,0,0,0,0,0,0,0,0,0,0,0,0,0,0,0,0,0,0,0,0,0,0,0,0,0,0,0,0,0,4189,0,13089021913
22205,1400000US13089021914,Census Tract 219.14; DeKalb County; Georgia,11,0,0,0,11,0,0,0,0,0,0,0,0,0,0,0,0,0,0,0,0,0,0,0,0,0,0,0,0,0,0,0,0,0,3694,0.297780184,13089021914
22206,1400000US13089021915,Census Tract 219.15; DeKalb County; Georgia,0,0,0,0,0,0,0,0,0,0,0,0,0,0,0,0,0,0,0,0,0,0,0,0,0,0,0,0,0,0,0,0,0,0,4577,0,13089021915
22207,1400000US13089021916,Census Tract 219.16; DeKalb County; Georgia,79,0,0,0,0,0,0,0,0,74,0,0,0,0,0,0,0,0,0,0,0,0,0,0,0,0,0,0,0,0,0,0,0,5,3003,2.630702631,13089021916
22208,1400000US13089021917,Census Tract 219.17; DeKalb County; Georgia,0,0,0,0,0,0,0,0,0,0,0,0,0,0,0,0,0,0,0,0,0,0,0,0,0,0,0,0,0,0,0,0,0,0,2979,0,13089021917
22209,1400000US13089022001,Census Tract 220.01; DeKalb County; Georgia,100,0,0,0,0,0,0,0,0,0,0,37,0,0,0,0,0,0,63,0,0,0,0,0,0,0,0,0,0,0,0,0,0,0,4743,2.10837023,13089022001
22210,1400000US13089022005,Census Tract 220.05; DeKalb County; Georgia,308,0,0,0,0,0,0,0,0,86,0,0,0,0,0,0,0,9,26,0,27,0,0,0,71,0,0,0,0,0,89,0,0,0,4804,6.411323897,13089022005
22211,1400000US13089022007,Census Tract 220.07; DeKalb County; Georgia,769,0,0,0,0,0,0,0,0,199,0,0,0,0,0,0,0,0,0,0,0,0,120,128,0,0,0,0,0,0,168,0,149,5,4934,15.58573166,13089022007
22212,1400000US13089022010,Census Tract 220.10; DeKalb County; Georgia,700,12,0,0,0,0,0,0,0,104,0,0,0,0,0,0,0,4,115,0,8,0,96,234,60,0,0,0,0,0,35,0,23,9,2284,30.64798599,13089022010
22213,1400000US13089022011,Census Tract 220.11; DeKalb County; Georgia,1101,0,0,0,0,0,0,0,0,750,0,0,0,0,0,0,0,0,164,0,0,0,0,187,0,0,0,0,0,0,0,0,0,0,6572,16.75289105,13089022011
22214,1400000US13089022012,Census Tract 220.12; DeKalb County; Georgia,2017,0,0,0,247,0,0,0,0,757,0,0,0,0,0,0,0,192,0,0,0,0,104,717,0,0,0,0,0,0,0,0,0,0,3502,57.59565962,13089022012
22215,1400000US13089022013,Census Tract 220.13; DeKalb County; Georgia,94,0,0,0,1,0,0,0,0,0,8,0,0,0,0,0,0,0,46,0,39,0,0,0,0,0,0,0,0,0,0,0,0,0,3209,2.929261452,13089022013
22216,1400000US13089022014,Census Tract 220.14; DeKalb County; Georgia,467,0,0,0,0,0,0,0,0,0,0,0,0,0,0,0,0,0,0,0,0,0,0,467,0,0,0,0,0,0,0,0,0,0,2835,16.47266314,13089022014
22217,1400000US13089022015,Census Tract 220.15; DeKalb County; Georgia,671,0,0,0,0,0,0,0,0,128,46,9,0,0,0,0,0,0,260,0,48,0,0,71,0,0,0,0,0,0,0,0,109,0,2368,28.33614865,13089022015
22218,1400000US13089022016,Census Tract 220.16; DeKalb County; Georgia,1071,0,0,0,0,0,0,0,0,279,0,0,0,0,0,0,0,0,360,0,41,0,177,111,0,0,0,0,0,0,34,0,69,0,3839,27.89789008,13089022016
22219,1400000US13089022100,Census Tract 221; DeKalb County; Georgia,418,0,0,0,48,0,0,0,0,0,30,0,0,0,0,0,0,0,6,0,334,0,0,0,0,0,0,0,0,0,0,0,0,0,3565,11.72510519,13089022100
22220,1400000US13089022203,Census Tract 222.03; DeKalb County; Georgia,642,51,0,0,27,0,0,0,0,0,0,82,0,0,0,0,0,0,0,0,482,0,0,0,0,0,0,0,0,0,0,0,0,0,2370,27.08860759,13089022203
22221,1400000US13089022205,Census Tract 222.05; DeKalb County; Georgia,1185,64,0,0,0,0,0,0,0,0,0,0,0,0,0,0,0,0,0,0,408,119,0,0,550,0,0,0,0,0,0,0,0,44,4908,24.14425428,13089022205
22222,1400000US13089022206,Census Tract 222.06; DeKalb County; Georgia,721,43,0,0,0,0,0,0,0,0,0,0,0,0,0,0,0,0,15,0,295,0,0,0,368,0,0,0,0,0,0,0,0,0,2945,24.48217317,13089022206
22223,1400000US13089022302,Census Tract 223.02; DeKalb County; Georgia,364,82,0,0,41,0,0,0,0,0,0,0,0,0,0,0,0,0,0,0,53,0,0,65,0,0,0,0,0,0,123,0,0,0,3728,9.763948498,13089022302
22224,1400000US13089022303,Census Tract 223.03; DeKalb County; Georgia,187,95,0,0,12,0,0,0,0,0,0,0,0,0,0,0,0,0,0,0,34,35,0,0,11,0,0,0,0,0,0,0,0,0,3653,5.119080208,13089022303
22225,1400000US13089022304,Census Tract 223.04; DeKalb County; Georgia,611,305,0,0,0,0,0,0,0,0,0,85,16,0,0,0,0,0,53,0,119,33,0,0,0,0,0,0,0,0,0,0,0,0,3013,20.2787919,13089022304
22226,1400000US13089022401,Census Tract 224.01; DeKalb County; Georgia,376,141,0,0,37,0,0,13,0,0,0,95,0,0,0,0,0,0,25,0,65,0,0,0,0,0,0,0,0,0,0,0,0,0,4002,9.395302349,13089022401
22227,1400000US13089022403,Census Tract 224.03; DeKalb County; Georgia,179,52,0,0,8,0,0,0,0,0,0,33,0,0,0,0,0,0,0,0,62,0,0,0,24,0,0,0,0,0,0,0,0,0,4107,4.358412467,13089022403
22228,1400000US13089022404,Census Tract 224.04; DeKalb County; Georgia,246,69,0,38,36,0,0,0,0,0,0,0,0,0,0,0,0,0,14,0,57,28,0,0,0,0,2,2,0,0,0,0,0,0,3293,7.47039174,13089022404
22229,1400000US13089022405,Census Tract 224.05; DeKalb County; Georgia,475,177,0,93,18,0,0,59,0,0,0,0,0,9,0,0,0,9,26,0,61,0,0,0,11,0,0,0,0,0,0,0,12,0,2550,18.62745098,13089022405
22230,1400000US13089022501,Census Tract 225.01; DeKalb County; Georgia,153,60,0,0,12,0,0,0,0,0,0,0,0,0,0,0,0,0,16,0,65,0,0,0,0,0,0,0,0,0,0,0,0,0,4451,3.437429791,13089022501
22231,1400000US13089022502,Census Tract 225.02; DeKalb County; Georgia,147,0,0,28,37,0,0,0,0,0,0,0,0,0,0,0,0,0,0,0,20,0,0,0,0,0,0,0,0,0,0,0,0,62,2644,5.559757943,13089022502
22232,1400000US13089022601,Census Tract 226.01; DeKalb County; Georgia,181,16,0,14,67,0,0,30,0,0,0,9,0,0,0,0,0,0,26,0,3,0,0,16,0,0,0,0,0,0,0,0,0,0,4284,4.225023343,13089022601
22233,1400000US13089022602,Census Tract 226.02; DeKalb County; Georgia,236,163,0,0,16,0,0,15,0,0,0,0,0,0,0,0,0,0,12,0,26,0,0,0,0,0,0,0,0,0,0,0,0,4,2513,9.391165937,13089022602
22234,1400000US13089022700,Census Tract 227; DeKalb County; Georgia,160,57,0,12,37,0,0,19,0,0,0,7,0,0,0,0,0,0,0,0,28,0,0,0,0,0,0,0,0,0,0,0,0,0,5414,2.955301071,13089022700
22235,1400000US13089022800,Census Tract 228; DeKalb County; Georgia,129,35,0,0,46,0,0,0,0,0,0,8,0,0,40,0,0,0,0,0,0,0,0,0,0,0,0,0,0,0,0,0,0,0,4178,3.087601723,13089022800
22236,1400000US13089022900,Census Tract 229; DeKalb County; Georgia,179,30,0,0,30,0,0,0,0,0,0,0,0,0,0,0,0,0,0,0,14,38,0,0,43,0,0,0,0,0,0,0,0,24,4198,4.263935207,13089022900
22237,1400000US13089023000,Census Tract 230; DeKalb County; Georgia,46,0,0,0,0,0,0,0,0,0,0,0,15,0,0,0,0,0,2,0,10,0,0,0,19,0,0,0,0,0,0,0,0,0,2403,1.914273824,13089023000
22238,1400000US13089023101,Census Tract 231.01; DeKalb County; Georgia,36,0,0,0,0,0,0,0,0,0,0,0,0,0,0,0,0,0,0,0,11,0,0,0,0,0,25,0,0,0,0,0,0,0,4033,0.892635755,13089023101
22239,1400000US13089023102,Census Tract 231.02; DeKalb County; Georgia,15,12,0,0,0,0,0,0,0,0,0,0,0,0,0,0,0,0,0,0,3,0,0,0,0,0,0,0,0,0,0,0,0,0,3131,0.479080166,13089023102
22240,1400000US13089023107,Census Tract 231.07; DeKalb County; Georgia,48,0,0,0,0,0,0,0,0,0,0,13,0,0,0,0,0,0,0,0,35,0,0,0,0,0,0,0,0,0,0,0,0,0,4289,1.119141991,13089023107
22241,1400000US13089023108,Census Tract 231.08; DeKalb County; Georgia,92,0,0,0,0,0,0,0,0,33,0,0,0,57,0,0,0,0,0,0,0,0,0,0,0,0,0,0,0,0,0,0,2,0,4065,2.263222632,13089023108
22242,1400000US13089023111,Census Tract 231.11; DeKalb County; Georgia,49,0,0,0,0,0,0,0,0,38,0,0,0,0,0,0,0,0,11,0,0,0,0,0,0,0,0,0,0,0,0,0,0,0,2263,2.165267344,13089023111
22243,1400000US13089023112,Census Tract 231.12; DeKalb County; Georgia,13,0,0,0,0,0,0,0,0,0,0,0,0,0,0,0,0,0,0,0,13,0,0,0,0,0,0,0,0,0,0,0,0,0,3978,0.326797386,13089023112
22244,1400000US13089023113,Census Tract 231.13; DeKalb County; Georgia,539,100,0,0,54,0,0,0,0,171,0,14,0,0,0,0,0,0,0,0,100,0,0,100,0,0,0,0,0,0,0,0,0,0,3232,16.6769802,13089023113
22245,1400000US13089023114,Census Tract 231.14; DeKalb County; Georgia,105,15,0,0,8,0,0,0,0,82,0,0,0,0,0,0,0,0,0,0,0,0,0,0,0,0,0,0,0,0,0,0,0,0,3855,2.723735409,13089023114
22246,1400000US13089023115,Census Tract 231.15; DeKalb County; Georgia,0,0,0,0,0,0,0,0,0,0,0,0,0,0,0,0,0,0,0,0,0,0,0,0,0,0,0,0,0,0,0,0,0,0,1803,0,13089023115
22247,1400000US13089023209,Census Tract 232.09; DeKalb County; Georgia,81,0,0,0,0,0,0,0,0,0,0,0,0,0,0,0,0,0,0,0,81,0,0,0,0,0,0,0,0,0,0,0,0,0,5608,1.444365193,13089023209
22248,1400000US13089023211,Census Tract 232.11; DeKalb County; Georgia,32,0,0,0,0,0,0,0,0,0,0,0,0,0,0,0,0,0,0,0,32,0,0,0,0,0,0,0,0,0,0,0,0,0,3850,0.831168831,13089023211
22249,1400000US13089023212,Census Tract 232.12; DeKalb County; Georgia,4,0,0,0,0,0,0,0,0,0,0,0,0,0,0,0,0,0,0,0,4,0,0,0,0,0,0,0,0,0,0,0,0,0,3358,0.119118523,13089023212
22250,1400000US13089023213,Census Tract 232.13; DeKalb County; Georgia,0,0,0,0,0,0,0,0,0,0,0,0,0,0,0,0,0,0,0,0,0,0,0,0,0,0,0,0,0,0,0,0,0,0,7620,0,13089023213
22251,1400000US13089023214,Census Tract 232.14; DeKalb County; Georgia,23,23,0,0,0,0,0,0,0,0,0,0,0,0,0,0,0,0,0,0,0,0,0,0,0,0,0,0,0,0,0,0,0,0,5797,0.396756943,13089023214
22252,1400000US13089023215,Census Tract 232.15; DeKalb County; Georgia,444,34,0,8,0,0,0,0,0,240,0,0,0,0,0,0,0,0,0,0,0,0,0,162,0,0,0,0,0,0,0,0,0,0,4233,10.48901488,13089023215
22253,1400000US13089023216,Census Tract 232.16; DeKalb County; Georgia,11,0,0,0,0,0,0,0,0,0,0,0,0,0,0,0,0,0,11,0,0,0,0,0,0,0,0,0,0,0,0,0,0,0,4337,0.253631543,13089023216
22254,1400000US13089023217,Census Tract 232.17; DeKalb County; Georgia,24,0,0,0,0,0,0,0,0,0,0,0,0,0,0,0,0,0,0,0,24,0,0,0,0,0,0,0,0,0,0,0,0,0,4231,0.567241787,13089023217
22255,1400000US13089023218,Census Tract 232.18; DeKalb County; Georgia,48,48,0,0,0,0,0,0,0,0,0,0,0,0,0,0,0,0,0,0,0,0,0,0,0,0,0,0,0,0,0,0,0,0,2906,1.65175499,13089023218
22256,1400000US13089023219,Census Tract 232.19; DeKalb County; Georgia,770,20,0,0,0,0,0,0,0,54,0,0,0,0,0,0,0,0,0,0,0,0,557,0,52,0,0,0,0,0,0,0,87,0,4398,17.50795816,13089023219
22257,1400000US13089023220,Census Tract 232.20; DeKalb County; Georgia,264,0,0,0,0,0,0,0,0,228,0,0,0,0,0,0,0,0,32,0,4,0,0,0,0,0,0,0,0,0,0,0,0,0,2967,8.897876643,13089023220
22258,1400000US13089023221,Census Tract 232.21; DeKalb County; Georgia,40,0,0,0,0,0,0,0,0,0,0,30,0,0,0,0,0,10,0,0,0,0,0,0,0,0,0,0,0,0,0,0,0,0,3568,1.121076233,13089023221
22259,1400000US13089023222,Census Tract 232.22; DeKalb County; Georgia,0,0,0,0,0,0,0,0,0,0,0,0,0,0,0,0,0,0,0,0,0,0,0,0,0,0,0,0,0,0,0,0,0,0,4192,0,13089023222
22260,1400000US13089023311,Census Tract 233.11; DeKalb County; Georgia,0,0,0,0,0,0,0,0,0,0,0,0,0,0,0,0,0,0,0,0,0,0,0,0,0,0,0,0,0,0,0,0,0,0,5205,0,13089023311
22261,1400000US13089023313,Census Tract 233.13; DeKalb County; Georgia,0,0,0,0,0,0,0,0,0,0,0,0,0,0,0,0,0,0,0,0,0,0,0,0,0,0,0,0,0,0,0,0,0,0,5589,0,13089023313
22262,1400000US13089023315,Census Tract 233.15; DeKalb County; Georgia,155,0,0,13,0,0,0,0,0,0,0,0,0,0,0,0,0,0,0,0,0,0,0,0,142,0,0,0,0,0,0,0,0,0,7509,2.064189639,13089023315
22263,1400000US13089023317,Census Tract 233.17; DeKalb County; Georgia,0,0,0,0,0,0,0,0,0,0,0,0,0,0,0,0,0,0,0,0,0,0,0,0,0,0,0,0,0,0,0,0,0,0,3410,0,13089023317
22264,1400000US13089023318,Census Tract 233.18; DeKalb County; Georgia,155,0,0,0,0,0,0,0,0,0,0,155,0,0,0,0,0,0,0,0,0,0,0,0,0,0,0,0,0,0,0,0,0,0,3904,3.970286885,13089023318
22265,1400000US13089023319,Census Tract 233.19; DeKalb County; Georgia,0,0,0,0,0,0,0,0,0,0,0,0,0,0,0,0,0,0,0,0,0,0,0,0,0,0,0,0,0,0,0,0,0,0,2928,0,13089023319
22266,1400000US13089023320,Census Tract 233.20; DeKalb County; Georgia,0,0,0,0,0,0,0,0,0,0,0,0,0,0,0,0,0,0,0,0,0,0,0,0,0,0,0,0,0,0,0,0,0,0,3960,0,13089023320
22267,1400000US13089023321,Census Tract 233.21; DeKalb County; Georgia,22,0,0,0,0,0,0,0,0,0,0,0,0,0,0,0,0,0,0,0,0,0,0,0,0,0,0,0,0,0,0,0,22,0,4466,0.492610837,13089023321
22268,1400000US13089023322,Census Tract 233.22; DeKalb County; Georgia,183,0,0,0,0,0,0,0,0,0,0,5,0,0,0,0,0,0,135,0,0,0,0,0,0,0,0,0,0,0,0,0,43,0,3157,5.796642382,13089023322
22269,1400000US13089023323,Census Tract 233.23; DeKalb County; Georgia,267,0,0,0,0,0,0,0,0,0,250,17,0,0,0,0,0,0,0,0,0,0,0,0,0,0,0,0,0,0,0,0,0,0,3940,6.776649746,13089023323
22270,1400000US13089023324,Census Tract 233.24; DeKalb County; Georgia,37,21,0,0,16,0,0,0,0,0,0,0,0,0,0,0,0,0,0,0,0,0,0,0,0,0,0,0,0,0,0,0,0,0,3587,1.031502648,13089023324
22271,1400000US13089023325,Census Tract 233.25; DeKalb County; Georgia,0,0,0,0,0,0,0,0,0,0,0,0,0,0,0,0,0,0,0,0,0,0,0,0,0,0,0,0,0,0,0,0,0,0,4923,0,13089023325
22272,1400000US13089023326,Census Tract 233.26; DeKalb County; Georgia,1,0,0,0,1,0,0,0,0,0,0,0,0,0,0,0,0,0,0,0,0,0,0,0,0,0,0,0,0,0,0,0,0,0,4206,0.023775559,13089023326
22273,1400000US13089023327,Census Tract 233.27; DeKalb County; Georgia,0,0,0,0,0,0,0,0,0,0,0,0,0,0,0,0,0,0,0,0,0,0,0,0,0,0,0,0,0,0,0,0,0,0,7251,0,13089023327
22274,1400000US13089023328,Census Tract 233.28; DeKalb County; Georgia,0,0,0,0,0,0,0,0,0,0,0,0,0,0,0,0,0,0,0,0,0,0,0,0,0,0,0,0,0,0,0,0,0,0,4689,0,13089023328
22275,1400000US13089023329,Census Tract 233.29; DeKalb County; Georgia,29,0,0,0,0,0,0,0,0,0,0,0,0,0,0,0,0,0,0,0,29,0,0,0,0,0,0,0,0,0,0,0,0,0,3669,0.790406105,13089023329
22276,1400000US13089023330,Census Tract 233.30; DeKalb County; Georgia,0,0,0,0,0,0,0,0,0,0,0,0,0,0,0,0,0,0,0,0,0,0,0,0,0,0,0,0,0,0,0,0,0,0,4252,0,13089023330
22277,1400000US13089023331,Census Tract 233.31; DeKalb County; Georgia,0,0,0,0,0,0,0,0,0,0,0,0,0,0,0,0,0,0,0,0,0,0,0,0,0,0,0,0,0,0,0,0,0,0,3256,0,13089023331
22278,1400000US13089023332,Census Tract 233.32; DeKalb County; Georgia,44,0,0,0,37,0,0,0,0,0,0,0,0,0,0,0,0,0,0,0,0,0,0,0,0,0,0,0,0,0,0,0,0,7,2671,1.6473231,13089023332
22279,1400000US13089023410,Census Tract 234.10; DeKalb County; Georgia,0,0,0,0,0,0,0,0,0,0,0,0,0,0,0,0,0,0,0,0,0,0,0,0,0,0,0,0,0,0,0,0,0,0,3453,0,13089023410
22280,1400000US13089023411,Census Tract 234.11; DeKalb County; Georgia,32,0,0,0,7,0,0,0,0,0,0,0,0,0,0,0,0,0,0,0,25,0,0,0,0,0,0,0,0,0,0,0,0,0,3341,0.957797067,13089023411
22281,1400000US13089023413,Census Tract 234.13; DeKalb County; Georgia,0,0,0,0,0,0,0,0,0,0,0,0,0,0,0,0,0,0,0,0,0,0,0,0,0,0,0,0,0,0,0,0,0,0,3852,0,13089023413
22282,1400000US13089023422,Census Tract 234.22; DeKalb County; Georgia,0,0,0,0,0,0,0,0,0,0,0,0,0,0,0,0,0,0,0,0,0,0,0,0,0,0,0,0,0,0,0,0,0,0,6199,0,13089023422
22283,1400000US13089023424,Census Tract 234.24; DeKalb County; Georgia,0,0,0,0,0,0,0,0,0,0,0,0,0,0,0,0,0,0,0,0,0,0,0,0,0,0,0,0,0,0,0,0,0,0,5436,0,13089023424
22284,1400000US13089023425,Census Tract 234.25; DeKalb County; Georgia,0,0,0,0,0,0,0,0,0,0,0,0,0,0,0,0,0,0,0,0,0,0,0,0,0,0,0,0,0,0,0,0,0,0,6246,0,13089023425
22285,1400000US13089023426,Census Tract 234.26; DeKalb County; Georgia,6,0,0,6,0,0,0,0,0,0,0,0,0,0,0,0,0,0,0,0,0,0,0,0,0,0,0,0,0,0,0,0,0,0,4184,0.143403442,13089023426
22286,1400000US13089023427,Census Tract 234.27; DeKalb County; Georgia,11,0,0,0,0,0,0,0,0,0,0,0,0,0,0,0,0,0,0,0,11,0,0,0,0,0,0,0,0,0,0,0,0,0,2994,0.36740147,13089023427
22287,1400000US13089023429,Census Tract 234.29; DeKalb County; Georgia,38,0,0,0,0,0,0,0,0,0,0,38,0,0,0,0,0,0,0,0,0,0,0,0,0,0,0,0,0,0,0,0,0,0,4028,0.943396226,13089023429
22288,1400000US13089023430,Census Tract 234.30; DeKalb County; Georgia,0,0,0,0,0,0,0,0,0,0,0,0,0,0,0,0,0,0,0,0,0,0,0,0,0,0,0,0,0,0,0,0,0,0,4437,0,13089023430
22289,1400000US13089023431,Census Tract 234.31; DeKalb County; Georgia,0,0,0,0,0,0,0,0,0,0,0,0,0,0,0,0,0,0,0,0,0,0,0,0,0,0,0,0,0,0,0,0,0,0,1823,0,13089023431
22290,1400000US13089023432,Census Tract 234.32; DeKalb County; Georgia,0,0,0,0,0,0,0,0,0,0,0,0,0,0,0,0,0,0,0,0,0,0,0,0,0,0,0,0,0,0,0,0,0,0,3656,0,13089023432
22291,1400000US13089023433,Census Tract 234.33; DeKalb County; Georgia,0,0,0,0,0,0,0,0,0,0,0,0,0,0,0,0,0,0,0,0,0,0,0,0,0,0,0,0,0,0,0,0,0,0,5275,0,13089023433
22292,1400000US13089023434,Census Tract 234.34; DeKalb County; Georgia,145,0,0,0,0,0,0,0,0,0,0,0,0,0,0,0,0,0,0,0,145,0,0,0,0,0,0,0,0,0,0,0,0,0,4588,3.160418483,13089023434
22293,1400000US13089023435,Census Tract 234.35; DeKalb County; Georgia,0,0,0,0,0,0,0,0,0,0,0,0,0,0,0,0,0,0,0,0,0,0,0,0,0,0,0,0,0,0,0,0,0,0,3040,0,13089023435
22294,1400000US13089023436,Census Tract 234.36; DeKalb County; Georgia,0,0,0,0,0,0,0,0,0,0,0,0,0,0,0,0,0,0,0,0,0,0,0,0,0,0,0,0,0,0,0,0,0,0,3319,0,13089023436
22295,1400000US13089023437,Census Tract 234.37; DeKalb County; Georgia,112,0,0,0,0,0,0,37,0,0,0,0,0,0,0,0,0,0,75,0,0,0,0,0,0,0,0,0,0,0,0,0,0,0,7085,1.580804517,13089023437
22296,1400000US13089023438,Census Tract 234.38; DeKalb County; Georgia,0,0,0,0,0,0,0,0,0,0,0,0,0,0,0,0,0,0,0,0,0,0,0,0,0,0,0,0,0,0,0,0,0,0,3769,0,13089023438
22297,1400000US13089023439,Census Tract 234.39; DeKalb County; Georgia,7,0,0,0,0,0,0,0,0,0,0,0,0,0,0,0,0,0,0,0,0,0,0,0,0,0,0,0,0,0,0,0,7,0,2812,0.248933144,13089023439
22298,1400000US13089023440,Census Tract 234.40; DeKalb County; Georgia,0,0,0,0,0,0,0,0,0,0,0,0,0,0,0,0,0,0,0,0,0,0,0,0,0,0,0,0,0,0,0,0,0,0,3821,0,13089023440
22299,1400000US13089023441,Census Tract 234.41; DeKalb County; Georgia,2,0,0,0,0,0,0,0,0,0,0,0,0,0,0,0,0,0,0,0,2,0,0,0,0,0,0,0,0,0,0,0,0,0,3177,0.062952471,13089023441
22300,1400000US13089023442,Census Tract 234.42; DeKalb County; Georgia,0,0,0,0,0,0,0,0,0,0,0,0,0,0,0,0,0,0,0,0,0,0,0,0,0,0,0,0,0,0,0,0,0,0,2928,0,13089023442
22301,1400000US13089023443,Census Tract 234.43; DeKalb County; Georgia,0,0,0,0,0,0,0,0,0,0,0,0,0,0,0,0,0,0,0,0,0,0,0,0,0,0,0,0,0,0,0,0,0,0,6296,0,13089023443
22302,1400000US13089023444,Census Tract 234.44; DeKalb County; Georgia,0,0,0,0,0,0,0,0,0,0,0,0,0,0,0,0,0,0,0,0,0,0,0,0,0,0,0,0,0,0,0,0,0,0,2072,0,13089023444
22303,1400000US13089023445,Census Tract 234.45; DeKalb County; Georgia,0,0,0,0,0,0,0,0,0,0,0,0,0,0,0,0,0,0,0,0,0,0,0,0,0,0,0,0,0,0,0,0,0,0,3548,0,13089023445
22304,1400000US13089023446,Census Tract 234.46; DeKalb County; Georgia,0,0,0,0,0,0,0,0,0,0,0,0,0,0,0,0,0,0,0,0,0,0,0,0,0,0,0,0,0,0,0,0,0,0,2088,0,13089023446
22305,1400000US13089023447,Census Tract 234.47; DeKalb County; Georgia,3,0,0,0,1,0,0,0,0,0,0,2,0,0,0,0,0,0,0,0,0,0,0,0,0,0,0,0,0,0,0,0,0,0,2804,0.106990014,13089023447
22306,1400000US13089023448,Census Tract 234.48; DeKalb County; Georgia,0,0,0,0,0,0,0,0,0,0,0,0,0,0,0,0,0,0,0,0,0,0,0,0,0,0,0,0,0,0,0,0,0,0,3276,0,13089023448
22307,1400000US13089023501,Census Tract 235.01; DeKalb County; Georgia,8,0,0,0,0,0,0,0,0,0,0,0,0,0,0,0,0,0,0,0,8,0,0,0,0,0,0,0,0,0,0,0,0,0,3582,0.223338917,13089023501
22308,1400000US13089023504,Census Tract 235.04; DeKalb County; Georgia,1,0,0,0,0,0,0,0,0,0,0,1,0,0,0,0,0,0,0,0,0,0,0,0,0,0,0,0,0,0,0,0,0,0,2882,0.034698126,13089023504
22309,1400000US13089023505,Census Tract 235.05; DeKalb County; Georgia,28,0,0,0,0,0,0,0,0,0,0,0,0,0,0,0,0,10,0,0,18,0,0,0,0,0,0,0,0,0,0,0,0,0,2991,0.936141759,13089023505
22310,1400000US13089023506,Census Tract 235.06; DeKalb County; Georgia,0,0,0,0,0,0,0,0,0,0,0,0,0,0,0,0,0,0,0,0,0,0,0,0,0,0,0,0,0,0,0,0,0,0,6126,0,13089023506
22311,1400000US13089023507,Census Tract 235.07; DeKalb County; Georgia,0,0,0,0,0,0,0,0,0,0,0,0,0,0,0,0,0,0,0,0,0,0,0,0,0,0,0,0,0,0,0,0,0,0,3502,0,13089023507
22312,1400000US13089023601,Census Tract 236.01; DeKalb County; Georgia,40,26,0,0,0,0,0,0,0,0,0,0,0,0,0,0,0,0,0,0,0,14,0,0,0,0,0,0,0,0,0,0,0,0,2770,1.444043321,13089023601
22313,1400000US13089023602,Census Tract 236.02; DeKalb County; Georgia,7,7,0,0,0,0,0,0,0,0,0,0,0,0,0,0,0,0,0,0,0,0,0,0,0,0,0,0,0,0,0,0,0,0,2234,0.313339302,13089023602
22314,1400000US13089023603,Census Tract 236.03; DeKalb County; Georgia,0,0,0,0,0,0,0,0,0,0,0,0,0,0,0,0,0,0,0,0,0,0,0,0,0,0,0,0,0,0,0,0,0,0,4140,0,13089023603
22315,1400000US13089023701,Census Tract 237.01; DeKalb County; Georgia,67,0,0,0,12,0,0,0,0,0,0,19,0,0,0,0,0,0,0,0,36,0,0,0,0,0,0,0,0,0,0,0,0,0,2590,2.586872587,13089023701
22316,1400000US13089023702,Census Tract 237.02; DeKalb County; Georgia,29,0,0,0,0,0,0,0,0,0,0,0,0,0,0,0,0,0,0,0,29,0,0,0,0,0,0,0,0,0,0,0,0,0,2992,0.969251337,13089023702
22317,1400000US13089023801,Census Tract 238.01; DeKalb County; Georgia,16,16,0,0,0,0,0,0,0,0,0,0,0,0,0,0,0,0,0,0,0,0,0,0,0,0,0,0,0,0,0,0,0,0,4965,0.322255791,13089023801
22318,1400000US13089023802,Census Tract 238.02; DeKalb County; Georgia,32,0,0,0,4,0,0,0,0,0,0,0,0,0,0,0,0,0,0,0,0,0,0,0,0,0,0,0,0,0,0,0,0,28,3357,0.953232052,13089023802
22319,1400000US13089023803,Census Tract 238.03; DeKalb County; Georgia,45,23,0,0,22,0,0,0,0,0,0,0,0,0,0,0,0,0,0,0,0,0,0,0,0,0,0,0,0,0,0,0,0,0,5736,0.784518828,13089023803
22320,1400000US13089980000,Census Tract 9800; DeKalb County; Georgia,0,0,0,0,0,0,0,0,0,0,0,0,0,0,0,0,0,0,0,0,0,0,0,0,0,0,0,0,0,0,0,0,0,0,0,NA,13089980000
22321,1400000US13091960100,Census Tract 9601; Dodge County; Georgia,0,0,0,0,0,0,0,0,0,0,0,0,0,0,0,0,0,0,0,0,0,0,0,0,0,0,0,0,0,0,0,0,0,0,2867,0,13091960100
22322,1400000US13091960200,Census Tract 9602; Dodge County; Georgia,0,0,0,0,0,0,0,0,0,0,0,0,0,0,0,0,0,0,0,0,0,0,0,0,0,0,0,0,0,0,0,0,0,0,3156,0,13091960200
22323,1400000US13091960301,Census Tract 9603.01; Dodge County; Georgia,0,0,0,0,0,0,0,0,0,0,0,0,0,0,0,0,0,0,0,0,0,0,0,0,0,0,0,0,0,0,0,0,0,0,3406,0,13091960301
22324,1400000US13091960302,Census Tract 9603.02; Dodge County; Georgia,0,0,0,0,0,0,0,0,0,0,0,0,0,0,0,0,0,0,0,0,0,0,0,0,0,0,0,0,0,0,0,0,0,0,2901,0,13091960302
22325,1400000US13091960400,Census Tract 9604; Dodge County; Georgia,4,4,0,0,0,0,0,0,0,0,0,0,0,0,0,0,0,0,0,0,0,0,0,0,0,0,0,0,0,0,0,0,0,0,3901,0.102537811,13091960400
22326,1400000US13091960500,Census Tract 9605; Dodge County; Georgia,0,0,0,0,0,0,0,0,0,0,0,0,0,0,0,0,0,0,0,0,0,0,0,0,0,0,0,0,0,0,0,0,0,0,1885,0,13091960500
22327,1400000US13091960600,Census Tract 9606; Dodge County; Georgia,0,0,0,0,0,0,0,0,0,0,0,0,0,0,0,0,0,0,0,0,0,0,0,0,0,0,0,0,0,0,0,0,0,0,1861,0,13091960600
22328,1400000US13093970100,Census Tract 9701; Dooly County; Georgia,0,0,0,0,0,0,0,0,0,0,0,0,0,0,0,0,0,0,0,0,0,0,0,0,0,0,0,0,0,0,0,0,0,0,5024,0,13093970100
22329,1400000US13093970200,Census Tract 9702; Dooly County; Georgia,0,0,0,0,0,0,0,0,0,0,0,0,0,0,0,0,0,0,0,0,0,0,0,0,0,0,0,0,0,0,0,0,0,0,1608,0,13093970200
22330,1400000US13093970300,Census Tract 9703; Dooly County; Georgia,0,0,0,0,0,0,0,0,0,0,0,0,0,0,0,0,0,0,0,0,0,0,0,0,0,0,0,0,0,0,0,0,0,0,4604,0,13093970300
22331,1400000US13095000101,Census Tract 1.01; Dougherty County; Georgia,0,0,0,0,0,0,0,0,0,0,0,0,0,0,0,0,0,0,0,0,0,0,0,0,0,0,0,0,0,0,0,0,0,0,1712,0,13095000101
22332,1400000US13095000102,Census Tract 1.02; Dougherty County; Georgia,0,0,0,0,0,0,0,0,0,0,0,0,0,0,0,0,0,0,0,0,0,0,0,0,0,0,0,0,0,0,0,0,0,0,2771,0,13095000102
22333,1400000US13095000200,Census Tract 2; Dougherty County; Georgia,0,0,0,0,0,0,0,0,0,0,0,0,0,0,0,0,0,0,0,0,0,0,0,0,0,0,0,0,0,0,0,0,0,0,1825,0,13095000200
22334,1400000US13095000400,Census Tract 4; Dougherty County; Georgia,21,0,0,0,0,0,0,0,0,0,0,21,0,0,0,0,0,0,0,0,0,0,0,0,0,0,0,0,0,0,0,0,0,0,5999,0.350058343,13095000400
22335,1400000US13095000501,Census Tract 5.01; Dougherty County; Georgia,95,2,0,0,13,0,0,0,0,0,0,52,0,0,0,0,0,0,28,0,0,0,0,0,0,0,0,0,0,0,0,0,0,0,5191,1.830090541,13095000501
22336,1400000US13095000502,Census Tract 5.02; Dougherty County; Georgia,228,71,0,0,0,0,0,0,0,0,0,0,0,0,0,0,0,0,157,0,0,0,0,0,0,0,0,0,0,0,0,0,0,0,3969,5.74452003,13095000502
22337,1400000US13095000600,Census Tract 6; Dougherty County; Georgia,0,0,0,0,0,0,0,0,0,0,0,0,0,0,0,0,0,0,0,0,0,0,0,0,0,0,0,0,0,0,0,0,0,0,3588,0,13095000600
22338,1400000US13095000700,Census Tract 7; Dougherty County; Georgia,10,10,0,0,0,0,0,0,0,0,0,0,0,0,0,0,0,0,0,0,0,0,0,0,0,0,0,0,0,0,0,0,0,0,1740,0.574712644,13095000700
22339,1400000US13095000800,Census Tract 8; Dougherty County; Georgia,15,15,0,0,0,0,0,0,0,0,0,0,0,0,0,0,0,0,0,0,0,0,0,0,0,0,0,0,0,0,0,0,0,0,854,1.756440281,13095000800
22340,1400000US13095000900,Census Tract 9; Dougherty County; Georgia,27,0,0,0,0,0,0,0,0,0,0,15,0,0,0,0,0,12,0,0,0,0,0,0,0,0,0,0,0,0,0,0,0,0,2307,1.170351105,13095000900
22341,1400000US13095001000,Census Tract 10; Dougherty County; Georgia,8,8,0,0,0,0,0,0,0,0,0,0,0,0,0,0,0,0,0,0,0,0,0,0,0,0,0,0,0,0,0,0,0,0,2690,0.29739777,13095001000
22342,1400000US13095001100,Census Tract 11; Dougherty County; Georgia,1,1,0,0,0,0,0,0,0,0,0,0,0,0,0,0,0,0,0,0,0,0,0,0,0,0,0,0,0,0,0,0,0,0,4516,0.02214349,13095001100
22343,1400000US13095001403,Census Tract 14.03; Dougherty County; Georgia,0,0,0,0,0,0,0,0,0,0,0,0,0,0,0,0,0,0,0,0,0,0,0,0,0,0,0,0,0,0,0,0,0,0,1917,0,13095001403
22344,1400000US13095001500,Census Tract 15; Dougherty County; Georgia,0,0,0,0,0,0,0,0,0,0,0,0,0,0,0,0,0,0,0,0,0,0,0,0,0,0,0,0,0,0,0,0,0,0,1964,0,13095001500
22345,1400000US13095010302,Census Tract 103.02; Dougherty County; Georgia,7,0,0,0,0,0,0,0,0,0,0,0,0,0,0,0,0,0,7,0,0,0,0,0,0,0,0,0,0,0,0,0,0,0,5267,0.132902981,13095010302
22346,1400000US13095010401,Census Tract 104.01; Dougherty County; Georgia,159,0,0,16,0,0,0,0,0,0,0,87,0,0,0,0,0,23,0,0,0,0,0,0,0,0,0,0,0,0,0,0,0,33,7508,2.117741076,13095010401
22347,1400000US13095010402,Census Tract 104.02; Dougherty County; Georgia,0,0,0,0,0,0,0,0,0,0,0,0,0,0,0,0,0,0,0,0,0,0,0,0,0,0,0,0,0,0,0,0,0,0,2904,0,13095010402
22348,1400000US13095010403,Census Tract 104.03; Dougherty County; Georgia,0,0,0,0,0,0,0,0,0,0,0,0,0,0,0,0,0,0,0,0,0,0,0,0,0,0,0,0,0,0,0,0,0,0,1650,0,13095010403
22349,1400000US13095010500,Census Tract 105; Dougherty County; Georgia,55,0,0,0,0,0,0,0,0,0,0,0,0,0,0,0,0,0,55,0,0,0,0,0,0,0,0,0,0,0,0,0,0,0,1856,2.963362069,13095010500
22350,1400000US13095010601,Census Tract 106.01; Dougherty County; Georgia,0,0,0,0,0,0,0,0,0,0,0,0,0,0,0,0,0,0,0,0,0,0,0,0,0,0,0,0,0,0,0,0,0,0,2020,0,13095010601
22351,1400000US13095010602,Census Tract 106.02; Dougherty County; Georgia,0,0,0,0,0,0,0,0,0,0,0,0,0,0,0,0,0,0,0,0,0,0,0,0,0,0,0,0,0,0,0,0,0,0,3091,0,13095010602
22352,1400000US13095010701,Census Tract 107.01; Dougherty County; Georgia,0,0,0,0,0,0,0,0,0,0,0,0,0,0,0,0,0,0,0,0,0,0,0,0,0,0,0,0,0,0,0,0,0,0,3121,0,13095010701
22353,1400000US13095010702,Census Tract 107.02; Dougherty County; Georgia,11,0,0,0,11,0,0,0,0,0,0,0,0,0,0,0,0,0,0,0,0,0,0,0,0,0,0,0,0,0,0,0,0,0,2429,0.45286126,13095010702
22354,1400000US13095010900,Census Tract 109; Dougherty County; Georgia,0,0,0,0,0,0,0,0,0,0,0,0,0,0,0,0,0,0,0,0,0,0,0,0,0,0,0,0,0,0,0,0,0,0,1411,0,13095010900
22355,1400000US13095011000,Census Tract 110; Dougherty County; Georgia,0,0,0,0,0,0,0,0,0,0,0,0,0,0,0,0,0,0,0,0,0,0,0,0,0,0,0,0,0,0,0,0,0,0,3295,0,13095011000
22356,1400000US13095011200,Census Tract 112; Dougherty County; Georgia,4,4,0,0,0,0,0,0,0,0,0,0,0,0,0,0,0,0,0,0,0,0,0,0,0,0,0,0,0,0,0,0,0,0,3972,0.100704935,13095011200
22357,1400000US13095011300,Census Tract 113; Dougherty County; Georgia,44,44,0,0,0,0,0,0,0,0,0,0,0,0,0,0,0,0,0,0,0,0,0,0,0,0,0,0,0,0,0,0,0,0,2599,1.69295883,13095011300
22358,1400000US13095011400,Census Tract 114; Dougherty County; Georgia,5,0,0,0,0,0,0,0,0,0,0,5,0,0,0,0,0,0,0,0,0,0,0,0,0,0,0,0,0,0,0,0,0,0,1219,0.410172272,13095011400
22359,1400000US13095011600,Census Tract 116; Dougherty County; Georgia,10,0,0,0,0,0,0,0,0,0,0,10,0,0,0,0,0,0,0,0,0,0,0,0,0,0,0,0,0,0,0,0,0,0,1653,0.604960678,13095011600
22360,1400000US13097080104,Census Tract 801.04; Douglas County; Georgia,43,0,0,0,0,0,0,0,0,0,0,0,0,0,0,0,0,0,0,0,43,0,0,0,0,0,0,0,0,0,0,0,0,0,4713,0.91237004,13097080104
22361,1400000US13097080105,Census Tract 801.05; Douglas County; Georgia,77,0,0,0,0,0,0,0,0,0,0,53,0,0,0,0,0,0,0,0,24,0,0,0,0,0,0,0,0,0,0,0,0,0,4219,1.825077032,13097080105
22362,1400000US13097080106,Census Tract 801.06; Douglas County; Georgia,19,0,0,0,19,0,0,0,0,0,0,0,0,0,0,0,0,0,0,0,0,0,0,0,0,0,0,0,0,0,0,0,0,0,3395,0.559646539,13097080106
22363,1400000US13097080107,Census Tract 801.07; Douglas County; Georgia,226,0,0,100,0,0,0,0,0,0,0,0,0,0,0,0,0,0,0,0,126,0,0,0,0,0,0,0,0,0,0,0,0,0,3981,5.676965587,13097080107
22364,1400000US13097080201,Census Tract 802.01; Douglas County; Georgia,0,0,0,0,0,0,0,0,0,0,0,0,0,0,0,0,0,0,0,0,0,0,0,0,0,0,0,0,0,0,0,0,0,0,6534,0,13097080201
22365,1400000US13097080203,Census Tract 802.03; Douglas County; Georgia,103,0,0,0,0,0,0,0,0,0,0,0,0,0,0,0,0,0,0,0,103,0,0,0,0,0,0,0,0,0,0,0,0,0,6551,1.572279041,13097080203
22366,1400000US13097080204,Census Tract 802.04; Douglas County; Georgia,0,0,0,0,0,0,0,0,0,0,0,0,0,0,0,0,0,0,0,0,0,0,0,0,0,0,0,0,0,0,0,0,0,0,3700,0,13097080204
22367,1400000US13097080303,Census Tract 803.03; Douglas County; Georgia,12,0,0,0,0,0,0,0,0,0,0,0,0,0,0,0,0,0,0,0,12,0,0,0,0,0,0,0,0,0,0,0,0,0,3171,0.378429518,13097080303
22368,1400000US13097080304,Census Tract 803.04; Douglas County; Georgia,24,24,0,0,0,0,0,0,0,0,0,0,0,0,0,0,0,0,0,0,0,0,0,0,0,0,0,0,0,0,0,0,0,0,5943,0.403836446,13097080304
22369,1400000US13097080305,Census Tract 803.05; Douglas County; Georgia,0,0,0,0,0,0,0,0,0,0,0,0,0,0,0,0,0,0,0,0,0,0,0,0,0,0,0,0,0,0,0,0,0,0,5576,0,13097080305
22370,1400000US13097080306,Census Tract 803.06; Douglas County; Georgia,0,0,0,0,0,0,0,0,0,0,0,0,0,0,0,0,0,0,0,0,0,0,0,0,0,0,0,0,0,0,0,0,0,0,3775,0,13097080306
22371,1400000US13097080307,Census Tract 803.07; Douglas County; Georgia,0,0,0,0,0,0,0,0,0,0,0,0,0,0,0,0,0,0,0,0,0,0,0,0,0,0,0,0,0,0,0,0,0,0,3881,0,13097080307
22372,1400000US13097080403,Census Tract 804.03; Douglas County; Georgia,84,0,0,0,0,0,0,0,0,0,0,0,0,0,0,0,0,0,84,0,0,0,0,0,0,0,0,0,0,0,0,0,0,0,5317,1.579838255,13097080403
22373,1400000US13097080405,Census Tract 804.05; Douglas County; Georgia,95,0,0,0,4,0,0,0,0,0,0,3,0,0,0,0,0,0,88,0,0,0,0,0,0,0,0,0,0,0,0,0,0,0,5241,1.812631177,13097080405
22374,1400000US13097080406,Census Tract 804.06; Douglas County; Georgia,0,0,0,0,0,0,0,0,0,0,0,0,0,0,0,0,0,0,0,0,0,0,0,0,0,0,0,0,0,0,0,0,0,0,3878,0,13097080406
22375,1400000US13097080407,Census Tract 804.07; Douglas County; Georgia,422,19,0,0,17,0,0,0,0,0,0,14,0,0,0,0,0,0,0,0,372,0,0,0,0,0,0,0,0,0,0,0,0,0,5053,8.351474372,13097080407
22376,1400000US13097080408,Census Tract 804.08; Douglas County; Georgia,0,0,0,0,0,0,0,0,0,0,0,0,0,0,0,0,0,0,0,0,0,0,0,0,0,0,0,0,0,0,0,0,0,0,2990,0,13097080408
22377,1400000US13097080505,Census Tract 805.05; Douglas County; Georgia,136,0,0,0,0,0,0,0,0,0,0,6,0,0,0,0,0,0,130,0,0,0,0,0,0,0,0,0,0,0,0,0,0,0,4686,2.902262057,13097080505
22378,1400000US13097080506,Census Tract 805.06; Douglas County; Georgia,201,0,0,0,0,0,0,0,0,0,0,0,0,0,0,0,0,0,0,0,0,0,0,0,201,0,0,0,0,0,0,0,0,0,5161,3.894594071,13097080506
22379,1400000US13097080507,Census Tract 805.07; Douglas County; Georgia,144,0,0,0,8,0,0,0,0,0,0,0,0,0,0,0,0,0,0,0,136,0,0,0,0,0,0,0,0,0,0,0,0,0,3905,3.687580026,13097080507
22380,1400000US13097080508,Census Tract 805.08; Douglas County; Georgia,0,0,0,0,0,0,0,0,0,0,0,0,0,0,0,0,0,0,0,0,0,0,0,0,0,0,0,0,0,0,0,0,0,0,5080,0,13097080508
22381,1400000US13097080509,Census Tract 805.09; Douglas County; Georgia,239,0,0,0,19,0,0,0,0,0,0,0,0,0,0,0,0,0,77,0,30,113,0,0,0,0,0,0,0,0,0,0,0,0,6254,3.821554205,13097080509
22382,1400000US13097080512,Census Tract 805.12; Douglas County; Georgia,31,0,0,0,0,0,0,0,0,0,0,26,0,0,0,0,0,5,0,0,0,0,0,0,0,0,0,0,0,0,0,0,0,0,5214,0.594553126,13097080512
22383,1400000US13097080513,Census Tract 805.13; Douglas County; Georgia,170,0,0,0,0,0,0,0,0,0,0,0,0,0,0,0,0,0,103,0,67,0,0,0,0,0,0,0,0,0,0,0,0,0,4525,3.756906077,13097080513
22384,1400000US13097080514,Census Tract 805.14; Douglas County; Georgia,203,23,0,0,0,0,0,0,0,0,0,0,0,0,0,0,0,0,177,0,0,0,0,0,0,0,0,0,0,0,0,0,0,3,4378,4.636820466,13097080514
22385,1400000US13097080515,Census Tract 805.15; Douglas County; Georgia,0,0,0,0,0,0,0,0,0,0,0,0,0,0,0,0,0,0,0,0,0,0,0,0,0,0,0,0,0,0,0,0,0,0,5511,0,13097080515
22386,1400000US13097080602,Census Tract 806.02; Douglas County; Georgia,189,0,0,6,20,0,0,0,0,0,0,10,0,0,0,0,0,7,0,0,19,0,0,0,0,0,0,0,0,0,127,0,0,0,6764,2.794204613,13097080602
22387,1400000US13097080605,Census Tract 806.05; Douglas County; Georgia,9,0,0,2,0,0,0,0,0,0,0,3,0,0,0,0,0,0,0,0,0,0,0,0,4,0,0,0,0,0,0,0,0,0,3954,0.227617602,13097080605
22388,1400000US13097080606,Census Tract 806.06; Douglas County; Georgia,4,0,0,0,0,0,0,0,0,0,0,0,0,0,0,0,0,4,0,0,0,0,0,0,0,0,0,0,0,0,0,0,0,0,4857,0.082355363,13097080606
22389,1400000US13097080607,Census Tract 806.07; Douglas County; Georgia,51,0,0,0,0,0,0,0,0,0,0,0,0,0,0,0,0,0,0,0,51,0,0,0,0,0,0,0,0,0,0,0,0,0,3889,1.311391103,13097080607
22390,1400000US13097080608,Census Tract 806.08; Douglas County; Georgia,224,224,0,0,0,0,0,0,0,0,0,0,0,0,0,0,0,0,0,0,0,0,0,0,0,0,0,0,0,0,0,0,0,0,2639,8.48806366,13097080608
22391,1400000US13099090100,Census Tract 901; Early County; Georgia,0,0,0,0,0,0,0,0,0,0,0,0,0,0,0,0,0,0,0,0,0,0,0,0,0,0,0,0,0,0,0,0,0,0,1193,0,13099090100
22392,1400000US13099090200,Census Tract 902; Early County; Georgia,0,0,0,0,0,0,0,0,0,0,0,0,0,0,0,0,0,0,0,0,0,0,0,0,0,0,0,0,0,0,0,0,0,0,2982,0,13099090200
22393,1400000US13099090300,Census Tract 903; Early County; Georgia,0,0,0,0,0,0,0,0,0,0,0,0,0,0,0,0,0,0,0,0,0,0,0,0,0,0,0,0,0,0,0,0,0,0,1400,0,13099090300
22394,1400000US13099090400,Census Tract 904; Early County; Georgia,0,0,0,0,0,0,0,0,0,0,0,0,0,0,0,0,0,0,0,0,0,0,0,0,0,0,0,0,0,0,0,0,0,0,3430,0,13099090400
22395,1400000US13099090500,Census Tract 905; Early County; Georgia,0,0,0,0,0,0,0,0,0,0,0,0,0,0,0,0,0,0,0,0,0,0,0,0,0,0,0,0,0,0,0,0,0,0,1748,0,13099090500
22396,1400000US13101880100,Census Tract 8801; Echols County; Georgia,59,0,0,0,59,0,0,0,0,0,0,0,0,0,0,0,0,0,0,0,0,0,0,0,0,0,0,0,0,0,0,0,0,0,1284,4.595015576,13101880100
22397,1400000US13101880200,Census Tract 8802; Echols County; Georgia,0,0,0,0,0,0,0,0,0,0,0,0,0,0,0,0,0,0,0,0,0,0,0,0,0,0,0,0,0,0,0,0,0,0,2423,0,13101880200
22398,1400000US13103030100,Census Tract 301; Effingham County; Georgia,4,0,0,0,4,0,0,0,0,0,0,0,0,0,0,0,0,0,0,0,0,0,0,0,0,0,0,0,0,0,0,0,0,0,3258,0.122774708,13103030100
22399,1400000US13103030204,Census Tract 302.04; Effingham County; Georgia,11,5,0,0,0,0,0,0,0,0,0,0,6,0,0,0,0,0,0,0,0,0,0,0,0,0,0,0,0,0,0,0,0,0,5101,0.215643991,13103030204
22400,1400000US13103030205,Census Tract 302.05; Effingham County; Georgia,0,0,0,0,0,0,0,0,0,0,0,0,0,0,0,0,0,0,0,0,0,0,0,0,0,0,0,0,0,0,0,0,0,0,3225,0,13103030205
22401,1400000US13103030206,Census Tract 302.06; Effingham County; Georgia,0,0,0,0,0,0,0,0,0,0,0,0,0,0,0,0,0,0,0,0,0,0,0,0,0,0,0,0,0,0,0,0,0,0,2966,0,13103030206
22402,1400000US13103030207,Census Tract 302.07; Effingham County; Georgia,41,0,0,0,0,0,0,0,0,0,0,0,0,0,0,0,0,0,41,0,0,0,0,0,0,0,0,0,0,0,0,0,0,0,2090,1.961722488,13103030207
22403,1400000US13103030208,Census Tract 302.08; Effingham County; Georgia,0,0,0,0,0,0,0,0,0,0,0,0,0,0,0,0,0,0,0,0,0,0,0,0,0,0,0,0,0,0,0,0,0,0,4349,0,13103030208
22404,1400000US13103030209,Census Tract 302.09; Effingham County; Georgia,9,0,0,0,0,0,0,0,0,0,0,9,0,0,0,0,0,0,0,0,0,0,0,0,0,0,0,0,0,0,0,0,0,0,2573,0.349786242,13103030209
22405,1400000US13103030301,Census Tract 303.01; Effingham County; Georgia,68,0,0,20,8,0,0,0,0,0,0,8,0,0,0,0,0,0,32,0,0,0,0,0,0,0,0,0,0,0,0,0,0,0,7999,0.850106263,13103030301
22406,1400000US13103030303,Census Tract 303.03; Effingham County; Georgia,15,0,0,0,14,0,0,0,0,0,0,0,0,0,0,0,0,0,1,0,0,0,0,0,0,0,0,0,0,0,0,0,0,0,2610,0.574712644,13103030303
22407,1400000US13103030306,Census Tract 303.06; Effingham County; Georgia,19,19,0,0,0,0,0,0,0,0,0,0,0,0,0,0,0,0,0,0,0,0,0,0,0,0,0,0,0,0,0,0,0,0,3000,0.633333333,13103030306
22408,1400000US13103030307,Census Tract 303.07; Effingham County; Georgia,124,0,0,0,0,0,0,0,0,0,0,4,0,0,0,0,0,0,0,0,107,0,0,0,0,0,0,0,0,0,0,0,0,13,5538,2.239075479,13103030307
22409,1400000US13103030308,Census Tract 303.08; Effingham County; Georgia,67,0,0,0,0,0,0,0,0,0,0,11,0,0,0,0,0,16,0,0,40,0,0,0,0,0,0,0,0,0,0,0,0,0,4686,1.429790866,13103030308
22410,1400000US13103030309,Census Tract 303.09; Effingham County; Georgia,50,0,0,0,0,0,0,0,0,0,0,0,0,0,0,0,0,0,0,0,50,0,0,0,0,0,0,0,0,0,0,0,0,0,4513,1.107910481,13103030309
22411,1400000US13103030401,Census Tract 304.01; Effingham County; Georgia,15,0,0,0,15,0,0,0,0,0,0,0,0,0,0,0,0,0,0,0,0,0,0,0,0,0,0,0,0,0,0,0,0,0,5215,0.287631831,13103030401
22412,1400000US13103030403,Census Tract 304.03; Effingham County; Georgia,20,0,0,0,9,0,0,0,0,0,0,11,0,0,0,0,0,0,0,0,0,0,0,0,0,0,0,0,0,0,0,0,0,0,4976,0.40192926,13103030403
22413,1400000US13103030404,Census Tract 304.04; Effingham County; Georgia,0,0,0,0,0,0,0,0,0,0,0,0,0,0,0,0,0,0,0,0,0,0,0,0,0,0,0,0,0,0,0,0,0,0,3215,0,13103030404
22414,1400000US13105000100,Census Tract 1; Elbert County; Georgia,110,0,0,0,0,0,0,0,0,0,0,0,0,0,0,0,0,0,110,0,0,0,0,0,0,0,0,0,0,0,0,0,0,0,3854,2.854177478,13105000100
22415,1400000US13105000200,Census Tract 2; Elbert County; Georgia,0,0,0,0,0,0,0,0,0,0,0,0,0,0,0,0,0,0,0,0,0,0,0,0,0,0,0,0,0,0,0,0,0,0,2463,0,13105000200
22416,1400000US13105000300,Census Tract 3; Elbert County; Georgia,0,0,0,0,0,0,0,0,0,0,0,0,0,0,0,0,0,0,0,0,0,0,0,0,0,0,0,0,0,0,0,0,0,0,3783,0,13105000300
22417,1400000US13105000400,Census Tract 4; Elbert County; Georgia,24,0,0,0,0,0,0,0,0,0,0,0,0,0,0,0,0,0,0,0,24,0,0,0,0,0,0,0,0,0,0,0,0,0,4034,0.594942985,13105000400
22418,1400000US13105000501,Census Tract 5.01; Elbert County; Georgia,50,0,0,15,0,0,0,0,0,0,0,0,0,0,0,0,0,0,0,0,0,0,0,0,35,0,0,0,0,0,0,0,0,0,1743,2.868617326,13105000501
22419,1400000US13105000502,Census Tract 5.02; Elbert County; Georgia,34,0,0,0,0,0,0,0,0,0,0,0,0,0,0,0,0,0,0,0,0,0,0,0,0,0,0,0,0,0,0,0,34,0,3693,0.920660709,13105000502
22420,1400000US13107970101,Census Tract 9701.01; Emanuel County; Georgia,0,0,0,0,0,0,0,0,0,0,0,0,0,0,0,0,0,0,0,0,0,0,0,0,0,0,0,0,0,0,0,0,0,0,3333,0,13107970101
22421,1400000US13107970102,Census Tract 9701.02; Emanuel County; Georgia,34,0,0,0,0,0,0,0,0,0,0,0,0,0,0,0,0,0,0,0,34,0,0,0,0,0,0,0,0,0,0,0,0,0,1633,2.082057563,13107970102
22422,1400000US13107970200,Census Tract 9702; Emanuel County; Georgia,1,0,0,0,1,0,0,0,0,0,0,0,0,0,0,0,0,0,0,0,0,0,0,0,0,0,0,0,0,0,0,0,0,0,1971,0.050735667,13107970200
22423,1400000US13107970300,Census Tract 9703; Emanuel County; Georgia,0,0,0,0,0,0,0,0,0,0,0,0,0,0,0,0,0,0,0,0,0,0,0,0,0,0,0,0,0,0,0,0,0,0,4871,0,13107970300
22424,1400000US13107970401,Census Tract 9704.01; Emanuel County; Georgia,0,0,0,0,0,0,0,0,0,0,0,0,0,0,0,0,0,0,0,0,0,0,0,0,0,0,0,0,0,0,0,0,0,0,2862,0,13107970401
22425,1400000US13107970402,Census Tract 9704.02; Emanuel County; Georgia,3,0,0,0,0,0,0,0,0,0,0,0,0,0,0,0,0,0,0,0,3,0,0,0,0,0,0,0,0,0,0,0,0,0,1881,0.159489633,13107970402
22426,1400000US13107970500,Census Tract 9705; Emanuel County; Georgia,3,0,0,0,0,0,0,0,0,0,0,3,0,0,0,0,0,0,0,0,0,0,0,0,0,0,0,0,0,0,0,0,0,0,1425,0.210526316,13107970500
22427,1400000US13107970601,Census Tract 9706.01; Emanuel County; Georgia,0,0,0,0,0,0,0,0,0,0,0,0,0,0,0,0,0,0,0,0,0,0,0,0,0,0,0,0,0,0,0,0,0,0,2353,0,13107970601
22428,1400000US13107970602,Census Tract 9706.02; Emanuel County; Georgia,6,0,0,0,6,0,0,0,0,0,0,0,0,0,0,0,0,0,0,0,0,0,0,0,0,0,0,0,0,0,0,0,0,0,2578,0.232738557,13107970602
22429,1400000US13109970100,Census Tract 9701; Evans County; Georgia,3,0,0,0,0,0,0,0,0,0,0,0,0,0,0,0,0,0,3,0,0,0,0,0,0,0,0,0,0,0,0,0,0,0,2869,0.104566051,13109970100
22430,1400000US13109970200,Census Tract 9702; Evans County; Georgia,97,0,0,0,0,0,0,0,0,0,0,22,0,0,0,0,0,0,0,0,0,0,0,0,41,0,0,0,0,0,0,0,34,0,4129,2.349237103,13109970200
22431,1400000US13109970300,Census Tract 9703; Evans County; Georgia,4,1,0,0,0,0,0,0,0,0,0,0,0,0,0,0,0,0,3,0,0,0,0,0,0,0,0,0,0,0,0,0,0,0,3761,0.106354693,13109970300
22432,1400000US13111050100,Census Tract 501; Fannin County; Georgia,31,0,0,0,20,0,0,6,0,0,0,5,0,0,0,0,0,0,0,0,0,0,0,0,0,0,0,0,0,0,0,0,0,0,3861,0.802900803,13111050100
22433,1400000US13111050200,Census Tract 502; Fannin County; Georgia,39,0,0,0,2,0,0,0,0,0,0,0,0,0,0,0,0,0,0,0,37,0,0,0,0,0,0,0,0,0,0,0,0,0,7367,0.529387811,13111050200
22434,1400000US13111050300,Census Tract 503; Fannin County; Georgia,0,0,0,0,0,0,0,0,0,0,0,0,0,0,0,0,0,0,0,0,0,0,0,0,0,0,0,0,0,0,0,0,0,0,2482,0,13111050300
22435,1400000US13111050400,Census Tract 504; Fannin County; Georgia,4,0,0,0,4,0,0,0,0,0,0,0,0,0,0,0,0,0,0,0,0,0,0,0,0,0,0,0,0,0,0,0,0,0,7267,0.055043347,13111050400
22436,1400000US13111050500,Census Tract 505; Fannin County; Georgia,47,0,0,0,0,0,0,0,0,0,0,47,0,0,0,0,0,0,0,0,0,0,0,0,0,0,0,0,0,0,0,0,0,0,4459,1.054047993,13111050500
22437,1400000US13113140102,Census Tract 1401.02; Fayette County; Georgia,201,0,0,0,13,0,0,0,0,0,0,128,0,0,0,0,0,0,10,0,50,0,0,0,0,0,0,0,0,0,0,0,0,0,6372,3.154425612,13113140102
22438,1400000US13113140103,Census Tract 1401.03; Fayette County; Georgia,22,0,0,0,5,0,0,0,0,0,0,17,0,0,0,0,0,0,0,0,0,0,0,0,0,0,0,0,0,0,0,0,0,0,1607,1.369010579,13113140103
22439,1400000US13113140104,Census Tract 1401.04; Fayette County; Georgia,235,0,0,17,0,0,0,0,0,0,40,166,0,0,0,0,0,0,0,0,12,0,0,0,0,0,0,0,0,0,0,0,0,0,5891,3.98913597,13113140104
22440,1400000US13113140203,Census Tract 1402.03; Fayette County; Georgia,227,0,0,0,5,0,0,0,0,0,0,63,0,0,0,0,0,64,95,0,0,0,0,0,0,0,0,0,0,0,0,0,0,0,6490,3.497688752,13113140203
22441,1400000US13113140204,Census Tract 1402.04; Fayette County; Georgia,1,0,0,0,0,0,0,0,0,0,0,0,0,0,0,0,0,1,0,0,0,0,0,0,0,0,0,0,0,0,0,0,0,0,6201,0.016126431,13113140204
22442,1400000US13113140206,Census Tract 1402.06; Fayette County; Georgia,308,30,0,0,134,0,0,0,0,0,0,6,15,0,0,0,0,0,2,0,121,0,0,0,0,0,0,0,0,0,0,0,0,0,4293,7.174470068,13113140206
22443,1400000US13113140207,Census Tract 1402.07; Fayette County; Georgia,311,34,0,119,125,0,0,0,0,0,0,18,0,0,0,0,0,0,15,0,0,0,0,0,0,0,0,0,0,0,0,0,0,0,6357,4.89224477,13113140207
22444,1400000US13113140209,Census Tract 1402.09; Fayette County; Georgia,515,60,0,38,33,0,0,0,0,0,0,0,0,0,0,0,0,36,0,0,348,0,0,0,0,0,0,0,0,0,0,0,0,0,2222,23.17731773,13113140209
22445,1400000US13113140210,Census Tract 1402.10; Fayette County; Georgia,986,53,0,80,460,0,0,0,0,12,0,120,0,0,0,0,0,0,42,0,188,0,0,0,0,0,0,0,0,0,0,0,0,31,6485,15.20431766,13113140210
22446,1400000US13113140303,Census Tract 1403.03; Fayette County; Georgia,58,0,0,8,0,0,0,0,0,0,0,32,0,0,0,0,0,0,0,0,18,0,0,0,0,0,0,0,0,0,0,0,0,0,5095,1.138370952,13113140303
22447,1400000US13113140304,Census Tract 1403.04; Fayette County; Georgia,119,21,0,0,49,0,0,0,0,0,0,49,0,0,0,0,0,0,0,0,0,0,0,0,0,0,0,0,0,0,0,0,0,0,5914,2.012174501,13113140304
22448,1400000US13113140305,Census Tract 1403.05; Fayette County; Georgia,295,0,0,13,108,0,0,0,0,0,31,0,0,0,0,0,0,0,0,0,40,0,0,0,58,0,45,0,0,0,0,0,0,0,6226,4.738194668,13113140305
22449,1400000US13113140307,Census Tract 1403.07; Fayette County; Georgia,184,18,0,0,0,0,0,0,0,0,0,8,0,0,0,0,0,0,0,0,158,0,0,0,0,0,0,0,0,0,0,0,0,0,5365,3.429636533,13113140307
22450,1400000US13113140308,Census Tract 1403.08; Fayette County; Georgia,122,17,0,36,0,0,0,0,0,0,0,0,0,0,0,0,0,0,0,0,69,0,0,0,0,0,0,0,0,0,0,0,0,0,2109,5.784732101,13113140308
22451,1400000US13113140309,Census Tract 1403.09; Fayette County; Georgia,732,49,0,120,0,0,0,0,0,0,0,0,0,0,0,0,0,0,0,0,563,0,0,0,0,0,0,0,0,0,0,0,0,0,6260,11.69329073,13113140309
22452,1400000US13113140403,Census Tract 1404.03; Fayette County; Georgia,49,0,0,0,0,0,0,0,0,0,0,24,0,0,0,0,0,0,25,0,0,0,0,0,0,0,0,0,0,0,0,0,0,0,5197,0.942851645,13113140403
22453,1400000US13113140404,Census Tract 1404.04; Fayette County; Georgia,405,57,0,15,20,0,0,0,0,0,0,30,0,0,39,0,0,16,55,0,28,0,0,42,58,0,0,0,0,0,0,0,0,45,6748,6.001778305,13113140404
22454,1400000US13113140405,Census Tract 1404.05; Fayette County; Georgia,89,57,0,0,0,0,0,0,0,0,0,0,0,0,0,0,0,0,0,0,32,0,0,0,0,0,0,0,0,0,0,0,0,0,4233,2.102527758,13113140405
22455,1400000US13113140406,Census Tract 1404.06; Fayette County; Georgia,60,38,0,0,0,0,0,0,0,0,0,0,0,0,0,0,0,0,22,0,0,0,0,0,0,0,0,0,0,0,0,0,0,0,3766,1.593202337,13113140406
22456,1400000US13113140408,Census Tract 1404.08; Fayette County; Georgia,119,0,0,0,0,0,0,0,0,0,0,0,0,0,0,0,0,0,119,0,0,0,0,0,0,0,0,0,0,0,0,0,0,0,3891,3.058339758,13113140408
22457,1400000US13113140409,Census Tract 1404.09; Fayette County; Georgia,203,0,0,0,0,0,0,0,0,0,0,33,0,0,0,0,0,0,0,0,89,0,0,0,81,0,0,0,0,0,0,0,0,0,3960,5.126262626,13113140409
22458,1400000US13113140410,Census Tract 1404.10; Fayette County; Georgia,290,20,0,68,0,0,0,0,0,0,20,0,0,46,0,0,0,0,0,0,105,0,0,0,0,0,0,0,0,0,0,0,0,31,3951,7.339913946,13113140410
22459,1400000US13113140501,Census Tract 1405.01; Fayette County; Georgia,34,0,0,0,0,0,0,0,0,0,0,15,0,0,0,0,0,0,0,0,19,0,0,0,0,0,0,0,0,0,0,0,0,0,6706,0.507008649,13113140501
22460,1400000US13113140502,Census Tract 1405.02; Fayette County; Georgia,6,2,0,0,0,0,0,0,0,0,0,4,0,0,0,0,0,0,0,0,0,0,0,0,0,0,0,0,0,0,0,0,0,0,3920,0.153061224,13113140502
22461,1400000US13115000100,Census Tract 1; Floyd County; Georgia,28,28,0,0,0,0,0,0,0,0,0,0,0,0,0,0,0,0,0,0,0,0,0,0,0,0,0,0,0,0,0,0,0,0,4536,0.617283951,13115000100
22462,1400000US13115000202,Census Tract 2.02; Floyd County; Georgia,7,0,0,0,0,0,0,0,0,0,0,0,0,0,0,0,0,0,0,0,7,0,0,0,0,0,0,0,0,0,0,0,0,0,3694,0.189496481,13115000202
22463,1400000US13115000203,Census Tract 2.03; Floyd County; Georgia,305,15,0,0,18,0,0,0,0,0,0,0,0,0,0,0,0,0,0,0,192,0,0,0,80,0,0,0,0,0,0,0,0,0,2278,13.38893766,13115000203
22464,1400000US13115000204,Census Tract 2.04; Floyd County; Georgia,0,0,0,0,0,0,0,0,0,0,0,0,0,0,0,0,0,0,0,0,0,0,0,0,0,0,0,0,0,0,0,0,0,0,4658,0,13115000204
22465,1400000US13115000300,Census Tract 3; Floyd County; Georgia,196,57,0,0,32,0,0,0,0,0,0,0,0,0,0,0,0,0,39,0,61,0,0,0,0,0,0,0,0,0,0,0,7,0,2877,6.812652068,13115000300
22466,1400000US13115000401,Census Tract 4.01; Floyd County; Georgia,151,0,0,0,43,0,0,0,0,0,0,0,0,0,0,0,0,0,108,0,0,0,0,0,0,0,0,0,0,0,0,0,0,0,3006,5.02328676,13115000401
22467,1400000US13115000402,Census Tract 4.02; Floyd County; Georgia,57,16,0,0,35,0,0,0,0,0,0,0,0,0,0,0,0,0,6,0,0,0,0,0,0,0,0,0,0,0,0,0,0,0,1642,3.47137637,13115000402
22468,1400000US13115000403,Census Tract 4.03; Floyd County; Georgia,118,0,0,0,0,0,0,0,0,0,0,7,0,0,0,0,0,0,103,0,8,0,0,0,0,0,0,0,0,0,0,0,0,0,4136,2.852998066,13115000403
22469,1400000US13115000500,Census Tract 5; Floyd County; Georgia,0,0,0,0,0,0,0,0,0,0,0,0,0,0,0,0,0,0,0,0,0,0,0,0,0,0,0,0,0,0,0,0,0,0,3536,0,13115000500
22470,1400000US13115000600,Census Tract 6; Floyd County; Georgia,56,0,0,0,0,0,0,0,0,0,0,0,0,0,0,0,0,0,0,0,56,0,0,0,0,0,0,0,0,0,0,0,0,0,4515,1.240310078,13115000600
22471,1400000US13115000700,Census Tract 7; Floyd County; Georgia,32,0,0,0,17,0,0,0,0,0,0,15,0,0,0,0,0,0,0,0,0,0,0,0,0,0,0,0,0,0,0,0,0,0,5127,0.624146674,13115000700
22472,1400000US13115000800,Census Tract 8; Floyd County; Georgia,138,0,0,17,1,0,0,0,0,0,0,0,0,0,0,0,0,0,0,0,120,0,0,0,0,0,0,0,0,0,0,0,0,0,5009,2.755040926,13115000800
22473,1400000US13115000900,Census Tract 9; Floyd County; Georgia,54,28,0,0,26,0,0,0,0,0,0,0,0,0,0,0,0,0,0,0,0,0,0,0,0,0,0,0,0,0,0,0,0,0,2463,2.192448234,13115000900
22474,1400000US13115001100,Census Tract 11; Floyd County; Georgia,0,0,0,0,0,0,0,0,0,0,0,0,0,0,0,0,0,0,0,0,0,0,0,0,0,0,0,0,0,0,0,0,0,0,2862,0,13115001100
22475,1400000US13115001200,Census Tract 12; Floyd County; Georgia,26,7,0,0,0,0,0,0,0,0,0,0,0,0,0,0,0,6,13,0,0,0,0,0,0,0,0,0,0,0,0,0,0,0,5613,0.463210404,13115001200
22476,1400000US13115001301,Census Tract 13.01; Floyd County; Georgia,18,0,0,0,18,0,0,0,0,0,0,0,0,0,0,0,0,0,0,0,0,0,0,0,0,0,0,0,0,0,0,0,0,0,2790,0.64516129,13115001301
22477,1400000US13115001302,Census Tract 13.02; Floyd County; Georgia,0,0,0,0,0,0,0,0,0,0,0,0,0,0,0,0,0,0,0,0,0,0,0,0,0,0,0,0,0,0,0,0,0,0,3194,0,13115001302
22478,1400000US13115001400,Census Tract 14; Floyd County; Georgia,14,0,0,0,0,0,0,0,0,0,0,0,0,0,0,0,0,0,0,0,14,0,0,0,0,0,0,0,0,0,0,0,0,0,6886,0.203311066,13115001400
22479,1400000US13115001600,Census Tract 16; Floyd County; Georgia,66,0,0,0,0,0,0,0,0,0,0,0,0,0,0,0,0,0,66,0,0,0,0,0,0,0,0,0,0,0,0,0,0,0,2670,2.471910112,13115001600
22480,1400000US13115001703,Census Tract 17.03; Floyd County; Georgia,0,0,0,0,0,0,0,0,0,0,0,0,0,0,0,0,0,0,0,0,0,0,0,0,0,0,0,0,0,0,0,0,0,0,3999,0,13115001703
22481,1400000US13115001704,Census Tract 17.04; Floyd County; Georgia,0,0,0,0,0,0,0,0,0,0,0,0,0,0,0,0,0,0,0,0,0,0,0,0,0,0,0,0,0,0,0,0,0,0,2717,0,13115001704
22482,1400000US13115001705,Census Tract 17.05; Floyd County; Georgia,0,0,0,0,0,0,0,0,0,0,0,0,0,0,0,0,0,0,0,0,0,0,0,0,0,0,0,0,0,0,0,0,0,0,4809,0,13115001705
22483,1400000US13115001706,Census Tract 17.06; Floyd County; Georgia,0,0,0,0,0,0,0,0,0,0,0,0,0,0,0,0,0,0,0,0,0,0,0,0,0,0,0,0,0,0,0,0,0,0,1724,0,13115001706
22484,1400000US13115001800,Census Tract 18; Floyd County; Georgia,43,0,0,0,0,0,0,0,0,0,0,24,0,0,0,0,0,0,0,0,19,0,0,0,0,0,0,0,0,0,0,0,0,0,5256,0.818112633,13115001800
22485,1400000US13115002000,Census Tract 20; Floyd County; Georgia,0,0,0,0,0,0,0,0,0,0,0,0,0,0,0,0,0,0,0,0,0,0,0,0,0,0,0,0,0,0,0,0,0,0,4204,0,13115002000
22486,1400000US13115002100,Census Tract 21; Floyd County; Georgia,0,0,0,0,0,0,0,0,0,0,0,0,0,0,0,0,0,0,0,0,0,0,0,0,0,0,0,0,0,0,0,0,0,0,4340,0,13115002100
22487,1400000US13117130101,Census Tract 1301.01; Forsyth County; Georgia,178,0,0,0,32,0,0,0,0,0,0,14,0,0,0,0,0,0,0,0,132,0,0,0,0,0,0,0,0,0,0,0,0,0,5508,3.231663036,13117130101
22488,1400000US13117130102,Census Tract 1301.02; Forsyth County; Georgia,25,0,0,6,0,0,0,0,0,0,0,0,0,0,0,0,0,0,19,0,0,0,0,0,0,0,0,0,0,0,0,0,0,0,2362,1.058425064,13117130102
22489,1400000US13117130103,Census Tract 1301.03; Forsyth County; Georgia,42,0,0,0,0,0,0,0,0,0,0,0,0,0,0,0,0,0,22,0,20,0,0,0,0,0,0,0,0,0,0,0,0,0,4789,0.877009814,13117130103
22490,1400000US13117130104,Census Tract 1301.04; Forsyth County; Georgia,74,0,0,0,0,0,0,0,0,0,0,0,0,0,0,0,0,0,0,0,74,0,0,0,0,0,0,0,0,0,0,0,0,0,4188,1.7669532,13117130104
22491,1400000US13117130105,Census Tract 1301.05; Forsyth County; Georgia,41,0,0,7,0,0,0,0,0,0,0,9,0,10,0,0,0,0,7,0,0,0,0,0,0,0,0,0,0,0,0,0,0,8,2766,1.482284888,13117130105
22492,1400000US13117130201,Census Tract 1302.01; Forsyth County; Georgia,177,146,0,0,0,0,0,0,0,0,0,0,0,0,0,0,0,0,31,0,0,0,0,0,0,0,0,0,0,0,0,0,0,0,6345,2.789598109,13117130201
22493,1400000US13117130202,Census Tract 1302.02; Forsyth County; Georgia,282,11,0,16,0,0,0,0,0,0,0,11,0,0,0,0,0,0,0,0,244,0,0,0,0,0,0,0,0,0,0,0,0,0,6404,4.403497814,13117130202
22494,1400000US13117130203,Census Tract 1302.03; Forsyth County; Georgia,198,0,0,3,0,0,0,0,0,0,0,26,0,0,0,0,0,0,0,0,169,0,0,0,0,0,0,0,0,0,0,0,0,0,6255,3.165467626,13117130203
22495,1400000US13117130204,Census Tract 1302.04; Forsyth County; Georgia,85,0,0,0,11,0,0,54,0,0,0,20,0,0,0,0,0,0,0,0,0,0,0,0,0,0,0,0,0,0,0,0,0,0,7090,1.19887165,13117130204
22496,1400000US13117130205,Census Tract 1302.05; Forsyth County; Georgia,53,0,0,0,0,0,0,0,0,0,0,18,0,0,0,0,0,0,0,0,35,0,0,0,0,0,0,0,0,0,0,0,0,0,5773,0.918066863,13117130205
22497,1400000US13117130301,Census Tract 1303.01; Forsyth County; Georgia,155,69,0,0,0,0,0,0,0,0,0,0,0,54,0,0,0,15,0,0,0,0,0,0,0,0,0,0,0,0,0,0,17,0,7825,1.980830671,13117130301
22498,1400000US13117130302,Census Tract 1303.02; Forsyth County; Georgia,778,0,0,27,0,0,0,61,0,0,0,160,0,0,0,0,0,0,0,0,451,0,0,0,79,0,0,0,0,0,0,0,0,0,9203,8.453765077,13117130302
22499,1400000US13117130303,Census Tract 1303.03; Forsyth County; Georgia,252,0,0,0,36,0,0,0,0,0,0,0,0,0,0,0,0,0,0,0,216,0,0,0,0,0,0,0,0,0,0,0,0,0,3936,6.402439024,13117130303
22500,1400000US13117130304,Census Tract 1303.04; Forsyth County; Georgia,1096,79,0,0,35,0,0,6,0,0,16,0,0,0,0,0,0,0,0,0,960,0,0,0,0,0,0,0,0,0,0,0,0,0,6001,18.26362273,13117130304
22501,1400000US13117130305,Census Tract 1303.05; Forsyth County; Georgia,1181,11,0,36,161,0,0,0,0,0,0,22,0,0,0,0,0,0,0,0,908,0,0,0,43,0,0,0,0,0,0,0,0,0,6771,17.4420322,13117130305
22502,1400000US13117130306,Census Tract 1303.06; Forsyth County; Georgia,741,41,0,0,24,0,0,20,0,0,0,0,0,0,0,0,0,0,0,0,623,0,0,0,0,0,0,0,0,0,0,0,0,33,5274,14.05005688,13117130306
22503,1400000US13117130307,Census Tract 1303.07; Forsyth County; Georgia,1456,31,0,0,32,0,0,0,0,0,0,37,0,0,0,0,0,0,13,0,1206,0,0,0,46,0,58,0,0,0,0,0,0,33,6646,21.90791454,13117130307
22504,1400000US13117130406,Census Tract 1304.06; Forsyth County; Georgia,983,93,0,83,0,0,0,0,0,3,0,99,0,0,0,0,0,0,84,0,555,50,0,0,15,0,0,0,0,0,0,0,0,1,7006,14.03083072,13117130406
22505,1400000US13117130409,Census Tract 1304.09; Forsyth County; Georgia,22,2,0,0,10,0,0,0,0,0,0,10,0,0,0,0,0,0,0,0,0,0,0,0,0,0,0,0,0,0,0,0,0,0,3572,0.615901456,13117130409
22506,1400000US13117130410,Census Tract 1304.10; Forsyth County; Georgia,1185,14,0,0,69,0,0,0,0,0,0,17,0,0,19,0,0,0,50,0,998,6,0,0,12,0,0,0,0,0,0,0,0,0,8799,13.46743948,13117130410
22507,1400000US13117130411,Census Tract 1304.11; Forsyth County; Georgia,0,0,0,0,0,0,0,0,0,0,0,0,0,0,0,0,0,0,0,0,0,0,0,0,0,0,0,0,0,0,0,0,0,0,1740,0,13117130411
22508,1400000US13117130412,Census Tract 1304.12; Forsyth County; Georgia,264,0,0,0,0,0,0,0,0,0,0,0,0,0,0,0,0,0,0,0,264,0,0,0,0,0,0,0,0,0,0,0,0,0,3641,7.250755287,13117130412
22509,1400000US13117130413,Census Tract 1304.13; Forsyth County; Georgia,0,0,0,0,0,0,0,0,0,0,0,0,0,0,0,0,0,0,0,0,0,0,0,0,0,0,0,0,0,0,0,0,0,0,3138,0,13117130413
22510,1400000US13117130414,Census Tract 1304.14; Forsyth County; Georgia,512,0,0,0,0,0,0,0,0,0,0,7,0,0,0,0,0,0,14,0,267,0,0,141,83,0,0,0,0,0,0,0,0,0,4961,10.3204999,13117130414
22511,1400000US13117130415,Census Tract 1304.15; Forsyth County; Georgia,341,0,0,0,23,0,0,0,0,0,0,55,0,0,0,0,0,0,0,0,263,0,0,0,0,0,0,0,0,0,0,0,0,0,3601,9.46959178,13117130415
22512,1400000US13117130503,Census Tract 1305.03; Forsyth County; Georgia,59,0,13,0,0,0,0,0,0,0,0,0,0,0,0,0,0,0,11,0,11,0,0,0,0,0,0,0,24,0,0,0,0,0,3378,1.746595619,13117130503
22513,1400000US13117130504,Census Tract 1305.04; Forsyth County; Georgia,64,19,0,0,9,0,0,0,0,0,0,18,0,0,0,0,0,0,0,0,18,0,0,0,0,0,0,0,0,0,0,0,0,0,3467,1.845976348,13117130504
22514,1400000US13117130505,Census Tract 1305.05; Forsyth County; Georgia,0,0,0,0,0,0,0,0,0,0,0,0,0,0,0,0,0,0,0,0,0,0,0,0,0,0,0,0,0,0,0,0,0,0,2646,0,13117130505
22515,1400000US13117130506,Census Tract 1305.06; Forsyth County; Georgia,112,0,0,0,74,0,0,0,0,0,0,10,0,0,0,0,0,0,0,0,28,0,0,0,0,0,0,0,0,0,0,0,0,0,3771,2.970034474,13117130506
22516,1400000US13117130507,Census Tract 1305.07; Forsyth County; Georgia,263,0,0,18,13,0,0,0,0,0,0,193,0,18,0,0,0,0,0,0,21,0,0,0,0,0,0,0,0,0,0,0,0,0,3167,8.304389012,13117130507
22517,1400000US13117130508,Census Tract 1305.08; Forsyth County; Georgia,230,39,0,19,0,0,0,0,0,0,0,9,0,0,0,0,0,0,12,0,151,0,0,0,0,0,0,0,0,0,0,0,0,0,5358,4.29264651,13117130508
22518,1400000US13117130509,Census Tract 1305.09; Forsyth County; Georgia,596,0,0,18,0,0,0,0,0,0,0,36,0,0,0,0,0,0,0,0,542,0,0,0,0,0,0,0,0,0,0,0,0,0,4154,14.34761675,13117130509
22519,1400000US13117130511,Census Tract 1305.11; Forsyth County; Georgia,1140,49,0,0,407,0,0,0,0,0,0,23,0,0,0,0,0,0,0,0,588,0,0,0,56,0,0,0,0,0,0,0,0,17,6240,18.26923077,13117130511
22520,1400000US13117130512,Census Tract 1305.12; Forsyth County; Georgia,1499,0,0,0,0,0,0,0,0,0,0,0,0,0,0,0,0,0,0,0,1492,0,0,0,7,0,0,0,0,0,0,0,0,0,3477,43.11187806,13117130512
22521,1400000US13117130601,Census Tract 1306.01; Forsyth County; Georgia,2204,95,0,6,0,0,0,0,0,0,0,49,0,0,0,0,0,14,88,0,1864,0,0,30,0,0,0,0,0,0,0,0,54,4,6144,35.87239583,13117130601
22522,1400000US13117130602,Census Tract 1306.02; Forsyth County; Georgia,1331,17,0,0,29,0,0,0,0,0,0,0,0,0,0,0,0,0,0,0,1132,0,0,0,153,0,0,0,0,0,0,0,0,0,6130,21.71288744,13117130602
22523,1400000US13117130603,Census Tract 1306.03; Forsyth County; Georgia,2463,489,0,0,50,0,0,25,0,0,0,5,20,0,0,0,0,0,42,0,1735,26,0,25,46,0,0,0,0,0,0,0,0,0,8828,27.89986407,13117130603
22524,1400000US13117130604,Census Tract 1306.04; Forsyth County; Georgia,1109,87,0,5,129,0,0,0,0,0,0,20,0,0,0,0,0,0,72,0,750,0,0,40,0,0,0,0,0,0,0,0,0,6,5330,20.80675422,13117130604
22525,1400000US13117130605,Census Tract 1306.05; Forsyth County; Georgia,708,162,0,0,62,0,0,21,0,0,0,0,0,0,0,0,0,0,0,0,463,0,0,0,0,0,0,0,0,0,0,0,0,0,4734,14.95564005,13117130605
22526,1400000US13117130606,Census Tract 1306.06; Forsyth County; Georgia,1320,290,0,12,111,0,0,0,0,0,0,66,0,0,0,0,0,0,91,0,522,0,0,0,0,89,0,0,0,0,0,0,0,139,5555,23.76237624,13117130606
22527,1400000US13117130607,Census Tract 1306.07; Forsyth County; Georgia,4894,366,0,31,302,0,0,7,0,0,0,0,0,0,0,0,0,0,0,0,4153,0,0,0,0,0,0,0,0,0,0,0,0,35,8691,56.31112645,13117130607
22528,1400000US13117130608,Census Tract 1306.08; Forsyth County; Georgia,3402,554,0,0,494,0,0,0,0,0,22,35,0,11,11,0,0,0,57,0,2020,0,0,0,184,0,0,0,0,0,0,0,7,7,6149,55.32606928,13117130608
22529,1400000US13117130609,Census Tract 1306.09; Forsyth County; Georgia,3122,439,0,19,391,0,0,6,0,0,20,0,0,0,0,0,0,7,7,0,2016,0,0,0,184,0,0,0,0,0,19,0,0,14,6937,45.00504541,13117130609
22530,1400000US13117130610,Census Tract 1306.10; Forsyth County; Georgia,2147,395,0,0,374,0,0,19,0,0,52,0,0,163,0,0,0,38,73,0,1003,0,0,0,0,0,0,0,0,0,0,0,30,0,6102,35.18518519,13117130610
22531,1400000US13117130611,Census Tract 1306.11; Forsyth County; Georgia,864,79,0,0,89,0,0,0,0,0,7,8,0,0,0,0,0,0,0,0,681,0,0,0,0,0,0,0,0,0,0,0,0,0,5397,16.00889383,13117130611
22532,1400000US13117130613,Census Tract 1306.13; Forsyth County; Georgia,2074,372,0,0,0,0,0,0,0,0,0,0,0,0,0,0,0,0,16,0,1578,0,0,0,30,0,0,0,0,0,0,0,18,60,6553,31.64962613,13117130613
22533,1400000US13117130614,Census Tract 1306.14; Forsyth County; Georgia,1704,130,0,0,309,0,0,0,0,0,0,0,0,0,0,0,0,0,141,0,1115,0,0,0,0,0,0,0,0,9,0,0,0,0,4349,39.18142102,13117130614
22534,1400000US13117130615,Census Tract 1306.15; Forsyth County; Georgia,606,334,0,0,105,0,0,0,0,0,0,0,0,0,0,0,0,0,0,0,70,0,0,0,97,0,0,0,0,0,0,0,0,0,3074,19.71372804,13117130615
22535,1400000US13119890101,Census Tract 8901.01; Franklin County; Georgia,40,40,0,0,0,0,0,0,0,0,0,0,0,0,0,0,0,0,0,0,0,0,0,0,0,0,0,0,0,0,0,0,0,0,4984,0.802568218,13119890101
22536,1400000US13119890103,Census Tract 8901.03; Franklin County; Georgia,0,0,0,0,0,0,0,0,0,0,0,0,0,0,0,0,0,0,0,0,0,0,0,0,0,0,0,0,0,0,0,0,0,0,2258,0,13119890103
22537,1400000US13119890104,Census Tract 8901.04; Franklin County; Georgia,0,0,0,0,0,0,0,0,0,0,0,0,0,0,0,0,0,0,0,0,0,0,0,0,0,0,0,0,0,0,0,0,0,0,1533,0,13119890104
22538,1400000US13119890201,Census Tract 8902.01; Franklin County; Georgia,152,0,0,0,0,0,0,0,0,0,0,0,0,0,0,0,0,0,152,0,0,0,0,0,0,0,0,0,0,0,0,0,0,0,2952,5.149051491,13119890201
22539,1400000US13119890202,Census Tract 8902.02; Franklin County; Georgia,7,0,0,0,4,0,0,0,0,0,0,0,0,0,0,0,0,0,0,0,3,0,0,0,0,0,0,0,0,0,0,0,0,0,3231,0.216651192,13119890202
22540,1400000US13119890300,Census Tract 8903; Franklin County; Georgia,63,0,0,0,0,0,0,0,0,0,0,0,15,0,0,0,0,0,48,0,0,0,0,0,0,0,0,0,0,0,0,0,0,0,3839,1.641052357,13119890300
22541,1400000US13119890401,Census Tract 8904.01; Franklin County; Georgia,0,0,0,0,0,0,0,0,0,0,0,0,0,0,0,0,0,0,0,0,0,0,0,0,0,0,0,0,0,0,0,0,0,0,1921,0,13119890401
22542,1400000US13119890402,Census Tract 8904.02; Franklin County; Georgia,91,3,0,0,4,0,0,0,0,0,0,0,0,0,0,0,0,0,34,0,14,0,0,0,0,0,0,0,0,0,0,0,36,0,2762,3.294713975,13119890402
22543,1400000US13121000100,Census Tract 1; Fulton County; Georgia,298,62,0,0,71,0,0,0,0,0,0,0,0,0,0,0,0,0,0,0,165,0,0,0,0,0,0,0,0,0,0,0,0,0,5160,5.775193798,13121000100
22544,1400000US13121000201,Census Tract 2.01; Fulton County; Georgia,0,0,0,0,0,0,0,0,0,0,0,0,0,0,0,0,0,0,0,0,0,0,0,0,0,0,0,0,0,0,0,0,0,0,2233,0,13121000201
22545,1400000US13121000202,Census Tract 2.02; Fulton County; Georgia,122,28,0,0,0,0,0,0,0,0,0,7,0,0,0,0,0,9,13,0,65,0,0,0,0,0,0,0,0,0,0,0,0,0,4106,2.971261568,13121000202
22546,1400000US13121000400,Census Tract 4; Fulton County; Georgia,93,28,0,0,16,0,0,0,0,0,0,0,0,0,0,0,0,0,0,0,39,0,0,0,10,0,0,0,0,0,0,0,0,0,2014,4.617676266,13121000400
22547,1400000US13121000501,Census Tract 5.01; Fulton County; Georgia,757,225,0,136,25,0,0,25,0,0,0,38,0,0,0,0,0,0,21,0,247,0,0,0,0,0,0,0,0,0,0,0,0,40,4385,17.26339795,13121000501
22548,1400000US13121000502,Census Tract 5.02; Fulton County; Georgia,89,66,0,0,0,0,0,0,0,0,0,23,0,0,0,0,0,0,0,0,0,0,0,0,0,0,0,0,0,0,0,0,0,0,1779,5.002810568,13121000502
22549,1400000US13121000601,Census Tract 6.01; Fulton County; Georgia,612,196,0,11,65,18,0,7,0,0,0,18,0,0,0,0,0,0,8,0,262,0,0,0,27,0,0,0,0,0,0,0,0,0,4626,13.22957198,13121000601
22550,1400000US13121000602,Census Tract 6.02; Fulton County; Georgia,712,235,0,7,56,0,0,25,0,0,0,0,0,0,0,0,0,0,21,0,264,104,0,0,0,0,0,0,0,0,0,0,0,0,2960,24.05405405,13121000602
22551,1400000US13121000700,Census Tract 7; Fulton County; Georgia,64,5,0,0,10,0,0,0,0,0,0,5,0,0,0,0,0,0,20,0,12,0,0,0,0,0,0,0,0,0,0,0,8,4,2897,2.209181912,13121000700
22552,1400000US13121001001,Census Tract 10.01; Fulton County; Georgia,1195,624,0,30,96,0,0,0,0,0,0,44,0,0,0,0,0,32,11,0,358,0,0,0,0,0,0,0,0,0,0,0,0,0,4800,24.89583333,13121001001
22553,1400000US13121001002,Census Tract 10.02; Fulton County; Georgia,1726,480,0,13,224,0,0,49,0,0,0,44,0,0,7,0,0,8,31,0,809,0,0,0,61,0,0,0,0,0,0,0,0,0,7337,23.52460134,13121001002
22554,1400000US13121001101,Census Tract 11.01; Fulton County; Georgia,146,47,0,45,0,0,0,0,0,0,0,0,0,0,0,0,0,20,0,0,34,0,0,0,0,0,0,0,0,0,0,0,0,0,3405,4.287812041,13121001101
22555,1400000US13121001102,Census Tract 11.02; Fulton County; Georgia,91,64,0,0,0,0,0,0,0,0,0,0,0,0,0,0,0,0,0,0,27,0,0,0,0,0,0,0,0,0,0,0,0,0,3488,2.608944954,13121001102
22556,1400000US13121001203,Census Tract 12.03; Fulton County; Georgia,239,45,0,0,52,0,0,0,0,0,0,17,0,0,0,0,0,0,0,0,51,0,0,0,74,0,0,0,0,0,0,0,0,0,2717,8.796466691,13121001203
22557,1400000US13121001204,Census Tract 12.04; Fulton County; Georgia,145,33,0,0,0,0,0,0,0,0,0,0,0,0,0,0,0,0,0,0,112,0,0,0,0,0,0,0,0,0,0,0,0,0,1939,7.478081485,13121001204
22558,1400000US13121001205,Census Tract 12.05; Fulton County; Georgia,177,32,0,0,33,0,0,15,0,0,0,16,0,0,0,0,0,0,0,0,81,0,0,0,0,0,0,0,0,0,0,0,0,0,1973,8.971109985,13121001205
22559,1400000US13121001206,Census Tract 12.06; Fulton County; Georgia,256,51,0,0,0,0,0,0,0,0,0,13,0,0,0,0,0,25,29,0,108,0,0,0,0,0,0,0,0,0,0,0,0,30,3319,7.713166616,13121001206
22560,1400000US13121001301,Census Tract 13.01; Fulton County; Georgia,82,15,0,0,15,0,0,0,0,0,0,0,0,0,0,0,0,0,7,0,45,0,0,0,0,0,0,0,0,0,0,0,0,0,3271,2.50687863,13121001301
22561,1400000US13121001302,Census Tract 13.02; Fulton County; Georgia,12,0,0,0,0,0,0,0,0,0,0,0,0,0,0,0,0,0,0,0,12,0,0,0,0,0,0,0,0,0,0,0,0,0,2050,0.585365854,13121001302
22562,1400000US13121001400,Census Tract 14; Fulton County; Georgia,79,32,0,0,8,0,0,0,0,0,0,18,0,0,0,0,0,0,0,0,21,0,0,0,0,0,0,0,0,0,0,0,0,0,2302,3.431798436,13121001400
22563,1400000US13121001501,Census Tract 15.01; Fulton County; Georgia,171,25,0,0,111,0,0,0,0,0,0,14,0,0,0,0,0,0,21,0,0,0,0,0,0,0,0,0,0,0,0,0,0,0,2334,7.326478149,13121001501
22564,1400000US13121001502,Census Tract 15.02; Fulton County; Georgia,67,11,0,0,0,0,0,0,0,0,0,0,0,0,0,0,0,0,0,0,56,0,0,0,0,0,0,0,0,0,0,0,0,0,2127,3.149976493,13121001502
22565,1400000US13121001600,Census Tract 16; Fulton County; Georgia,94,50,0,0,0,0,0,0,0,0,0,2,0,0,0,0,0,0,0,0,42,0,0,0,0,0,0,0,0,0,0,0,0,0,2318,4.055220017,13121001600
22566,1400000US13121001701,Census Tract 17.01; Fulton County; Georgia,115,0,0,0,0,0,0,0,0,0,0,115,0,0,0,0,0,0,0,0,0,0,0,0,0,0,0,0,0,0,0,0,0,0,2169,5.30198248,13121001701
22567,1400000US13121001702,Census Tract 17.02; Fulton County; Georgia,205,0,0,0,115,0,0,0,0,0,0,0,0,0,19,0,0,0,0,0,71,0,0,0,0,0,0,0,0,0,0,0,0,0,3653,5.611825897,13121001702
22568,1400000US13121001801,Census Tract 18.01; Fulton County; Georgia,58,0,0,0,0,0,0,0,0,0,0,0,0,0,0,0,0,0,0,0,58,0,0,0,0,0,0,0,0,0,0,0,0,0,2412,2.404643449,13121001801
22569,1400000US13121001802,Census Tract 18.02; Fulton County; Georgia,242,13,0,47,0,0,0,0,0,0,87,0,0,0,0,0,0,17,0,0,78,0,0,0,0,0,0,0,0,0,0,0,0,0,2577,9.390764455,13121001802
22570,1400000US13121001901,Census Tract 19.01; Fulton County; Georgia,728,122,0,0,68,0,0,18,0,0,0,49,0,0,0,0,0,0,18,0,453,0,0,0,0,0,0,0,0,0,0,0,0,0,3862,18.85033661,13121001901
22571,1400000US13121001902,Census Tract 19.02; Fulton County; Georgia,137,0,0,0,24,0,0,0,0,0,0,0,0,0,0,0,0,41,0,0,72,0,0,0,0,0,0,0,0,0,0,0,0,0,2337,5.862216517,13121001902
22572,1400000US13121002100,Census Tract 21; Fulton County; Georgia,195,0,0,105,0,0,0,0,0,0,0,7,0,0,0,0,0,0,0,0,51,0,0,0,26,0,0,0,0,0,0,0,6,0,2578,7.564003103,13121002100
22573,1400000US13121002300,Census Tract 23; Fulton County; Georgia,0,0,0,0,0,0,0,0,0,0,0,0,0,0,0,0,0,0,0,0,0,0,0,0,0,0,0,0,0,0,0,0,0,0,1129,0,13121002300
22574,1400000US13121002400,Census Tract 24; Fulton County; Georgia,0,0,0,0,0,0,0,0,0,0,0,0,0,0,0,0,0,0,0,0,0,0,0,0,0,0,0,0,0,0,0,0,0,0,2804,0,13121002400
22575,1400000US13121002500,Census Tract 25; Fulton County; Georgia,43,0,0,0,10,0,0,0,0,0,0,0,0,0,0,0,0,0,0,0,33,0,0,0,0,0,0,0,0,0,0,0,0,0,3123,1.376881204,13121002500
22576,1400000US13121002600,Census Tract 26; Fulton County; Georgia,26,26,0,0,0,0,0,0,0,0,0,0,0,0,0,0,0,0,0,0,0,0,0,0,0,0,0,0,0,0,0,0,0,0,1071,2.427637722,13121002600
22577,1400000US13121002801,Census Tract 28.01; Fulton County; Georgia,552,113,0,4,48,0,0,0,0,0,0,0,0,0,0,0,0,0,0,0,375,0,0,0,12,0,0,0,0,0,0,0,0,0,3945,13.99239544,13121002801
22578,1400000US13121002802,Census Tract 28.02; Fulton County; Georgia,367,22,0,246,3,0,0,3,0,0,0,0,0,0,0,0,0,0,21,0,72,0,0,0,0,0,0,0,0,0,0,0,0,0,1715,21.39941691,13121002802
22579,1400000US13121002900,Census Tract 29; Fulton County; Georgia,114,25,0,25,0,0,0,0,0,0,0,8,0,0,0,0,0,0,0,0,56,0,0,0,0,0,0,0,0,0,0,0,0,0,2350,4.85106383,13121002900
22580,1400000US13121003000,Census Tract 30; Fulton County; Georgia,388,15,0,5,0,0,0,11,0,0,0,15,0,0,0,0,0,0,246,0,96,0,0,0,0,0,0,0,0,0,0,0,0,0,3974,9.763462506,13121003000
22581,1400000US13121003100,Census Tract 31; Fulton County; Georgia,80,33,0,0,23,0,0,0,0,0,0,0,0,0,0,0,0,0,0,0,24,0,0,0,0,0,0,0,0,0,0,0,0,0,2710,2.95202952,13121003100
22582,1400000US13121003200,Census Tract 32; Fulton County; Georgia,41,0,0,0,22,0,0,0,0,0,0,0,0,0,0,0,0,0,9,0,10,0,0,0,0,0,0,0,0,0,0,0,0,0,2787,1.471115895,13121003200
22583,1400000US13121003500,Census Tract 35; Fulton County; Georgia,213,24,0,0,12,0,0,0,0,0,0,0,0,0,0,0,0,0,1,0,166,0,0,0,10,0,0,0,0,0,0,0,0,0,2904,7.334710744,13121003500
22584,1400000US13121003600,Census Tract 36; Fulton County; Georgia,0,0,0,0,0,0,0,0,0,0,0,0,0,0,0,0,0,0,0,0,0,0,0,0,0,0,0,0,0,0,0,0,0,0,1133,0,13121003600
22585,1400000US13121003700,Census Tract 37; Fulton County; Georgia,0,0,0,0,0,0,0,0,0,0,0,0,0,0,0,0,0,0,0,0,0,0,0,0,0,0,0,0,0,0,0,0,0,0,191,0,13121003700
22586,1400000US13121003800,Census Tract 38; Fulton County; Georgia,504,140,0,0,50,0,0,17,0,0,0,18,0,0,10,0,0,3,35,0,223,0,0,0,8,0,0,0,0,0,0,0,0,0,3911,12.88672974,13121003800
22587,1400000US13121003900,Census Tract 39; Fulton County; Georgia,21,0,21,0,0,0,0,0,0,0,0,0,0,0,0,0,0,0,0,0,0,0,0,0,0,0,0,0,0,0,0,0,0,0,1562,1.344430218,13121003900
22588,1400000US13121004000,Census Tract 40; Fulton County; Georgia,28,28,0,0,0,0,0,0,0,0,0,0,0,0,0,0,0,0,0,0,0,0,0,0,0,0,0,0,0,0,0,0,0,0,2770,1.010830325,13121004000
22589,1400000US13121004100,Census Tract 41; Fulton County; Georgia,157,0,0,0,35,0,0,0,0,0,0,5,0,0,0,0,0,0,99,0,0,0,0,0,0,0,0,0,0,0,0,0,0,18,2137,7.346747777,13121004100
22590,1400000US13121004200,Census Tract 42; Fulton County; Georgia,0,0,0,0,0,0,0,0,0,0,0,0,0,0,0,0,0,0,0,0,0,0,0,0,0,0,0,0,0,0,0,0,0,0,2274,0,13121004200
22591,1400000US13121004300,Census Tract 43; Fulton County; Georgia,208,43,0,19,8,0,0,0,0,0,0,0,0,0,0,0,0,7,0,0,108,0,0,0,23,0,0,0,0,0,0,0,0,0,2447,8.500204332,13121004300
22592,1400000US13121004400,Census Tract 44; Fulton County; Georgia,0,0,0,0,0,0,0,0,0,0,0,0,0,0,0,0,0,0,0,0,0,0,0,0,0,0,0,0,0,0,0,0,0,0,3628,0,13121004400
22593,1400000US13121004800,Census Tract 48; Fulton County; Georgia,15,0,0,0,0,15,0,0,0,0,0,0,0,0,0,0,0,0,0,0,0,0,0,0,0,0,0,0,0,0,0,0,0,0,1347,1.113585746,13121004800
22594,1400000US13121004900,Census Tract 49; Fulton County; Georgia,197,0,0,27,104,0,0,0,0,0,0,0,0,0,0,0,0,0,23,0,30,0,0,0,0,0,13,0,0,0,0,0,0,0,3082,6.391953277,13121004900
22595,1400000US13121005000,Census Tract 50; Fulton County; Georgia,163,0,0,23,91,0,0,0,0,0,0,0,0,0,0,0,0,0,19,0,15,0,0,0,0,0,0,0,0,0,15,0,0,0,3502,4.654483152,13121005000
22596,1400000US13121005200,Census Tract 52; Fulton County; Georgia,540,41,0,0,0,0,0,0,0,0,0,322,0,0,0,0,0,0,0,0,172,0,0,0,5,0,0,0,0,0,0,0,0,0,4872,11.08374384,13121005200
22597,1400000US13121005300,Census Tract 53; Fulton County; Georgia,122,39,0,0,0,0,0,0,0,0,0,0,0,0,0,0,0,0,24,0,45,0,0,0,0,0,0,0,0,0,0,0,0,14,4031,3.026544282,13121005300
22598,1400000US13121005501,Census Tract 55.01; Fulton County; Georgia,7,7,0,0,0,0,0,0,0,0,0,0,0,0,0,0,0,0,0,0,0,0,0,0,0,0,0,0,0,0,0,0,0,0,3039,0.230338927,13121005501
22599,1400000US13121005503,Census Tract 55.03; Fulton County; Georgia,0,0,0,0,0,0,0,0,0,0,0,0,0,0,0,0,0,0,0,0,0,0,0,0,0,0,0,0,0,0,0,0,0,0,1505,0,13121005503
22600,1400000US13121005504,Census Tract 55.04; Fulton County; Georgia,0,0,0,0,0,0,0,0,0,0,0,0,0,0,0,0,0,0,0,0,0,0,0,0,0,0,0,0,0,0,0,0,0,0,1344,0,13121005504
22601,1400000US13121005700,Census Tract 57; Fulton County; Georgia,0,0,0,0,0,0,0,0,0,0,0,0,0,0,0,0,0,0,0,0,0,0,0,0,0,0,0,0,0,0,0,0,0,0,1248,0,13121005700
22602,1400000US13121005800,Census Tract 58; Fulton County; Georgia,188,0,0,0,0,0,0,0,0,0,0,0,0,0,0,0,0,0,19,0,169,0,0,0,0,0,0,0,0,0,0,0,0,0,1208,15.56291391,13121005800
22603,1400000US13121006000,Census Tract 60; Fulton County; Georgia,27,0,0,0,0,0,0,0,0,0,0,20,0,0,0,0,0,0,0,0,0,0,0,0,0,0,0,0,0,0,0,0,7,0,3408,0.792253521,13121006000
22604,1400000US13121006100,Census Tract 61; Fulton County; Georgia,0,0,0,0,0,0,0,0,0,0,0,0,0,0,0,0,0,0,0,0,0,0,0,0,0,0,0,0,0,0,0,0,0,0,3360,0,13121006100
22605,1400000US13121006200,Census Tract 62; Fulton County; Georgia,12,0,0,0,0,0,0,5,0,0,0,0,0,0,0,0,0,0,0,0,7,0,0,0,0,0,0,0,0,0,0,0,0,0,1509,0.795228628,13121006200
22606,1400000US13121006300,Census Tract 63; Fulton County; Georgia,0,0,0,0,0,0,0,0,0,0,0,0,0,0,0,0,0,0,0,0,0,0,0,0,0,0,0,0,0,0,0,0,0,0,1750,0,13121006300
22607,1400000US13121006400,Census Tract 64; Fulton County; Georgia,0,0,0,0,0,0,0,0,0,0,0,0,0,0,0,0,0,0,0,0,0,0,0,0,0,0,0,0,0,0,0,0,0,0,772,0,13121006400
22608,1400000US13121006500,Census Tract 65; Fulton County; Georgia,149,0,0,0,116,0,0,0,0,0,0,33,0,0,0,0,0,0,0,0,0,0,0,0,0,0,0,0,0,0,0,0,0,0,3420,4.356725146,13121006500
22609,1400000US13121006601,Census Tract 66.01; Fulton County; Georgia,17,0,0,0,0,0,0,0,0,0,0,17,0,0,0,0,0,0,0,0,0,0,0,0,0,0,0,0,0,0,0,0,0,0,1488,1.142473118,13121006601
22610,1400000US13121006602,Census Tract 66.02; Fulton County; Georgia,0,0,0,0,0,0,0,0,0,0,0,0,0,0,0,0,0,0,0,0,0,0,0,0,0,0,0,0,0,0,0,0,0,0,829,0,13121006602
22611,1400000US13121006701,Census Tract 67.01; Fulton County; Georgia,0,0,0,0,0,0,0,0,0,0,0,0,0,0,0,0,0,0,0,0,0,0,0,0,0,0,0,0,0,0,0,0,0,0,2816,0,13121006701
22612,1400000US13121006702,Census Tract 67.02; Fulton County; Georgia,12,12,0,0,0,0,0,0,0,0,0,0,0,0,0,0,0,0,0,0,0,0,0,0,0,0,0,0,0,0,0,0,0,0,1744,0.688073394,13121006702
22613,1400000US13121006801,Census Tract 68.01; Fulton County; Georgia,0,0,0,0,0,0,0,0,0,0,0,0,0,0,0,0,0,0,0,0,0,0,0,0,0,0,0,0,0,0,0,0,0,0,1758,0,13121006801
22614,1400000US13121006802,Census Tract 68.02; Fulton County; Georgia,0,0,0,0,0,0,0,0,0,0,0,0,0,0,0,0,0,0,0,0,0,0,0,0,0,0,0,0,0,0,0,0,0,0,1521,0,13121006802
22615,1400000US13121006900,Census Tract 69; Fulton County; Georgia,103,55,0,0,0,0,0,0,0,0,0,16,0,7,0,0,0,20,0,0,5,0,0,0,0,0,0,0,0,0,0,0,0,0,3592,2.867483296,13121006900
22616,1400000US13121007001,Census Tract 70.01; Fulton County; Georgia,8,0,0,0,8,0,0,0,0,0,0,0,0,0,0,0,0,0,0,0,0,0,0,0,0,0,0,0,0,0,0,0,0,0,3284,0.243605359,13121007001
22617,1400000US13121007002,Census Tract 70.02; Fulton County; Georgia,0,0,0,0,0,0,0,0,0,0,0,0,0,0,0,0,0,0,0,0,0,0,0,0,0,0,0,0,0,0,0,0,0,0,3067,0,13121007002
22618,1400000US13121007100,Census Tract 71; Fulton County; Georgia,0,0,0,0,0,0,0,0,0,0,0,0,0,0,0,0,0,0,0,0,0,0,0,0,0,0,0,0,0,0,0,0,0,0,2391,0,13121007100
22619,1400000US13121007200,Census Tract 72; Fulton County; Georgia,8,0,0,0,0,0,0,0,0,0,0,8,0,0,0,0,0,0,0,0,0,0,0,0,0,0,0,0,0,0,0,0,0,0,1833,0.43644299,13121007200
22620,1400000US13121007301,Census Tract 73.01; Fulton County; Georgia,0,0,0,0,0,0,0,0,0,0,0,0,0,0,0,0,0,0,0,0,0,0,0,0,0,0,0,0,0,0,0,0,0,0,3827,0,13121007301
22621,1400000US13121007302,Census Tract 73.02; Fulton County; Georgia,0,0,0,0,0,0,0,0,0,0,0,0,0,0,0,0,0,0,0,0,0,0,0,0,0,0,0,0,0,0,0,0,0,0,2447,0,13121007302
22622,1400000US13121007400,Census Tract 74; Fulton County; Georgia,19,0,0,0,0,0,0,0,0,0,0,0,0,0,0,0,0,0,19,0,0,0,0,0,0,0,0,0,0,0,0,0,0,0,3173,0.598802395,13121007400
22623,1400000US13121007500,Census Tract 75; Fulton County; Georgia,47,43,0,0,0,0,0,0,0,0,0,4,0,0,0,0,0,0,0,0,0,0,0,0,0,0,0,0,0,0,0,0,0,0,3072,1.529947917,13121007500
22624,1400000US13121007602,Census Tract 76.02; Fulton County; Georgia,0,0,0,0,0,0,0,0,0,0,0,0,0,0,0,0,0,0,0,0,0,0,0,0,0,0,0,0,0,0,0,0,0,0,2828,0,13121007602
22625,1400000US13121007603,Census Tract 76.03; Fulton County; Georgia,0,0,0,0,0,0,0,0,0,0,0,0,0,0,0,0,0,0,0,0,0,0,0,0,0,0,0,0,0,0,0,0,0,0,3454,0,13121007603
22626,1400000US13121007604,Census Tract 76.04; Fulton County; Georgia,93,46,0,0,0,0,0,0,0,0,0,47,0,0,0,0,0,0,0,0,0,0,0,0,0,0,0,0,0,0,0,0,0,0,3385,2.747415066,13121007604
22627,1400000US13121007703,Census Tract 77.03; Fulton County; Georgia,38,0,38,0,0,0,0,0,0,0,0,0,0,0,0,0,0,0,0,0,0,0,0,0,0,0,0,0,0,0,0,0,0,0,3459,1.098583406,13121007703
22628,1400000US13121007705,Census Tract 77.05; Fulton County; Georgia,0,0,0,0,0,0,0,0,0,0,0,0,0,0,0,0,0,0,0,0,0,0,0,0,0,0,0,0,0,0,0,0,0,0,4250,0,13121007705
22629,1400000US13121007707,Census Tract 77.07; Fulton County; Georgia,0,0,0,0,0,0,0,0,0,0,0,0,0,0,0,0,0,0,0,0,0,0,0,0,0,0,0,0,0,0,0,0,0,0,1931,0,13121007707
22630,1400000US13121007708,Census Tract 77.08; Fulton County; Georgia,0,0,0,0,0,0,0,0,0,0,0,0,0,0,0,0,0,0,0,0,0,0,0,0,0,0,0,0,0,0,0,0,0,0,3152,0,13121007708
22631,1400000US13121007709,Census Tract 77.09; Fulton County; Georgia,79,0,0,0,0,0,0,0,0,0,0,0,0,79,0,0,0,0,0,0,0,0,0,0,0,0,0,0,0,0,0,0,0,0,4347,1.817345296,13121007709
22632,1400000US13121007710,Census Tract 77.10; Fulton County; Georgia,0,0,0,0,0,0,0,0,0,0,0,0,0,0,0,0,0,0,0,0,0,0,0,0,0,0,0,0,0,0,0,0,0,0,2988,0,13121007710
22633,1400000US13121007711,Census Tract 77.11; Fulton County; Georgia,0,0,0,0,0,0,0,0,0,0,0,0,0,0,0,0,0,0,0,0,0,0,0,0,0,0,0,0,0,0,0,0,0,0,3037,0,13121007711
22634,1400000US13121007805,Census Tract 78.05; Fulton County; Georgia,0,0,0,0,0,0,0,0,0,0,0,0,0,0,0,0,0,0,0,0,0,0,0,0,0,0,0,0,0,0,0,0,0,0,4895,0,13121007805
22635,1400000US13121007806,Census Tract 78.06; Fulton County; Georgia,0,0,0,0,0,0,0,0,0,0,0,0,0,0,0,0,0,0,0,0,0,0,0,0,0,0,0,0,0,0,0,0,0,0,5770,0,13121007806
22636,1400000US13121007807,Census Tract 78.07; Fulton County; Georgia,0,0,0,0,0,0,0,0,0,0,0,0,0,0,0,0,0,0,0,0,0,0,0,0,0,0,0,0,0,0,0,0,0,0,3916,0,13121007807
22637,1400000US13121007808,Census Tract 78.08; Fulton County; Georgia,0,0,0,0,0,0,0,0,0,0,0,0,0,0,0,0,0,0,0,0,0,0,0,0,0,0,0,0,0,0,0,0,0,0,3278,0,13121007808
22638,1400000US13121007809,Census Tract 78.09; Fulton County; Georgia,0,0,0,0,0,0,0,0,0,0,0,0,0,0,0,0,0,0,0,0,0,0,0,0,0,0,0,0,0,0,0,0,0,0,5009,0,13121007809
22639,1400000US13121007810,Census Tract 78.10; Fulton County; Georgia,0,0,0,0,0,0,0,0,0,0,0,0,0,0,0,0,0,0,0,0,0,0,0,0,0,0,0,0,0,0,0,0,0,0,4239,0,13121007810
22640,1400000US13121007900,Census Tract 79; Fulton County; Georgia,0,0,0,0,0,0,0,0,0,0,0,0,0,0,0,0,0,0,0,0,0,0,0,0,0,0,0,0,0,0,0,0,0,0,4971,0,13121007900
22641,1400000US13121008000,Census Tract 80; Fulton County; Georgia,1,0,0,0,0,0,0,0,0,0,0,0,0,0,0,0,0,0,0,0,1,0,0,0,0,0,0,0,0,0,0,0,0,0,5628,0.017768301,13121008000
22642,1400000US13121008103,Census Tract 81.03; Fulton County; Georgia,0,0,0,0,0,0,0,0,0,0,0,0,0,0,0,0,0,0,0,0,0,0,0,0,0,0,0,0,0,0,0,0,0,0,3498,0,13121008103
22643,1400000US13121008104,Census Tract 81.04; Fulton County; Georgia,0,0,0,0,0,0,0,0,0,0,0,0,0,0,0,0,0,0,0,0,0,0,0,0,0,0,0,0,0,0,0,0,0,0,3215,0,13121008104
22644,1400000US13121008202,Census Tract 82.02; Fulton County; Georgia,0,0,0,0,0,0,0,0,0,0,0,0,0,0,0,0,0,0,0,0,0,0,0,0,0,0,0,0,0,0,0,0,0,0,2284,0,13121008202
22645,1400000US13121008203,Census Tract 82.03; Fulton County; Georgia,0,0,0,0,0,0,0,0,0,0,0,0,0,0,0,0,0,0,0,0,0,0,0,0,0,0,0,0,0,0,0,0,0,0,2535,0,13121008203
22646,1400000US13121008204,Census Tract 82.04; Fulton County; Georgia,14,0,0,0,0,0,0,0,0,0,0,0,0,0,0,0,0,14,0,0,0,0,0,0,0,0,0,0,0,0,0,0,0,0,2763,0.506695621,13121008204
22647,1400000US13121008301,Census Tract 83.01; Fulton County; Georgia,0,0,0,0,0,0,0,0,0,0,0,0,0,0,0,0,0,0,0,0,0,0,0,0,0,0,0,0,0,0,0,0,0,0,2997,0,13121008301
22648,1400000US13121008302,Census Tract 83.02; Fulton County; Georgia,0,0,0,0,0,0,0,0,0,0,0,0,0,0,0,0,0,0,0,0,0,0,0,0,0,0,0,0,0,0,0,0,0,0,1831,0,13121008302
22649,1400000US13121008400,Census Tract 84; Fulton County; Georgia,8,8,0,0,0,0,0,0,0,0,0,0,0,0,0,0,0,0,0,0,0,0,0,0,0,0,0,0,0,0,0,0,0,0,2805,0.285204991,13121008400
22650,1400000US13121008500,Census Tract 85; Fulton County; Georgia,29,0,0,0,29,0,0,0,0,0,0,0,0,0,0,0,0,0,0,0,0,0,0,0,0,0,0,0,0,0,0,0,0,0,2258,1.284322409,13121008500
22651,1400000US13121008601,Census Tract 86.01; Fulton County; Georgia,15,0,0,0,0,0,0,0,0,0,0,0,15,0,0,0,0,0,0,0,0,0,0,0,0,0,0,0,0,0,0,0,0,0,5555,0.270027003,13121008601
22652,1400000US13121008602,Census Tract 86.02; Fulton County; Georgia,0,0,0,0,0,0,0,0,0,0,0,0,0,0,0,0,0,0,0,0,0,0,0,0,0,0,0,0,0,0,0,0,0,0,1298,0,13121008602
22653,1400000US13121008701,Census Tract 87.01; Fulton County; Georgia,0,0,0,0,0,0,0,0,0,0,0,0,0,0,0,0,0,0,0,0,0,0,0,0,0,0,0,0,0,0,0,0,0,0,3833,0,13121008701
22654,1400000US13121008702,Census Tract 87.02; Fulton County; Georgia,12,0,0,0,0,0,0,0,0,0,0,12,0,0,0,0,0,0,0,0,0,0,0,0,0,0,0,0,0,0,0,0,0,0,2290,0.524017467,13121008702
22655,1400000US13121008801,Census Tract 88.01; Fulton County; Georgia,168,0,0,17,0,0,0,0,0,0,0,0,0,0,0,0,0,0,0,0,151,0,0,0,0,0,0,0,0,0,0,0,0,0,1818,9.240924092,13121008801
22656,1400000US13121008802,Census Tract 88.02; Fulton County; Georgia,43,0,0,0,0,0,0,10,0,0,0,0,0,0,0,0,0,0,0,0,33,0,0,0,0,0,0,0,0,0,0,0,0,0,2815,1.527531083,13121008802
22657,1400000US13121008903,Census Tract 89.03; Fulton County; Georgia,179,49,0,0,87,0,0,0,0,0,0,0,0,0,0,0,0,0,0,0,38,0,0,0,0,0,0,0,0,0,0,0,5,0,2869,6.239107703,13121008903
22658,1400000US13121008905,Census Tract 89.05; Fulton County; Georgia,533,181,0,0,84,0,0,0,0,0,0,0,0,0,0,0,0,0,0,0,268,0,0,0,0,0,0,0,0,0,0,0,0,0,5268,10.11769172,13121008905
22659,1400000US13121008906,Census Tract 89.06; Fulton County; Georgia,108,33,0,0,0,0,0,0,0,0,0,0,0,0,0,0,0,0,0,0,60,0,0,0,0,0,0,0,0,0,0,0,0,15,2432,4.440789474,13121008906
22660,1400000US13121008907,Census Tract 89.07; Fulton County; Georgia,89,27,0,0,9,0,0,0,0,0,0,0,0,0,0,0,0,0,0,0,53,0,0,0,0,0,0,0,0,0,0,0,0,0,2858,3.11406578,13121008907
22661,1400000US13121008908,Census Tract 89.08; Fulton County; Georgia,31,0,0,0,0,0,0,0,0,0,0,0,0,0,0,0,0,0,0,0,31,0,0,0,0,0,0,0,0,0,0,0,0,0,2876,1.077885953,13121008908
22662,1400000US13121008909,Census Tract 89.09; Fulton County; Georgia,0,0,0,0,0,0,0,0,0,0,0,0,0,0,0,0,0,0,0,0,0,0,0,0,0,0,0,0,0,0,0,0,0,0,1635,0,13121008909
22663,1400000US13121009001,Census Tract 90.01; Fulton County; Georgia,236,96,0,0,27,0,0,0,0,0,0,25,0,0,0,0,0,0,0,0,88,0,0,0,0,0,0,0,0,0,0,0,0,0,2264,10.42402827,13121009001
22664,1400000US13121009002,Census Tract 90.02; Fulton County; Georgia,77,13,0,0,0,0,0,0,0,0,0,0,0,0,40,0,0,0,0,0,24,0,0,0,0,0,0,0,0,0,0,0,0,0,2776,2.773775216,13121009002
22665,1400000US13121009103,Census Tract 91.03; Fulton County; Georgia,389,107,0,0,0,0,0,62,0,0,0,21,0,0,0,0,0,41,0,0,114,22,0,0,22,0,0,0,0,0,0,0,0,0,3774,10.30736619,13121009103
22666,1400000US13121009104,Census Tract 91.04; Fulton County; Georgia,181,38,0,51,0,0,0,0,0,0,0,20,0,0,0,0,0,0,0,0,54,0,0,0,0,0,0,0,0,0,0,0,0,18,2809,6.443574226,13121009104
22667,1400000US13121009105,Census Tract 91.05; Fulton County; Georgia,18,0,0,0,0,0,0,0,0,0,0,0,0,0,0,0,0,0,0,0,18,0,0,0,0,0,0,0,0,0,0,0,0,0,1169,1.539777588,13121009105
22668,1400000US13121009106,Census Tract 91.06; Fulton County; Georgia,462,78,0,0,69,0,0,17,0,0,0,0,0,0,0,0,0,0,40,0,258,0,0,0,0,0,0,0,0,0,0,0,0,0,2500,18.48,13121009106
22669,1400000US13121009201,Census Tract 92.01; Fulton County; Georgia,116,3,0,0,15,0,0,0,0,0,0,22,0,0,0,0,0,0,16,0,38,0,0,0,22,0,0,0,0,0,0,0,0,0,1504,7.712765957,13121009201
22670,1400000US13121009202,Census Tract 92.02; Fulton County; Georgia,85,11,0,0,0,0,0,0,0,0,0,0,0,0,0,0,0,0,16,0,58,0,0,0,0,0,0,0,0,0,0,0,0,0,2816,3.018465909,13121009202
22671,1400000US13121009203,Census Tract 92.03; Fulton County; Georgia,176,87,0,0,0,0,0,0,0,0,0,89,0,0,0,0,0,0,0,0,0,0,0,0,0,0,0,0,0,0,0,0,0,0,2768,6.358381503,13121009203
22672,1400000US13121009301,Census Tract 93.01; Fulton County; Georgia,256,24,0,0,197,0,0,0,0,0,0,0,0,0,0,0,0,0,0,0,8,0,0,27,0,0,0,0,0,0,0,0,0,0,3871,6.613278223,13121009301
22673,1400000US13121009302,Census Tract 93.02; Fulton County; Georgia,50,0,0,0,0,0,0,0,0,0,0,0,0,0,0,0,0,9,0,0,41,0,0,0,0,0,0,0,0,0,0,0,0,0,1967,2.541942044,13121009302
22674,1400000US13121009405,Census Tract 94.05; Fulton County; Georgia,786,34,0,36,0,0,0,0,0,0,0,91,0,0,0,0,0,42,0,0,502,0,0,81,0,0,0,0,0,0,0,0,0,0,3769,20.85433802,13121009405
22675,1400000US13121009406,Census Tract 94.06; Fulton County; Georgia,235,11,0,0,0,0,0,0,0,0,0,0,0,0,0,0,0,0,35,0,170,0,0,0,0,0,0,0,0,0,0,0,0,19,1658,14.17370326,13121009406
22676,1400000US13121009407,Census Tract 94.07; Fulton County; Georgia,140,0,0,114,14,0,0,0,0,0,0,0,0,0,0,0,0,0,0,0,0,0,0,0,12,0,0,0,0,0,0,0,0,0,1090,12.8440367,13121009407
22677,1400000US13121009408,Census Tract 94.08; Fulton County; Georgia,314,224,0,0,23,0,0,0,0,0,0,0,0,0,0,0,0,0,0,0,67,0,0,0,0,0,0,0,0,0,0,0,0,0,1648,19.05339806,13121009408
22678,1400000US13121009409,Census Tract 94.09; Fulton County; Georgia,107,33,0,0,0,0,0,0,0,0,0,34,0,0,0,0,0,0,20,0,20,0,0,0,0,0,0,0,0,0,0,0,0,0,2075,5.156626506,13121009409
22679,1400000US13121009410,Census Tract 94.10; Fulton County; Georgia,345,66,0,0,0,0,0,0,0,0,0,0,0,0,0,0,0,0,20,0,259,0,0,0,0,0,0,0,0,0,0,0,0,0,3592,9.60467706,13121009410
22680,1400000US13121009411,Census Tract 94.11; Fulton County; Georgia,359,199,0,0,0,0,0,0,0,0,0,0,0,20,0,0,0,0,0,0,140,0,0,0,0,0,0,0,0,0,0,0,0,0,2485,14.44668008,13121009411
22681,1400000US13121009501,Census Tract 95.01; Fulton County; Georgia,44,0,0,0,26,0,0,0,0,0,0,0,0,0,0,0,0,0,0,0,18,0,0,0,0,0,0,0,0,0,0,0,0,0,3491,1.260383844,13121009501
22682,1400000US13121009503,Census Tract 95.03; Fulton County; Georgia,139,0,0,0,41,0,0,0,0,0,0,0,0,0,0,0,0,17,0,0,59,0,0,0,0,0,22,0,0,0,0,0,0,0,1633,8.511941212,13121009503
22683,1400000US13121009504,Census Tract 95.04; Fulton County; Georgia,96,0,0,0,0,0,0,0,0,0,0,0,9,0,0,0,0,0,0,0,87,0,0,0,0,0,0,0,0,0,0,0,0,0,2683,3.578084234,13121009504
22684,1400000US13121009601,Census Tract 96.01; Fulton County; Georgia,716,530,0,0,30,0,0,0,0,0,0,0,0,0,25,0,0,0,27,0,104,0,0,0,0,0,0,0,0,0,0,0,0,0,3190,22.44514107,13121009601
22685,1400000US13121009604,Census Tract 96.04; Fulton County; Georgia,353,212,0,61,53,0,0,0,0,0,0,0,0,0,0,0,0,0,0,0,27,0,0,0,0,0,0,0,0,0,0,0,0,0,2879,12.26120181,13121009604
22686,1400000US13121009605,Census Tract 96.05; Fulton County; Georgia,186,73,0,0,32,0,0,0,0,0,0,0,0,0,0,0,0,0,0,0,81,0,0,0,0,0,0,0,0,0,0,0,0,0,2625,7.085714286,13121009605
22687,1400000US13121009606,Census Tract 96.06; Fulton County; Georgia,26,0,0,0,5,0,0,0,0,0,0,0,0,0,0,0,0,0,0,0,21,0,0,0,0,0,0,0,0,0,0,0,0,0,1618,1.606922126,13121009606
22688,1400000US13121009607,Census Tract 96.07; Fulton County; Georgia,193,68,0,19,50,0,0,0,0,0,0,0,0,0,0,0,0,0,0,0,56,0,0,0,0,0,0,0,0,0,0,0,0,0,4716,4.09245123,13121009607
22689,1400000US13121009700,Census Tract 97; Fulton County; Georgia,134,64,0,0,0,0,0,0,0,0,0,0,0,0,0,0,0,0,0,0,35,0,0,0,35,0,0,0,0,0,0,0,0,0,3852,3.478712357,13121009700
22690,1400000US13121009802,Census Tract 98.02; Fulton County; Georgia,165,0,0,0,0,0,0,0,0,0,0,7,0,0,0,0,0,0,11,0,139,0,0,0,8,0,0,0,0,0,0,0,0,0,3936,4.192073171,13121009802
22691,1400000US13121009803,Census Tract 98.03; Fulton County; Georgia,163,0,0,0,128,0,0,0,0,0,0,0,0,0,0,0,0,0,0,0,14,0,0,0,0,0,0,0,0,0,0,0,0,21,2940,5.544217687,13121009803
22692,1400000US13121009804,Census Tract 98.04; Fulton County; Georgia,92,66,0,0,0,0,0,0,0,0,0,0,0,0,0,0,0,0,0,0,26,0,0,0,0,0,0,0,0,0,0,0,0,0,2436,3.776683087,13121009804
22693,1400000US13121009900,Census Tract 99; Fulton County; Georgia,0,0,0,0,0,0,0,0,0,0,0,0,0,0,0,0,0,0,0,0,0,0,0,0,0,0,0,0,0,0,0,0,0,0,4966,0,13121009900
22694,1400000US13121010003,Census Tract 100.03; Fulton County; Georgia,470,32,0,0,240,0,0,0,0,0,0,0,0,0,0,0,0,0,11,0,187,0,0,0,0,0,0,0,0,0,0,0,0,0,3698,12.70957274,13121010003
22695,1400000US13121010004,Census Tract 100.04; Fulton County; Georgia,24,0,0,0,0,0,0,0,0,0,0,0,0,0,0,0,0,0,0,0,24,0,0,0,0,0,0,0,0,0,0,0,0,0,2221,1.080594327,13121010004
22696,1400000US13121010005,Census Tract 100.05; Fulton County; Georgia,0,0,0,0,0,0,0,0,0,0,0,0,0,0,0,0,0,0,0,0,0,0,0,0,0,0,0,0,0,0,0,0,0,0,3154,0,13121010005
22697,1400000US13121010006,Census Tract 100.06; Fulton County; Georgia,418,49,0,21,8,0,0,0,0,0,0,0,0,0,0,0,0,0,0,0,340,0,0,0,0,0,0,0,0,0,0,0,0,0,4057,10.30317969,13121010006
22698,1400000US13121010007,Census Tract 100.07; Fulton County; Georgia,125,10,0,0,38,0,0,0,0,0,0,0,0,0,0,0,0,0,0,0,0,0,0,77,0,0,0,0,0,0,0,0,0,0,1850,6.756756757,13121010007
22699,1400000US13121010106,Census Tract 101.06; Fulton County; Georgia,119,0,0,23,0,0,0,0,0,0,0,11,19,0,0,0,0,0,11,0,0,0,0,0,0,0,0,0,0,0,0,0,55,0,3674,3.238976592,13121010106
22700,1400000US13121010107,Census Tract 101.07; Fulton County; Georgia,43,18,0,22,0,0,0,0,0,0,0,0,0,0,0,0,0,0,0,0,0,0,0,0,0,0,0,0,0,0,3,0,0,0,1935,2.222222222,13121010107
22701,1400000US13121010108,Census Tract 101.08; Fulton County; Georgia,370,10,0,0,0,0,0,0,0,0,0,0,0,0,0,0,0,0,94,0,112,55,0,0,99,0,0,0,0,0,0,0,0,0,4615,8.017334778,13121010108
22702,1400000US13121010115,Census Tract 101.15; Fulton County; Georgia,63,19,0,6,9,0,0,0,0,0,0,0,0,0,0,0,0,0,0,0,21,0,0,0,0,0,0,0,0,0,0,0,0,8,2764,2.279305355,13121010115
22703,1400000US13121010117,Census Tract 101.17; Fulton County; Georgia,351,0,0,0,23,0,0,0,0,0,37,0,11,0,0,0,0,0,0,0,280,0,0,0,0,0,0,0,0,0,0,0,0,0,4354,8.061552595,13121010117
22704,1400000US13121010120,Census Tract 101.20; Fulton County; Georgia,84,41,0,0,0,0,0,0,0,0,0,0,0,0,0,0,0,0,16,0,13,0,0,0,14,0,0,0,0,0,0,0,0,0,2606,3.223330775,13121010120
22705,1400000US13121010121,Census Tract 101.21; Fulton County; Georgia,186,38,0,11,0,0,0,0,0,0,0,10,0,0,0,0,0,0,0,0,127,0,0,0,0,0,0,0,0,0,0,0,0,0,2407,7.72746157,13121010121
22706,1400000US13121010124,Census Tract 101.24; Fulton County; Georgia,0,0,0,0,0,0,0,0,0,0,0,0,0,0,0,0,0,0,0,0,0,0,0,0,0,0,0,0,0,0,0,0,0,0,2340,0,13121010124
22707,1400000US13121010125,Census Tract 101.25; Fulton County; Georgia,0,0,0,0,0,0,0,0,0,0,0,0,0,0,0,0,0,0,0,0,0,0,0,0,0,0,0,0,0,0,0,0,0,0,4207,0,13121010125
22708,1400000US13121010126,Census Tract 101.26; Fulton County; Georgia,147,23,0,42,25,0,0,0,0,0,0,0,0,0,0,0,0,0,0,0,57,0,0,0,0,0,0,0,0,0,0,0,0,0,2399,6.127553147,13121010126
22709,1400000US13121010127,Census Tract 101.27; Fulton County; Georgia,429,103,0,26,0,0,0,0,0,0,0,181,0,0,0,0,0,0,11,0,108,0,0,0,0,0,0,0,0,0,0,0,0,0,2122,20.21677663,13121010127
22710,1400000US13121010128,Census Tract 101.28; Fulton County; Georgia,498,107,0,0,0,0,0,0,0,0,0,0,0,0,0,0,0,0,391,0,0,0,0,0,0,0,0,0,0,0,0,0,0,0,1699,29.31135962,13121010128
22711,1400000US13121010129,Census Tract 101.29; Fulton County; Georgia,173,22,0,9,101,0,0,0,0,0,0,0,0,0,0,0,0,0,0,0,41,0,0,0,0,0,0,0,0,0,0,0,0,0,4211,4.108287818,13121010129
22712,1400000US13121010130,Census Tract 101.30; Fulton County; Georgia,1488,129,0,0,61,0,0,15,0,0,0,46,0,0,0,0,0,0,0,0,1171,0,0,0,15,0,0,0,0,0,0,0,0,51,3813,39.02439024,13121010130
22713,1400000US13121010131,Census Tract 101.31; Fulton County; Georgia,694,74,0,0,37,0,0,0,0,0,0,25,0,0,0,0,0,0,0,0,558,0,0,0,0,0,0,0,0,0,0,0,0,0,2525,27.48514851,13121010131
22714,1400000US13121010132,Census Tract 101.32; Fulton County; Georgia,289,75,0,14,11,0,0,0,0,0,0,0,0,0,0,0,0,0,72,0,117,0,0,0,0,0,0,0,0,0,0,0,0,0,3352,8.621718377,13121010132
22715,1400000US13121010133,Census Tract 101.33; Fulton County; Georgia,823,32,0,24,68,0,0,0,0,0,0,23,0,0,0,0,0,0,41,0,562,0,0,0,0,0,0,0,0,0,0,0,27,46,5257,15.65531672,13121010133
22716,1400000US13121010134,Census Tract 101.34; Fulton County; Georgia,359,0,0,12,0,0,0,0,0,0,0,18,34,0,0,0,0,0,0,0,295,0,0,0,0,0,0,0,0,0,0,0,0,0,2178,16.48301194,13121010134
22717,1400000US13121010135,Census Tract 101.35; Fulton County; Georgia,0,0,0,0,0,0,0,0,0,0,0,0,0,0,0,0,0,0,0,0,0,0,0,0,0,0,0,0,0,0,0,0,0,0,2221,0,13121010135
22718,1400000US13121010136,Census Tract 101.36; Fulton County; Georgia,32,22,0,10,0,0,0,0,0,0,0,0,0,0,0,0,0,0,0,0,0,0,0,0,0,0,0,0,0,0,0,0,0,0,3417,0.936494001,13121010136
22719,1400000US13121010137,Census Tract 101.37; Fulton County; Georgia,50,0,0,0,9,0,0,0,0,0,0,7,0,0,0,0,0,0,0,0,0,0,0,0,0,0,0,0,0,0,0,0,0,34,3569,1.400952648,13121010137
22720,1400000US13121010204,Census Tract 102.04; Fulton County; Georgia,166,85,0,0,8,0,0,0,0,0,0,0,0,0,0,0,0,0,40,0,33,0,0,0,0,0,0,0,0,0,0,0,0,0,5278,3.145130731,13121010204
22721,1400000US13121010211,Census Tract 102.11; Fulton County; Georgia,159,41,0,0,0,0,0,0,0,0,0,12,0,0,0,0,0,0,22,0,84,0,0,0,0,0,0,0,0,0,0,0,0,0,3627,4.383788255,13121010211
22722,1400000US13121010212,Census Tract 102.12; Fulton County; Georgia,164,7,0,71,7,0,0,0,0,0,0,0,0,0,0,0,0,0,0,0,79,0,0,0,0,0,0,0,0,0,0,0,0,0,5736,2.859135286,13121010212
22723,1400000US13121010213,Census Tract 102.13; Fulton County; Georgia,132,23,0,0,0,0,0,0,0,0,0,0,0,0,0,0,0,0,0,0,109,0,0,0,0,0,0,0,0,0,0,0,0,0,883,14.94903737,13121010213
22724,1400000US13121010214,Census Tract 102.14; Fulton County; Georgia,75,0,0,0,0,0,0,0,0,0,0,12,0,0,0,0,0,0,0,0,63,0,0,0,0,0,0,0,0,0,0,0,0,0,2189,3.426222019,13121010214
22725,1400000US13121010215,Census Tract 102.15; Fulton County; Georgia,105,36,0,0,0,0,0,0,0,0,0,0,0,0,0,0,0,0,0,0,69,0,0,0,0,0,0,0,0,0,0,0,0,0,1519,6.912442396,13121010215
22726,1400000US13121010216,Census Tract 102.16; Fulton County; Georgia,259,53,0,0,0,0,0,0,0,0,0,0,0,0,0,0,0,0,0,0,161,0,0,45,0,0,0,0,0,0,0,0,0,0,4150,6.240963855,13121010216
22727,1400000US13121010217,Census Tract 102.17; Fulton County; Georgia,265,141,0,22,0,0,0,0,0,0,0,22,0,0,0,0,0,12,0,0,68,0,0,0,0,0,0,0,0,0,0,0,0,0,2651,9.996227839,13121010217
22728,1400000US13121010218,Census Tract 102.18; Fulton County; Georgia,0,0,0,0,0,0,0,0,0,0,0,0,0,0,0,0,0,0,0,0,0,0,0,0,0,0,0,0,0,0,0,0,0,0,1633,0,13121010218
22729,1400000US13121010219,Census Tract 102.19; Fulton County; Georgia,36,0,0,0,0,0,0,0,0,0,0,36,0,0,0,0,0,0,0,0,0,0,0,0,0,0,0,0,0,0,0,0,0,0,2154,1.671309192,13121010219
22730,1400000US13121010220,Census Tract 102.20; Fulton County; Georgia,329,73,0,106,74,0,0,0,0,0,0,57,0,0,0,0,0,0,0,0,0,0,0,0,0,0,0,0,0,0,0,0,0,19,4449,7.394920207,13121010220
22731,1400000US13121010221,Census Tract 102.21; Fulton County; Georgia,191,131,0,0,60,0,0,0,0,0,0,0,0,0,0,0,0,0,0,0,0,0,0,0,0,0,0,0,0,0,0,0,0,0,2092,9.13001912,13121010221
22732,1400000US13121010222,Census Tract 102.22; Fulton County; Georgia,94,14,0,0,0,0,0,0,0,0,0,0,0,0,0,0,0,0,0,0,80,0,0,0,0,0,0,0,0,0,0,0,0,0,2564,3.666146646,13121010222
22733,1400000US13121010223,Census Tract 102.23; Fulton County; Georgia,195,0,0,0,30,0,0,0,0,0,0,7,0,25,0,0,0,0,0,0,93,0,0,0,40,0,0,0,0,0,0,0,0,0,2845,6.854130053,13121010223
22734,1400000US13121010305,Census Tract 103.05; Fulton County; Georgia,0,0,0,0,0,0,0,0,0,0,0,0,0,0,0,0,0,0,0,0,0,0,0,0,0,0,0,0,0,0,0,0,0,0,5167,0,13121010305
22735,1400000US13121010306,Census Tract 103.06; Fulton County; Georgia,289,213,0,0,0,0,0,0,0,0,0,0,0,0,0,0,0,0,0,0,0,0,0,0,0,0,0,0,0,0,0,0,76,0,4101,7.047061692,13121010306
22736,1400000US13121010307,Census Tract 103.07; Fulton County; Georgia,0,0,0,0,0,0,0,0,0,0,0,0,0,0,0,0,0,0,0,0,0,0,0,0,0,0,0,0,0,0,0,0,0,0,5690,0,13121010307
22737,1400000US13121010308,Census Tract 103.08; Fulton County; Georgia,0,0,0,0,0,0,0,0,0,0,0,0,0,0,0,0,0,0,0,0,0,0,0,0,0,0,0,0,0,0,0,0,0,0,4837,0,13121010308
22738,1400000US13121010309,Census Tract 103.09; Fulton County; Georgia,99,0,0,18,0,0,0,0,0,0,0,0,0,0,0,0,0,0,0,0,81,0,0,0,0,0,0,0,0,0,0,0,0,0,4300,2.302325581,13121010309
22739,1400000US13121010310,Census Tract 103.10; Fulton County; Georgia,0,0,0,0,0,0,0,0,0,0,0,0,0,0,0,0,0,0,0,0,0,0,0,0,0,0,0,0,0,0,0,0,0,0,5651,0,13121010310
22740,1400000US13121010311,Census Tract 103.11; Fulton County; Georgia,0,0,0,0,0,0,0,0,0,0,0,0,0,0,0,0,0,0,0,0,0,0,0,0,0,0,0,0,0,0,0,0,0,0,6054,0,13121010311
22741,1400000US13121010312,Census Tract 103.12; Fulton County; Georgia,0,0,0,0,0,0,0,0,0,0,0,0,0,0,0,0,0,0,0,0,0,0,0,0,0,0,0,0,0,0,0,0,0,0,2897,0,13121010312
22742,1400000US13121010313,Census Tract 103.13; Fulton County; Georgia,24,0,0,24,0,0,0,0,0,0,0,0,0,0,0,0,0,0,0,0,0,0,0,0,0,0,0,0,0,0,0,0,0,0,3681,0.65199674,13121010313
22743,1400000US13121010314,Census Tract 103.14; Fulton County; Georgia,0,0,0,0,0,0,0,0,0,0,0,0,0,0,0,0,0,0,0,0,0,0,0,0,0,0,0,0,0,0,0,0,0,0,2742,0,13121010314
22744,1400000US13121010315,Census Tract 103.15; Fulton County; Georgia,0,0,0,0,0,0,0,0,0,0,0,0,0,0,0,0,0,0,0,0,0,0,0,0,0,0,0,0,0,0,0,0,0,0,5327,0,13121010315
22745,1400000US13121010401,Census Tract 104.01; Fulton County; Georgia,24,0,0,0,0,0,0,0,0,0,0,24,0,0,0,0,0,0,0,0,0,0,0,0,0,0,0,0,0,0,0,0,0,0,4926,0.487210719,13121010401
22746,1400000US13121010402,Census Tract 104.02; Fulton County; Georgia,0,0,0,0,0,0,0,0,0,0,0,0,0,0,0,0,0,0,0,0,0,0,0,0,0,0,0,0,0,0,0,0,0,0,4141,0,13121010402
22747,1400000US13121010508,Census Tract 105.08; Fulton County; Georgia,11,0,0,0,0,0,0,0,0,0,0,11,0,0,0,0,0,0,0,0,0,0,0,0,0,0,0,0,0,0,0,0,0,0,4267,0.25779236,13121010508
22748,1400000US13121010517,Census Tract 105.17; Fulton County; Georgia,9,0,0,0,1,0,0,0,0,0,0,8,0,0,0,0,0,0,0,0,0,0,0,0,0,0,0,0,0,0,0,0,0,0,5427,0.165837479,13121010517
22749,1400000US13121010518,Census Tract 105.18; Fulton County; Georgia,16,16,0,0,0,0,0,0,0,0,0,0,0,0,0,0,0,0,0,0,0,0,0,0,0,0,0,0,0,0,0,0,0,0,2876,0.556328234,13121010518
22750,1400000US13121010519,Census Tract 105.19; Fulton County; Georgia,0,0,0,0,0,0,0,0,0,0,0,0,0,0,0,0,0,0,0,0,0,0,0,0,0,0,0,0,0,0,0,0,0,0,3605,0,13121010519
22751,1400000US13121010520,Census Tract 105.20; Fulton County; Georgia,35,35,0,0,0,0,0,0,0,0,0,0,0,0,0,0,0,0,0,0,0,0,0,0,0,0,0,0,0,0,0,0,0,0,6805,0.5143277,13121010520
22752,1400000US13121010521,Census Tract 105.21; Fulton County; Georgia,0,0,0,0,0,0,0,0,0,0,0,0,0,0,0,0,0,0,0,0,0,0,0,0,0,0,0,0,0,0,0,0,0,0,1886,0,13121010521
22753,1400000US13121010522,Census Tract 105.22; Fulton County; Georgia,282,0,0,0,0,0,0,0,0,0,0,0,0,41,0,0,0,0,0,0,27,214,0,0,0,0,0,0,0,0,0,0,0,0,5735,4.91717524,13121010522
22754,1400000US13121010523,Census Tract 105.23; Fulton County; Georgia,0,0,0,0,0,0,0,0,0,0,0,0,0,0,0,0,0,0,0,0,0,0,0,0,0,0,0,0,0,0,0,0,0,0,1485,0,13121010523
22755,1400000US13121010524,Census Tract 105.24; Fulton County; Georgia,0,0,0,0,0,0,0,0,0,0,0,0,0,0,0,0,0,0,0,0,0,0,0,0,0,0,0,0,0,0,0,0,0,0,4063,0,13121010524
22756,1400000US13121010525,Census Tract 105.25; Fulton County; Georgia,0,0,0,0,0,0,0,0,0,0,0,0,0,0,0,0,0,0,0,0,0,0,0,0,0,0,0,0,0,0,0,0,0,0,2742,0,13121010525
22757,1400000US13121010526,Census Tract 105.26; Fulton County; Georgia,0,0,0,0,0,0,0,0,0,0,0,0,0,0,0,0,0,0,0,0,0,0,0,0,0,0,0,0,0,0,0,0,0,0,6036,0,13121010526
22758,1400000US13121010527,Census Tract 105.27; Fulton County; Georgia,0,0,0,0,0,0,0,0,0,0,0,0,0,0,0,0,0,0,0,0,0,0,0,0,0,0,0,0,0,0,0,0,0,0,7164,0,13121010527
22759,1400000US13121010528,Census Tract 105.28; Fulton County; Georgia,0,0,0,0,0,0,0,0,0,0,0,0,0,0,0,0,0,0,0,0,0,0,0,0,0,0,0,0,0,0,0,0,0,0,4025,0,13121010528
22760,1400000US13121010529,Census Tract 105.29; Fulton County; Georgia,31,0,0,0,0,0,0,0,0,0,0,31,0,0,0,0,0,0,0,0,0,0,0,0,0,0,0,0,0,0,0,0,0,0,5958,0.520308828,13121010529
22761,1400000US13121010530,Census Tract 105.30; Fulton County; Georgia,0,0,0,0,0,0,0,0,0,0,0,0,0,0,0,0,0,0,0,0,0,0,0,0,0,0,0,0,0,0,0,0,0,0,3643,0,13121010530
22762,1400000US13121010531,Census Tract 105.31; Fulton County; Georgia,0,0,0,0,0,0,0,0,0,0,0,0,0,0,0,0,0,0,0,0,0,0,0,0,0,0,0,0,0,0,0,0,0,0,1929,0,13121010531
22763,1400000US13121010532,Census Tract 105.32; Fulton County; Georgia,0,0,0,0,0,0,0,0,0,0,0,0,0,0,0,0,0,0,0,0,0,0,0,0,0,0,0,0,0,0,0,0,0,0,3007,0,13121010532
22764,1400000US13121010533,Census Tract 105.33; Fulton County; Georgia,0,0,0,0,0,0,0,0,0,0,0,0,0,0,0,0,0,0,0,0,0,0,0,0,0,0,0,0,0,0,0,0,0,0,2176,0,13121010533
22765,1400000US13121010534,Census Tract 105.34; Fulton County; Georgia,46,0,0,0,0,0,0,0,0,0,0,0,0,0,0,0,0,0,0,0,0,0,0,0,0,0,46,0,0,0,0,0,0,0,3526,1.304594441,13121010534
22766,1400000US13121010535,Census Tract 105.35; Fulton County; Georgia,0,0,0,0,0,0,0,0,0,0,0,0,0,0,0,0,0,0,0,0,0,0,0,0,0,0,0,0,0,0,0,0,0,0,2674,0,13121010535
22767,1400000US13121010536,Census Tract 105.36; Fulton County; Georgia,0,0,0,0,0,0,0,0,0,0,0,0,0,0,0,0,0,0,0,0,0,0,0,0,0,0,0,0,0,0,0,0,0,0,3239,0,13121010536
22768,1400000US13121010537,Census Tract 105.37; Fulton County; Georgia,11,11,0,0,0,0,0,0,0,0,0,0,0,0,0,0,0,0,0,0,0,0,0,0,0,0,0,0,0,0,0,0,0,0,4243,0.25925053,13121010537
22769,1400000US13121010538,Census Tract 105.38; Fulton County; Georgia,15,0,0,0,0,0,0,0,0,0,0,15,0,0,0,0,0,0,0,0,0,0,0,0,0,0,0,0,0,0,0,0,0,0,2976,0.504032258,13121010538
22770,1400000US13121010539,Census Tract 105.39; Fulton County; Georgia,0,0,0,0,0,0,0,0,0,0,0,0,0,0,0,0,0,0,0,0,0,0,0,0,0,0,0,0,0,0,0,0,0,0,2820,0,13121010539
22771,1400000US13121010540,Census Tract 105.40; Fulton County; Georgia,0,0,0,0,0,0,0,0,0,0,0,0,0,0,0,0,0,0,0,0,0,0,0,0,0,0,0,0,0,0,0,0,0,0,5942,0,13121010540
22772,1400000US13121010601,Census Tract 106.01; Fulton County; Georgia,8,0,0,0,0,0,0,0,0,0,0,0,0,0,0,0,0,0,0,0,8,0,0,0,0,0,0,0,0,0,0,0,0,0,3313,0.241472985,13121010601
22773,1400000US13121010603,Census Tract 106.03; Fulton County; Georgia,0,0,0,0,0,0,0,0,0,0,0,0,0,0,0,0,0,0,0,0,0,0,0,0,0,0,0,0,0,0,0,0,0,0,3756,0,13121010603
22774,1400000US13121010604,Census Tract 106.04; Fulton County; Georgia,20,0,0,0,0,0,0,0,0,0,0,0,0,0,0,0,0,0,0,0,0,0,0,0,0,0,0,0,0,0,0,0,0,20,2728,0.73313783,13121010604
22775,1400000US13121010801,Census Tract 108.01; Fulton County; Georgia,36,0,0,0,0,0,0,0,0,0,0,36,0,0,0,0,0,0,0,0,0,0,0,0,0,0,0,0,0,0,0,0,0,0,1988,1.810865191,13121010801
22776,1400000US13121010802,Census Tract 108.02; Fulton County; Georgia,229,0,0,0,0,0,0,0,0,0,0,0,0,0,0,0,0,0,166,0,63,0,0,0,0,0,0,0,0,0,0,0,0,0,4578,5.00218436,13121010802
22777,1400000US13121011000,Census Tract 110; Fulton County; Georgia,0,0,0,0,0,0,0,0,0,0,0,0,0,0,0,0,0,0,0,0,0,0,0,0,0,0,0,0,0,0,0,0,0,0,2711,0,13121011000
22778,1400000US13121011100,Census Tract 111; Fulton County; Georgia,72,6,0,0,0,0,0,0,0,0,0,38,0,0,0,0,0,8,0,0,20,0,0,0,0,0,0,0,0,0,0,0,0,0,2443,2.94719607,13121011100
22779,1400000US13121011202,Census Tract 112.02; Fulton County; Georgia,213,0,0,0,0,0,0,0,0,0,0,13,0,0,0,0,0,0,0,0,180,0,0,0,20,0,0,0,0,0,0,0,0,0,4294,4.960409874,13121011202
22780,1400000US13121011203,Census Tract 112.03; Fulton County; Georgia,0,0,0,0,0,0,0,0,0,0,0,0,0,0,0,0,0,0,0,0,0,0,0,0,0,0,0,0,0,0,0,0,0,0,2530,0,13121011203
22781,1400000US13121011204,Census Tract 112.04; Fulton County; Georgia,0,0,0,0,0,0,0,0,0,0,0,0,0,0,0,0,0,0,0,0,0,0,0,0,0,0,0,0,0,0,0,0,0,0,1361,0,13121011204
22782,1400000US13121011301,Census Tract 113.01; Fulton County; Georgia,4,0,0,0,0,0,0,0,0,0,0,0,0,0,0,0,0,0,0,0,4,0,0,0,0,0,0,0,0,0,0,0,0,0,4951,0.080791759,13121011301
22783,1400000US13121011306,Census Tract 113.06; Fulton County; Georgia,0,0,0,0,0,0,0,0,0,0,0,0,0,0,0,0,0,0,0,0,0,0,0,0,0,0,0,0,0,0,0,0,0,0,3050,0,13121011306
22784,1400000US13121011307,Census Tract 113.07; Fulton County; Georgia,0,0,0,0,0,0,0,0,0,0,0,0,0,0,0,0,0,0,0,0,0,0,0,0,0,0,0,0,0,0,0,0,0,0,5185,0,13121011307
22785,1400000US13121011308,Census Tract 113.08; Fulton County; Georgia,0,0,0,0,0,0,0,0,0,0,0,0,0,0,0,0,0,0,0,0,0,0,0,0,0,0,0,0,0,0,0,0,0,0,1913,0,13121011308
22786,1400000US13121011309,Census Tract 113.09; Fulton County; Georgia,217,92,0,0,0,0,0,0,0,0,0,125,0,0,0,0,0,0,0,0,0,0,0,0,0,0,0,0,0,0,0,0,0,0,3467,6.259013556,13121011309
22787,1400000US13121011310,Census Tract 113.10; Fulton County; Georgia,66,0,0,0,66,0,0,0,0,0,0,0,0,0,0,0,0,0,0,0,0,0,0,0,0,0,0,0,0,0,0,0,0,0,5434,1.214574899,13121011310
22788,1400000US13121011416,Census Tract 114.16; Fulton County; Georgia,369,0,0,0,95,0,0,0,0,0,0,20,0,0,0,0,0,0,114,0,98,0,0,42,0,0,0,0,0,0,0,0,0,0,5258,7.01787752,13121011416
22789,1400000US13121011417,Census Tract 114.17; Fulton County; Georgia,308,67,0,0,62,0,0,0,0,0,0,0,0,0,0,0,0,0,0,0,179,0,0,0,0,0,0,0,0,0,0,0,0,0,4763,6.466512702,13121011417
22790,1400000US13121011419,Census Tract 114.19; Fulton County; Georgia,156,11,0,0,65,0,0,0,0,0,0,11,0,0,0,0,0,0,0,0,55,0,0,0,0,0,0,0,0,0,0,0,0,14,5955,2.619647355,13121011419
22791,1400000US13121011421,Census Tract 114.21; Fulton County; Georgia,163,11,0,0,24,0,0,0,0,0,0,30,32,0,0,0,0,0,0,0,66,0,0,0,0,0,0,0,0,0,0,0,0,0,5717,2.851145706,13121011421
22792,1400000US13121011422,Census Tract 114.22; Fulton County; Georgia,155,15,0,24,16,0,0,0,0,0,0,21,0,0,0,0,0,0,0,0,79,0,0,0,0,0,0,0,0,0,0,0,0,0,3629,4.271149077,13121011422
22793,1400000US13121011423,Census Tract 114.23; Fulton County; Georgia,341,13,0,0,0,0,0,0,0,0,0,7,0,0,0,0,0,0,0,0,321,0,0,0,0,0,0,0,0,0,0,0,0,0,6153,5.542012027,13121011423
22794,1400000US13121011424,Census Tract 114.24; Fulton County; Georgia,273,0,0,0,113,0,0,0,0,0,0,0,17,0,0,0,0,0,0,0,78,0,0,0,17,0,0,0,0,0,0,0,0,48,6325,4.316205534,13121011424
22795,1400000US13121011426,Census Tract 114.26; Fulton County; Georgia,223,26,0,0,12,0,0,0,0,0,19,6,0,0,0,0,0,0,10,0,95,0,0,0,0,0,0,0,0,0,0,0,18,37,2364,9.433164129,13121011426
22796,1400000US13121011428,Census Tract 114.28; Fulton County; Georgia,249,132,0,0,1,0,0,18,0,0,0,0,0,0,0,0,0,0,9,0,89,0,0,0,0,0,0,0,0,0,0,0,0,0,2611,9.536576025,13121011428
22797,1400000US13121011429,Census Tract 114.29; Fulton County; Georgia,675,130,0,0,104,0,0,0,0,0,74,42,0,0,0,0,0,0,0,0,290,0,0,0,0,0,0,0,0,0,0,0,0,35,5340,12.64044944,13121011429
22798,1400000US13121011430,Census Tract 114.30; Fulton County; Georgia,123,0,0,0,0,0,0,0,0,0,0,0,0,0,0,0,0,0,0,0,0,0,0,0,123,0,0,0,0,0,0,0,0,0,3887,3.164394134,13121011430
22799,1400000US13121011431,Census Tract 114.31; Fulton County; Georgia,57,0,0,0,0,0,0,0,0,0,0,0,0,0,0,0,0,0,57,0,0,0,0,0,0,0,0,0,0,0,0,0,0,0,4092,1.392961877,13121011431
22800,1400000US13121011432,Census Tract 114.32; Fulton County; Georgia,389,48,0,0,0,0,0,0,0,31,0,139,0,0,0,0,0,0,0,0,155,0,0,16,0,0,0,0,0,0,0,0,0,0,4095,9.499389499,13121011432
22801,1400000US13121011433,Census Tract 114.33; Fulton County; Georgia,41,0,0,0,0,0,0,0,0,0,0,16,0,0,0,0,0,25,0,0,0,0,0,0,0,0,0,0,0,0,0,0,0,0,3038,1.349572087,13121011433
22802,1400000US13121011434,Census Tract 114.34; Fulton County; Georgia,227,55,0,0,126,0,0,0,0,0,0,12,0,0,0,0,0,0,0,0,34,0,0,0,0,0,0,0,0,0,0,0,0,0,3597,6.310814568,13121011434
22803,1400000US13121011435,Census Tract 114.35; Fulton County; Georgia,175,6,0,0,0,0,0,0,0,0,0,110,0,0,0,0,0,0,0,0,59,0,0,0,0,0,0,0,0,0,0,0,0,0,3911,4.474558936,13121011435
22804,1400000US13121011436,Census Tract 114.36; Fulton County; Georgia,44,0,0,0,0,0,0,0,0,0,0,16,0,0,0,0,0,0,0,0,28,0,0,0,0,0,0,0,0,0,0,0,0,0,3066,1.435094586,13121011436
22805,1400000US13121011437,Census Tract 114.37; Fulton County; Georgia,117,0,0,0,0,0,0,0,0,0,0,0,0,0,0,0,0,0,31,0,68,0,0,0,0,0,0,0,0,0,0,0,0,18,2909,4.022000688,13121011437
22806,1400000US13121011438,Census Tract 114.38; Fulton County; Georgia,150,31,0,0,0,0,0,0,0,0,0,0,28,0,0,0,0,0,37,0,54,0,0,0,0,0,0,0,0,0,0,0,0,0,5588,2.68432355,13121011438
22807,1400000US13121011439,Census Tract 114.39; Fulton County; Georgia,160,0,0,0,69,0,0,0,0,0,0,0,0,0,0,0,0,10,0,0,81,0,0,0,0,0,0,0,0,0,0,0,0,0,4020,3.980099502,13121011439
22808,1400000US13121011440,Census Tract 114.40; Fulton County; Georgia,94,0,0,0,0,0,0,0,0,0,0,0,0,0,0,0,0,0,32,0,62,0,0,0,0,0,0,0,0,0,0,0,0,0,2407,3.905276278,13121011440
22809,1400000US13121011441,Census Tract 114.41; Fulton County; Georgia,261,138,0,0,4,0,0,0,0,0,0,0,0,0,0,0,0,0,0,0,119,0,0,0,0,0,0,0,0,0,0,0,0,0,3651,7.148726376,13121011441
22810,1400000US13121011442,Census Tract 114.42; Fulton County; Georgia,66,0,0,0,0,0,0,0,0,0,0,0,0,0,0,0,0,41,0,0,25,0,0,0,0,0,0,0,0,0,0,0,0,0,1950,3.384615385,13121011442
22811,1400000US13121011443,Census Tract 114.43; Fulton County; Georgia,1104,57,0,0,258,0,0,0,0,0,0,0,0,0,0,0,0,0,39,0,737,0,0,0,0,0,0,0,0,0,0,0,0,13,3284,33.61753959,13121011443
22812,1400000US13121011444,Census Tract 114.44; Fulton County; Georgia,729,225,0,0,138,0,0,0,0,0,0,22,0,0,0,0,0,0,0,0,261,0,0,0,14,0,0,0,69,0,0,0,0,0,3589,20.31206464,13121011444
22813,1400000US13121011445,Census Tract 114.45; Fulton County; Georgia,114,0,0,0,0,0,0,0,0,0,0,0,0,0,0,0,0,0,114,0,0,0,0,0,0,0,0,0,0,0,0,0,0,0,2758,4.133430022,13121011445
22814,1400000US13121011446,Census Tract 114.46; Fulton County; Georgia,103,18,0,0,0,0,0,0,0,0,0,85,0,0,0,0,0,0,0,0,0,0,0,0,0,0,0,0,0,0,0,0,0,0,2969,3.469181543,13121011446
22815,1400000US13121011505,Census Tract 115.05; Fulton County; Georgia,256,46,0,21,122,0,0,0,0,0,0,9,0,0,0,0,0,0,0,0,58,0,0,0,0,0,0,0,0,0,0,0,0,0,4290,5.967365967,13121011505
22816,1400000US13121011507,Census Tract 115.07; Fulton County; Georgia,231,82,0,66,0,0,0,0,0,0,0,0,0,0,0,0,0,0,0,0,83,0,0,0,0,0,0,0,0,0,0,0,0,0,4333,5.331179321,13121011507
22817,1400000US13121011508,Census Tract 115.08; Fulton County; Georgia,420,0,0,10,139,0,0,0,0,0,0,0,0,0,0,0,0,0,0,0,259,0,0,0,12,0,0,0,0,0,0,0,0,0,5379,7.808142777,13121011508
22818,1400000US13121011509,Census Tract 115.09; Fulton County; Georgia,73,6,0,0,0,0,0,0,0,0,0,0,19,0,0,0,0,0,30,0,0,0,0,0,0,0,0,0,0,0,0,0,0,18,2422,3.014037985,13121011509
22819,1400000US13121011510,Census Tract 115.10; Fulton County; Georgia,874,21,0,0,0,0,0,0,0,0,0,0,0,0,0,0,0,0,0,0,853,0,0,0,0,0,0,0,0,0,0,0,0,0,5977,14.62272043,13121011510
22820,1400000US13121011511,Census Tract 115.11; Fulton County; Georgia,205,10,0,0,0,0,0,0,0,0,0,0,0,0,0,0,0,0,0,0,154,0,0,0,21,0,0,0,0,0,0,0,0,20,2676,7.660687593,13121011511
22821,1400000US13121011512,Census Tract 115.12; Fulton County; Georgia,36,2,0,0,0,0,0,0,0,0,0,0,0,0,0,0,0,0,34,0,0,0,0,0,0,0,0,0,0,0,0,0,0,0,3229,1.114896253,13121011512
22822,1400000US13121011513,Census Tract 115.13; Fulton County; Georgia,96,11,0,0,0,0,0,0,0,0,0,18,0,0,0,0,0,0,10,0,57,0,0,0,0,0,0,0,0,0,0,0,0,0,3492,2.749140893,13121011513
22823,1400000US13121011514,Census Tract 115.14; Fulton County; Georgia,143,128,0,0,0,0,0,0,0,0,0,0,0,0,0,0,0,0,0,0,0,0,0,0,15,0,0,0,0,0,0,0,0,0,3095,4.620355412,13121011514
22824,1400000US13121011515,Census Tract 115.15; Fulton County; Georgia,54,0,0,0,0,0,0,0,0,0,0,0,0,0,0,0,0,0,0,0,54,0,0,0,0,0,0,0,0,0,0,0,0,0,2511,2.150537634,13121011515
22825,1400000US13121011612,Census Tract 116.12; Fulton County; Georgia,648,352,0,22,157,0,0,0,0,0,0,0,0,0,0,0,0,0,58,0,51,0,0,0,8,0,0,0,0,0,0,0,0,0,3523,18.3934147,13121011612
22826,1400000US13121011618,Census Tract 116.18; Fulton County; Georgia,1354,305,0,0,0,0,0,13,0,0,0,60,0,0,0,0,0,0,20,0,956,0,0,0,0,0,0,0,0,0,0,0,0,0,4826,28.05636138,13121011618
22827,1400000US13121011624,Census Tract 116.24; Fulton County; Georgia,857,294,0,0,0,0,0,0,0,0,0,0,0,0,0,0,0,0,0,0,517,0,0,0,46,0,0,0,0,0,0,0,0,0,4050,21.16049383,13121011624
22828,1400000US13121011627,Census Tract 116.27; Fulton County; Georgia,1656,741,0,0,245,0,0,45,0,0,0,122,0,0,0,0,0,0,0,0,468,0,0,0,35,0,0,0,0,0,0,0,0,0,3980,41.6080402,13121011627
22829,1400000US13121011628,Census Tract 116.28; Fulton County; Georgia,1341,285,0,0,154,0,0,10,0,0,0,0,0,0,0,0,0,0,48,0,844,0,0,0,0,0,0,0,0,0,0,0,0,0,3527,38.020981,13121011628
22830,1400000US13121011629,Census Tract 116.29; Fulton County; Georgia,1358,699,0,72,107,0,0,9,0,0,0,98,0,0,0,0,0,0,0,0,373,0,0,0,0,0,0,0,0,0,0,0,0,0,4367,31.09686283,13121011629
22831,1400000US13121011630,Census Tract 116.30; Fulton County; Georgia,779,132,0,10,78,0,0,0,0,0,0,0,0,0,0,0,0,0,0,0,559,0,0,0,0,0,0,0,0,0,0,0,0,0,3347,23.27457425,13121011630
22832,1400000US13121011631,Census Tract 116.31; Fulton County; Georgia,1584,416,0,0,121,0,0,151,0,0,0,16,0,0,0,0,0,0,0,0,853,27,0,0,0,0,0,0,0,0,0,0,0,0,6609,23.96731729,13121011631
22833,1400000US13121011632,Census Tract 116.32; Fulton County; Georgia,2008,249,0,0,618,0,0,0,0,0,0,0,0,0,0,0,0,0,0,0,918,0,0,0,0,0,223,0,0,0,0,0,0,0,3444,58.30429733,13121011632
22834,1400000US13121011633,Census Tract 116.33; Fulton County; Georgia,597,167,0,0,92,0,0,0,0,0,0,0,0,0,0,0,0,0,5,0,333,0,0,0,0,0,0,0,0,0,0,0,0,0,3489,17.11092003,13121011633
22835,1400000US13121011634,Census Tract 116.34; Fulton County; Georgia,385,64,0,0,26,0,0,0,0,0,0,0,0,0,0,0,0,0,0,0,91,0,0,0,155,0,0,0,0,0,0,0,49,0,2656,14.49548193,13121011634
22836,1400000US13121011635,Census Tract 116.35; Fulton County; Georgia,1884,493,0,86,277,0,0,0,0,0,0,24,0,0,0,0,0,0,47,0,904,37,0,0,0,0,0,0,0,0,0,0,0,16,3131,60.17246886,13121011635
22837,1400000US13121011636,Census Tract 116.36; Fulton County; Georgia,1051,0,0,0,0,0,0,0,0,0,0,0,0,0,0,0,0,0,0,0,1051,0,0,0,0,0,0,0,0,0,0,0,0,0,1900,55.31578947,13121011636
22838,1400000US13121011637,Census Tract 116.37; Fulton County; Georgia,559,103,0,0,33,0,0,0,0,0,0,0,0,0,0,0,55,0,0,0,368,0,0,0,0,0,0,0,0,0,0,0,0,0,2445,22.86298569,13121011637
22839,1400000US13121011638,Census Tract 116.38; Fulton County; Georgia,816,132,0,0,111,0,0,144,0,0,0,12,42,0,0,0,0,0,77,0,239,0,0,0,0,0,59,0,0,0,0,0,0,0,4253,19.18645662,13121011638
22840,1400000US13121011639,Census Tract 116.39; Fulton County; Georgia,722,32,0,0,47,0,0,0,0,0,0,118,0,0,0,0,0,0,0,0,525,0,0,0,0,0,0,0,0,0,0,0,0,0,2199,32.83310596,13121011639
22841,1400000US13121011640,Census Tract 116.40; Fulton County; Georgia,1279,158,0,0,0,0,0,0,0,0,0,73,0,0,0,0,0,0,0,0,1048,0,0,0,0,0,0,0,0,0,0,0,0,0,5238,24.41771669,13121011640
22842,1400000US13121011641,Census Tract 116.41; Fulton County; Georgia,679,78,0,71,0,0,0,0,0,0,0,13,0,0,0,0,0,0,54,0,463,0,0,0,0,0,0,0,0,0,0,0,0,0,4994,13.59631558,13121011641
22843,1400000US13121011642,Census Tract 116.42; Fulton County; Georgia,712,0,0,0,24,0,0,0,0,0,0,0,0,0,0,0,0,0,0,0,524,0,0,0,164,0,0,0,0,0,0,0,0,0,3301,21.56922145,13121011642
22844,1400000US13121011643,Census Tract 116.43; Fulton County; Georgia,2216,34,0,99,0,0,0,0,0,0,0,203,0,0,0,0,0,0,0,0,1880,0,0,0,0,0,0,0,0,0,0,0,0,0,4376,50.63985375,13121011643
22845,1400000US13121011644,Census Tract 116.44; Fulton County; Georgia,932,469,0,0,0,0,0,0,0,0,0,0,0,0,0,0,0,0,0,0,463,0,0,0,0,0,0,0,0,0,0,0,0,0,4128,22.57751938,13121011644
22846,1400000US13121011645,Census Tract 116.45; Fulton County; Georgia,422,199,0,0,31,0,0,0,0,0,0,0,0,0,0,0,0,0,0,0,110,0,0,82,0,0,0,0,0,0,0,0,0,0,3364,12.54458977,13121011645
22847,1400000US13121011646,Census Tract 116.46; Fulton County; Georgia,663,452,0,0,74,0,0,0,0,0,0,19,0,0,0,0,0,0,0,0,118,0,0,0,0,0,0,0,0,0,0,0,0,0,4225,15.69230769,13121011646
22848,1400000US13121011647,Census Tract 116.47; Fulton County; Georgia,472,0,0,0,41,0,0,0,0,0,0,12,0,0,0,0,0,0,0,0,243,0,0,0,176,0,0,0,0,0,0,0,0,0,4987,9.464607981,13121011647
22849,1400000US13121011648,Census Tract 116.48; Fulton County; Georgia,993,93,0,0,70,0,0,0,0,0,0,0,0,59,0,0,0,0,223,0,512,0,0,0,0,0,0,0,0,0,0,0,0,36,2348,42.29131175,13121011648
22850,1400000US13121011649,Census Tract 116.49; Fulton County; Georgia,2601,697,0,52,459,0,0,12,0,0,0,11,0,0,0,0,0,0,0,0,1370,0,0,0,0,0,0,0,0,0,0,0,0,0,5246,49.58063286,13121011649
22851,1400000US13121011650,Census Tract 116.50; Fulton County; Georgia,1981,95,0,0,52,0,0,24,0,0,0,0,0,0,0,0,0,0,0,0,1732,0,0,0,0,0,0,0,0,0,0,0,78,0,4451,44.50685239,13121011650
22852,1400000US13121011651,Census Tract 116.51; Fulton County; Georgia,483,116,0,0,2,0,0,0,0,0,0,89,0,0,0,0,0,0,0,0,151,0,0,0,125,0,0,0,0,0,0,0,0,0,1811,26.67034787,13121011651
22853,1400000US13121011652,Census Tract 116.52; Fulton County; Georgia,1263,64,0,0,278,0,0,0,0,0,0,0,0,0,10,0,0,0,65,0,715,0,0,0,86,0,23,0,0,0,0,0,0,22,2766,45.66160521,13121011652
22854,1400000US13121011653,Census Tract 116.53; Fulton County; Georgia,272,88,0,12,10,0,0,0,0,0,0,0,0,0,0,0,0,0,0,0,162,0,0,0,0,0,0,0,0,0,0,0,0,0,3586,7.585052984,13121011653
22855,1400000US13121011654,Census Tract 116.54; Fulton County; Georgia,309,14,0,39,0,0,0,0,0,0,0,11,0,0,0,0,0,0,52,0,83,0,0,0,0,0,0,0,0,0,0,0,110,0,2359,13.09877067,13121011654
22856,1400000US13121011655,Census Tract 116.55; Fulton County; Georgia,71,0,0,0,0,0,0,0,0,0,0,0,0,0,0,0,0,0,0,0,71,0,0,0,0,0,0,0,0,0,0,0,0,0,2571,2.761571373,13121011655
22857,1400000US13121011656,Census Tract 116.56; Fulton County; Georgia,1217,193,0,15,10,0,0,101,0,0,0,0,0,0,0,0,0,0,0,0,863,0,0,0,35,0,0,0,0,0,0,0,0,0,3907,31.14921935,13121011656
22858,1400000US13121011657,Census Tract 116.57; Fulton County; Georgia,941,101,0,0,68,0,0,82,0,0,0,8,0,0,0,0,0,0,6,0,661,0,0,0,7,0,0,0,0,0,0,0,0,8,3310,28.42900302,13121011657
22859,1400000US13121011658,Census Tract 116.58; Fulton County; Georgia,793,48,0,41,323,0,0,8,0,0,25,0,0,0,0,0,0,0,38,0,310,0,0,0,0,0,0,0,0,0,0,0,0,0,3859,20.54936512,13121011658
22860,1400000US13121011659,Census Tract 116.59; Fulton County; Georgia,1098,166,0,0,178,0,0,27,0,0,0,0,0,0,0,0,0,0,33,0,576,0,0,68,0,0,0,0,0,0,0,0,14,36,2840,38.66197183,13121011659
22861,1400000US13121011660,Census Tract 116.60; Fulton County; Georgia,1427,164,0,10,0,0,0,0,0,0,0,76,0,0,0,0,0,0,0,0,1167,0,0,0,0,0,0,0,0,0,0,0,0,10,4884,29.21785422,13121011660
22862,1400000US13121011661,Census Tract 116.61; Fulton County; Georgia,162,13,0,0,14,0,0,0,0,0,0,0,0,0,0,0,0,0,0,0,135,0,0,0,0,0,0,0,0,0,0,0,0,0,2233,7.254814151,13121011661
22863,1400000US13121011801,Census Tract 118.01; Fulton County; Georgia,0,0,0,0,0,0,0,0,0,0,0,0,0,0,0,0,0,0,0,0,0,0,0,0,0,0,0,0,0,0,0,0,0,0,624,0,13121011801
22864,1400000US13121011802,Census Tract 118.02; Fulton County; Georgia,0,0,0,0,0,0,0,0,0,0,0,0,0,0,0,0,0,0,0,0,0,0,0,0,0,0,0,0,0,0,0,0,0,0,1447,0,13121011802
22865,1400000US13121011901,Census Tract 119.01; Fulton County; Georgia,106,52,0,0,0,0,0,0,0,0,0,0,0,0,0,0,0,0,0,0,54,0,0,0,0,0,0,0,0,0,0,0,0,0,2085,5.083932854,13121011901
22866,1400000US13121011902,Census Tract 119.02; Fulton County; Georgia,12,12,0,0,0,0,0,0,0,0,0,0,0,0,0,0,0,0,0,0,0,0,0,0,0,0,0,0,0,0,0,0,0,0,1263,0.950118765,13121011902
22867,1400000US13121012000,Census Tract 120; Fulton County; Georgia,0,0,0,0,0,0,0,0,0,0,0,0,0,0,0,0,0,0,0,0,0,0,0,0,0,0,0,0,0,0,0,0,0,0,3683,0,13121012000
22868,1400000US13121012300,Census Tract 123; Fulton County; Georgia,156,0,0,0,0,0,0,0,0,0,0,0,0,0,0,0,0,49,0,0,84,23,0,0,0,0,0,0,0,0,0,0,0,0,2400,6.5,13121012300
22869,1400000US13121980000,Census Tract 9800; Fulton County; Georgia,0,0,0,0,0,0,0,0,0,0,0,0,0,0,0,0,0,0,0,0,0,0,0,0,0,0,0,0,0,0,0,0,0,0,0,NA,13121980000
22870,1400000US13123080100,Census Tract 801; Gilmer County; Georgia,0,0,0,0,0,0,0,0,0,0,0,0,0,0,0,0,0,0,0,0,0,0,0,0,0,0,0,0,0,0,0,0,0,0,4393,0,13123080100
22871,1400000US13123080200,Census Tract 802; Gilmer County; Georgia,0,0,0,0,0,0,0,0,0,0,0,0,0,0,0,0,0,0,0,0,0,0,0,0,0,0,0,0,0,0,0,0,0,0,6216,0,13123080200
22872,1400000US13123080301,Census Tract 803.01; Gilmer County; Georgia,96,7,0,0,0,0,0,0,0,0,75,0,0,0,0,0,0,0,0,0,14,0,0,0,0,0,0,0,0,0,0,0,0,0,2312,4.152249135,13123080301
22873,1400000US13123080302,Census Tract 803.02; Gilmer County; Georgia,13,0,0,13,0,0,0,0,0,0,0,0,0,0,0,0,0,0,0,0,0,0,0,0,0,0,0,0,0,0,0,0,0,0,4005,0.324594257,13123080302
22874,1400000US13123080401,Census Tract 804.01; Gilmer County; Georgia,0,0,0,0,0,0,0,0,0,0,0,0,0,0,0,0,0,0,0,0,0,0,0,0,0,0,0,0,0,0,0,0,0,0,2813,0,13123080401
22875,1400000US13123080402,Census Tract 804.02; Gilmer County; Georgia,0,0,0,0,0,0,0,0,0,0,0,0,0,0,0,0,0,0,0,0,0,0,0,0,0,0,0,0,0,0,0,0,0,0,4013,0,13123080402
22876,1400000US13123080403,Census Tract 804.03; Gilmer County; Georgia,7,0,0,7,0,0,0,0,0,0,0,0,0,0,0,0,0,0,0,0,0,0,0,0,0,0,0,0,0,0,0,0,0,0,3214,0.217797138,13123080403
22877,1400000US13123080500,Census Tract 805; Gilmer County; Georgia,0,0,0,0,0,0,0,0,0,0,0,0,0,0,0,0,0,0,0,0,0,0,0,0,0,0,0,0,0,0,0,0,0,0,4553,0,13123080500
22878,1400000US13125010100,Census Tract 101; Glascock County; Georgia,0,0,0,0,0,0,0,0,0,0,0,0,0,0,0,0,0,0,0,0,0,0,0,0,0,0,0,0,0,0,0,0,0,0,2903,0,13125010100
22879,1400000US13127000101,Census Tract 1.01; Glynn County; Georgia,14,0,0,0,0,0,0,0,0,0,0,5,0,0,0,0,0,9,0,0,0,0,0,0,0,0,0,0,0,0,0,0,0,0,1187,1.179443976,13127000101
22880,1400000US13127000103,Census Tract 1.03; Glynn County; Georgia,0,0,0,0,0,0,0,0,0,0,0,0,0,0,0,0,0,0,0,0,0,0,0,0,0,0,0,0,0,0,0,0,0,0,2396,0,13127000103
22881,1400000US13127000104,Census Tract 1.04; Glynn County; Georgia,0,0,0,0,0,0,0,0,0,0,0,0,0,0,0,0,0,0,0,0,0,0,0,0,0,0,0,0,0,0,0,0,0,0,777,0,13127000104
22882,1400000US13127000201,Census Tract 2.01; Glynn County; Georgia,0,0,0,0,0,0,0,0,0,0,0,0,0,0,0,0,0,0,0,0,0,0,0,0,0,0,0,0,0,0,0,0,0,0,1701,0,13127000201
22883,1400000US13127000202,Census Tract 2.02; Glynn County; Georgia,0,0,0,0,0,0,0,0,0,0,0,0,0,0,0,0,0,0,0,0,0,0,0,0,0,0,0,0,0,0,0,0,0,0,4258,0,13127000202
22884,1400000US13127000301,Census Tract 3.01; Glynn County; Georgia,0,0,0,0,0,0,0,0,0,0,0,0,0,0,0,0,0,0,0,0,0,0,0,0,0,0,0,0,0,0,0,0,0,0,1367,0,13127000301
22885,1400000US13127000302,Census Tract 3.02; Glynn County; Georgia,14,0,0,0,0,0,0,0,0,0,0,0,0,0,0,0,0,0,0,0,14,0,0,0,0,0,0,0,0,0,0,0,0,0,2439,0.57400574,13127000302
22886,1400000US13127000303,Census Tract 3.03; Glynn County; Georgia,35,0,0,0,16,0,0,0,0,0,0,0,0,0,0,0,0,0,0,0,19,0,0,0,0,0,0,0,0,0,0,0,0,0,3423,1.022494888,13127000303
22887,1400000US13127000403,Census Tract 4.03; Glynn County; Georgia,65,0,0,0,24,0,0,0,0,0,0,0,0,0,0,0,0,41,0,0,0,0,0,0,0,0,0,0,0,0,0,0,0,0,3222,2.017380509,13127000403
22888,1400000US13127000405,Census Tract 4.05; Glynn County; Georgia,7,0,0,0,0,0,0,0,0,0,0,7,0,0,0,0,0,0,0,0,0,0,0,0,0,0,0,0,0,0,0,0,0,0,2281,0.306882946,13127000405
22889,1400000US13127000406,Census Tract 4.06; Glynn County; Georgia,0,0,0,0,0,0,0,0,0,0,0,0,0,0,0,0,0,0,0,0,0,0,0,0,0,0,0,0,0,0,0,0,0,0,6435,0,13127000406
22890,1400000US13127000407,Census Tract 4.07; Glynn County; Georgia,97,8,0,0,0,0,0,0,0,0,0,0,0,0,0,0,0,0,71,0,18,0,0,0,0,0,0,0,0,0,0,0,0,0,3973,2.44147999,13127000407
22891,1400000US13127000408,Census Tract 4.08; Glynn County; Georgia,0,0,0,0,0,0,0,0,0,0,0,0,0,0,0,0,0,0,0,0,0,0,0,0,0,0,0,0,0,0,0,0,0,0,4080,0,13127000408
22892,1400000US13127000409,Census Tract 4.09; Glynn County; Georgia,44,0,0,0,0,0,0,0,0,0,0,28,0,0,16,0,0,0,0,0,0,0,0,0,0,0,0,0,0,0,0,0,0,0,1878,2.342917998,13127000409
22893,1400000US13127000501,Census Tract 5.01; Glynn County; Georgia,74,0,0,0,0,0,0,0,0,0,9,25,0,0,0,0,0,0,40,0,0,0,0,0,0,0,0,0,0,0,0,0,0,0,4215,1.755634638,13127000501
22894,1400000US13127000503,Census Tract 5.03; Glynn County; Georgia,15,0,0,0,0,0,0,0,0,0,0,0,0,0,0,0,0,0,0,0,0,0,0,0,0,0,0,0,0,0,0,0,15,0,3951,0.379650721,13127000503
22895,1400000US13127000504,Census Tract 5.04; Glynn County; Georgia,17,0,0,0,0,0,0,0,0,0,0,17,0,0,0,0,0,0,0,0,0,0,0,0,0,0,0,0,0,0,0,0,0,0,4422,0.384441429,13127000504
22896,1400000US13127000601,Census Tract 6.01; Glynn County; Georgia,88,45,0,0,0,0,0,0,0,0,0,0,0,43,0,0,0,0,0,0,0,0,0,0,0,0,0,0,0,0,0,0,0,0,3579,2.458787371,13127000601
22897,1400000US13127000602,Census Tract 6.02; Glynn County; Georgia,0,0,0,0,0,0,0,0,0,0,0,0,0,0,0,0,0,0,0,0,0,0,0,0,0,0,0,0,0,0,0,0,0,0,1502,0,13127000602
22898,1400000US13127000701,Census Tract 7.01; Glynn County; Georgia,162,0,0,0,162,0,0,0,0,0,0,0,0,0,0,0,0,0,0,0,0,0,0,0,0,0,0,0,0,0,0,0,0,0,3425,4.729927007,13127000701
22899,1400000US13127000702,Census Tract 7.02; Glynn County; Georgia,70,0,0,0,0,0,0,0,0,0,0,32,0,0,0,0,0,0,0,0,0,0,0,0,0,0,0,0,0,0,0,0,38,0,4644,1.507321275,13127000702
22900,1400000US13127000800,Census Tract 8; Glynn County; Georgia,8,8,0,0,0,0,0,0,0,0,0,0,0,0,0,0,0,0,0,0,0,0,0,0,0,0,0,0,0,0,0,0,0,0,4241,0.188634756,13127000800
22901,1400000US13127000900,Census Tract 9; Glynn County; Georgia,50,0,0,0,23,0,0,0,0,0,0,0,0,0,0,0,0,0,0,0,0,0,0,0,0,0,0,0,0,0,0,0,27,0,4106,1.217730151,13127000900
22902,1400000US13127001001,Census Tract 10.01; Glynn County; Georgia,56,0,0,0,0,0,0,0,0,0,0,24,0,0,0,0,0,0,0,0,0,0,0,0,32,0,0,0,0,0,0,0,0,0,5553,1.008463893,13127001001
22903,1400000US13127001002,Census Tract 10.02; Glynn County; Georgia,198,0,0,0,0,0,0,0,0,0,0,0,0,0,0,0,0,0,198,0,0,0,0,0,0,0,0,0,0,0,0,0,0,0,5511,3.592814371,13127001002
22904,1400000US13127990000,Census Tract 9900; Glynn County; Georgia,0,0,0,0,0,0,0,0,0,0,0,0,0,0,0,0,0,0,0,0,0,0,0,0,0,0,0,0,0,0,0,0,0,0,0,NA,13127990000
22905,1400000US13129970101,Census Tract 9701.01; Gordon County; Georgia,0,0,0,0,0,0,0,0,0,0,0,0,0,0,0,0,0,0,0,0,0,0,0,0,0,0,0,0,0,0,0,0,0,0,3142,0,13129970101
22906,1400000US13129970102,Census Tract 9701.02; Gordon County; Georgia,0,0,0,0,0,0,0,0,0,0,0,0,0,0,0,0,0,0,0,0,0,0,0,0,0,0,0,0,0,0,0,0,0,0,2131,0,13129970102
22907,1400000US13129970201,Census Tract 9702.01; Gordon County; Georgia,41,5,0,0,0,0,0,0,0,0,0,18,0,0,0,0,0,0,12,0,6,0,0,0,0,0,0,0,0,0,0,0,0,0,3424,1.197429907,13129970201
22908,1400000US13129970202,Census Tract 9702.02; Gordon County; Georgia,0,0,0,0,0,0,0,0,0,0,0,0,0,0,0,0,0,0,0,0,0,0,0,0,0,0,0,0,0,0,0,0,0,0,4696,0,13129970202
22909,1400000US13129970301,Census Tract 9703.01; Gordon County; Georgia,255,8,0,0,0,0,0,0,0,0,0,0,0,0,0,0,0,0,247,0,0,0,0,0,0,0,0,0,0,0,0,0,0,0,3102,8.220502901,13129970301
22910,1400000US13129970302,Census Tract 9703.02; Gordon County; Georgia,68,0,0,0,0,0,0,0,0,0,0,0,0,0,0,0,0,0,0,0,0,0,0,0,68,0,0,0,0,0,0,0,0,0,5131,1.325277724,13129970302
22911,1400000US13129970400,Census Tract 9704; Gordon County; Georgia,25,0,0,0,0,0,0,0,0,0,0,0,0,0,0,0,0,0,0,0,25,0,0,0,0,0,0,0,0,0,0,0,0,0,6504,0.384378844,13129970400
22912,1400000US13129970500,Census Tract 9705; Gordon County; Georgia,38,0,0,0,0,0,0,0,0,0,0,0,0,0,0,0,0,0,26,0,12,0,0,0,0,0,0,0,0,0,0,0,0,0,4767,0.797147053,13129970500
22913,1400000US13129970601,Census Tract 9706.01; Gordon County; Georgia,35,35,0,0,0,0,0,0,0,0,0,0,0,0,0,0,0,0,0,0,0,0,0,0,0,0,0,0,0,0,0,0,0,0,3190,1.097178683,13129970601
22914,1400000US13129970602,Census Tract 9706.02; Gordon County; Georgia,0,0,0,0,0,0,0,0,0,0,0,0,0,0,0,0,0,0,0,0,0,0,0,0,0,0,0,0,0,0,0,0,0,0,3747,0,13129970602
22915,1400000US13129970700,Census Tract 9707; Gordon County; Georgia,86,0,0,0,39,0,0,0,0,0,0,0,0,0,0,0,0,0,0,0,47,0,0,0,0,0,0,0,0,0,0,0,0,0,4696,1.831345826,13129970700
22916,1400000US13129970801,Census Tract 9708.01; Gordon County; Georgia,30,0,0,0,0,0,0,0,0,0,0,0,0,0,0,0,0,0,0,0,30,0,0,0,0,0,0,0,0,0,0,0,0,0,3578,0.838457239,13129970801
22917,1400000US13129970802,Census Tract 9708.02; Gordon County; Georgia,36,0,0,0,0,0,0,0,0,0,0,0,0,0,0,0,0,0,0,0,36,0,0,0,0,0,0,0,0,0,0,0,0,0,1789,2.012297373,13129970802
22918,1400000US13129970901,Census Tract 9709.01; Gordon County; Georgia,68,0,0,0,0,0,0,0,0,0,0,0,0,0,0,0,0,0,0,0,68,0,0,0,0,0,0,0,0,0,0,0,0,0,4830,1.407867495,13129970901
22919,1400000US13129970902,Census Tract 9709.02; Gordon County; Georgia,0,0,0,0,0,0,0,0,0,0,0,0,0,0,0,0,0,0,0,0,0,0,0,0,0,0,0,0,0,0,0,0,0,0,3058,0,13129970902
22920,1400000US13131950100,Census Tract 9501; Grady County; Georgia,0,0,0,0,0,0,0,0,0,0,0,0,0,0,0,0,0,0,0,0,0,0,0,0,0,0,0,0,0,0,0,0,0,0,2416,0,13131950100
22921,1400000US13131950200,Census Tract 9502; Grady County; Georgia,9,0,0,0,0,0,0,0,0,0,0,0,0,0,0,0,0,0,0,0,9,0,0,0,0,0,0,0,0,0,0,0,0,0,2453,0.366897676,13131950200
22922,1400000US13131950300,Census Tract 9503; Grady County; Georgia,0,0,0,0,0,0,0,0,0,0,0,0,0,0,0,0,0,0,0,0,0,0,0,0,0,0,0,0,0,0,0,0,0,0,4201,0,13131950300
22923,1400000US13131950401,Census Tract 9504.01; Grady County; Georgia,0,0,0,0,0,0,0,0,0,0,0,0,0,0,0,0,0,0,0,0,0,0,0,0,0,0,0,0,0,0,0,0,0,0,2483,0,13131950401
22924,1400000US13131950402,Census Tract 9504.02; Grady County; Georgia,12,0,0,0,0,0,0,0,0,0,0,12,0,0,0,0,0,0,0,0,0,0,0,0,0,0,0,0,0,0,0,0,0,0,4587,0.261608895,13131950402
22925,1400000US13131950501,Census Tract 9505.01; Grady County; Georgia,0,0,0,0,0,0,0,0,0,0,0,0,0,0,0,0,0,0,0,0,0,0,0,0,0,0,0,0,0,0,0,0,0,0,2401,0,13131950501
22926,1400000US13131950502,Census Tract 9505.02; Grady County; Georgia,43,0,0,0,26,0,0,0,0,0,0,1,0,0,0,0,0,0,16,0,0,0,0,0,0,0,0,0,0,0,0,0,0,0,5305,0.810556079,13131950502
22927,1400000US13131950600,Census Tract 9506; Grady County; Georgia,5,0,0,0,5,0,0,0,0,0,0,0,0,0,0,0,0,0,0,0,0,0,0,0,0,0,0,0,0,0,0,0,0,0,2229,0.224315837,13131950600
22928,1400000US13133950100,Census Tract 9501; Greene County; Georgia,40,0,0,0,0,0,0,0,0,0,33,0,0,0,0,0,0,0,0,0,0,0,0,0,0,0,0,0,0,0,0,0,0,7,1858,2.15285253,13133950100
22929,1400000US13133950200,Census Tract 9502; Greene County; Georgia,72,0,0,0,0,0,0,0,0,0,0,72,0,0,0,0,0,0,0,0,0,0,0,0,0,0,0,0,0,0,0,0,0,0,2271,3.170409511,13133950200
22930,1400000US13133950301,Census Tract 9503.01; Greene County; Georgia,19,10,0,0,0,0,0,0,0,0,0,0,0,0,0,0,0,0,0,0,9,0,0,0,0,0,0,0,0,0,0,0,0,0,2764,0.687409551,13133950301
22931,1400000US13133950302,Census Tract 9503.02; Greene County; Georgia,89,6,0,0,0,0,0,0,0,0,0,6,0,0,0,0,0,0,42,0,11,0,0,0,0,0,0,0,0,0,0,0,24,0,3617,2.460602709,13133950302
22932,1400000US13133950304,Census Tract 9503.04; Greene County; Georgia,1,0,0,0,1,0,0,0,0,0,0,0,0,0,0,0,0,0,0,0,0,0,0,0,0,0,0,0,0,0,0,0,0,0,2124,0.047080979,13133950304
22933,1400000US13133950305,Census Tract 9503.05; Greene County; Georgia,0,0,0,0,0,0,0,0,0,0,0,0,0,0,0,0,0,0,0,0,0,0,0,0,0,0,0,0,0,0,0,0,0,0,3921,0,13133950305
22934,1400000US13133950400,Census Tract 9504; Greene County; Georgia,0,0,0,0,0,0,0,0,0,0,0,0,0,0,0,0,0,0,0,0,0,0,0,0,0,0,0,0,0,0,0,0,0,0,920,0,13133950400
22935,1400000US13133950500,Census Tract 9505; Greene County; Georgia,1,0,0,0,0,0,0,0,0,0,0,1,0,0,0,0,0,0,0,0,0,0,0,0,0,0,0,0,0,0,0,0,0,0,1545,0.064724919,13133950500
22936,1400000US13135050105,Census Tract 501.05; Gwinnett County; Georgia,507,0,6,0,273,0,0,0,0,0,0,0,0,0,0,0,0,0,111,0,37,0,0,0,42,0,0,0,0,0,0,0,0,38,5431,9.335297367,13135050105
22937,1400000US13135050110,Census Tract 501.10; Gwinnett County; Georgia,326,134,4,0,62,0,0,0,0,0,0,0,0,0,0,0,0,0,122,0,0,0,0,0,0,0,0,0,0,0,0,0,0,4,6478,5.032417413,13135050110
22938,1400000US13135050111,Census Tract 501.11; Gwinnett County; Georgia,0,0,0,0,0,0,0,0,0,0,0,0,0,0,0,0,0,0,0,0,0,0,0,0,0,0,0,0,0,0,0,0,0,0,2611,0,13135050111
22939,1400000US13135050112,Census Tract 501.12; Gwinnett County; Georgia,148,0,0,0,117,31,0,0,0,0,0,0,0,0,0,0,0,0,0,0,0,0,0,0,0,0,0,0,0,0,0,0,0,0,4988,2.967121091,13135050112
22940,1400000US13135050113,Census Tract 501.13; Gwinnett County; Georgia,669,62,0,0,384,0,0,0,0,0,0,0,0,0,0,0,0,0,24,0,199,0,0,0,0,0,0,0,0,0,0,0,0,0,6701,9.98358454,13135050113
22941,1400000US13135050114,Census Tract 501.14; Gwinnett County; Georgia,382,167,0,0,109,0,0,0,0,0,0,0,0,0,0,0,0,0,38,0,49,0,0,0,0,0,0,0,0,0,0,0,0,19,2775,13.76576577,13135050114
22942,1400000US13135050115,Census Tract 501.15; Gwinnett County; Georgia,149,124,0,0,0,0,0,0,0,0,0,0,0,0,0,0,0,25,0,0,0,0,0,0,0,0,0,0,0,0,0,0,0,0,3123,4.771053474,13135050115
22943,1400000US13135050116,Census Tract 501.16; Gwinnett County; Georgia,2129,234,0,0,858,0,0,0,0,0,0,147,0,0,0,0,0,0,53,0,754,0,0,40,0,0,0,0,0,0,43,0,0,0,8107,26.2612557,13135050116
22944,1400000US13135050117,Census Tract 501.17; Gwinnett County; Georgia,537,101,0,45,29,0,0,0,0,0,0,0,0,0,0,0,0,0,289,0,73,0,0,0,0,0,0,0,0,0,0,0,0,0,3814,14.07970635,13135050117
22945,1400000US13135050118,Census Tract 501.18; Gwinnett County; Georgia,190,0,0,0,145,0,0,0,0,0,0,0,0,0,0,0,0,0,0,0,45,0,0,0,0,0,0,0,0,0,0,0,0,0,2517,7.54866905,13135050118
22946,1400000US13135050119,Census Tract 501.19; Gwinnett County; Georgia,702,6,0,0,374,0,0,0,0,0,0,0,0,0,0,0,0,0,0,0,284,29,0,9,0,0,0,0,0,0,0,0,0,0,5108,13.743148,13135050119
22947,1400000US13135050120,Census Tract 501.20; Gwinnett County; Georgia,257,0,0,0,15,0,0,0,0,0,0,0,0,0,0,0,0,0,0,0,173,69,0,0,0,0,0,0,0,0,0,0,0,0,2393,10.73965733,13135050120
22948,1400000US13135050121,Census Tract 501.21; Gwinnett County; Georgia,766,119,0,0,322,0,0,0,0,0,0,111,0,0,0,0,0,11,10,0,88,105,0,0,0,0,0,0,0,0,0,0,0,0,6632,11.55006031,13135050121
22949,1400000US13135050205,Census Tract 502.05; Gwinnett County; Georgia,883,139,0,62,119,0,0,0,0,0,0,0,23,0,0,0,0,0,188,0,302,50,0,0,0,0,0,0,0,0,0,0,0,0,5039,17.52331812,13135050205
22950,1400000US13135050215,Census Tract 502.15; Gwinnett County; Georgia,1046,363,0,0,430,0,0,25,0,0,0,0,0,0,0,0,0,0,0,0,228,0,0,0,0,0,0,0,0,0,0,0,0,0,2935,35.63884157,13135050215
22951,1400000US13135050218,Census Tract 502.18; Gwinnett County; Georgia,1180,638,0,0,502,0,0,0,0,0,0,11,0,0,0,0,0,0,0,0,6,0,0,0,0,0,0,0,0,0,0,0,0,23,4360,27.06422018,13135050218
22952,1400000US13135050219,Census Tract 502.19; Gwinnett County; Georgia,894,223,0,0,284,0,0,0,0,0,0,0,15,0,0,0,0,25,158,0,149,0,0,0,26,0,0,0,0,0,0,0,14,0,4288,20.8488806,13135050219
22953,1400000US13135050221,Census Tract 502.21; Gwinnett County; Georgia,1115,271,28,0,303,0,0,166,0,0,0,39,60,0,0,0,0,0,0,0,239,0,0,0,0,0,0,0,0,0,0,0,0,9,4303,25.91215431,13135050221
22954,1400000US13135050222,Census Tract 502.22; Gwinnett County; Georgia,1364,462,79,0,452,0,0,29,0,0,0,52,0,0,0,0,0,0,241,0,49,0,0,0,0,0,0,0,0,0,0,0,0,0,4679,29.1515281,13135050222
22955,1400000US13135050223,Census Tract 502.23; Gwinnett County; Georgia,1562,30,0,253,794,0,0,0,0,0,0,0,0,0,0,0,0,0,15,0,94,0,0,0,376,0,0,0,0,0,0,0,0,0,6658,23.46049865,13135050223
22956,1400000US13135050224,Census Tract 502.24; Gwinnett County; Georgia,1269,117,0,23,712,0,0,0,0,0,0,0,0,0,0,0,0,0,0,0,172,234,0,0,11,0,0,0,0,0,0,0,0,0,3887,32.64728582,13135050224
22957,1400000US13135050225,Census Tract 502.25; Gwinnett County; Georgia,514,0,0,31,86,0,0,0,0,0,0,0,0,0,0,0,0,0,41,0,356,0,0,0,0,0,0,0,0,0,0,0,0,0,4135,12.43047158,13135050225
22958,1400000US13135050226,Census Tract 502.26; Gwinnett County; Georgia,572,51,317,0,8,0,0,0,0,0,0,0,0,81,0,0,0,0,109,0,6,0,0,0,0,0,0,0,0,0,0,0,0,0,3728,15.34334764,13135050226
22959,1400000US13135050227,Census Tract 502.27; Gwinnett County; Georgia,238,0,0,0,13,0,0,0,0,0,0,0,0,0,0,0,0,155,0,0,70,0,0,0,0,0,0,0,0,0,0,0,0,0,2652,8.974358974,13135050227
22960,1400000US13135050228,Census Tract 502.28; Gwinnett County; Georgia,655,16,0,0,515,0,0,0,0,0,0,0,0,0,0,0,0,0,0,0,118,0,0,0,0,0,0,0,0,0,0,0,0,6,4093,16.00293183,13135050228
22961,1400000US13135050229,Census Tract 502.29; Gwinnett County; Georgia,150,0,0,0,76,0,0,0,0,0,0,0,21,0,0,0,0,0,0,0,32,0,0,0,0,0,0,0,0,0,0,0,21,0,2800,5.357142857,13135050229
22962,1400000US13135050230,Census Tract 502.30; Gwinnett County; Georgia,1238,148,0,0,524,0,0,0,0,0,0,47,0,0,0,0,0,0,448,0,71,0,0,0,0,0,0,0,0,0,0,0,0,0,3269,37.87090853,13135050230
22963,1400000US13135050231,Census Tract 502.31; Gwinnett County; Georgia,1875,399,0,215,922,0,0,0,0,0,0,110,19,0,0,0,0,0,0,0,118,0,0,0,39,0,0,0,0,0,0,0,0,53,4964,37.7719581,13135050231
22964,1400000US13135050232,Census Tract 502.32; Gwinnett County; Georgia,690,110,0,0,342,0,0,0,0,0,0,0,0,0,0,0,0,0,140,0,91,0,0,0,0,0,0,0,0,0,0,0,0,7,2145,32.16783217,13135050232
22965,1400000US13135050233,Census Tract 502.33; Gwinnett County; Georgia,1302,93,0,0,722,0,0,0,0,0,0,0,0,0,0,0,0,0,0,0,465,0,0,0,0,0,0,0,0,0,0,0,0,22,2896,44.95856354,13135050233
22966,1400000US13135050234,Census Tract 502.34; Gwinnett County; Georgia,627,144,0,79,122,0,0,0,0,0,0,61,0,0,0,0,0,10,116,0,36,0,0,0,0,0,0,0,0,0,0,0,0,59,4141,15.14127022,13135050234
22967,1400000US13135050235,Census Tract 502.35; Gwinnett County; Georgia,1599,236,19,94,458,0,0,44,0,0,0,0,27,0,0,0,0,0,307,0,341,0,0,0,73,0,0,0,0,0,0,0,0,0,5574,28.68675996,13135050235
22968,1400000US13135050236,Census Tract 502.36; Gwinnett County; Georgia,903,150,0,0,287,0,0,0,0,0,0,66,0,0,0,0,0,0,158,0,242,0,0,0,0,0,0,0,0,0,0,0,0,0,1952,46.2602459,13135050236
22969,1400000US13135050237,Census Tract 502.37; Gwinnett County; Georgia,1180,201,0,184,658,0,0,0,0,0,0,0,0,0,0,0,0,0,0,0,45,0,0,0,13,0,0,0,0,0,0,0,0,79,3356,35.16090584,13135050237
22970,1400000US13135050238,Census Tract 502.38; Gwinnett County; Georgia,1162,42,0,14,535,0,0,0,0,0,0,0,0,0,0,0,0,0,0,0,493,0,0,0,56,0,0,0,0,0,0,0,0,22,4810,24.15800416,13135050238
22971,1400000US13135050239,Census Tract 502.39; Gwinnett County; Georgia,1970,391,0,0,731,0,0,71,0,0,0,18,59,6,0,0,0,0,61,0,585,0,0,0,48,0,0,0,0,0,0,0,0,0,5110,38.5518591,13135050239
22972,1400000US13135050240,Census Tract 502.40; Gwinnett County; Georgia,1504,485,0,0,567,0,0,0,0,0,0,6,0,0,0,0,0,0,0,0,446,0,0,0,0,0,0,0,0,0,0,0,0,0,4733,31.7768857,13135050240
22973,1400000US13135050241,Census Tract 502.41; Gwinnett County; Georgia,817,128,0,19,302,0,0,0,0,0,0,0,8,0,0,0,0,0,215,0,106,0,0,0,0,0,0,0,0,0,0,0,0,39,3647,22.40197423,13135050241
22974,1400000US13135050242,Census Tract 502.42; Gwinnett County; Georgia,1127,112,0,0,809,0,0,0,0,0,34,0,0,0,0,0,0,41,0,0,131,0,0,0,0,0,0,0,0,0,0,0,0,0,3744,30.10149573,13135050242
22975,1400000US13135050243,Census Tract 502.43; Gwinnett County; Georgia,951,90,0,0,502,0,0,0,0,0,18,15,50,0,0,0,0,0,0,0,259,0,0,0,17,0,0,0,0,0,0,0,0,0,6092,15.6106369,13135050243
22976,1400000US13135050244,Census Tract 502.44; Gwinnett County; Georgia,519,276,0,0,0,0,0,0,0,0,0,0,0,0,0,0,0,0,120,0,123,0,0,0,0,0,0,0,0,0,0,0,0,0,2540,20.43307087,13135050244
22977,1400000US13135050306,Census Tract 503.06; Gwinnett County; Georgia,594,146,0,0,0,0,0,0,0,8,0,0,0,171,0,0,0,0,182,0,0,0,0,0,0,0,0,0,0,0,0,0,0,87,3686,16.11502984,13135050306
22978,1400000US13135050308,Census Tract 503.08; Gwinnett County; Georgia,486,307,0,0,80,0,0,0,0,0,0,0,0,0,0,0,0,11,0,0,78,0,0,0,0,0,10,0,0,0,0,0,0,0,3667,13.25334061,13135050308
22979,1400000US13135050311,Census Tract 503.11; Gwinnett County; Georgia,537,64,0,0,151,0,0,0,0,159,0,24,0,0,0,0,0,0,72,0,44,0,0,0,0,0,0,0,0,0,23,0,0,0,4277,12.55552958,13135050311
22980,1400000US13135050315,Census Tract 503.15; Gwinnett County; Georgia,243,0,57,0,0,0,0,0,0,0,0,0,0,0,0,0,0,0,63,0,51,72,0,0,0,0,0,0,0,0,0,0,0,0,6146,3.953791084,13135050315
22981,1400000US13135050317,Census Tract 503.17; Gwinnett County; Georgia,0,0,0,0,0,0,0,0,0,0,0,0,0,0,0,0,0,0,0,0,0,0,0,0,0,0,0,0,0,0,0,0,0,0,3542,0,13135050317
22982,1400000US13135050318,Census Tract 503.18; Gwinnett County; Georgia,225,94,0,0,122,0,0,0,0,0,0,0,0,0,0,0,0,0,9,0,0,0,0,0,0,0,0,0,0,0,0,0,0,0,3072,7.32421875,13135050318
22983,1400000US13135050321,Census Tract 503.21; Gwinnett County; Georgia,341,175,0,0,97,0,0,0,0,0,0,10,0,0,0,0,0,0,0,0,29,0,0,0,30,0,0,0,0,0,0,0,0,0,5406,6.307806141,13135050321
22984,1400000US13135050322,Census Tract 503.22; Gwinnett County; Georgia,250,33,0,0,86,0,0,0,0,0,0,17,0,0,0,0,0,0,11,0,57,0,0,0,13,0,0,0,0,0,0,0,0,33,4779,5.23121992,13135050322
22985,1400000US13135050323,Census Tract 503.23; Gwinnett County; Georgia,467,116,0,6,154,0,0,13,0,0,10,0,0,0,0,0,0,0,49,0,102,0,0,0,8,0,0,0,0,0,0,0,9,0,4218,11.07159791,13135050323
22986,1400000US13135050324,Census Tract 503.24; Gwinnett County; Georgia,708,197,0,57,89,0,0,0,0,0,0,1,0,0,0,0,0,16,198,0,150,0,0,0,0,0,0,0,0,0,0,0,0,0,4886,14.49038068,13135050324
22987,1400000US13135050325,Census Tract 503.25; Gwinnett County; Georgia,1098,513,0,0,287,0,0,0,0,0,0,57,0,0,11,0,0,18,212,0,0,0,0,0,0,0,0,0,0,0,0,0,0,0,3728,29.4527897,13135050325
22988,1400000US13135050326,Census Tract 503.26; Gwinnett County; Georgia,376,0,0,0,76,0,0,0,0,0,0,0,0,0,0,0,0,0,283,0,0,0,0,0,0,0,0,0,0,0,0,0,0,17,4631,8.119196718,13135050326
22989,1400000US13135050327,Census Tract 503.27; Gwinnett County; Georgia,495,159,0,0,66,0,0,0,0,0,0,0,0,0,0,0,0,0,164,0,0,106,0,0,0,0,0,0,0,0,0,0,0,0,3722,13.29930145,13135050327
22990,1400000US13135050328,Census Tract 503.28; Gwinnett County; Georgia,444,24,0,0,27,0,0,0,0,54,0,29,0,79,0,0,0,36,0,0,37,158,0,0,0,0,0,0,0,0,0,0,0,0,2954,15.03046716,13135050328
22991,1400000US13135050329,Census Tract 503.29; Gwinnett County; Georgia,138,138,0,0,0,0,0,0,0,0,0,0,0,0,0,0,0,0,0,0,0,0,0,0,0,0,0,0,0,0,0,0,0,0,2385,5.786163522,13135050329
22992,1400000US13135050330,Census Tract 503.30; Gwinnett County; Georgia,611,0,0,0,13,0,0,0,0,0,0,7,0,51,54,0,0,0,252,0,224,0,0,0,0,0,0,0,0,0,0,0,0,10,2922,20.91033539,13135050330
22993,1400000US13135050331,Census Tract 503.31; Gwinnett County; Georgia,117,13,0,0,56,0,0,0,0,0,0,0,0,0,0,0,0,0,0,0,0,48,0,0,0,0,0,0,0,0,0,0,0,0,2167,5.399169359,13135050331
22994,1400000US13135050332,Census Tract 503.32; Gwinnett County; Georgia,322,0,0,0,138,0,0,0,0,0,0,23,0,0,0,0,0,0,0,0,58,0,0,0,103,0,0,0,0,0,0,0,0,0,2937,10.96356827,13135050332
22995,1400000US13135050333,Census Tract 503.33; Gwinnett County; Georgia,527,196,0,0,197,0,0,0,0,0,0,0,0,0,0,0,0,0,0,0,134,0,0,0,0,0,0,0,0,0,0,0,0,0,5254,10.03045299,13135050333
22996,1400000US13135050334,Census Tract 503.34; Gwinnett County; Georgia,616,191,0,0,128,0,0,0,0,0,0,0,0,0,0,0,0,0,202,0,0,95,0,0,0,0,0,0,0,0,0,0,0,0,6487,9.495914907,13135050334
22997,1400000US13135050335,Census Tract 503.35; Gwinnett County; Georgia,201,181,0,0,0,0,0,0,0,0,0,0,0,0,0,0,0,0,0,0,20,0,0,0,0,0,0,0,0,0,0,0,0,0,2721,7.386990077,13135050335
22998,1400000US13135050336,Census Tract 503.36; Gwinnett County; Georgia,449,184,0,0,164,0,0,0,0,0,0,0,0,0,0,0,0,0,30,0,71,0,0,0,0,0,0,0,0,0,0,0,0,0,3103,14.46986787,13135050336
22999,1400000US13135050415,Census Tract 504.15; Gwinnett County; Georgia,216,18,0,0,0,0,0,0,0,120,0,0,0,0,0,0,0,0,22,0,46,0,0,0,0,0,0,0,0,0,0,0,0,10,4223,5.114847265,13135050415
23000,1400000US13135050416,Census Tract 504.16; Gwinnett County; Georgia,133,0,0,6,7,0,0,0,0,0,0,0,0,0,0,0,0,0,0,0,120,0,0,0,0,0,0,0,0,0,0,0,0,0,3991,3.332498121,13135050416
23001,1400000US13135050425,Census Tract 504.25; Gwinnett County; Georgia,1508,226,0,0,13,0,0,57,0,0,0,6,0,0,0,0,0,7,151,0,747,0,84,42,24,0,0,0,0,0,0,0,8,143,5267,28.6310993,13135050425
23002,1400000US13135050427,Census Tract 504.27; Gwinnett County; Georgia,813,9,0,0,0,0,0,0,0,59,96,12,0,0,0,0,0,0,78,0,457,102,0,0,0,0,0,0,0,0,0,0,0,0,6079,13.37391018,13135050427
23003,1400000US13135050430,Census Tract 504.30; Gwinnett County; Georgia,1034,0,0,0,70,0,0,0,0,99,0,0,0,0,0,0,0,0,44,0,612,0,179,0,0,0,0,0,0,0,0,0,30,0,5822,17.76021986,13135050430
23004,1400000US13135050433,Census Tract 504.33; Gwinnett County; Georgia,220,52,0,0,0,0,0,0,0,42,0,15,0,0,0,0,0,0,103,0,8,0,0,0,0,0,0,0,0,0,0,0,0,0,2413,9.117281392,13135050433
23005,1400000US13135050435,Census Tract 504.35; Gwinnett County; Georgia,206,13,0,0,0,0,0,13,0,0,0,18,0,0,0,0,0,0,28,0,83,0,0,0,0,0,0,0,0,0,0,0,0,51,3076,6.697009103,13135050435
23006,1400000US13135050437,Census Tract 504.37; Gwinnett County; Georgia,430,206,0,0,35,0,0,0,0,0,0,43,0,0,0,0,0,0,146,0,0,0,0,0,0,0,0,0,0,0,0,0,0,0,2710,15.86715867,13135050437
23007,1400000US13135050438,Census Tract 504.38; Gwinnett County; Georgia,196,23,0,14,0,0,0,0,0,0,24,0,0,0,0,0,0,0,135,0,0,0,0,0,0,0,0,0,0,0,0,0,0,0,4225,4.639053254,13135050438
23008,1400000US13135050439,Census Tract 504.39; Gwinnett County; Georgia,2,2,0,0,0,0,0,0,0,0,0,0,0,0,0,0,0,0,0,0,0,0,0,0,0,0,0,0,0,0,0,0,0,0,2948,0.067842605,13135050439
23009,1400000US13135050440,Census Tract 504.40; Gwinnett County; Georgia,2145,69,0,0,26,0,0,0,0,0,0,24,0,0,0,0,0,0,1909,0,27,0,0,0,0,0,0,0,0,0,0,0,0,90,7705,27.83906554,13135050440
23010,1400000US13135050441,Census Tract 504.41; Gwinnett County; Georgia,706,27,0,0,70,0,0,0,0,0,0,0,0,0,0,0,0,31,549,0,29,0,0,0,0,0,0,0,0,0,0,0,0,0,4864,14.51480263,13135050441
23011,1400000US13135050442,Census Tract 504.42; Gwinnett County; Georgia,157,0,0,0,0,0,0,0,0,0,0,4,0,0,0,0,0,0,114,0,39,0,0,0,0,0,0,0,0,0,0,0,0,0,3140,5,13135050442
23012,1400000US13135050443,Census Tract 504.43; Gwinnett County; Georgia,1014,196,0,16,7,0,0,0,0,0,0,7,0,0,0,0,0,0,186,0,526,76,0,0,0,0,0,0,0,0,0,0,0,0,3209,31.59862886,13135050443
23013,1400000US13135050444,Census Tract 504.44; Gwinnett County; Georgia,1215,19,0,0,56,0,0,0,0,0,0,0,0,0,0,0,0,0,416,0,42,125,0,30,404,0,0,0,0,0,0,0,0,123,3699,32.84671533,13135050444
23014,1400000US13135050445,Census Tract 504.45; Gwinnett County; Georgia,148,48,0,0,0,0,0,0,0,0,0,0,0,0,0,0,0,0,51,0,0,0,0,0,49,0,0,0,0,0,0,0,0,0,3227,4.586303068,13135050445
23015,1400000US13135050446,Census Tract 504.46; Gwinnett County; Georgia,582,20,0,0,0,0,0,0,0,156,0,14,0,0,0,0,0,33,247,0,0,112,0,0,0,0,0,0,0,0,0,0,0,0,3625,16.05517241,13135050446
23016,1400000US13135050447,Census Tract 504.47; Gwinnett County; Georgia,229,0,0,20,0,0,0,0,0,0,0,0,0,0,0,0,0,0,209,0,0,0,0,0,0,0,0,0,0,0,0,0,0,0,2360,9.703389831,13135050447
23017,1400000US13135050448,Census Tract 504.48; Gwinnett County; Georgia,314,18,0,0,0,0,0,0,0,0,0,0,0,0,0,0,0,0,0,0,0,30,0,0,176,0,0,0,0,0,0,0,90,0,5006,6.272473032,13135050448
23018,1400000US13135050449,Census Tract 504.49; Gwinnett County; Georgia,935,10,0,0,0,0,0,0,0,0,72,20,0,0,0,0,0,0,657,0,148,0,0,0,0,0,0,0,0,0,0,0,28,0,3455,27.06222865,13135050449
23019,1400000US13135050450,Census Tract 504.50; Gwinnett County; Georgia,565,5,0,18,0,0,0,0,0,0,0,0,0,0,0,0,0,0,533,0,0,0,0,0,0,0,0,0,0,0,0,0,0,9,2916,19.37585734,13135050450
23020,1400000US13135050451,Census Tract 504.51; Gwinnett County; Georgia,73,0,0,0,34,0,0,0,0,0,0,0,0,0,0,0,0,0,0,0,31,0,0,0,0,0,0,0,0,0,0,0,8,0,2692,2.711738484,13135050451
23021,1400000US13135050452,Census Tract 504.52; Gwinnett County; Georgia,368,3,0,0,0,0,0,42,0,85,0,0,0,0,0,0,0,0,144,0,0,94,0,0,0,0,0,0,0,0,0,0,0,0,2403,15.3141906,13135050452
23022,1400000US13135050453,Census Tract 504.53; Gwinnett County; Georgia,244,62,0,0,0,0,0,0,0,21,0,0,0,0,0,0,0,0,127,0,0,0,0,0,34,0,0,0,0,0,0,0,0,0,2881,8.469281499,13135050453
23023,1400000US13135050454,Census Tract 504.54; Gwinnett County; Georgia,544,0,0,0,158,0,0,0,0,0,0,0,0,0,0,0,0,0,286,0,0,0,0,0,100,0,0,0,0,0,0,0,0,0,3638,14.95327103,13135050454
23024,1400000US13135050455,Census Tract 504.55; Gwinnett County; Georgia,53,0,0,0,20,0,0,0,0,0,13,7,0,0,0,0,0,0,13,0,0,0,0,0,0,0,0,0,0,0,0,0,0,0,2074,2.555448409,13135050455
23025,1400000US13135050456,Census Tract 504.56; Gwinnett County; Georgia,716,247,0,0,44,0,0,0,0,0,0,0,0,0,0,0,0,0,219,0,7,0,0,0,0,0,0,0,0,0,0,0,0,199,4169,17.17438235,13135050456
23026,1400000US13135050457,Census Tract 504.57; Gwinnett County; Georgia,708,65,0,0,112,0,0,0,0,0,0,7,0,0,0,0,0,0,104,0,365,30,0,0,0,0,21,0,0,0,0,0,0,4,3901,18.14919251,13135050457
23027,1400000US13135050458,Census Tract 504.58; Gwinnett County; Georgia,308,94,0,0,126,0,0,0,0,0,0,0,0,0,0,0,0,34,54,0,0,0,0,0,0,0,0,0,0,0,0,0,0,0,3586,8.588957055,13135050458
23028,1400000US13135050459,Census Tract 504.59; Gwinnett County; Georgia,618,0,0,0,0,0,0,59,0,0,0,0,17,0,0,0,0,0,434,0,108,0,0,0,0,0,0,0,0,0,0,0,0,0,3345,18.47533632,13135050459
23029,1400000US13135050460,Census Tract 504.60; Gwinnett County; Georgia,429,0,0,0,0,0,0,0,0,0,0,0,0,0,0,0,0,0,102,0,230,25,0,0,0,0,0,0,0,0,10,0,62,0,4221,10.16346837,13135050460
23030,1400000US13135050461,Census Tract 504.61; Gwinnett County; Georgia,447,94,0,0,0,0,0,0,0,0,0,0,0,0,0,0,0,0,36,0,266,0,0,0,51,0,0,0,0,0,0,0,0,0,3034,14.73302571,13135050461
23031,1400000US13135050462,Census Tract 504.62; Gwinnett County; Georgia,731,77,0,0,36,0,0,16,0,0,0,0,0,0,0,0,0,0,98,0,435,0,0,56,13,0,0,0,0,0,0,0,0,0,3548,20.60315671,13135050462
23032,1400000US13135050463,Census Tract 504.63; Gwinnett County; Georgia,0,0,0,0,0,0,0,0,0,0,0,0,0,0,0,0,0,0,0,0,0,0,0,0,0,0,0,0,0,0,0,0,0,0,3465,0,13135050463
23033,1400000US13135050464,Census Tract 504.64; Gwinnett County; Georgia,2663,333,0,0,12,0,0,0,0,124,0,23,0,0,0,0,0,0,678,0,1148,19,0,105,111,0,0,0,0,0,0,0,75,35,4841,55.0092956,13135050464
23034,1400000US13135050465,Census Tract 504.65; Gwinnett County; Georgia,913,75,0,0,11,0,0,0,0,0,76,0,0,0,0,0,0,0,59,0,251,0,0,0,282,0,0,0,0,0,0,0,0,159,3828,23.85057471,13135050465
23035,1400000US13135050466,Census Tract 504.66; Gwinnett County; Georgia,354,207,0,0,14,0,0,65,0,0,0,0,0,0,0,0,0,0,2,0,66,0,0,0,0,0,0,0,0,0,0,0,0,0,3357,10.54512958,13135050466
23036,1400000US13135050520,Census Tract 505.20; Gwinnett County; Georgia,146,0,0,0,1,0,0,0,0,0,0,0,0,0,0,0,0,0,114,0,0,0,0,31,0,0,0,0,0,0,0,0,0,0,7037,2.074747762,13135050520
23037,1400000US13135050521,Census Tract 505.21; Gwinnett County; Georgia,442,0,0,0,259,0,0,0,0,0,0,0,20,0,0,0,0,0,128,0,35,0,0,0,0,0,0,0,0,0,0,0,0,0,6115,7.228127555,13135050521
23038,1400000US13135050522,Census Tract 505.22; Gwinnett County; Georgia,218,15,0,0,58,0,0,0,0,0,0,0,0,0,0,0,0,0,26,0,9,0,0,0,51,0,0,0,0,0,45,0,0,14,5240,4.160305344,13135050522
23039,1400000US13135050526,Census Tract 505.26; Gwinnett County; Georgia,644,214,0,33,46,0,0,0,0,0,0,0,0,0,0,0,0,0,250,0,101,0,0,0,0,0,0,0,0,0,0,0,0,0,5228,12.31828615,13135050526
23040,1400000US13135050528,Census Tract 505.28; Gwinnett County; Georgia,794,0,33,38,245,0,0,0,0,0,142,9,0,55,0,0,0,0,45,0,227,0,0,0,0,0,0,0,0,0,0,0,0,0,4784,16.59698997,13135050528
23041,1400000US13135050529,Census Tract 505.29; Gwinnett County; Georgia,718,10,0,18,396,0,0,0,0,0,0,34,0,0,0,0,0,0,117,0,124,0,0,0,19,0,0,0,0,0,0,0,0,0,4174,17.20172496,13135050529
23042,1400000US13135050530,Census Tract 505.30; Gwinnett County; Georgia,1622,83,78,0,579,0,0,0,0,0,0,19,6,38,0,0,0,0,284,0,423,55,0,0,54,0,0,0,0,0,0,0,0,3,5990,27.07846411,13135050530
23043,1400000US13135050536,Census Tract 505.36; Gwinnett County; Georgia,840,69,0,0,149,0,0,13,0,98,63,0,0,66,0,0,0,0,185,0,161,0,0,0,23,0,0,0,0,0,0,0,0,13,6536,12.85189718,13135050536
23044,1400000US13135050537,Census Tract 505.37; Gwinnett County; Georgia,131,0,0,0,15,0,0,0,0,0,0,0,0,0,0,0,0,0,96,0,20,0,0,0,0,0,0,0,0,0,0,0,0,0,4323,3.03030303,13135050537
23045,1400000US13135050539,Census Tract 505.39; Gwinnett County; Georgia,610,31,0,0,117,0,0,0,0,21,0,0,0,0,0,0,0,9,317,0,72,37,0,0,6,0,0,0,0,0,0,0,0,0,6332,9.633607075,13135050539
23046,1400000US13135050541,Census Tract 505.41; Gwinnett County; Georgia,163,63,0,0,0,0,0,0,0,0,0,0,0,0,0,0,0,0,70,0,30,0,0,0,0,0,0,0,0,0,0,0,0,0,5242,3.109500191,13135050541
23047,1400000US13135050542,Census Tract 505.42; Gwinnett County; Georgia,660,191,0,0,458,0,0,0,0,0,0,0,0,0,0,0,0,0,0,0,1,0,0,0,0,0,0,0,0,0,0,0,0,10,5634,11.71458999,13135050542
23048,1400000US13135050549,Census Tract 505.49; Gwinnett County; Georgia,912,80,0,0,367,0,0,12,0,0,0,9,26,25,0,0,0,0,6,0,17,148,0,0,215,0,0,0,0,0,0,0,7,0,6122,14.89709245,13135050549
23049,1400000US13135050550,Census Tract 505.50; Gwinnett County; Georgia,57,0,0,0,32,0,0,0,0,0,0,0,0,0,0,0,0,0,25,0,0,0,0,0,0,0,0,0,0,0,0,0,0,0,4190,1.360381862,13135050550
23050,1400000US13135050551,Census Tract 505.51; Gwinnett County; Georgia,618,24,0,0,22,0,0,0,0,0,0,14,0,0,0,0,0,0,226,0,56,0,0,0,260,0,0,0,0,0,0,0,0,16,3821,16.1737765,13135050551
23051,1400000US13135050552,Census Tract 505.52; Gwinnett County; Georgia,546,56,0,0,58,0,0,0,0,0,0,0,0,0,0,0,0,0,261,0,99,0,0,0,20,0,0,0,0,0,0,0,0,52,4010,13.6159601,13135050552
23052,1400000US13135050553,Census Tract 505.53; Gwinnett County; Georgia,807,135,0,0,535,0,0,0,0,0,0,0,0,0,0,0,0,0,137,0,0,0,0,0,0,0,0,0,0,0,0,0,0,0,4784,16.8687291,13135050553
23053,1400000US13135050554,Census Tract 505.54; Gwinnett County; Georgia,797,42,0,13,0,0,0,0,0,0,0,3,0,26,0,0,0,0,448,0,13,86,0,0,166,0,0,0,0,0,0,0,0,0,4317,18.46189483,13135050554
23054,1400000US13135050555,Census Tract 505.55; Gwinnett County; Georgia,1846,231,0,0,21,0,0,22,0,0,0,60,0,0,0,0,0,0,1081,0,142,0,0,232,57,0,0,0,0,0,0,0,0,0,4771,38.69209809,13135050555
23055,1400000US13135050556,Census Tract 505.56; Gwinnett County; Georgia,395,0,0,0,0,0,0,0,0,0,0,0,0,0,0,0,0,0,72,0,323,0,0,0,0,0,0,0,0,0,0,0,0,0,8934,4.421311842,13135050556
23056,1400000US13135050557,Census Tract 505.57; Gwinnett County; Georgia,461,179,0,0,0,0,0,0,0,0,0,3,0,0,0,0,0,0,279,0,0,0,0,0,0,0,0,0,0,0,0,0,0,0,3211,14.35689816,13135050557
23057,1400000US13135050558,Census Tract 505.58; Gwinnett County; Georgia,119,0,0,0,19,0,0,0,0,0,0,0,0,0,0,0,0,0,54,0,29,0,0,5,6,0,0,0,0,0,0,0,0,6,2418,4.921422663,13135050558
23058,1400000US13135050559,Census Tract 505.59; Gwinnett County; Georgia,1270,0,0,0,30,0,0,0,0,0,0,52,0,0,0,0,0,10,828,0,135,0,0,0,14,0,0,0,0,0,201,0,0,0,5066,25.06908804,13135050559
23059,1400000US13135050560,Census Tract 505.60; Gwinnett County; Georgia,1502,140,0,0,271,0,0,31,0,0,0,24,22,0,0,0,0,0,87,0,824,0,0,0,0,0,0,0,0,0,0,0,0,103,3557,42.22659545,13135050560
23060,1400000US13135050561,Census Tract 505.61; Gwinnett County; Georgia,736,48,0,0,144,0,0,0,0,0,0,0,141,0,0,0,0,0,0,0,344,0,0,0,59,0,0,0,0,0,0,0,0,0,4087,18.00831906,13135050561
23061,1400000US13135050562,Census Tract 505.62; Gwinnett County; Georgia,618,97,0,0,97,0,0,49,0,0,0,0,0,0,0,0,13,0,248,0,19,0,22,73,0,0,0,0,0,0,0,0,0,0,4243,14.56516616,13135050562
23062,1400000US13135050563,Census Tract 505.63; Gwinnett County; Georgia,71,26,0,0,27,0,0,0,0,0,0,0,0,0,0,0,0,0,0,0,18,0,0,0,0,0,0,0,0,0,0,0,0,0,3475,2.043165468,13135050563
23063,1400000US13135050564,Census Tract 505.64; Gwinnett County; Georgia,239,129,0,0,0,0,0,0,0,0,43,36,0,0,0,0,0,0,0,0,0,0,0,0,31,0,0,0,0,0,0,0,0,0,3925,6.089171975,13135050564
23064,1400000US13135050565,Census Tract 505.65; Gwinnett County; Georgia,1123,170,0,95,492,0,0,0,0,0,0,1,87,111,0,0,0,0,136,0,0,0,0,0,0,0,0,0,0,0,0,0,0,31,4507,24.91679609,13135050565
23065,1400000US13135050566,Census Tract 505.66; Gwinnett County; Georgia,287,66,0,0,70,0,0,0,0,0,0,0,0,0,0,0,0,22,67,0,38,24,0,0,0,0,0,0,0,0,0,0,0,0,3675,7.80952381,13135050566
23066,1400000US13135050567,Census Tract 505.67; Gwinnett County; Georgia,494,0,0,0,53,0,0,0,0,0,0,0,0,0,0,0,0,0,411,0,0,22,0,0,8,0,0,0,0,0,0,0,0,0,4279,11.54475345,13135050567
23067,1400000US13135050568,Census Tract 505.68; Gwinnett County; Georgia,464,0,0,0,0,0,0,0,0,0,0,18,0,0,0,0,0,0,366,0,80,0,0,0,0,0,0,0,0,0,0,0,0,0,4451,10.42462368,13135050568
23068,1400000US13135050569,Census Tract 505.69; Gwinnett County; Georgia,245,0,0,0,20,0,0,0,0,0,0,0,0,26,0,0,0,0,0,0,199,0,0,0,0,0,0,0,0,0,0,0,0,0,5237,4.678250907,13135050569
23069,1400000US13135050570,Census Tract 505.70; Gwinnett County; Georgia,704,0,0,0,0,0,0,0,0,0,27,10,0,0,0,0,0,0,0,0,667,0,0,0,0,0,0,0,0,0,0,0,0,0,4432,15.88447653,13135050570
23070,1400000US13135050571,Census Tract 505.71; Gwinnett County; Georgia,144,0,37,0,40,0,0,0,0,0,0,0,0,0,0,0,0,0,0,0,0,0,0,0,67,0,0,0,0,0,0,0,0,0,7875,1.828571429,13135050571
23071,1400000US13135050572,Census Tract 505.72; Gwinnett County; Georgia,647,36,0,0,158,0,0,0,0,0,0,0,0,0,0,0,0,0,215,0,238,0,0,0,0,0,0,0,0,0,0,0,0,0,3680,17.58152174,13135050572
23072,1400000US13135050573,Census Tract 505.73; Gwinnett County; Georgia,755,4,0,0,0,0,0,0,0,0,0,11,0,4,0,0,0,0,141,0,359,194,0,29,13,0,0,0,0,0,0,0,0,0,3218,23.4617775,13135050573
23073,1400000US13135050574,Census Tract 505.74; Gwinnett County; Georgia,1029,125,0,0,162,0,0,0,0,0,0,0,0,0,0,0,0,0,233,0,442,0,0,0,67,0,0,0,0,0,0,0,0,0,5166,19.91869919,13135050574
23074,1400000US13135050575,Census Tract 505.75; Gwinnett County; Georgia,262,0,0,0,6,0,0,0,0,0,0,25,0,134,0,0,0,0,37,0,60,0,0,0,0,0,0,0,0,0,0,0,0,0,2605,10.05758157,13135050575
23075,1400000US13135050576,Census Tract 505.76; Gwinnett County; Georgia,158,49,0,0,0,0,0,0,0,0,0,0,0,0,0,0,0,0,58,0,40,0,0,0,11,0,0,0,0,0,0,0,0,0,2161,7.311429894,13135050576
23076,1400000US13135050577,Census Tract 505.77; Gwinnett County; Georgia,676,24,0,0,124,0,0,0,0,0,0,0,18,0,0,0,0,0,393,0,75,0,0,42,0,0,0,0,0,0,0,0,0,0,4614,14.65106199,13135050577
23077,1400000US13135050578,Census Tract 505.78; Gwinnett County; Georgia,810,25,0,15,259,0,0,0,0,0,0,22,0,0,0,0,0,0,377,0,68,44,0,0,0,0,0,0,0,0,0,0,0,0,4225,19.17159763,13135050578
23078,1400000US13135050579,Census Tract 505.79; Gwinnett County; Georgia,447,16,0,0,87,0,0,0,0,0,0,13,0,0,0,0,0,0,231,0,60,0,0,0,0,0,0,0,0,0,0,0,0,40,4230,10.56737589,13135050579
23079,1400000US13135050580,Census Tract 505.80; Gwinnett County; Georgia,678,13,0,0,56,0,0,0,0,0,0,0,0,0,0,0,0,0,349,0,254,0,0,0,0,0,0,0,0,0,0,0,0,6,3854,17.59211209,13135050580
23080,1400000US13135050581,Census Tract 505.81; Gwinnett County; Georgia,568,19,0,0,16,0,0,0,0,0,0,0,0,0,0,0,0,0,335,0,5,193,0,0,0,0,0,0,0,0,0,0,0,0,4072,13.94891945,13135050581
23081,1400000US13135050582,Census Tract 505.82; Gwinnett County; Georgia,180,0,0,0,6,0,0,0,0,11,0,0,0,0,0,0,0,0,0,0,118,0,0,0,0,0,0,0,0,0,0,0,16,29,2291,7.856831078,13135050582
23082,1400000US13135050583,Census Tract 505.83; Gwinnett County; Georgia,165,21,0,0,31,0,0,0,0,0,14,0,0,0,0,0,0,0,8,0,91,0,0,0,0,0,0,0,0,0,0,0,0,0,4808,3.431780366,13135050583
23083,1400000US13135050584,Census Tract 505.84; Gwinnett County; Georgia,352,11,0,0,72,0,0,0,0,0,0,0,0,0,0,0,0,10,63,0,196,0,0,0,0,0,0,0,0,0,0,0,0,0,4141,8.500362231,13135050584
23084,1400000US13135050585,Census Tract 505.85; Gwinnett County; Georgia,384,53,0,0,0,0,0,0,0,0,0,64,0,0,0,0,0,43,22,0,202,0,0,0,0,0,0,0,0,0,0,0,0,0,3056,12.56544503,13135050585
23085,1400000US13135050586,Census Tract 505.86; Gwinnett County; Georgia,425,0,0,0,23,0,0,0,0,0,14,0,0,0,0,0,0,0,125,0,122,97,0,0,0,0,0,0,0,0,0,0,0,44,5974,7.114161366,13135050586
23086,1400000US13135050587,Census Tract 505.87; Gwinnett County; Georgia,139,94,0,0,0,0,0,0,0,0,0,0,0,0,0,0,0,0,0,0,45,0,0,0,0,0,0,0,0,0,0,0,0,0,4142,3.355866731,13135050587
23087,1400000US13135050588,Census Tract 505.88; Gwinnett County; Georgia,128,0,0,0,0,0,0,0,0,0,0,0,0,0,0,0,0,0,0,0,128,0,0,0,0,0,0,0,0,0,0,0,0,0,6295,2.033359809,13135050588
23088,1400000US13135050589,Census Tract 505.89; Gwinnett County; Georgia,2387,376,0,0,57,0,0,0,0,0,0,0,0,0,0,0,0,0,913,0,703,0,0,0,59,0,0,0,0,0,0,0,0,279,5658,42.18805232,13135050589
23089,1400000US13135050590,Census Tract 505.90; Gwinnett County; Georgia,450,122,0,0,0,0,0,7,0,0,0,24,0,0,7,0,0,0,83,0,35,0,0,0,172,0,0,0,0,0,0,0,0,0,4939,9.111156104,13135050590
23090,1400000US13135050591,Census Tract 505.91; Gwinnett County; Georgia,1201,85,0,0,0,0,0,206,0,0,0,36,53,0,0,0,0,0,132,0,678,0,0,0,11,0,0,0,0,0,0,0,0,0,4161,28.86325403,13135050591
23091,1400000US13135050611,Census Tract 506.11; Gwinnett County; Georgia,218,0,52,0,85,0,0,0,0,0,0,0,0,18,0,0,0,0,0,0,63,0,0,0,0,0,0,0,0,0,0,0,0,0,3700,5.891891892,13135050611
23092,1400000US13135050612,Census Tract 506.12; Gwinnett County; Georgia,555,196,51,21,145,0,0,0,0,0,44,0,0,0,0,0,0,0,0,0,56,0,0,0,0,0,0,0,0,0,0,0,0,42,4330,12.81755196,13135050612
23093,1400000US13135050613,Census Tract 506.13; Gwinnett County; Georgia,414,169,0,0,98,0,0,0,0,0,0,67,0,0,0,0,0,0,0,0,0,0,0,0,0,0,0,0,0,0,0,0,0,80,5044,8.20777161,13135050613
23094,1400000US13135050614,Census Tract 506.14; Gwinnett County; Georgia,152,41,0,0,111,0,0,0,0,0,0,0,0,0,0,0,0,0,0,0,0,0,0,0,0,0,0,0,0,0,0,0,0,0,4064,3.74015748,13135050614
23095,1400000US13135050615,Census Tract 506.15; Gwinnett County; Georgia,7,0,0,0,7,0,0,0,0,0,0,0,0,0,0,0,0,0,0,0,0,0,0,0,0,0,0,0,0,0,0,0,0,0,2083,0.336053769,13135050615
23096,1400000US13135050616,Census Tract 506.16; Gwinnett County; Georgia,241,0,0,0,47,0,0,0,0,0,0,0,0,0,0,0,0,0,104,0,0,0,0,0,0,0,0,0,0,0,0,0,90,0,3846,6.26625065,13135050616
23097,1400000US13135050617,Census Tract 506.17; Gwinnett County; Georgia,379,379,0,0,0,0,0,0,0,0,0,0,0,0,0,0,0,0,0,0,0,0,0,0,0,0,0,0,0,0,0,0,0,0,10589,3.579185948,13135050617
23098,1400000US13135050618,Census Tract 506.18; Gwinnett County; Georgia,604,0,0,0,107,0,0,0,0,0,0,45,0,0,0,0,355,0,0,0,97,0,0,0,0,0,0,0,0,0,0,0,0,0,4346,13.89783709,13135050618
23099,1400000US13135050619,Census Tract 506.19; Gwinnett County; Georgia,463,0,0,0,76,0,0,0,0,0,120,27,0,0,0,0,0,0,240,0,0,0,0,0,0,0,0,0,0,0,0,0,0,0,6665,6.946736684,13135050619
23100,1400000US13135050620,Census Tract 506.20; Gwinnett County; Georgia,104,10,0,22,0,0,0,0,0,0,0,52,0,0,0,0,0,0,0,0,20,0,0,0,0,0,0,0,0,0,0,0,0,0,3380,3.076923077,13135050620
23101,1400000US13135050621,Census Tract 506.21; Gwinnett County; Georgia,232,50,0,28,0,0,0,0,0,0,0,0,0,0,0,0,0,0,46,0,108,0,0,0,0,0,0,0,0,0,0,0,0,0,4113,5.640651593,13135050621
23102,1400000US13135050622,Census Tract 506.22; Gwinnett County; Georgia,0,0,0,0,0,0,0,0,0,0,0,0,0,0,0,0,0,0,0,0,0,0,0,0,0,0,0,0,0,0,0,0,0,0,2723,0,13135050622
23103,1400000US13135050623,Census Tract 506.23; Gwinnett County; Georgia,702,0,0,0,0,0,0,0,0,0,385,218,0,0,0,0,0,0,99,0,0,0,0,0,0,0,0,0,0,0,0,0,0,0,5940,11.81818182,13135050623
23104,1400000US13135050624,Census Tract 506.24; Gwinnett County; Georgia,63,0,0,0,51,0,0,0,0,0,0,0,0,0,0,0,0,0,0,0,0,0,0,0,0,0,0,0,0,0,0,0,0,12,3506,1.796919566,13135050624
23105,1400000US13135050625,Census Tract 506.25; Gwinnett County; Georgia,455,0,0,0,0,0,0,0,0,0,0,0,0,0,0,0,0,0,119,0,0,0,0,0,0,0,0,0,0,0,336,0,0,0,2861,15.90353023,13135050625
23106,1400000US13135050626,Census Tract 506.26; Gwinnett County; Georgia,343,0,0,0,3,0,0,0,0,0,298,42,0,0,0,0,0,0,0,0,0,0,0,0,0,0,0,0,0,0,0,0,0,0,4643,7.387465001,13135050626
23107,1400000US13135050627,Census Tract 506.27; Gwinnett County; Georgia,278,0,0,0,0,0,0,0,0,0,0,31,0,0,0,0,0,0,247,0,0,0,0,0,0,0,0,0,0,0,0,0,0,0,5647,4.922967948,13135050627
23108,1400000US13135050628,Census Tract 506.28; Gwinnett County; Georgia,45,0,0,0,0,0,0,0,0,0,0,0,0,0,0,0,0,0,0,0,45,0,0,0,0,0,0,0,0,0,0,0,0,0,6592,0.682645631,13135050628
23109,1400000US13135050629,Census Tract 506.29; Gwinnett County; Georgia,6,0,0,0,6,0,0,0,0,0,0,0,0,0,0,0,0,0,0,0,0,0,0,0,0,0,0,0,0,0,0,0,0,0,1950,0.307692308,13135050629
23110,1400000US13135050630,Census Tract 506.30; Gwinnett County; Georgia,228,41,51,0,0,0,0,0,0,0,0,0,0,0,0,0,0,0,0,0,136,0,0,0,0,0,0,0,0,0,0,0,0,0,3772,6.044538706,13135050630
23111,1400000US13135050631,Census Tract 506.31; Gwinnett County; Georgia,958,0,0,0,192,0,0,0,0,0,0,0,0,0,0,0,0,0,0,0,766,0,0,0,0,0,0,0,0,0,0,0,0,0,8863,10.80898116,13135050631
23112,1400000US13135050632,Census Tract 506.32; Gwinnett County; Georgia,225,0,0,0,61,0,0,0,0,0,0,0,0,164,0,0,0,0,0,0,0,0,0,0,0,0,0,0,0,0,0,0,0,0,3545,6.34696756,13135050632
23113,1400000US13135050633,Census Tract 506.33; Gwinnett County; Georgia,455,0,0,0,369,0,0,0,0,0,0,0,0,86,0,0,0,0,0,0,0,0,0,0,0,0,0,0,0,0,0,0,0,0,2504,18.17092652,13135050633
23114,1400000US13135050634,Census Tract 506.34; Gwinnett County; Georgia,2634,96,0,0,1455,0,0,0,0,0,0,489,240,0,0,0,0,0,105,0,34,0,0,0,0,0,0,0,0,0,0,0,0,215,6518,40.41116907,13135050634
23115,1400000US13135050635,Census Tract 506.35; Gwinnett County; Georgia,310,0,0,0,90,0,0,0,0,0,0,0,0,0,0,0,0,0,150,0,0,0,0,0,70,0,0,0,0,0,0,0,0,0,4147,7.475283337,13135050635
23116,1400000US13135050636,Census Tract 506.36; Gwinnett County; Georgia,736,110,0,0,358,0,0,0,0,0,0,0,0,0,0,0,0,0,8,0,260,0,0,0,0,0,0,0,0,0,0,0,0,0,4395,16.74630262,13135050636
23117,1400000US13135050715,Census Tract 507.15; Gwinnett County; Georgia,1425,287,0,0,549,0,0,49,0,124,0,0,0,0,27,0,0,0,53,0,224,87,0,0,0,0,0,0,0,0,0,0,25,0,6678,21.33872417,13135050715
23118,1400000US13135050719,Census Tract 507.19; Gwinnett County; Georgia,186,0,0,0,0,0,0,0,0,0,0,0,0,0,0,0,0,0,27,0,25,0,107,27,0,0,0,0,0,0,0,0,0,0,5934,3.134479272,13135050719
23119,1400000US13135050722,Census Tract 507.22; Gwinnett County; Georgia,517,0,0,15,12,0,0,0,0,0,0,0,0,0,0,0,0,0,50,0,0,0,0,440,0,0,0,0,0,0,0,0,0,0,4099,12.6128324,13135050722
23120,1400000US13135050725,Census Tract 507.25; Gwinnett County; Georgia,164,0,0,0,0,0,0,0,0,0,45,39,0,0,0,0,0,0,0,0,59,21,0,0,0,0,0,0,0,0,0,0,0,0,6370,2.574568289,13135050725
23121,1400000US13135050729,Census Tract 507.29; Gwinnett County; Georgia,244,0,0,0,3,0,0,0,0,0,74,0,0,0,0,0,0,0,0,0,0,0,0,167,0,0,0,0,0,0,0,0,0,0,4313,5.657315094,13135050729
23122,1400000US13135050732,Census Tract 507.32; Gwinnett County; Georgia,274,0,0,0,26,0,0,0,0,0,0,7,0,0,0,0,0,0,0,0,0,0,0,0,0,0,0,0,0,0,0,0,0,241,5682,4.822245688,13135050732
23123,1400000US13135050733,Census Tract 507.33; Gwinnett County; Georgia,7,0,0,0,0,0,0,0,0,0,0,0,0,0,0,0,0,0,0,0,0,0,0,0,7,0,0,0,0,0,0,0,0,0,3245,0.215716487,13135050733
23124,1400000US13135050734,Census Tract 507.34; Gwinnett County; Georgia,9,0,0,0,0,0,0,0,0,0,0,0,0,0,0,0,0,0,9,0,0,0,0,0,0,0,0,0,0,0,0,0,0,0,4764,0.188916877,13135050734
23125,1400000US13135050735,Census Tract 507.35; Gwinnett County; Georgia,16,0,0,0,12,0,0,0,0,0,0,4,0,0,0,0,0,0,0,0,0,0,0,0,0,0,0,0,0,0,0,0,0,0,4793,0.333820154,13135050735
23126,1400000US13135050736,Census Tract 507.36; Gwinnett County; Georgia,24,0,0,0,0,0,0,0,0,0,0,0,0,0,0,0,0,0,0,0,24,0,0,0,0,0,0,0,0,0,0,0,0,0,6408,0.374531835,13135050736
23127,1400000US13135050737,Census Tract 507.37; Gwinnett County; Georgia,136,0,88,0,25,0,0,0,0,0,0,23,0,0,0,0,0,0,0,0,0,0,0,0,0,0,0,0,0,0,0,0,0,0,4310,3.155452436,13135050737
23128,1400000US13135050738,Census Tract 507.38; Gwinnett County; Georgia,164,0,0,0,0,0,0,0,0,0,0,32,0,0,0,0,0,0,0,0,0,0,0,0,0,0,0,0,0,0,0,0,132,0,7434,2.206080172,13135050738
23129,1400000US13135050739,Census Tract 507.39; Gwinnett County; Georgia,358,32,0,0,0,0,0,0,0,0,0,0,0,0,0,0,0,0,0,0,326,0,0,0,0,0,0,0,0,0,0,0,0,0,4394,8.147473828,13135050739
23130,1400000US13135050740,Census Tract 507.40; Gwinnett County; Georgia,82,0,0,0,0,0,0,0,0,0,0,0,0,0,0,0,0,0,39,0,0,43,0,0,0,0,0,0,0,0,0,0,0,0,1870,4.385026738,13135050740
23131,1400000US13135050741,Census Tract 507.41; Gwinnett County; Georgia,37,6,0,0,0,0,0,0,0,0,0,0,0,0,0,0,0,0,17,0,14,0,0,0,0,0,0,0,0,0,0,0,0,0,6610,0.559757943,13135050741
23132,1400000US13135050742,Census Tract 507.42; Gwinnett County; Georgia,54,0,0,0,0,0,0,0,0,0,0,0,0,0,0,0,0,0,0,0,54,0,0,0,0,0,0,0,0,0,0,0,0,0,4473,1.207243461,13135050742
23133,1400000US13135050743,Census Tract 507.43; Gwinnett County; Georgia,0,0,0,0,0,0,0,0,0,0,0,0,0,0,0,0,0,0,0,0,0,0,0,0,0,0,0,0,0,0,0,0,0,0,5081,0,13135050743
23134,1400000US13135050744,Census Tract 507.44; Gwinnett County; Georgia,0,0,0,0,0,0,0,0,0,0,0,0,0,0,0,0,0,0,0,0,0,0,0,0,0,0,0,0,0,0,0,0,0,0,7615,0,13135050744
23135,1400000US13135050745,Census Tract 507.45; Gwinnett County; Georgia,512,26,0,0,310,0,0,0,0,0,0,65,0,0,0,0,0,0,103,0,8,0,0,0,0,0,0,0,0,0,0,0,0,0,4144,12.35521236,13135050745
23136,1400000US13135050746,Census Tract 507.46; Gwinnett County; Georgia,238,0,0,0,0,0,0,0,0,0,0,29,0,0,0,0,0,0,127,0,82,0,0,0,0,0,0,0,0,0,0,0,0,0,7215,3.298683299,13135050746
23137,1400000US13135050747,Census Tract 507.47; Gwinnett County; Georgia,399,29,0,0,48,0,0,0,0,0,0,0,0,0,0,0,0,0,91,0,231,0,0,0,0,0,0,0,0,0,0,0,0,0,4867,8.198068625,13135050747
23138,1400000US13135050748,Census Tract 507.48; Gwinnett County; Georgia,24,0,0,0,0,0,0,0,0,0,0,0,0,0,0,0,0,0,0,0,24,0,0,0,0,0,0,0,0,0,0,0,0,0,5252,0.456968774,13135050748
23139,1400000US13135050749,Census Tract 507.49; Gwinnett County; Georgia,262,0,0,0,0,0,0,0,0,0,26,0,0,0,0,0,0,0,57,0,179,0,0,0,0,0,0,0,0,0,0,0,0,0,3593,7.291956582,13135050749
23140,1400000US13135050750,Census Tract 507.50; Gwinnett County; Georgia,116,0,0,0,0,0,0,0,0,0,0,0,0,0,0,0,0,0,0,0,0,0,0,116,0,0,0,0,0,0,0,0,0,0,5176,2.241112828,13135050750
23141,1400000US13135050751,Census Tract 507.51; Gwinnett County; Georgia,35,35,0,0,0,0,0,0,0,0,0,0,0,0,0,0,0,0,0,0,0,0,0,0,0,0,0,0,0,0,0,0,0,0,3124,1.120358515,13135050751
23142,1400000US13135050752,Census Tract 507.52; Gwinnett County; Georgia,0,0,0,0,0,0,0,0,0,0,0,0,0,0,0,0,0,0,0,0,0,0,0,0,0,0,0,0,0,0,0,0,0,0,3170,0,13135050752
23143,1400000US13135050753,Census Tract 507.53; Gwinnett County; Georgia,105,0,0,0,0,0,0,0,0,0,0,32,0,0,0,0,0,0,0,0,23,0,0,0,0,0,0,0,0,0,0,0,22,28,4478,2.344796784,13135050753
23144,1400000US13135050754,Census Tract 507.54; Gwinnett County; Georgia,529,0,0,0,0,0,0,0,0,0,0,8,0,8,0,0,0,0,0,0,513,0,0,0,0,0,0,0,0,0,0,0,0,0,3954,13.37885685,13135050754
23145,1400000US13135050755,Census Tract 507.55; Gwinnett County; Georgia,123,0,0,0,0,0,0,0,0,0,0,0,0,0,0,0,0,0,0,0,123,0,0,0,0,0,0,0,0,0,0,0,0,0,2828,4.349363508,13135050755
23146,1400000US13135050756,Census Tract 507.56; Gwinnett County; Georgia,881,50,0,0,117,0,0,0,0,0,0,85,0,0,0,0,0,0,154,0,456,0,0,0,19,0,0,0,0,0,0,0,0,0,5739,15.35110646,13135050756
23147,1400000US13135050757,Census Tract 507.57; Gwinnett County; Georgia,459,106,0,0,0,0,0,0,0,0,0,14,0,0,0,0,0,0,29,0,275,35,0,0,0,0,0,0,0,0,0,0,0,0,4898,9.371171907,13135050757
23148,1400000US13135050758,Census Tract 507.58; Gwinnett County; Georgia,177,25,0,0,4,0,0,0,0,36,0,0,24,0,0,0,0,0,88,0,0,0,0,0,0,0,0,0,0,0,0,0,0,0,2818,6.28105039,13135050758
23149,1400000US13135050759,Census Tract 507.59; Gwinnett County; Georgia,125,50,0,0,0,0,0,0,0,0,0,13,0,0,0,0,0,0,0,0,62,0,0,0,0,0,0,0,0,0,0,0,0,0,4551,2.746649088,13135050759
23150,1400000US13135050760,Census Tract 507.60; Gwinnett County; Georgia,481,0,0,0,0,0,0,0,0,0,25,0,23,0,0,0,0,0,36,0,348,0,0,0,0,0,0,0,0,0,0,0,0,49,4867,9.882884734,13135050760
23151,1400000US13135050761,Census Tract 507.61; Gwinnett County; Georgia,298,0,0,0,20,0,0,0,0,0,0,0,0,82,0,0,0,0,0,0,183,0,0,0,13,0,0,0,0,0,0,0,0,0,3445,8.650217707,13135050761
23152,1400000US13135050762,Census Tract 507.62; Gwinnett County; Georgia,1237,178,0,0,0,0,0,0,0,0,69,0,0,0,0,0,0,0,177,0,519,156,0,0,0,0,0,0,0,0,0,0,0,138,5472,22.60599415,13135050762
23153,1400000US13135050763,Census Tract 507.63; Gwinnett County; Georgia,714,116,488,0,13,0,0,0,0,0,0,0,0,0,0,0,0,0,0,0,29,0,0,0,11,0,0,0,0,0,0,0,57,0,4682,15.24989321,13135050763
23154,1400000US13135050764,Census Tract 507.64; Gwinnett County; Georgia,282,25,0,16,1,0,0,15,0,0,0,130,0,0,0,0,0,0,45,0,5,0,0,10,0,0,0,0,0,0,0,0,0,35,2658,10.60948081,13135050764
23155,1400000US13135050765,Census Tract 507.65; Gwinnett County; Georgia,469,48,0,16,0,0,0,0,0,0,15,0,0,0,0,0,0,35,132,0,71,0,0,0,99,0,0,0,0,0,11,0,0,42,3054,15.35690897,13135050765
23156,1400000US13137000100,Census Tract 1; Habersham County; Georgia,77,12,0,5,4,0,0,0,0,0,0,8,0,0,0,0,0,0,48,0,0,0,0,0,0,0,0,0,0,0,0,0,0,0,3971,1.939058172,13137000100
23157,1400000US13137000201,Census Tract 2.01; Habersham County; Georgia,15,0,0,0,15,0,0,0,0,0,0,0,0,0,0,0,0,0,0,0,0,0,0,0,0,0,0,0,0,0,0,0,0,0,4159,0.360663621,13137000201
23158,1400000US13137000203,Census Tract 2.03; Habersham County; Georgia,56,0,0,0,0,0,0,0,0,0,0,0,0,0,0,0,0,0,0,0,56,0,0,0,0,0,0,0,0,0,0,0,0,0,3855,1.452658885,13137000203
23159,1400000US13137000204,Census Tract 2.04; Habersham County; Georgia,103,0,0,0,0,0,0,0,0,0,0,90,0,13,0,0,0,0,0,0,0,0,0,0,0,0,0,0,0,0,0,0,0,0,1671,6.163973668,13137000204
23160,1400000US13137000300,Census Tract 3; Habersham County; Georgia,27,11,0,2,0,0,0,0,0,0,0,0,0,0,0,0,0,0,0,0,0,0,0,0,0,0,0,0,0,0,0,0,14,0,4657,0.579772386,13137000300
23161,1400000US13137000400,Census Tract 4; Habersham County; Georgia,105,0,0,1,0,0,0,0,0,0,0,84,0,20,0,0,0,0,0,0,0,0,0,0,0,0,0,0,0,0,0,0,0,0,4989,2.104630186,13137000400
23162,1400000US13137000501,Census Tract 5.01; Habersham County; Georgia,319,0,0,0,0,0,0,0,0,0,0,17,0,125,0,0,0,0,0,0,0,0,0,0,0,0,0,0,0,0,0,0,177,0,2136,14.93445693,13137000501
23163,1400000US13137000502,Census Tract 5.02; Habersham County; Georgia,34,2,0,0,0,0,0,0,0,0,0,24,0,0,0,0,0,0,0,0,8,0,0,0,0,0,0,0,0,0,0,0,0,0,6027,0.56412809,13137000502
23164,1400000US13137000601,Census Tract 6.01; Habersham County; Georgia,189,0,0,0,0,0,0,0,0,0,0,0,0,75,0,0,0,0,80,0,0,0,0,0,4,0,0,0,0,0,0,0,19,11,6809,2.775737994,13137000601
23165,1400000US13137000603,Census Tract 6.03; Habersham County; Georgia,0,0,0,0,0,0,0,0,0,0,0,0,0,0,0,0,0,0,0,0,0,0,0,0,0,0,0,0,0,0,0,0,0,0,3121,0,13137000603
23166,1400000US13137000604,Census Tract 6.04; Habersham County; Georgia,77,0,0,0,0,0,0,0,0,0,0,0,0,77,0,0,0,0,0,0,0,0,0,0,0,0,0,0,0,0,0,0,0,0,4931,1.561549381,13137000604
23167,1400000US13139000101,Census Tract 1.01; Hall County; Georgia,28,0,0,0,0,0,0,0,0,0,0,28,0,0,0,0,0,0,0,0,0,0,0,0,0,0,0,0,0,0,0,0,0,0,5465,0.512351327,13139000101
23168,1400000US13139000102,Census Tract 1.02; Hall County; Georgia,36,0,0,0,36,0,0,0,0,0,0,0,0,0,0,0,0,0,0,0,0,0,0,0,0,0,0,0,0,0,0,0,0,0,3483,1.033591731,13139000102
23169,1400000US13139000203,Census Tract 2.03; Hall County; Georgia,0,0,0,0,0,0,0,0,0,0,0,0,0,0,0,0,0,0,0,0,0,0,0,0,0,0,0,0,0,0,0,0,0,0,4567,0,13139000203
23170,1400000US13139000204,Census Tract 2.04; Hall County; Georgia,174,0,0,0,0,0,0,0,0,0,0,0,0,0,0,0,0,0,174,0,0,0,0,0,0,0,0,0,0,0,0,0,0,0,4316,4.031510658,13139000204
23171,1400000US13139000205,Census Tract 2.05; Hall County; Georgia,222,0,0,12,35,0,0,78,0,0,0,0,0,0,0,0,0,0,0,0,97,0,0,0,0,0,0,0,0,0,0,0,0,0,2391,9.284818068,13139000205
23172,1400000US13139000206,Census Tract 2.06; Hall County; Georgia,0,0,0,0,0,0,0,0,0,0,0,0,0,0,0,0,0,0,0,0,0,0,0,0,0,0,0,0,0,0,0,0,0,0,2777,0,13139000206
23173,1400000US13139000303,Census Tract 3.03; Hall County; Georgia,11,0,0,0,0,0,0,0,0,0,0,0,0,0,0,0,0,0,0,0,11,0,0,0,0,0,0,0,0,0,0,0,0,0,2854,0.385423966,13139000303
23174,1400000US13139000304,Census Tract 3.04; Hall County; Georgia,19,6,0,0,0,0,0,0,0,0,0,0,0,0,0,0,0,13,0,0,0,0,0,0,0,0,0,0,0,0,0,0,0,0,3248,0.584975369,13139000304
23175,1400000US13139000305,Census Tract 3.05; Hall County; Georgia,95,0,0,0,0,0,0,0,0,0,0,95,0,0,0,0,0,0,0,0,0,0,0,0,0,0,0,0,0,0,0,0,0,0,4383,2.167465206,13139000305
23176,1400000US13139000306,Census Tract 3.06; Hall County; Georgia,40,0,0,0,0,0,0,0,0,0,0,0,0,0,0,0,0,0,0,0,40,0,0,0,0,0,0,0,0,0,0,0,0,0,2741,1.459321416,13139000306
23177,1400000US13139000307,Census Tract 3.07; Hall County; Georgia,19,0,0,0,0,0,0,0,0,0,0,0,0,0,0,0,0,0,0,0,19,0,0,0,0,0,0,0,0,0,0,0,0,0,4244,0.447690858,13139000307
23178,1400000US13139000401,Census Tract 4.01; Hall County; Georgia,0,0,0,0,0,0,0,0,0,0,0,0,0,0,0,0,0,0,0,0,0,0,0,0,0,0,0,0,0,0,0,0,0,0,3209,0,13139000401
23179,1400000US13139000402,Census Tract 4.02; Hall County; Georgia,0,0,0,0,0,0,0,0,0,0,0,0,0,0,0,0,0,0,0,0,0,0,0,0,0,0,0,0,0,0,0,0,0,0,3338,0,13139000402
23180,1400000US13139000501,Census Tract 5.01; Hall County; Georgia,222,0,0,0,35,0,0,0,0,0,0,187,0,0,0,0,0,0,0,0,0,0,0,0,0,0,0,0,0,0,0,0,0,0,3811,5.825242718,13139000501
23181,1400000US13139000502,Census Tract 5.02; Hall County; Georgia,29,29,0,0,0,0,0,0,0,0,0,0,0,0,0,0,0,0,0,0,0,0,0,0,0,0,0,0,0,0,0,0,0,0,3402,0.852439741,13139000502
23182,1400000US13139000601,Census Tract 6.01; Hall County; Georgia,97,0,0,0,0,0,0,0,0,0,0,21,76,0,0,0,0,0,0,0,0,0,0,0,0,0,0,0,0,0,0,0,0,0,3051,3.17928548,13139000601
23183,1400000US13139000602,Census Tract 6.02; Hall County; Georgia,55,0,0,0,27,0,0,0,0,0,0,0,0,0,0,0,0,0,0,0,28,0,0,0,0,0,0,0,0,0,0,0,0,0,4064,1.353346457,13139000602
23184,1400000US13139000702,Census Tract 7.02; Hall County; Georgia,0,0,0,0,0,0,0,0,0,0,0,0,0,0,0,0,0,0,0,0,0,0,0,0,0,0,0,0,0,0,0,0,0,0,5424,0,13139000702
23185,1400000US13139000703,Census Tract 7.03; Hall County; Georgia,17,0,0,0,0,0,0,0,0,0,0,0,0,0,0,0,0,0,17,0,0,0,0,0,0,0,0,0,0,0,0,0,0,0,4233,0.401606426,13139000703
23186,1400000US13139000704,Census Tract 7.04; Hall County; Georgia,124,124,0,0,0,0,0,0,0,0,0,0,0,0,0,0,0,0,0,0,0,0,0,0,0,0,0,0,0,0,0,0,0,0,3074,4.033832141,13139000704
23187,1400000US13139000800,Census Tract 8; Hall County; Georgia,4,4,0,0,0,0,0,0,0,0,0,0,0,0,0,0,0,0,0,0,0,0,0,0,0,0,0,0,0,0,0,0,0,0,4295,0.093131548,13139000800
23188,1400000US13139000901,Census Tract 9.01; Hall County; Georgia,8,8,0,0,0,0,0,0,0,0,0,0,0,0,0,0,0,0,0,0,0,0,0,0,0,0,0,0,0,0,0,0,0,0,2928,0.273224044,13139000901
23189,1400000US13139000902,Census Tract 9.02; Hall County; Georgia,112,10,0,0,0,0,0,0,0,0,0,102,0,0,0,0,0,0,0,0,0,0,0,0,0,0,0,0,0,0,0,0,0,0,3583,3.125872174,13139000902
23190,1400000US13139001004,Census Tract 10.04; Hall County; Georgia,165,0,0,0,0,0,0,0,0,0,0,0,0,0,0,0,0,0,165,0,0,0,0,0,0,0,0,0,0,0,0,0,0,0,3372,4.893238434,13139001004
23191,1400000US13139001005,Census Tract 10.05; Hall County; Georgia,269,0,0,4,0,0,0,9,0,0,0,0,0,0,0,0,0,0,256,0,0,0,0,0,0,0,0,0,0,0,0,0,0,0,5078,5.297361166,13139001005
23192,1400000US13139001006,Census Tract 10.06; Hall County; Georgia,46,0,0,0,0,0,0,0,0,0,0,0,0,0,0,0,0,0,0,0,0,0,0,0,46,0,0,0,0,0,0,0,0,0,2697,1.705598813,13139001006
23193,1400000US13139001007,Census Tract 10.07; Hall County; Georgia,443,0,0,0,0,0,0,0,0,0,0,0,0,0,0,0,0,0,443,0,0,0,0,0,0,0,0,0,0,0,0,0,0,0,2580,17.17054264,13139001007
23194,1400000US13139001008,Census Tract 10.08; Hall County; Georgia,49,9,0,0,0,0,0,0,0,0,0,4,0,0,0,0,0,0,21,0,15,0,0,0,0,0,0,0,0,0,0,0,0,0,3707,1.321823577,13139001008
23195,1400000US13139001101,Census Tract 11.01; Hall County; Georgia,0,0,0,0,0,0,0,0,0,0,0,0,0,0,0,0,0,0,0,0,0,0,0,0,0,0,0,0,0,0,0,0,0,0,5551,0,13139001101
23196,1400000US13139001102,Census Tract 11.02; Hall County; Georgia,115,0,0,0,0,0,0,0,0,0,0,21,0,0,0,0,0,0,94,0,0,0,0,0,0,0,0,0,0,0,0,0,0,0,4775,2.408376963,13139001102
23197,1400000US13139001202,Census Tract 12.02; Hall County; Georgia,222,0,0,0,0,0,0,0,0,0,0,12,0,0,0,0,0,0,210,0,0,0,0,0,0,0,0,0,0,0,0,0,0,0,6908,3.213665316,13139001202
23198,1400000US13139001203,Census Tract 12.03; Hall County; Georgia,0,0,0,0,0,0,0,0,0,0,0,0,0,0,0,0,0,0,0,0,0,0,0,0,0,0,0,0,0,0,0,0,0,0,2369,0,13139001203
23199,1400000US13139001204,Census Tract 12.04; Hall County; Georgia,0,0,0,0,0,0,0,0,0,0,0,0,0,0,0,0,0,0,0,0,0,0,0,0,0,0,0,0,0,0,0,0,0,0,5017,0,13139001204
23200,1400000US13139001302,Census Tract 13.02; Hall County; Georgia,42,0,0,1,0,0,0,0,0,0,0,0,0,0,0,0,0,0,41,0,0,0,0,0,0,0,0,0,0,0,0,0,0,0,5423,0.774479071,13139001302
23201,1400000US13139001303,Census Tract 13.03; Hall County; Georgia,14,0,0,0,0,0,0,0,0,0,0,0,0,0,0,0,0,14,0,0,0,0,0,0,0,0,0,0,0,0,0,0,0,0,2869,0.487974904,13139001303
23202,1400000US13139001304,Census Tract 13.04; Hall County; Georgia,68,0,0,0,0,0,0,0,0,0,0,0,0,0,0,0,0,0,68,0,0,0,0,0,0,0,0,0,0,0,0,0,0,0,3927,1.731601732,13139001304
23203,1400000US13139001402,Census Tract 14.02; Hall County; Georgia,56,0,0,0,44,0,0,0,0,0,0,0,0,0,0,0,0,0,0,0,12,0,0,0,0,0,0,0,0,0,0,0,0,0,5240,1.06870229,13139001402
23204,1400000US13139001404,Census Tract 14.04; Hall County; Georgia,104,0,0,0,0,0,0,0,0,0,0,3,0,0,0,0,0,0,18,0,83,0,0,0,0,0,0,0,0,0,0,0,0,0,6144,1.692708333,13139001404
23205,1400000US13139001405,Census Tract 14.05; Hall County; Georgia,135,0,0,0,21,0,0,0,0,0,0,0,0,0,0,0,0,0,83,0,0,0,0,31,0,0,0,0,0,0,0,0,0,0,2298,5.874673629,13139001405
23206,1400000US13139001406,Census Tract 14.06; Hall County; Georgia,213,1,0,0,0,0,0,0,0,0,0,0,0,0,0,0,0,0,138,0,74,0,0,0,0,0,0,0,0,0,0,0,0,0,4424,4.814647378,13139001406
23207,1400000US13139001501,Census Tract 15.01; Hall County; Georgia,0,0,0,0,0,0,0,0,0,0,0,0,0,0,0,0,0,0,0,0,0,0,0,0,0,0,0,0,0,0,0,0,0,0,6267,0,13139001501
23208,1400000US13139001502,Census Tract 15.02; Hall County; Georgia,46,16,0,0,0,0,0,0,0,0,0,0,0,13,0,0,0,0,0,0,17,0,0,0,0,0,0,0,0,0,0,0,0,0,4007,1.147991016,13139001502
23209,1400000US13139001603,Census Tract 16.03; Hall County; Georgia,32,10,0,0,0,0,0,0,0,0,0,6,0,0,0,0,0,0,0,0,16,0,0,0,0,0,0,0,0,0,0,0,0,0,5461,0.585973265,13139001603
23210,1400000US13139001605,Census Tract 16.05; Hall County; Georgia,111,66,0,0,45,0,0,0,0,0,0,0,0,0,0,0,0,0,0,0,0,0,0,0,0,0,0,0,0,0,0,0,0,0,4874,2.277390234,13139001605
23211,1400000US13139001606,Census Tract 16.06; Hall County; Georgia,96,0,0,0,41,0,0,0,0,0,0,0,0,0,0,0,0,0,45,0,10,0,0,0,0,0,0,0,0,0,0,0,0,0,4277,2.244563947,13139001606
23212,1400000US13139001607,Census Tract 16.07; Hall County; Georgia,185,20,0,0,107,0,0,0,0,0,0,0,0,0,0,0,0,0,58,0,0,0,0,0,0,0,0,0,0,0,0,0,0,0,6147,3.009598178,13139001607
23213,1400000US13139001609,Census Tract 16.09; Hall County; Georgia,147,17,0,29,0,0,0,0,0,0,0,101,0,0,0,0,0,0,0,0,0,0,0,0,0,0,0,0,0,0,0,0,0,0,5656,2.599009901,13139001609
23214,1400000US13139001610,Census Tract 16.10; Hall County; Georgia,0,0,0,0,0,0,0,0,0,0,0,0,0,0,0,0,0,0,0,0,0,0,0,0,0,0,0,0,0,0,0,0,0,0,3404,0,13139001610
23215,1400000US13139001611,Census Tract 16.11; Hall County; Georgia,329,0,0,0,0,0,0,0,0,0,0,4,0,0,0,0,0,0,0,0,227,0,0,0,98,0,0,0,0,0,0,0,0,0,4704,6.994047619,13139001611
23216,1400000US13139001612,Census Tract 16.12; Hall County; Georgia,0,0,0,0,0,0,0,0,0,0,0,0,0,0,0,0,0,0,0,0,0,0,0,0,0,0,0,0,0,0,0,0,0,0,2896,0,13139001612
23217,1400000US13141480300,Census Tract 4803; Hancock County; Georgia,0,0,0,0,0,0,0,0,0,0,0,0,0,0,0,0,0,0,0,0,0,0,0,0,0,0,0,0,0,0,0,0,0,0,2571,0,13141480300
23218,1400000US13141480400,Census Tract 4804; Hancock County; Georgia,75,0,0,0,7,0,0,0,0,0,0,0,0,0,0,0,0,0,4,0,64,0,0,0,0,0,0,0,0,0,0,0,0,0,6017,1.24646834,13141480400
23219,1400000US13143010100,Census Tract 101; Haralson County; Georgia,0,0,0,0,0,0,0,0,0,0,0,0,0,0,0,0,0,0,0,0,0,0,0,0,0,0,0,0,0,0,0,0,0,0,3636,0,13143010100
23220,1400000US13143010201,Census Tract 102.01; Haralson County; Georgia,11,0,0,0,0,0,0,0,0,0,0,0,0,0,0,0,0,0,0,0,11,0,0,0,0,0,0,0,0,0,0,0,0,0,3367,0.326700327,13143010201
23221,1400000US13143010202,Census Tract 102.02; Haralson County; Georgia,0,0,0,0,0,0,0,0,0,0,0,0,0,0,0,0,0,0,0,0,0,0,0,0,0,0,0,0,0,0,0,0,0,0,2414,0,13143010202
23222,1400000US13143010301,Census Tract 103.01; Haralson County; Georgia,20,0,0,0,0,0,0,0,0,0,0,20,0,0,0,0,0,0,0,0,0,0,0,0,0,0,0,0,0,0,0,0,0,0,4001,0.499875031,13143010301
23223,1400000US13143010303,Census Tract 103.03; Haralson County; Georgia,0,0,0,0,0,0,0,0,0,0,0,0,0,0,0,0,0,0,0,0,0,0,0,0,0,0,0,0,0,0,0,0,0,0,2024,0,13143010303
23224,1400000US13143010304,Census Tract 103.04; Haralson County; Georgia,3,0,0,0,3,0,0,0,0,0,0,0,0,0,0,0,0,0,0,0,0,0,0,0,0,0,0,0,0,0,0,0,0,0,6826,0.043949604,13143010304
23225,1400000US13143010401,Census Tract 104.01; Haralson County; Georgia,32,0,0,10,0,0,0,0,0,0,0,22,0,0,0,0,0,0,0,0,0,0,0,0,0,0,0,0,0,0,0,0,0,0,2704,1.183431953,13143010401
23226,1400000US13143010402,Census Tract 104.02; Haralson County; Georgia,116,0,0,0,0,0,0,0,0,0,0,0,0,0,0,0,0,0,0,0,116,0,0,0,0,0,0,0,0,0,0,0,0,0,5206,2.228198233,13143010402
23227,1400000US13145120198,Census Tract 1201.98; Harris County; Georgia,4,4,0,0,0,0,0,0,0,0,0,0,0,0,0,0,0,0,0,0,0,0,0,0,0,0,0,0,0,0,0,0,0,0,4927,0.081185305,13145120198
23228,1400000US13145120200,Census Tract 1202; Harris County; Georgia,28,15,0,0,0,0,0,0,0,0,0,0,0,0,0,0,0,0,0,0,13,0,0,0,0,0,0,0,0,0,0,0,0,0,3533,0.792527597,13145120200
23229,1400000US13145120301,Census Tract 1203.01; Harris County; Georgia,10,0,0,0,0,0,0,0,0,0,0,6,0,0,0,0,0,0,4,0,0,0,0,0,0,0,0,0,0,0,0,0,0,0,3823,0.26157468,13145120301
23230,1400000US13145120302,Census Tract 1203.02; Harris County; Georgia,81,0,0,0,25,0,0,0,0,0,0,0,0,0,0,0,0,0,0,0,56,0,0,0,0,0,0,0,0,0,0,0,0,0,6790,1.192930781,13145120302
23231,1400000US13145120401,Census Tract 1204.01; Harris County; Georgia,0,0,0,0,0,0,0,0,0,0,0,0,0,0,0,0,0,0,0,0,0,0,0,0,0,0,0,0,0,0,0,0,0,0,7477,0,13145120401
23232,1400000US13145120403,Census Tract 1204.03; Harris County; Georgia,81,0,0,0,0,0,0,0,0,0,0,53,0,0,0,0,0,0,0,0,22,0,0,0,0,0,0,0,0,0,0,0,6,0,3875,2.090322581,13145120403
23233,1400000US13145120404,Census Tract 1204.04; Harris County; Georgia,29,0,0,0,11,0,0,0,0,0,0,2,0,0,0,0,0,9,7,0,0,0,0,0,0,0,0,0,0,0,0,0,0,0,4489,0.646023613,13145120404
23234,1400000US13147960101,Census Tract 9601.01; Hart County; Georgia,40,0,0,0,40,0,0,0,0,0,0,0,0,0,0,0,0,0,0,0,0,0,0,0,0,0,0,0,0,0,0,0,0,0,1053,3.798670465,13147960101
23235,1400000US13147960102,Census Tract 9601.02; Hart County; Georgia,0,0,0,0,0,0,0,0,0,0,0,0,0,0,0,0,0,0,0,0,0,0,0,0,0,0,0,0,0,0,0,0,0,0,988,0,13147960102
23236,1400000US13147960103,Census Tract 9601.03; Hart County; Georgia,0,0,0,0,0,0,0,0,0,0,0,0,0,0,0,0,0,0,0,0,0,0,0,0,0,0,0,0,0,0,0,0,0,0,3348,0,13147960103
23237,1400000US13147960200,Census Tract 9602; Hart County; Georgia,19,19,0,0,0,0,0,0,0,0,0,0,0,0,0,0,0,0,0,0,0,0,0,0,0,0,0,0,0,0,0,0,0,0,3472,0.547235023,13147960200
23238,1400000US13147960300,Census Tract 9603; Hart County; Georgia,203,0,0,12,0,0,0,0,0,0,0,0,0,0,0,0,0,0,191,0,0,0,0,0,0,0,0,0,0,0,0,0,0,0,3711,5.470223659,13147960300
23239,1400000US13147960401,Census Tract 9604.01; Hart County; Georgia,0,0,0,0,0,0,0,0,0,0,0,0,0,0,0,0,0,0,0,0,0,0,0,0,0,0,0,0,0,0,0,0,0,0,1616,0,13147960401
23240,1400000US13147960402,Census Tract 9604.02; Hart County; Georgia,18,0,0,0,0,0,0,0,0,0,0,0,0,0,0,0,0,0,0,0,18,0,0,0,0,0,0,0,0,0,0,0,0,0,4819,0.373521477,13147960402
23241,1400000US13147960501,Census Tract 9605.01; Hart County; Georgia,0,0,0,0,0,0,0,0,0,0,0,0,0,0,0,0,0,0,0,0,0,0,0,0,0,0,0,0,0,0,0,0,0,0,1196,0,13147960501
23242,1400000US13147960502,Census Tract 9605.02; Hart County; Georgia,7,0,0,0,0,0,0,0,0,0,0,0,0,0,0,0,0,0,0,0,7,0,0,0,0,0,0,0,0,0,0,0,0,0,2171,0.322432059,13147960502
23243,1400000US13147960503,Census Tract 9605.03; Hart County; Georgia,55,0,0,0,0,0,0,0,0,0,0,55,0,0,0,0,0,0,0,0,0,0,0,0,0,0,0,0,0,0,0,0,0,0,3736,1.472162741,13147960503
23244,1400000US13149970100,Census Tract 9701; Heard County; Georgia,4,4,0,0,0,0,0,0,0,0,0,0,0,0,0,0,0,0,0,0,0,0,0,0,0,0,0,0,0,0,0,0,0,0,4391,0.091095422,13149970100
23245,1400000US13149970200,Census Tract 9702; Heard County; Georgia,0,0,0,0,0,0,0,0,0,0,0,0,0,0,0,0,0,0,0,0,0,0,0,0,0,0,0,0,0,0,0,0,0,0,3789,0,13149970200
23246,1400000US13149970300,Census Tract 9703; Heard County; Georgia,55,0,0,0,15,0,0,0,0,0,0,0,0,0,0,0,0,0,40,0,0,0,0,0,0,0,0,0,0,0,0,0,0,0,3309,1.662133575,13149970300
23247,1400000US13151070109,Census Tract 701.09; Henry County; Georgia,24,0,0,0,0,0,0,15,0,0,9,0,0,0,0,0,0,0,0,0,0,0,0,0,0,0,0,0,0,0,0,0,0,0,3081,0.778967868,13151070109
23248,1400000US13151070113,Census Tract 701.13; Henry County; Georgia,211,43,0,0,0,0,0,0,0,0,0,0,0,0,0,0,0,0,54,0,52,0,0,0,0,0,0,0,0,0,0,0,62,0,5200,4.057692308,13151070113
23249,1400000US13151070114,Census Tract 701.14; Henry County; Georgia,164,0,0,0,0,0,0,0,0,0,0,0,0,0,0,0,0,0,162,0,2,0,0,0,0,0,0,0,0,0,0,0,0,0,5589,2.934335301,13151070114
23250,1400000US13151070115,Census Tract 701.15; Henry County; Georgia,786,0,0,0,17,0,0,0,0,0,0,0,0,0,0,0,0,0,737,0,32,0,0,0,0,0,0,0,0,0,0,0,0,0,4324,18.17761332,13151070115
23251,1400000US13151070116,Census Tract 701.16; Henry County; Georgia,464,0,0,0,0,0,0,0,0,0,0,0,0,0,0,0,0,0,464,0,0,0,0,0,0,0,0,0,0,0,0,0,0,0,3446,13.46488683,13151070116
23252,1400000US13151070117,Census Tract 701.17; Henry County; Georgia,0,0,0,0,0,0,0,0,0,0,0,0,0,0,0,0,0,0,0,0,0,0,0,0,0,0,0,0,0,0,0,0,0,0,3855,0,13151070117
23253,1400000US13151070118,Census Tract 701.18; Henry County; Georgia,20,5,0,0,0,0,0,0,0,0,0,0,0,15,0,0,0,0,0,0,0,0,0,0,0,0,0,0,0,0,0,0,0,0,2494,0.801924619,13151070118
23254,1400000US13151070119,Census Tract 701.19; Henry County; Georgia,55,0,0,0,0,0,0,0,0,0,0,0,0,0,0,0,0,0,55,0,0,0,0,0,0,0,0,0,0,0,0,0,0,0,6809,0.807754443,13151070119
23255,1400000US13151070120,Census Tract 701.20; Henry County; Georgia,20,0,0,0,0,0,0,0,0,0,0,0,0,0,0,0,0,0,0,0,20,0,0,0,0,0,0,0,0,0,0,0,0,0,2607,0.767165324,13151070120
23256,1400000US13151070121,Census Tract 701.21; Henry County; Georgia,104,0,0,0,0,0,0,0,0,0,0,67,0,0,0,0,0,0,0,0,37,0,0,0,0,0,0,0,0,0,0,0,0,0,4541,2.29024444,13151070121
23257,1400000US13151070122,Census Tract 701.22; Henry County; Georgia,0,0,0,0,0,0,0,0,0,0,0,0,0,0,0,0,0,0,0,0,0,0,0,0,0,0,0,0,0,0,0,0,0,0,2493,0,13151070122
23258,1400000US13151070123,Census Tract 701.23; Henry County; Georgia,0,0,0,0,0,0,0,0,0,0,0,0,0,0,0,0,0,0,0,0,0,0,0,0,0,0,0,0,0,0,0,0,0,0,2766,0,13151070123
23259,1400000US13151070124,Census Tract 701.24; Henry County; Georgia,748,0,0,0,0,0,0,0,0,0,0,225,0,0,0,0,0,0,90,0,433,0,0,0,0,0,0,0,0,0,0,0,0,0,4074,18.36033382,13151070124
23260,1400000US13151070125,Census Tract 701.25; Henry County; Georgia,72,0,0,0,0,0,0,0,0,0,0,0,0,0,0,0,0,0,72,0,0,0,0,0,0,0,0,0,0,0,0,0,0,0,2242,3.211418376,13151070125
23261,1400000US13151070126,Census Tract 701.26; Henry County; Georgia,0,0,0,0,0,0,0,0,0,0,0,0,0,0,0,0,0,0,0,0,0,0,0,0,0,0,0,0,0,0,0,0,0,0,2917,0,13151070126
23262,1400000US13151070127,Census Tract 701.27; Henry County; Georgia,0,0,0,0,0,0,0,0,0,0,0,0,0,0,0,0,0,0,0,0,0,0,0,0,0,0,0,0,0,0,0,0,0,0,3166,0,13151070127
23263,1400000US13151070128,Census Tract 701.28; Henry County; Georgia,10,0,0,0,0,0,0,0,0,0,0,0,0,0,0,0,0,0,0,0,0,0,0,0,10,0,0,0,0,0,0,0,0,0,2557,0.391083301,13151070128
23264,1400000US13151070204,Census Tract 702.04; Henry County; Georgia,494,0,0,1,0,0,0,0,0,0,18,0,0,0,0,0,0,0,227,0,190,0,0,0,40,0,0,0,0,0,0,0,0,18,6507,7.591824189,13151070204
23265,1400000US13151070206,Census Tract 702.06; Henry County; Georgia,50,0,0,2,0,0,0,0,0,0,0,21,0,0,0,0,0,27,0,0,0,0,0,0,0,0,0,0,0,0,0,0,0,0,4785,1.044932079,13151070206
23266,1400000US13151070207,Census Tract 702.07; Henry County; Georgia,10,0,0,0,0,0,0,0,0,0,0,0,0,0,0,0,0,0,0,0,10,0,0,0,0,0,0,0,0,0,0,0,0,0,2790,0.358422939,13151070207
23267,1400000US13151070208,Census Tract 702.08; Henry County; Georgia,306,26,0,0,89,0,0,0,0,0,0,0,0,0,0,0,0,49,0,0,142,0,0,0,0,0,0,0,0,0,0,0,0,0,4232,7.230623819,13151070208
23268,1400000US13151070209,Census Tract 702.09; Henry County; Georgia,36,36,0,0,0,0,0,0,0,0,0,0,0,0,0,0,0,0,0,0,0,0,0,0,0,0,0,0,0,0,0,0,0,0,4190,0.859188544,13151070209
23269,1400000US13151070210,Census Tract 702.10; Henry County; Georgia,89,0,0,0,0,0,0,0,0,0,0,76,0,0,0,0,0,0,0,0,13,0,0,0,0,0,0,0,0,0,0,0,0,0,2457,3.622303622,13151070210
23270,1400000US13151070211,Census Tract 702.11; Henry County; Georgia,314,0,0,0,0,0,0,0,0,0,0,0,0,0,0,0,0,0,0,0,314,0,0,0,0,0,0,0,0,0,0,0,0,0,4685,6.702241195,13151070211
23271,1400000US13151070212,Census Tract 702.12; Henry County; Georgia,0,0,0,0,0,0,0,0,0,0,0,0,0,0,0,0,0,0,0,0,0,0,0,0,0,0,0,0,0,0,0,0,0,0,2848,0,13151070212
23272,1400000US13151070213,Census Tract 702.13; Henry County; Georgia,17,0,0,0,17,0,0,0,0,0,0,0,0,0,0,0,0,0,0,0,0,0,0,0,0,0,0,0,0,0,0,0,0,0,2893,0.587625302,13151070213
23273,1400000US13151070214,Census Tract 702.14; Henry County; Georgia,0,0,0,0,0,0,0,0,0,0,0,0,0,0,0,0,0,0,0,0,0,0,0,0,0,0,0,0,0,0,0,0,0,0,5249,0,13151070214
23274,1400000US13151070215,Census Tract 702.15; Henry County; Georgia,23,0,0,0,0,0,0,0,0,0,0,0,0,0,0,0,0,0,0,0,23,0,0,0,0,0,0,0,0,0,0,0,0,0,1662,1.38387485,13151070215
23275,1400000US13151070216,Census Tract 702.16; Henry County; Georgia,146,25,0,0,83,0,0,0,0,0,12,0,0,0,0,0,0,0,0,0,0,0,0,0,0,0,0,0,0,0,0,0,26,0,6376,2.289836888,13151070216
23276,1400000US13151070307,Census Tract 703.07; Henry County; Georgia,129,7,0,4,0,0,0,0,0,0,114,0,0,0,0,0,0,0,0,0,4,0,0,0,0,0,0,0,0,0,0,0,0,0,4990,2.585170341,13151070307
23277,1400000US13151070310,Census Tract 703.10; Henry County; Georgia,34,0,0,5,0,0,0,0,0,0,0,0,4,0,0,0,0,0,0,0,25,0,0,0,0,0,0,0,0,0,0,0,0,0,5859,0.580303806,13151070310
23278,1400000US13151070312,Census Tract 703.12; Henry County; Georgia,53,16,0,0,0,0,0,0,0,0,0,37,0,0,0,0,0,0,0,0,0,0,0,0,0,0,0,0,0,0,0,0,0,0,4244,1.248821866,13151070312
23279,1400000US13151070313,Census Tract 703.13; Henry County; Georgia,887,34,0,0,0,0,0,0,0,0,0,0,0,0,0,0,0,0,526,0,327,0,0,0,0,0,0,0,0,0,0,0,0,0,8614,10.29719062,13151070313
23280,1400000US13151070314,Census Tract 703.14; Henry County; Georgia,247,0,0,0,0,0,0,0,0,0,0,0,0,21,0,0,0,0,226,0,0,0,0,0,0,0,0,0,0,0,0,0,0,0,3523,7.011070111,13151070314
23281,1400000US13151070315,Census Tract 703.15; Henry County; Georgia,552,0,0,0,31,0,0,0,0,0,0,45,0,0,0,0,0,0,95,0,381,0,0,0,0,0,0,0,0,0,0,0,0,0,4780,11.54811715,13151070315
23282,1400000US13151070316,Census Tract 703.16; Henry County; Georgia,0,0,0,0,0,0,0,0,0,0,0,0,0,0,0,0,0,0,0,0,0,0,0,0,0,0,0,0,0,0,0,0,0,0,2459,0,13151070316
23283,1400000US13151070317,Census Tract 703.17; Henry County; Georgia,14,0,0,0,0,0,0,0,0,0,0,14,0,0,0,0,0,0,0,0,0,0,0,0,0,0,0,0,0,0,0,0,0,0,6335,0.220994475,13151070317
23284,1400000US13151070318,Census Tract 703.18; Henry County; Georgia,8,0,0,0,0,0,0,0,0,0,0,8,0,0,0,0,0,0,0,0,0,0,0,0,0,0,0,0,0,0,0,0,0,0,2651,0.301772916,13151070318
23285,1400000US13151070319,Census Tract 703.19; Henry County; Georgia,373,0,0,0,3,0,0,0,0,0,0,207,0,0,0,0,0,0,129,0,34,0,0,0,0,0,0,0,0,0,0,0,0,0,4961,7.518645434,13151070319
23286,1400000US13151070320,Census Tract 703.20; Henry County; Georgia,159,155,0,0,0,0,0,0,0,0,0,4,0,0,0,0,0,0,0,0,0,0,0,0,0,0,0,0,0,0,0,0,0,0,2700,5.888888889,13151070320
23287,1400000US13151070321,Census Tract 703.21; Henry County; Georgia,105,0,0,0,0,0,0,0,0,0,0,0,0,0,0,0,0,0,105,0,0,0,0,0,0,0,0,0,0,0,0,0,0,0,2685,3.910614525,13151070321
23288,1400000US13151070322,Census Tract 703.22; Henry County; Georgia,253,60,0,0,22,0,0,0,0,0,0,0,0,0,0,0,0,0,17,0,154,0,0,0,0,0,0,0,0,0,0,0,0,0,4922,5.140186916,13151070322
23289,1400000US13151070323,Census Tract 703.23; Henry County; Georgia,0,0,0,0,0,0,0,0,0,0,0,0,0,0,0,0,0,0,0,0,0,0,0,0,0,0,0,0,0,0,0,0,0,0,3446,0,13151070323
23290,1400000US13151070324,Census Tract 703.24; Henry County; Georgia,0,0,0,0,0,0,0,0,0,0,0,0,0,0,0,0,0,0,0,0,0,0,0,0,0,0,0,0,0,0,0,0,0,0,4312,0,13151070324
23291,1400000US13151070325,Census Tract 703.25; Henry County; Georgia,0,0,0,0,0,0,0,0,0,0,0,0,0,0,0,0,0,0,0,0,0,0,0,0,0,0,0,0,0,0,0,0,0,0,2456,0,13151070325
23292,1400000US13151070405,Census Tract 704.05; Henry County; Georgia,0,0,0,0,0,0,0,0,0,0,0,0,0,0,0,0,0,0,0,0,0,0,0,0,0,0,0,0,0,0,0,0,0,0,3198,0,13151070405
23293,1400000US13151070406,Census Tract 704.06; Henry County; Georgia,0,0,0,0,0,0,0,0,0,0,0,0,0,0,0,0,0,0,0,0,0,0,0,0,0,0,0,0,0,0,0,0,0,0,5717,0,13151070406
23294,1400000US13151070407,Census Tract 704.07; Henry County; Georgia,22,0,0,0,0,0,0,0,0,0,0,0,0,0,0,0,0,0,0,0,22,0,0,0,0,0,0,0,0,0,0,0,0,0,4137,0.531786319,13151070407
23295,1400000US13151070408,Census Tract 704.08; Henry County; Georgia,497,0,0,0,0,0,0,0,0,0,0,0,0,0,0,0,0,0,497,0,0,0,0,0,0,0,0,0,0,0,0,0,0,0,3687,13.47979387,13151070408
23296,1400000US13151070409,Census Tract 704.09; Henry County; Georgia,0,0,0,0,0,0,0,0,0,0,0,0,0,0,0,0,0,0,0,0,0,0,0,0,0,0,0,0,0,0,0,0,0,0,3925,0,13151070409
23297,1400000US13151070410,Census Tract 704.10; Henry County; Georgia,139,28,0,13,0,0,0,0,0,0,0,0,0,0,0,0,0,0,98,0,0,0,0,0,0,0,0,0,0,0,0,0,0,0,4456,3.119389587,13151070410
23298,1400000US13151070411,Census Tract 704.11; Henry County; Georgia,135,0,0,0,0,0,0,0,0,0,0,0,0,0,0,0,0,0,0,0,0,61,0,0,74,0,0,0,0,0,0,0,0,0,6409,2.106412857,13151070411
23299,1400000US13151070412,Census Tract 704.12; Henry County; Georgia,43,0,0,0,0,0,0,0,0,0,0,43,0,0,0,0,0,0,0,0,0,0,0,0,0,0,0,0,0,0,0,0,0,0,5003,0.859484309,13151070412
23300,1400000US13151070503,Census Tract 705.03; Henry County; Georgia,233,0,0,0,0,0,0,0,0,0,0,0,0,0,0,0,0,0,73,0,160,0,0,0,0,0,0,0,0,0,0,0,0,0,5189,4.490267874,13151070503
23301,1400000US13151070504,Census Tract 705.04; Henry County; Georgia,0,0,0,0,0,0,0,0,0,0,0,0,0,0,0,0,0,0,0,0,0,0,0,0,0,0,0,0,0,0,0,0,0,0,1755,0,13151070504
23302,1400000US13151070505,Census Tract 705.05; Henry County; Georgia,2,1,0,0,0,0,0,0,0,0,0,0,0,0,0,0,0,0,1,0,0,0,0,0,0,0,0,0,0,0,0,0,0,0,6531,0.030623182,13151070505
23303,1400000US13151070506,Census Tract 705.06; Henry County; Georgia,0,0,0,0,0,0,0,0,0,0,0,0,0,0,0,0,0,0,0,0,0,0,0,0,0,0,0,0,0,0,0,0,0,0,3633,0,13151070506
23304,1400000US13151070507,Census Tract 705.07; Henry County; Georgia,0,0,0,0,0,0,0,0,0,0,0,0,0,0,0,0,0,0,0,0,0,0,0,0,0,0,0,0,0,0,0,0,0,0,2367,0,13151070507
23305,1400000US13151070508,Census Tract 705.08; Henry County; Georgia,0,0,0,0,0,0,0,0,0,0,0,0,0,0,0,0,0,0,0,0,0,0,0,0,0,0,0,0,0,0,0,0,0,0,5074,0,13151070508
23306,1400000US13153020106,Census Tract 201.06; Houston County; Georgia,0,0,0,0,0,0,0,0,0,0,0,0,0,0,0,0,0,0,0,0,0,0,0,0,0,0,0,0,0,0,0,0,0,0,2144,0,13153020106
23307,1400000US13153020108,Census Tract 201.08; Houston County; Georgia,340,0,0,0,0,0,0,0,0,0,0,0,0,0,0,0,0,0,74,0,18,0,0,0,0,0,0,0,0,0,0,0,248,0,5374,6.326758467,13153020108
23308,1400000US13153020110,Census Tract 201.10; Houston County; Georgia,23,23,0,0,0,0,0,0,0,0,0,0,0,0,0,0,0,0,0,0,0,0,0,0,0,0,0,0,0,0,0,0,0,0,2585,0.889748549,13153020110
23309,1400000US13153020111,Census Tract 201.11; Houston County; Georgia,102,0,0,0,95,0,0,0,0,0,0,0,0,0,0,0,0,0,0,0,0,0,0,0,0,0,0,0,0,0,0,0,0,7,3602,2.831760133,13153020111
23310,1400000US13153020112,Census Tract 201.12; Houston County; Georgia,120,0,0,0,0,0,0,0,0,0,0,51,0,0,0,0,0,0,69,0,0,0,0,0,0,0,0,0,0,0,0,0,0,0,4886,2.455996725,13153020112
23311,1400000US13153020113,Census Tract 201.13; Houston County; Georgia,0,0,0,0,0,0,0,0,0,0,0,0,0,0,0,0,0,0,0,0,0,0,0,0,0,0,0,0,0,0,0,0,0,0,5848,0,13153020113
23312,1400000US13153020200,Census Tract 202; Houston County; Georgia,0,0,0,0,0,0,0,0,0,0,0,0,0,0,0,0,0,0,0,0,0,0,0,0,0,0,0,0,0,0,0,0,0,0,5599,0,13153020200
23313,1400000US13153020301,Census Tract 203.01; Houston County; Georgia,12,0,0,0,0,0,0,0,0,0,0,0,0,0,0,0,0,0,12,0,0,0,0,0,0,0,0,0,0,0,0,0,0,0,1198,1.001669449,13153020301
23314,1400000US13153020302,Census Tract 203.02; Houston County; Georgia,68,0,0,0,0,0,0,0,0,0,0,0,0,0,0,0,0,0,0,0,68,0,0,0,0,0,0,0,0,0,0,0,0,0,4494,1.513128616,13153020302
23315,1400000US13153020400,Census Tract 204; Houston County; Georgia,0,0,0,0,0,0,0,0,0,0,0,0,0,0,0,0,0,0,0,0,0,0,0,0,0,0,0,0,0,0,0,0,0,0,2012,0,13153020400
23316,1400000US13153020600,Census Tract 206; Houston County; Georgia,65,0,0,0,5,0,0,0,0,0,0,60,0,0,0,0,0,0,0,0,0,0,0,0,0,0,0,0,0,0,0,0,0,0,1316,4.939209726,13153020600
23317,1400000US13153020700,Census Tract 207; Houston County; Georgia,110,0,0,83,0,0,0,0,0,0,0,27,0,0,0,0,0,0,0,0,0,0,0,0,0,0,0,0,0,0,0,0,0,0,2804,3.92296719,13153020700
23318,1400000US13153020800,Census Tract 208; Houston County; Georgia,0,0,0,0,0,0,0,0,0,0,0,0,0,0,0,0,0,0,0,0,0,0,0,0,0,0,0,0,0,0,0,0,0,0,2630,0,13153020800
23319,1400000US13153020900,Census Tract 209; Houston County; Georgia,56,0,0,0,0,0,0,0,0,0,0,21,0,0,0,0,0,35,0,0,0,0,0,0,0,0,0,0,0,0,0,0,0,0,4123,1.358234295,13153020900
23320,1400000US13153021001,Census Tract 210.01; Houston County; Georgia,0,0,0,0,0,0,0,0,0,0,0,0,0,0,0,0,0,0,0,0,0,0,0,0,0,0,0,0,0,0,0,0,0,0,3493,0,13153021001
23321,1400000US13153021002,Census Tract 210.02; Houston County; Georgia,0,0,0,0,0,0,0,0,0,0,0,0,0,0,0,0,0,0,0,0,0,0,0,0,0,0,0,0,0,0,0,0,0,0,3185,0,13153021002
23322,1400000US13153021108,Census Tract 211.08; Houston County; Georgia,0,0,0,0,0,0,0,0,0,0,0,0,0,0,0,0,0,0,0,0,0,0,0,0,0,0,0,0,0,0,0,0,0,0,7159,0,13153021108
23323,1400000US13153021114,Census Tract 211.14; Houston County; Georgia,415,0,0,0,0,0,0,20,0,0,0,108,0,0,0,0,0,0,0,0,287,0,0,0,0,0,0,0,0,0,0,0,0,0,8288,5.007239382,13153021114
23324,1400000US13153021115,Census Tract 211.15; Houston County; Georgia,74,25,0,0,21,0,0,0,0,0,0,0,0,0,0,0,0,0,0,0,0,0,0,0,0,0,0,0,0,0,0,0,28,0,8045,0.919825979,13153021115
23325,1400000US13153021116,Census Tract 211.16; Houston County; Georgia,123,9,0,0,0,0,0,0,0,0,0,14,0,0,0,0,0,0,41,0,59,0,0,0,0,0,0,0,0,0,0,0,0,0,3850,3.194805195,13153021116
23326,1400000US13153021117,Census Tract 211.17; Houston County; Georgia,47,0,0,10,8,0,0,0,0,0,0,29,0,0,0,0,0,0,0,0,0,0,0,0,0,0,0,0,0,0,0,0,0,0,5310,0.885122411,13153021117
23327,1400000US13153021118,Census Tract 211.18; Houston County; Georgia,0,0,0,0,0,0,0,0,0,0,0,0,0,0,0,0,0,0,0,0,0,0,0,0,0,0,0,0,0,0,0,0,0,0,2846,0,13153021118
23328,1400000US13153021119,Census Tract 211.19; Houston County; Georgia,449,0,0,0,0,0,0,0,0,254,0,0,0,28,0,0,0,0,0,0,167,0,0,0,0,0,0,0,0,0,0,0,0,0,4087,10.98605334,13153021119
23329,1400000US13153021120,Census Tract 211.20; Houston County; Georgia,47,0,0,0,36,0,0,0,0,0,0,0,0,0,0,0,0,11,0,0,0,0,0,0,0,0,0,0,0,0,0,0,0,0,5004,0.939248601,13153021120
23330,1400000US13153021121,Census Tract 211.21; Houston County; Georgia,21,0,0,0,11,0,0,0,0,0,0,10,0,0,0,0,0,0,0,0,0,0,0,0,0,0,0,0,0,0,0,0,0,0,2434,0.862777321,13153021121
23331,1400000US13153021122,Census Tract 211.22; Houston County; Georgia,40,8,0,0,20,0,0,0,0,0,0,0,0,0,0,0,0,12,0,0,0,0,0,0,0,0,0,0,0,0,0,0,0,0,3235,1.236476043,13153021122
23332,1400000US13153021123,Census Tract 211.23; Houston County; Georgia,420,0,0,0,0,0,0,0,0,0,0,235,0,0,0,0,0,0,0,0,185,0,0,0,0,0,0,0,0,0,0,0,0,0,6575,6.3878327,13153021123
23333,1400000US13153021124,Census Tract 211.24; Houston County; Georgia,459,0,0,0,0,0,0,0,0,0,19,92,0,0,0,0,0,0,154,0,194,0,0,0,0,0,0,0,0,0,0,0,0,0,7536,6.090764331,13153021124
23334,1400000US13153021125,Census Tract 211.25; Houston County; Georgia,714,0,0,0,0,0,0,0,0,0,0,116,0,0,0,0,0,0,598,0,0,0,0,0,0,0,0,0,0,0,0,0,0,0,5981,11.93780304,13153021125
23335,1400000US13153021203,Census Tract 212.03; Houston County; Georgia,165,0,0,0,32,0,0,0,0,0,0,133,0,0,0,0,0,0,0,0,0,0,0,0,0,0,0,0,0,0,0,0,0,0,3807,4.334121355,13153021203
23336,1400000US13153021204,Census Tract 212.04; Houston County; Georgia,687,25,0,0,260,0,0,0,0,0,0,54,0,0,0,0,0,0,310,0,38,0,0,0,0,0,0,0,0,0,0,0,0,0,7608,9.029968454,13153021204
23337,1400000US13153021205,Census Tract 212.05; Houston County; Georgia,305,236,0,0,4,0,0,0,0,0,0,32,0,0,0,0,0,0,33,0,0,0,0,0,0,0,0,0,0,0,0,0,0,0,4640,6.573275862,13153021205
23338,1400000US13153021206,Census Tract 212.06; Houston County; Georgia,0,0,0,0,0,0,0,0,0,0,0,0,0,0,0,0,0,0,0,0,0,0,0,0,0,0,0,0,0,0,0,0,0,0,2080,0,13153021206
23339,1400000US13153021300,Census Tract 213; Houston County; Georgia,66,0,0,0,0,0,0,0,0,0,0,14,0,0,0,0,0,0,0,0,52,0,0,0,0,0,0,0,0,0,0,0,0,0,3885,1.698841699,13153021300
23340,1400000US13153021401,Census Tract 214.01; Houston County; Georgia,462,0,0,0,119,0,0,0,0,0,0,271,0,0,0,0,0,0,0,0,0,0,0,0,0,0,0,0,0,0,0,0,72,0,6203,7.448009028,13153021401
23341,1400000US13153021402,Census Tract 214.02; Houston County; Georgia,0,0,0,0,0,0,0,0,0,0,0,0,0,0,0,0,0,0,0,0,0,0,0,0,0,0,0,0,0,0,0,0,0,0,6502,0,13153021402
23342,1400000US13153021501,Census Tract 215.01; Houston County; Georgia,0,0,0,0,0,0,0,0,0,0,0,0,0,0,0,0,0,0,0,0,0,0,0,0,0,0,0,0,0,0,0,0,0,0,645,0,13153021501
23343,1400000US13153021502,Census Tract 215.02; Houston County; Georgia,0,0,0,0,0,0,0,0,0,0,0,0,0,0,0,0,0,0,0,0,0,0,0,0,0,0,0,0,0,0,0,0,0,0,3104,0,13153021502
23344,1400000US13155950100,Census Tract 9501; Irwin County; Georgia,15,0,0,0,0,0,0,0,0,0,0,0,0,0,0,0,0,15,0,0,0,0,0,0,0,0,0,0,0,0,0,0,0,0,2821,0.531726338,13155950100
23345,1400000US13155950201,Census Tract 9502.01; Irwin County; Georgia,0,0,0,0,0,0,0,0,0,0,0,0,0,0,0,0,0,0,0,0,0,0,0,0,0,0,0,0,0,0,0,0,0,0,3522,0,13155950201
23346,1400000US13155950202,Census Tract 9502.02; Irwin County; Georgia,5,0,0,0,0,0,0,0,0,0,0,0,0,0,0,0,0,0,0,0,5,0,0,0,0,0,0,0,0,0,0,0,0,0,3144,0.159033079,13155950202
23347,1400000US13157010104,Census Tract 101.04; Jackson County; Georgia,124,66,49,0,0,0,0,0,0,0,0,0,0,0,0,0,0,0,6,0,3,0,0,0,0,0,0,0,0,0,0,0,0,0,5421,2.287400849,13157010104
23348,1400000US13157010105,Census Tract 101.05; Jackson County; Georgia,46,0,22,0,24,0,0,0,0,0,0,0,0,0,0,0,0,0,0,0,0,0,0,0,0,0,0,0,0,0,0,0,0,0,3456,1.331018519,13157010105
23349,1400000US13157010106,Census Tract 101.06; Jackson County; Georgia,32,3,9,0,3,0,0,0,0,0,0,0,0,0,0,0,0,0,17,0,0,0,0,0,0,0,0,0,0,0,0,0,0,0,3931,0.814042228,13157010106
23350,1400000US13157010107,Census Tract 101.07; Jackson County; Georgia,65,0,31,0,0,0,0,0,0,0,0,0,0,34,0,0,0,0,0,0,0,0,0,0,0,0,0,0,0,0,0,0,0,0,4934,1.317389542,13157010107
23351,1400000US13157010108,Census Tract 101.08; Jackson County; Georgia,0,0,0,0,0,0,0,0,0,0,0,0,0,0,0,0,0,0,0,0,0,0,0,0,0,0,0,0,0,0,0,0,0,0,3744,0,13157010108
23352,1400000US13157010109,Census Tract 101.09; Jackson County; Georgia,92,0,0,0,35,0,0,0,0,0,0,0,0,0,0,0,0,0,26,0,31,0,0,0,0,0,0,0,0,0,0,0,0,0,4171,2.205706066,13157010109
23353,1400000US13157010200,Census Tract 102; Jackson County; Georgia,122,19,37,0,0,0,0,0,0,0,0,0,0,12,0,0,0,0,54,0,0,0,0,0,0,0,0,0,0,0,0,0,0,0,4818,2.532171025,13157010200
23354,1400000US13157010300,Census Tract 103; Jackson County; Georgia,194,8,0,0,0,0,0,0,0,0,0,77,0,0,0,0,0,0,0,0,0,0,0,0,0,0,0,0,0,0,109,0,0,0,6039,3.212452393,13157010300
23355,1400000US13157010400,Census Tract 104; Jackson County; Georgia,8,0,0,0,0,0,0,0,0,0,8,0,0,0,0,0,0,0,0,0,0,0,0,0,0,0,0,0,0,0,0,0,0,0,5378,0.148754184,13157010400
23356,1400000US13157010500,Census Tract 105; Jackson County; Georgia,148,0,0,0,0,0,0,0,0,0,0,148,0,0,0,0,0,0,0,0,0,0,0,0,0,0,0,0,0,0,0,0,0,0,5423,2.729116725,13157010500
23357,1400000US13157010601,Census Tract 106.01; Jackson County; Georgia,23,0,0,0,0,0,0,0,0,0,0,23,0,0,0,0,0,0,0,0,0,0,0,0,0,0,0,0,0,0,0,0,0,0,5278,0.435771125,13157010601
23358,1400000US13157010602,Census Tract 106.02; Jackson County; Georgia,7,0,0,0,0,0,0,0,0,0,0,0,0,0,0,0,0,0,7,0,0,0,0,0,0,0,0,0,0,0,0,0,0,0,5201,0.134589502,13157010602
23359,1400000US13157010701,Census Tract 107.01; Jackson County; Georgia,9,0,0,0,0,0,0,0,0,0,0,9,0,0,0,0,0,0,0,0,0,0,0,0,0,0,0,0,0,0,0,0,0,0,2487,0.361881785,13157010701
23360,1400000US13157010703,Census Tract 107.03; Jackson County; Georgia,4,4,0,0,0,0,0,0,0,0,0,0,0,0,0,0,0,0,0,0,0,0,0,0,0,0,0,0,0,0,0,0,0,0,3877,0.103172556,13157010703
23361,1400000US13157010704,Census Tract 107.04; Jackson County; Georgia,0,0,0,0,0,0,0,0,0,0,0,0,0,0,0,0,0,0,0,0,0,0,0,0,0,0,0,0,0,0,0,0,0,0,3812,0,13157010704
23362,1400000US13157010705,Census Tract 107.05; Jackson County; Georgia,443,0,395,0,29,0,0,0,0,0,0,0,0,0,0,0,0,0,0,0,0,0,0,0,19,0,0,0,0,0,0,0,0,0,5040,8.78968254,13157010705
23363,1400000US13157010706,Census Tract 107.06; Jackson County; Georgia,47,0,0,0,0,0,0,0,0,0,0,0,0,0,0,0,0,0,47,0,0,0,0,0,0,0,0,0,0,0,0,0,0,0,4023,1.168282376,13157010706
23364,1400000US13159010100,Census Tract 101; Jasper County; Georgia,0,0,0,0,0,0,0,0,0,0,0,0,0,0,0,0,0,0,0,0,0,0,0,0,0,0,0,0,0,0,0,0,0,0,2783,0,13159010100
23365,1400000US13159010200,Census Tract 102; Jasper County; Georgia,15,0,0,0,0,0,0,0,0,0,15,0,0,0,0,0,0,0,0,0,0,0,0,0,0,0,0,0,0,0,0,0,0,0,3317,0.452215858,13159010200
23366,1400000US13159010501,Census Tract 105.01; Jasper County; Georgia,0,0,0,0,0,0,0,0,0,0,0,0,0,0,0,0,0,0,0,0,0,0,0,0,0,0,0,0,0,0,0,0,0,0,3927,0,13159010501
23367,1400000US13159010502,Census Tract 105.02; Jasper County; Georgia,0,0,0,0,0,0,0,0,0,0,0,0,0,0,0,0,0,0,0,0,0,0,0,0,0,0,0,0,0,0,0,0,0,0,2397,0,13159010502
23368,1400000US13159010503,Census Tract 105.03; Jasper County; Georgia,0,0,0,0,0,0,0,0,0,0,0,0,0,0,0,0,0,0,0,0,0,0,0,0,0,0,0,0,0,0,0,0,0,0,2458,0,13159010503
23369,1400000US13161960101,Census Tract 9601.01; Jeff Davis County; Georgia,0,0,0,0,0,0,0,0,0,0,0,0,0,0,0,0,0,0,0,0,0,0,0,0,0,0,0,0,0,0,0,0,0,0,1872,0,13161960101
23370,1400000US13161960102,Census Tract 9601.02; Jeff Davis County; Georgia,28,4,0,0,4,0,0,0,0,0,0,0,0,0,0,0,0,0,0,0,14,0,0,0,0,0,0,0,0,0,0,0,0,6,4312,0.649350649,13161960102
23371,1400000US13161960201,Census Tract 9602.01; Jeff Davis County; Georgia,10,10,0,0,0,0,0,0,0,0,0,0,0,0,0,0,0,0,0,0,0,0,0,0,0,0,0,0,0,0,0,0,0,0,3982,0.251130085,13161960201
23372,1400000US13161960202,Census Tract 9602.02; Jeff Davis County; Georgia,0,0,0,0,0,0,0,0,0,0,0,0,0,0,0,0,0,0,0,0,0,0,0,0,0,0,0,0,0,0,0,0,0,0,2929,0,13161960202
23373,1400000US13161960300,Census Tract 9603; Jeff Davis County; Georgia,0,0,0,0,0,0,0,0,0,0,0,0,0,0,0,0,0,0,0,0,0,0,0,0,0,0,0,0,0,0,0,0,0,0,1696,0,13161960300
23374,1400000US13163960100,Census Tract 9601; Jefferson County; Georgia,59,59,0,0,0,0,0,0,0,0,0,0,0,0,0,0,0,0,0,0,0,0,0,0,0,0,0,0,0,0,0,0,0,0,4637,1.27237438,13163960100
23375,1400000US13163960200,Census Tract 9602; Jefferson County; Georgia,7,0,0,7,0,0,0,0,0,0,0,0,0,0,0,0,0,0,0,0,0,0,0,0,0,0,0,0,0,0,0,0,0,0,2170,0.322580645,13163960200
23376,1400000US13163960300,Census Tract 9603; Jefferson County; Georgia,0,0,0,0,0,0,0,0,0,0,0,0,0,0,0,0,0,0,0,0,0,0,0,0,0,0,0,0,0,0,0,0,0,0,5490,0,13163960300
23377,1400000US13163960400,Census Tract 9604; Jefferson County; Georgia,2,0,0,0,0,0,0,0,0,0,0,0,0,0,0,0,0,0,0,0,2,0,0,0,0,0,0,0,0,0,0,0,0,0,3294,0.060716454,13163960400
23378,1400000US13165960100,Census Tract 9601; Jenkins County; Georgia,0,0,0,0,0,0,0,0,0,0,0,0,0,0,0,0,0,0,0,0,0,0,0,0,0,0,0,0,0,0,0,0,0,0,5952,0,13165960100
23379,1400000US13165960200,Census Tract 9602; Jenkins County; Georgia,2,0,0,0,0,0,0,0,0,0,0,2,0,0,0,0,0,0,0,0,0,0,0,0,0,0,0,0,0,0,0,0,0,0,2752,0.072674419,13165960200
23380,1400000US13167960100,Census Tract 9601; Johnson County; Georgia,0,0,0,0,0,0,0,0,0,0,0,0,0,0,0,0,0,0,0,0,0,0,0,0,0,0,0,0,0,0,0,0,0,0,2549,0,13167960100
23381,1400000US13167960201,Census Tract 9602.01; Johnson County; Georgia,0,0,0,0,0,0,0,0,0,0,0,0,0,0,0,0,0,0,0,0,0,0,0,0,0,0,0,0,0,0,0,0,0,0,2885,0,13167960201
23382,1400000US13167960202,Census Tract 9602.02; Johnson County; Georgia,19,0,0,0,0,0,0,0,0,0,0,0,0,0,0,0,0,0,0,0,19,0,0,0,0,0,0,0,0,0,0,0,0,0,1969,0.964956831,13167960202
23383,1400000US13167960300,Census Tract 9603; Johnson County; Georgia,0,0,0,0,0,0,0,0,0,0,0,0,0,0,0,0,0,0,0,0,0,0,0,0,0,0,0,0,0,0,0,0,0,0,1822,0,13167960300
23384,1400000US13169030101,Census Tract 301.01; Jones County; Georgia,0,0,0,0,0,0,0,0,0,0,0,0,0,0,0,0,0,0,0,0,0,0,0,0,0,0,0,0,0,0,0,0,0,0,2383,0,13169030101
23385,1400000US13169030103,Census Tract 301.03; Jones County; Georgia,6,0,0,0,0,0,0,0,0,0,0,0,0,0,0,0,0,0,0,0,6,0,0,0,0,0,0,0,0,0,0,0,0,0,2762,0.217233888,13169030103
23386,1400000US13169030105,Census Tract 301.05; Jones County; Georgia,0,0,0,0,0,0,0,0,0,0,0,0,0,0,0,0,0,0,0,0,0,0,0,0,0,0,0,0,0,0,0,0,0,0,3551,0,13169030105
23387,1400000US13169030106,Census Tract 301.06; Jones County; Georgia,0,0,0,0,0,0,0,0,0,0,0,0,0,0,0,0,0,0,0,0,0,0,0,0,0,0,0,0,0,0,0,0,0,0,2414,0,13169030106
23388,1400000US13169030200,Census Tract 302; Jones County; Georgia,7,0,0,0,0,0,0,0,0,0,0,0,0,0,0,0,0,0,7,0,0,0,0,0,0,0,0,0,0,0,0,0,0,0,3548,0.19729425,13169030200
23389,1400000US13169030303,Census Tract 303.03; Jones County; Georgia,92,0,0,0,0,0,0,0,0,0,0,0,0,74,0,0,0,0,0,0,18,0,0,0,0,0,0,0,0,0,0,0,0,0,2273,4.047514298,13169030303
23390,1400000US13169030304,Census Tract 303.04; Jones County; Georgia,21,0,0,0,0,0,0,0,0,0,0,21,0,0,0,0,0,0,0,0,0,0,0,0,0,0,0,0,0,0,0,0,0,0,3742,0.561197221,13169030304
23391,1400000US13169030305,Census Tract 303.05; Jones County; Georgia,30,23,0,0,0,0,0,0,0,0,0,7,0,0,0,0,0,0,0,0,0,0,0,0,0,0,0,0,0,0,0,0,0,0,4670,0.642398287,13169030305
23392,1400000US13169030306,Census Tract 303.06; Jones County; Georgia,0,0,0,0,0,0,0,0,0,0,0,0,0,0,0,0,0,0,0,0,0,0,0,0,0,0,0,0,0,0,0,0,0,0,3039,0,13169030306
23393,1400000US13171970100,Census Tract 9701; Lamar County; Georgia,0,0,0,0,0,0,0,0,0,0,0,0,0,0,0,0,0,0,0,0,0,0,0,0,0,0,0,0,0,0,0,0,0,0,7010,0,13171970100
23394,1400000US13171970201,Census Tract 9702.01; Lamar County; Georgia,0,0,0,0,0,0,0,0,0,0,0,0,0,0,0,0,0,0,0,0,0,0,0,0,0,0,0,0,0,0,0,0,0,0,3407,0,13171970201
23395,1400000US13171970202,Census Tract 9702.02; Lamar County; Georgia,62,28,0,0,9,0,0,0,0,0,0,0,0,0,0,0,0,0,11,0,14,0,0,0,0,0,0,0,0,0,0,0,0,0,3440,1.802325581,13171970202
23396,1400000US13171970300,Census Tract 9703; Lamar County; Georgia,31,0,0,0,0,0,0,0,0,0,0,0,0,0,0,0,0,31,0,0,0,0,0,0,0,0,0,0,0,0,0,0,0,0,4819,0.643286989,13171970300
23397,1400000US13173950100,Census Tract 9501; Lanier County; Georgia,132,0,0,0,82,0,0,0,0,0,0,0,0,0,0,0,0,0,0,0,50,0,0,0,0,0,0,0,0,0,0,0,0,0,2257,5.848471422,13173950100
23398,1400000US13173950201,Census Tract 9502.01; Lanier County; Georgia,0,0,0,0,0,0,0,0,0,0,0,0,0,0,0,0,0,0,0,0,0,0,0,0,0,0,0,0,0,0,0,0,0,0,3624,0,13173950201
23399,1400000US13173950202,Census Tract 9502.02; Lanier County; Georgia,0,0,0,0,0,0,0,0,0,0,0,0,0,0,0,0,0,0,0,0,0,0,0,0,0,0,0,0,0,0,0,0,0,0,4083,0,13173950202
23400,1400000US13175950100,Census Tract 9501; Laurens County; Georgia,2,0,0,0,0,0,0,0,0,0,0,0,0,0,0,0,0,0,0,0,2,0,0,0,0,0,0,0,0,0,0,0,0,0,3779,0.052924054,13175950100
23401,1400000US13175950201,Census Tract 9502.01; Laurens County; Georgia,104,0,0,0,0,0,0,0,0,0,0,21,0,0,0,0,0,0,0,0,83,0,0,0,0,0,0,0,0,0,0,0,0,0,4666,2.228889841,13175950201
23402,1400000US13175950202,Census Tract 9502.02; Laurens County; Georgia,59,0,0,0,0,0,0,0,0,0,0,59,0,0,0,0,0,0,0,0,0,0,0,0,0,0,0,0,0,0,0,0,0,0,4899,1.204327414,13175950202
23403,1400000US13175950300,Census Tract 9503; Laurens County; Georgia,0,0,0,0,0,0,0,0,0,0,0,0,0,0,0,0,0,0,0,0,0,0,0,0,0,0,0,0,0,0,0,0,0,0,1584,0,13175950300
23404,1400000US13175950400,Census Tract 9504; Laurens County; Georgia,53,0,0,0,0,0,0,0,0,0,0,0,0,0,0,0,0,0,0,0,53,0,0,0,0,0,0,0,0,0,0,0,0,0,3827,1.384896786,13175950400
23405,1400000US13175950500,Census Tract 9505; Laurens County; Georgia,191,0,0,0,0,0,0,0,0,0,0,0,0,0,0,0,0,0,0,0,191,0,0,0,0,0,0,0,0,0,0,0,0,0,3649,5.23431077,13175950500
23406,1400000US13175950600,Census Tract 9506; Laurens County; Georgia,0,0,0,0,0,0,0,0,0,0,0,0,0,0,0,0,0,0,0,0,0,0,0,0,0,0,0,0,0,0,0,0,0,0,2145,0,13175950600
23407,1400000US13175950700,Census Tract 9507; Laurens County; Georgia,0,0,0,0,0,0,0,0,0,0,0,0,0,0,0,0,0,0,0,0,0,0,0,0,0,0,0,0,0,0,0,0,0,0,3028,0,13175950700
23408,1400000US13175950800,Census Tract 9508; Laurens County; Georgia,0,0,0,0,0,0,0,0,0,0,0,0,0,0,0,0,0,0,0,0,0,0,0,0,0,0,0,0,0,0,0,0,0,0,4106,0,13175950800
23409,1400000US13175950900,Census Tract 9509; Laurens County; Georgia,0,0,0,0,0,0,0,0,0,0,0,0,0,0,0,0,0,0,0,0,0,0,0,0,0,0,0,0,0,0,0,0,0,0,3007,0,13175950900
23410,1400000US13175951001,Census Tract 9510.01; Laurens County; Georgia,49,49,0,0,0,0,0,0,0,0,0,0,0,0,0,0,0,0,0,0,0,0,0,0,0,0,0,0,0,0,0,0,0,0,3307,1.481705473,13175951001
23411,1400000US13175951002,Census Tract 9510.02; Laurens County; Georgia,0,0,0,0,0,0,0,0,0,0,0,0,0,0,0,0,0,0,0,0,0,0,0,0,0,0,0,0,0,0,0,0,0,0,4801,0,13175951002
23412,1400000US13175951100,Census Tract 9511; Laurens County; Georgia,13,13,0,0,0,0,0,0,0,0,0,0,0,0,0,0,0,0,0,0,0,0,0,0,0,0,0,0,0,0,0,0,0,0,4079,0.318705565,13175951100
23413,1400000US13175951400,Census Tract 9514; Laurens County; Georgia,5,0,0,0,0,0,0,0,0,0,0,5,0,0,0,0,0,0,0,0,0,0,0,0,0,0,0,0,0,0,0,0,0,0,2530,0.197628458,13175951400
23414,1400000US13177020101,Census Tract 201.01; Lee County; Georgia,0,0,0,0,0,0,0,0,0,0,0,0,0,0,0,0,0,0,0,0,0,0,0,0,0,0,0,0,0,0,0,0,0,0,3078,0,13177020101
23415,1400000US13177020102,Census Tract 201.02; Lee County; Georgia,315,0,0,0,0,0,0,0,0,0,0,315,0,0,0,0,0,0,0,0,0,0,0,0,0,0,0,0,0,0,0,0,0,0,3237,9.731232623,13177020102
23416,1400000US13177020200,Census Tract 202; Lee County; Georgia,0,0,0,0,0,0,0,0,0,0,0,0,0,0,0,0,0,0,0,0,0,0,0,0,0,0,0,0,0,0,0,0,0,0,1525,0,13177020200
23417,1400000US13177020301,Census Tract 203.01; Lee County; Georgia,57,0,0,0,43,0,0,0,0,0,0,14,0,0,0,0,0,0,0,0,0,0,0,0,0,0,0,0,0,0,0,0,0,0,3931,1.450012719,13177020301
23418,1400000US13177020302,Census Tract 203.02; Lee County; Georgia,10,10,0,0,0,0,0,0,0,0,0,0,0,0,0,0,0,0,0,0,0,0,0,0,0,0,0,0,0,0,0,0,0,0,3777,0.264760392,13177020302
23419,1400000US13177020403,Census Tract 204.03; Lee County; Georgia,162,0,0,0,0,0,0,0,0,0,0,0,0,0,0,0,0,0,0,0,162,0,0,0,0,0,0,0,0,0,0,0,0,0,7555,2.144275314,13177020403
23420,1400000US13177020404,Census Tract 204.04; Lee County; Georgia,96,0,0,0,0,0,0,0,0,0,0,0,0,0,0,0,0,0,96,0,0,0,0,0,0,0,0,0,0,0,0,0,0,0,4398,2.182810368,13177020404
23421,1400000US13177020405,Census Tract 204.05; Lee County; Georgia,247,0,0,22,0,0,0,0,0,0,0,63,0,0,0,0,0,0,162,0,0,0,0,0,0,0,0,0,0,0,0,0,0,0,5467,4.518017194,13177020405
23422,1400000US13179010101,Census Tract 101.01; Liberty County; Georgia,100,14,0,0,0,0,0,0,0,0,0,79,0,0,0,0,0,0,0,0,0,0,0,0,0,0,0,0,0,0,0,0,0,7,6309,1.585037248,13179010101
23423,1400000US13179010102,Census Tract 101.02; Liberty County; Georgia,17,5,0,0,2,0,0,0,0,0,0,10,0,0,0,0,0,0,0,0,0,0,0,0,0,0,0,0,0,0,0,0,0,0,1929,0.88128564,13179010102
23424,1400000US13179010103,Census Tract 101.03; Liberty County; Georgia,73,0,0,0,0,0,0,0,0,0,0,57,0,0,0,0,0,0,16,0,0,0,0,0,0,0,0,0,0,0,0,0,0,0,1452,5.027548209,13179010103
23425,1400000US13179010202,Census Tract 102.02; Liberty County; Georgia,85,14,0,0,24,0,0,0,0,0,0,0,0,0,0,0,0,0,0,0,47,0,0,0,0,0,0,0,0,0,0,0,0,0,4300,1.976744186,13179010202
23426,1400000US13179010204,Census Tract 102.04; Liberty County; Georgia,17,0,0,0,8,0,0,0,0,0,0,0,0,0,0,0,0,0,0,0,9,0,0,0,0,0,0,0,0,0,0,0,0,0,2666,0.637659415,13179010204
23427,1400000US13179010205,Census Tract 102.05; Liberty County; Georgia,139,0,0,115,13,0,0,0,0,0,0,0,0,0,0,0,0,0,0,0,0,11,0,0,0,0,0,0,0,0,0,0,0,0,6092,2.281680893,13179010205
23428,1400000US13179010206,Census Tract 102.06; Liberty County; Georgia,180,0,0,0,0,0,0,0,0,0,0,105,0,0,0,0,0,0,75,0,0,0,0,0,0,0,0,0,0,0,0,0,0,0,6173,2.915924186,13179010206
23429,1400000US13179010207,Census Tract 102.07; Liberty County; Georgia,78,15,0,16,20,0,0,0,0,0,0,0,0,0,0,0,0,0,20,0,0,0,0,0,0,0,0,0,7,0,0,0,0,0,6151,1.26808649,13179010207
23430,1400000US13179010208,Census Tract 102.08; Liberty County; Georgia,73,0,0,0,46,0,0,0,0,0,0,27,0,0,0,0,0,0,0,0,0,0,0,0,0,0,0,0,0,0,0,0,0,0,5541,1.317451724,13179010208
23431,1400000US13179010301,Census Tract 103.01; Liberty County; Georgia,37,0,0,0,15,0,0,0,0,0,0,6,0,0,0,0,0,0,0,0,16,0,0,0,0,0,0,0,0,0,0,0,0,0,1105,3.34841629,13179010301
23432,1400000US13179010302,Census Tract 103.02; Liberty County; Georgia,275,16,0,0,10,0,0,0,0,0,0,9,0,0,0,0,0,0,0,0,214,0,0,0,26,0,0,0,0,0,0,0,0,0,6069,4.531224254,13179010302
23433,1400000US13179010401,Census Tract 104.01; Liberty County; Georgia,56,0,0,0,31,0,0,0,0,0,0,0,0,0,0,0,0,0,0,0,25,0,0,0,0,0,0,0,0,0,0,0,0,0,2383,2.349979018,13179010401
23434,1400000US13179010402,Census Tract 104.02; Liberty County; Georgia,64,0,0,0,64,0,0,0,0,0,0,0,0,0,0,0,0,0,0,0,0,0,0,0,0,0,0,0,0,0,0,0,0,0,4093,1.563645248,13179010402
23435,1400000US13179010501,Census Tract 105.01; Liberty County; Georgia,0,0,0,0,0,0,0,0,0,0,0,0,0,0,0,0,0,0,0,0,0,0,0,0,0,0,0,0,0,0,0,0,0,0,3870,0,13179010501
23436,1400000US13179010503,Census Tract 105.03; Liberty County; Georgia,6,0,0,0,5,0,0,0,0,0,0,0,1,0,0,0,0,0,0,0,0,0,0,0,0,0,0,0,0,0,0,0,0,0,3008,0.199468085,13179010503
23437,1400000US13179010504,Census Tract 105.04; Liberty County; Georgia,30,0,0,0,5,0,0,0,0,0,0,0,0,0,0,0,0,0,0,0,0,0,0,0,25,0,0,0,0,0,0,0,0,0,2407,1.246364769,13179010504
23438,1400000US13179010600,Census Tract 106; Liberty County; Georgia,0,0,0,0,0,0,0,0,0,0,0,0,0,0,0,0,0,0,0,0,0,0,0,0,0,0,0,0,0,0,0,0,0,0,2002,0,13179010600
23439,1400000US13179990000,Census Tract 9900; Liberty County; Georgia,0,0,0,0,0,0,0,0,0,0,0,0,0,0,0,0,0,0,0,0,0,0,0,0,0,0,0,0,0,0,0,0,0,0,0,NA,13179990000
23440,1400000US13181970100,Census Tract 9701; Lincoln County; Georgia,6,0,0,0,0,0,0,0,0,0,0,0,0,0,0,0,0,0,6,0,0,0,0,0,0,0,0,0,0,0,0,0,0,0,3427,0.175080245,13181970100
23441,1400000US13181970200,Census Tract 9702; Lincoln County; Georgia,0,0,0,0,0,0,0,0,0,0,0,0,0,0,0,0,0,0,0,0,0,0,0,0,0,0,0,0,0,0,0,0,0,0,4299,0,13181970200
23442,1400000US13183970101,Census Tract 9701.01; Long County; Georgia,0,0,0,0,0,0,0,0,0,0,0,0,0,0,0,0,0,0,0,0,0,0,0,0,0,0,0,0,0,0,0,0,0,0,3469,0,13183970101
23443,1400000US13183970102,Census Tract 9701.02; Long County; Georgia,53,0,0,0,28,0,0,0,0,0,0,0,0,0,0,0,0,0,25,0,0,0,0,0,0,0,0,0,0,0,0,0,0,0,7270,0.729023384,13183970102
23444,1400000US13183970201,Census Tract 9702.01; Long County; Georgia,9,0,0,5,4,0,0,0,0,0,0,0,0,0,0,0,0,0,0,0,0,0,0,0,0,0,0,0,0,0,0,0,0,0,2799,0.321543408,13183970201
23445,1400000US13183970202,Census Tract 9702.02; Long County; Georgia,68,0,0,0,0,0,0,0,0,0,0,68,0,0,0,0,0,0,0,0,0,0,0,0,0,0,0,0,0,0,0,0,0,0,3266,2.082057563,13183970202
23446,1400000US13183980000,Census Tract 9800; Long County; Georgia,0,0,0,0,0,0,0,0,0,0,0,0,0,0,0,0,0,0,0,0,0,0,0,0,0,0,0,0,0,0,0,0,0,0,0,NA,13183980000
23447,1400000US13185010101,Census Tract 101.01; Lowndes County; Georgia,125,0,0,0,10,0,0,0,0,0,0,76,0,0,0,0,0,39,0,0,0,0,0,0,0,0,0,0,0,0,0,0,0,0,5778,2.163378332,13185010101
23448,1400000US13185010102,Census Tract 101.02; Lowndes County; Georgia,442,88,0,41,0,0,0,0,0,0,0,277,0,0,0,0,0,22,6,0,8,0,0,0,0,0,0,0,0,0,0,0,0,0,6647,6.649616368,13185010102
23449,1400000US13185010103,Census Tract 101.03; Lowndes County; Georgia,224,0,0,0,45,0,0,0,0,0,0,8,0,0,0,0,0,0,70,0,31,0,0,0,0,0,0,0,0,0,0,0,0,70,4480,5,13185010103
23450,1400000US13185010201,Census Tract 102.01; Lowndes County; Georgia,17,0,0,12,5,0,0,0,0,0,0,0,0,0,0,0,0,0,0,0,0,0,0,0,0,0,0,0,0,0,0,0,0,0,4614,0.368443866,13185010201
23451,1400000US13185010203,Census Tract 102.03; Lowndes County; Georgia,0,0,0,0,0,0,0,0,0,0,0,0,0,0,0,0,0,0,0,0,0,0,0,0,0,0,0,0,0,0,0,0,0,0,4995,0,13185010203
23452,1400000US13185010204,Census Tract 102.04; Lowndes County; Georgia,494,17,0,0,5,0,0,0,0,0,0,92,0,0,0,0,0,0,21,0,0,0,0,0,319,0,0,0,0,0,0,0,9,31,9028,5.471865308,13185010204
23453,1400000US13185010301,Census Tract 103.01; Lowndes County; Georgia,134,0,0,0,0,0,0,0,0,0,0,65,0,0,0,0,0,0,0,0,69,0,0,0,0,0,0,0,0,0,0,0,0,0,4639,2.888553568,13185010301
23454,1400000US13185010302,Census Tract 103.02; Lowndes County; Georgia,23,0,0,0,0,0,0,0,0,0,0,11,0,0,0,0,0,12,0,0,0,0,0,0,0,0,0,0,0,0,0,0,0,0,2360,0.974576271,13185010302
23455,1400000US13185010401,Census Tract 104.01; Lowndes County; Georgia,0,0,0,0,0,0,0,0,0,0,0,0,0,0,0,0,0,0,0,0,0,0,0,0,0,0,0,0,0,0,0,0,0,0,1431,0,13185010401
23456,1400000US13185010403,Census Tract 104.03; Lowndes County; Georgia,0,0,0,0,0,0,0,0,0,0,0,0,0,0,0,0,0,0,0,0,0,0,0,0,0,0,0,0,0,0,0,0,0,0,3111,0,13185010403
23457,1400000US13185010404,Census Tract 104.04; Lowndes County; Georgia,24,0,0,0,0,0,0,0,0,0,0,11,0,0,0,0,0,0,0,0,13,0,0,0,0,0,0,0,0,0,0,0,0,0,5504,0.436046512,13185010404
23458,1400000US13185010500,Census Tract 105; Lowndes County; Georgia,126,0,0,0,0,0,0,0,0,0,0,9,0,0,0,0,0,0,98,0,0,0,0,0,19,0,0,0,0,0,0,0,0,0,4989,2.525556224,13185010500
23459,1400000US13185010601,Census Tract 106.01; Lowndes County; Georgia,51,0,0,51,0,0,0,0,0,0,0,0,0,0,0,0,0,0,0,0,0,0,0,0,0,0,0,0,0,0,0,0,0,0,6442,0.791679603,13185010601
23460,1400000US13185010604,Census Tract 106.04; Lowndes County; Georgia,127,0,0,0,70,0,0,21,0,0,0,34,0,0,0,0,0,0,0,0,2,0,0,0,0,0,0,0,0,0,0,0,0,0,5534,2.294904228,13185010604
23461,1400000US13185010700,Census Tract 107; Lowndes County; Georgia,0,0,0,0,0,0,0,0,0,0,0,0,0,0,0,0,0,0,0,0,0,0,0,0,0,0,0,0,0,0,0,0,0,0,3560,0,13185010700
23462,1400000US13185010801,Census Tract 108.01; Lowndes County; Georgia,0,0,0,0,0,0,0,0,0,0,0,0,0,0,0,0,0,0,0,0,0,0,0,0,0,0,0,0,0,0,0,0,0,0,3769,0,13185010801
23463,1400000US13185010802,Census Tract 108.02; Lowndes County; Georgia,0,0,0,0,0,0,0,0,0,0,0,0,0,0,0,0,0,0,0,0,0,0,0,0,0,0,0,0,0,0,0,0,0,0,1703,0,13185010802
23464,1400000US13185010900,Census Tract 109; Lowndes County; Georgia,0,0,0,0,0,0,0,0,0,0,0,0,0,0,0,0,0,0,0,0,0,0,0,0,0,0,0,0,0,0,0,0,0,0,1743,0,13185010900
23465,1400000US13185011000,Census Tract 110; Lowndes County; Georgia,40,0,0,0,40,0,0,0,0,0,0,0,0,0,0,0,0,0,0,0,0,0,0,0,0,0,0,0,0,0,0,0,0,0,2564,1.560062402,13185011000
23466,1400000US13185011100,Census Tract 111; Lowndes County; Georgia,32,15,0,0,9,0,0,0,0,0,0,8,0,0,0,0,0,0,0,0,0,0,0,0,0,0,0,0,0,0,0,0,0,0,3122,1.024983985,13185011100
23467,1400000US13185011200,Census Tract 112; Lowndes County; Georgia,213,0,0,0,0,0,0,0,0,0,0,0,0,0,0,0,0,0,0,0,0,0,0,213,0,0,0,0,0,0,0,0,0,0,5088,4.186320755,13185011200
23468,1400000US13185011301,Census Tract 113.01; Lowndes County; Georgia,13,0,0,0,0,0,0,0,0,0,0,0,0,0,0,0,0,0,0,0,13,0,0,0,0,0,0,0,0,0,0,0,0,0,4788,0.271512114,13185011301
23469,1400000US13185011302,Census Tract 113.02; Lowndes County; Georgia,15,0,0,0,0,0,0,0,0,0,0,0,0,0,0,0,0,0,0,0,15,0,0,0,0,0,0,0,0,0,0,0,0,0,1935,0.775193798,13185011302
23470,1400000US13185011401,Census Tract 114.01; Lowndes County; Georgia,12,0,0,9,3,0,0,0,0,0,0,0,0,0,0,0,0,0,0,0,0,0,0,0,0,0,0,0,0,0,0,0,0,0,2222,0.540054005,13185011401
23471,1400000US13185011402,Census Tract 114.02; Lowndes County; Georgia,0,0,0,0,0,0,0,0,0,0,0,0,0,0,0,0,0,0,0,0,0,0,0,0,0,0,0,0,0,0,0,0,0,0,2399,0,13185011402
23472,1400000US13185011404,Census Tract 114.04; Lowndes County; Georgia,123,0,0,0,0,0,0,0,0,0,0,37,0,0,0,0,0,86,0,0,0,0,0,0,0,0,0,0,0,0,0,0,0,0,3660,3.360655738,13185011404
23473,1400000US13185011405,Census Tract 114.05; Lowndes County; Georgia,6,6,0,0,0,0,0,0,0,0,0,0,0,0,0,0,0,0,0,0,0,0,0,0,0,0,0,0,0,0,0,0,0,0,4277,0.140285247,13185011405
23474,1400000US13185011500,Census Tract 115; Lowndes County; Georgia,15,0,0,0,11,0,0,0,0,0,0,4,0,0,0,0,0,0,0,0,0,0,0,0,0,0,0,0,0,0,0,0,0,0,3973,0.377548452,13185011500
23475,1400000US13185011600,Census Tract 116; Lowndes County; Georgia,56,0,0,0,0,0,0,0,0,0,0,9,0,0,0,0,0,0,0,0,17,0,0,0,0,0,0,0,0,0,0,0,0,30,3902,1.435161456,13185011600
23476,1400000US13187960103,Census Tract 9601.03; Lumpkin County; Georgia,7,0,0,0,4,0,0,0,0,0,0,3,0,0,0,0,0,0,0,0,0,0,0,0,0,0,0,0,0,0,0,0,0,0,2914,0.240219629,13187960103
23477,1400000US13187960104,Census Tract 9601.04; Lumpkin County; Georgia,0,0,0,0,0,0,0,0,0,0,0,0,0,0,0,0,0,0,0,0,0,0,0,0,0,0,0,0,0,0,0,0,0,0,5146,0,13187960104
23478,1400000US13187960105,Census Tract 9601.05; Lumpkin County; Georgia,131,131,0,0,0,0,0,0,0,0,0,0,0,0,0,0,0,0,0,0,0,0,0,0,0,0,0,0,0,0,0,0,0,0,3015,4.344941957,13187960105
23479,1400000US13187960106,Census Tract 9601.06; Lumpkin County; Georgia,0,0,0,0,0,0,0,0,0,0,0,0,0,0,0,0,0,0,0,0,0,0,0,0,0,0,0,0,0,0,0,0,0,0,3930,0,13187960106
23480,1400000US13187960203,Census Tract 9602.03; Lumpkin County; Georgia,4,0,0,3,0,0,0,0,0,0,0,1,0,0,0,0,0,0,0,0,0,0,0,0,0,0,0,0,0,0,0,0,0,0,3966,0.100857287,13187960203
23481,1400000US13187960204,Census Tract 9602.04; Lumpkin County; Georgia,23,14,0,0,0,0,0,0,0,0,0,0,0,0,0,0,0,0,9,0,0,0,0,0,0,0,0,0,0,0,0,0,0,0,3871,0.594161715,13187960204
23482,1400000US13187960205,Census Tract 9602.05; Lumpkin County; Georgia,133,2,0,131,0,0,0,0,0,0,0,0,0,0,0,0,0,0,0,0,0,0,0,0,0,0,0,0,0,0,0,0,0,0,5637,2.359411034,13187960205
23483,1400000US13187960206,Census Tract 9602.06; Lumpkin County; Georgia,12,6,0,0,0,0,0,0,0,0,0,1,0,0,0,0,0,2,3,0,0,0,0,0,0,0,0,0,0,0,0,0,0,0,4926,0.243605359,13187960206
23484,1400000US13189950100,Census Tract 9501; McDuffie County; Georgia,31,0,0,8,0,0,0,0,0,0,0,0,0,0,0,0,0,0,0,0,23,0,0,0,0,0,0,0,0,0,0,0,0,0,2526,1.227236738,13189950100
23485,1400000US13189950200,Census Tract 9502; McDuffie County; Georgia,0,0,0,0,0,0,0,0,0,0,0,0,0,0,0,0,0,0,0,0,0,0,0,0,0,0,0,0,0,0,0,0,0,0,5302,0,13189950200
23486,1400000US13189950300,Census Tract 9503; McDuffie County; Georgia,0,0,0,0,0,0,0,0,0,0,0,0,0,0,0,0,0,0,0,0,0,0,0,0,0,0,0,0,0,0,0,0,0,0,3255,0,13189950300
23487,1400000US13189950401,Census Tract 9504.01; McDuffie County; Georgia,0,0,0,0,0,0,0,0,0,0,0,0,0,0,0,0,0,0,0,0,0,0,0,0,0,0,0,0,0,0,0,0,0,0,2503,0,13189950401
23488,1400000US13189950402,Census Tract 9504.02; McDuffie County; Georgia,3,0,0,0,0,0,0,0,0,0,0,0,0,0,0,0,0,0,0,0,3,0,0,0,0,0,0,0,0,0,0,0,0,0,3219,0.093196645,13189950402
23489,1400000US13189950500,Census Tract 9505; McDuffie County; Georgia,0,0,0,0,0,0,0,0,0,0,0,0,0,0,0,0,0,0,0,0,0,0,0,0,0,0,0,0,0,0,0,0,0,0,4910,0,13189950500
23490,1400000US13191110101,Census Tract 1101.01; McIntosh County; Georgia,0,0,0,0,0,0,0,0,0,0,0,0,0,0,0,0,0,0,0,0,0,0,0,0,0,0,0,0,0,0,0,0,0,0,1330,0,13191110101
23491,1400000US13191110102,Census Tract 1101.02; McIntosh County; Georgia,9,0,0,0,0,0,0,0,0,0,0,9,0,0,0,0,0,0,0,0,0,0,0,0,0,0,0,0,0,0,0,0,0,0,727,1.237964237,13191110102
23492,1400000US13191110103,Census Tract 1101.03; McIntosh County; Georgia,0,0,0,0,0,0,0,0,0,0,0,0,0,0,0,0,0,0,0,0,0,0,0,0,0,0,0,0,0,0,0,0,0,0,1518,0,13191110103
23493,1400000US13191110201,Census Tract 1102.01; McIntosh County; Georgia,0,0,0,0,0,0,0,0,0,0,0,0,0,0,0,0,0,0,0,0,0,0,0,0,0,0,0,0,0,0,0,0,0,0,2513,0,13191110201
23494,1400000US13191110202,Census Tract 1102.02; McIntosh County; Georgia,148,0,0,0,0,0,0,0,0,0,0,0,0,0,0,0,0,0,14,0,134,0,0,0,0,0,0,0,0,0,0,0,0,0,1685,8.783382789,13191110202
23495,1400000US13191110300,Census Tract 1103; McIntosh County; Georgia,0,0,0,0,0,0,0,0,0,0,0,0,0,0,0,0,0,0,0,0,0,0,0,0,0,0,0,0,0,0,0,0,0,0,3410,0,13191110300
23496,1400000US13191980000,Census Tract 9800; McIntosh County; Georgia,0,0,0,0,0,0,0,0,0,0,0,0,0,0,0,0,0,0,0,0,0,0,0,0,0,0,0,0,0,0,0,0,0,0,0,NA,13191980000
23497,1400000US13191990000,Census Tract 9900; McIntosh County; Georgia,0,0,0,0,0,0,0,0,0,0,0,0,0,0,0,0,0,0,0,0,0,0,0,0,0,0,0,0,0,0,0,0,0,0,0,NA,13191990000
23498,1400000US13193000100,Census Tract 1; Macon County; Georgia,0,0,0,0,0,0,0,0,0,0,0,0,0,0,0,0,0,0,0,0,0,0,0,0,0,0,0,0,0,0,0,0,0,0,1485,0,13193000100
23499,1400000US13193000200,Census Tract 2; Macon County; Georgia,0,0,0,0,0,0,0,0,0,0,0,0,0,0,0,0,0,0,0,0,0,0,0,0,0,0,0,0,0,0,0,0,0,0,1425,0,13193000200
23500,1400000US13193000300,Census Tract 3; Macon County; Georgia,0,0,0,0,0,0,0,0,0,0,0,0,0,0,0,0,0,0,0,0,0,0,0,0,0,0,0,0,0,0,0,0,0,0,4664,0,13193000300
23501,1400000US13193000400,Census Tract 4; Macon County; Georgia,95,0,0,0,0,0,0,0,0,0,0,0,0,0,0,0,0,0,0,0,95,0,0,0,0,0,0,0,0,0,0,0,0,0,4525,2.099447514,13193000400
23502,1400000US13195020100,Census Tract 201; Madison County; Georgia,0,0,0,0,0,0,0,0,0,0,0,0,0,0,0,0,0,0,0,0,0,0,0,0,0,0,0,0,0,0,0,0,0,0,5571,0,13195020100
23503,1400000US13195020200,Census Tract 202; Madison County; Georgia,0,0,0,0,0,0,0,0,0,0,0,0,0,0,0,0,0,0,0,0,0,0,0,0,0,0,0,0,0,0,0,0,0,0,4305,0,13195020200
23504,1400000US13195020300,Census Tract 203; Madison County; Georgia,474,19,0,0,0,0,0,0,0,357,4,0,0,0,0,0,0,0,94,0,0,0,0,0,0,0,0,0,0,0,0,0,0,0,4954,9.568025838,13195020300
23505,1400000US13195020400,Census Tract 204; Madison County; Georgia,6,0,0,0,0,0,0,0,0,0,0,2,4,0,0,0,0,0,0,0,0,0,0,0,0,0,0,0,0,0,0,0,0,0,6387,0.093940817,13195020400
23506,1400000US13195020501,Census Tract 205.01; Madison County; Georgia,0,0,0,0,0,0,0,0,0,0,0,0,0,0,0,0,0,0,0,0,0,0,0,0,0,0,0,0,0,0,0,0,0,0,2056,0,13195020501
23507,1400000US13195020502,Census Tract 205.02; Madison County; Georgia,0,0,0,0,0,0,0,0,0,0,0,0,0,0,0,0,0,0,0,0,0,0,0,0,0,0,0,0,0,0,0,0,0,0,5113,0,13195020502
23508,1400000US13195020600,Census Tract 206; Madison County; Georgia,0,0,0,0,0,0,0,0,0,0,0,0,0,0,0,0,0,0,0,0,0,0,0,0,0,0,0,0,0,0,0,0,0,0,1992,0,13195020600
23509,1400000US13197920100,Census Tract 9201; Marion County; Georgia,108,0,0,0,0,0,0,0,0,0,0,62,0,0,0,0,0,0,0,0,0,0,0,0,0,0,0,0,0,0,0,0,46,0,4025,2.683229814,13197920100
23510,1400000US13197920200,Census Tract 9202; Marion County; Georgia,0,0,0,0,0,0,0,0,0,0,0,0,0,0,0,0,0,0,0,0,0,0,0,0,0,0,0,0,0,0,0,0,0,0,3483,0,13197920200
23511,1400000US13199970501,Census Tract 9705.01; Meriwether County; Georgia,34,0,0,0,34,0,0,0,0,0,0,0,0,0,0,0,0,0,0,0,0,0,0,0,0,0,0,0,0,0,0,0,0,0,2364,1.438240271,13199970501
23512,1400000US13199970502,Census Tract 9705.02; Meriwether County; Georgia,72,0,0,0,3,0,0,0,0,0,0,58,0,0,0,0,0,0,0,0,0,0,0,0,0,0,0,0,0,0,0,0,0,11,2629,2.73868391,13199970502
23513,1400000US13199970600,Census Tract 9706; Meriwether County; Georgia,0,0,0,0,0,0,0,0,0,0,0,0,0,0,0,0,0,0,0,0,0,0,0,0,0,0,0,0,0,0,0,0,0,0,3233,0,13199970600
23514,1400000US13199970701,Census Tract 9707.01; Meriwether County; Georgia,0,0,0,0,0,0,0,0,0,0,0,0,0,0,0,0,0,0,0,0,0,0,0,0,0,0,0,0,0,0,0,0,0,0,2802,0,13199970701
23515,1400000US13199970702,Census Tract 9707.02; Meriwether County; Georgia,57,0,0,0,57,0,0,0,0,0,0,0,0,0,0,0,0,0,0,0,0,0,0,0,0,0,0,0,0,0,0,0,0,0,4975,1.145728643,13199970702
23516,1400000US13199970801,Census Tract 9708.01; Meriwether County; Georgia,0,0,0,0,0,0,0,0,0,0,0,0,0,0,0,0,0,0,0,0,0,0,0,0,0,0,0,0,0,0,0,0,0,0,2875,0,13199970801
23517,1400000US13199970802,Census Tract 9708.02; Meriwether County; Georgia,0,0,0,0,0,0,0,0,0,0,0,0,0,0,0,0,0,0,0,0,0,0,0,0,0,0,0,0,0,0,0,0,0,0,1801,0,13199970802
23518,1400000US13201950100,Census Tract 9501; Miller County; Georgia,13,1,0,0,0,0,0,0,0,0,4,0,0,0,0,0,0,0,6,0,2,0,0,0,0,0,0,0,0,0,0,0,0,0,1714,0.758459743,13201950100
23519,1400000US13201950200,Census Tract 9502; Miller County; Georgia,23,0,0,0,0,0,0,0,0,0,0,23,0,0,0,0,0,0,0,0,0,0,0,0,0,0,0,0,0,0,0,0,0,0,1894,1.21436114,13201950200
23520,1400000US13201950300,Census Tract 9503; Miller County; Georgia,4,0,0,0,0,0,0,0,0,4,0,0,0,0,0,0,0,0,0,0,0,0,0,0,0,0,0,0,0,0,0,0,0,0,2315,0.172786177,13201950300
23521,1400000US13205090100,Census Tract 901; Mitchell County; Georgia,4,0,0,2,2,0,0,0,0,0,0,0,0,0,0,0,0,0,0,0,0,0,0,0,0,0,0,0,0,0,0,0,0,0,3617,0.110588886,13205090100
23522,1400000US13205090200,Census Tract 902; Mitchell County; Georgia,0,0,0,0,0,0,0,0,0,0,0,0,0,0,0,0,0,0,0,0,0,0,0,0,0,0,0,0,0,0,0,0,0,0,3104,0,13205090200
23523,1400000US13205090300,Census Tract 903; Mitchell County; Georgia,0,0,0,0,0,0,0,0,0,0,0,0,0,0,0,0,0,0,0,0,0,0,0,0,0,0,0,0,0,0,0,0,0,0,2932,0,13205090300
23524,1400000US13205090401,Census Tract 904.01; Mitchell County; Georgia,0,0,0,0,0,0,0,0,0,0,0,0,0,0,0,0,0,0,0,0,0,0,0,0,0,0,0,0,0,0,0,0,0,0,3036,0,13205090401
23525,1400000US13205090402,Census Tract 904.02; Mitchell County; Georgia,11,0,0,0,0,0,0,0,0,0,0,0,0,0,0,0,0,0,11,0,0,0,0,0,0,0,0,0,0,0,0,0,0,0,3705,0.296896086,13205090402
23526,1400000US13205090501,Census Tract 905.01; Mitchell County; Georgia,0,0,0,0,0,0,0,0,0,0,0,0,0,0,0,0,0,0,0,0,0,0,0,0,0,0,0,0,0,0,0,0,0,0,2676,0,13205090501
23527,1400000US13205090502,Census Tract 905.02; Mitchell County; Georgia,0,0,0,0,0,0,0,0,0,0,0,0,0,0,0,0,0,0,0,0,0,0,0,0,0,0,0,0,0,0,0,0,0,0,2564,0,13205090502
23528,1400000US13207050101,Census Tract 501.01; Monroe County; Georgia,1,0,0,0,1,0,0,0,0,0,0,0,0,0,0,0,0,0,0,0,0,0,0,0,0,0,0,0,0,0,0,0,0,0,6581,0.015195259,13207050101
23529,1400000US13207050102,Census Tract 501.02; Monroe County; Georgia,0,0,0,0,0,0,0,0,0,0,0,0,0,0,0,0,0,0,0,0,0,0,0,0,0,0,0,0,0,0,0,0,0,0,4477,0,13207050102
23530,1400000US13207050200,Census Tract 502; Monroe County; Georgia,0,0,0,0,0,0,0,0,0,0,0,0,0,0,0,0,0,0,0,0,0,0,0,0,0,0,0,0,0,0,0,0,0,0,5834,0,13207050200
23531,1400000US13207050301,Census Tract 503.01; Monroe County; Georgia,219,219,0,0,0,0,0,0,0,0,0,0,0,0,0,0,0,0,0,0,0,0,0,0,0,0,0,0,0,0,0,0,0,0,5866,3.733378793,13207050301
23532,1400000US13207050302,Census Tract 503.02; Monroe County; Georgia,75,0,0,0,0,0,0,0,0,0,0,0,0,0,0,0,0,0,0,0,0,0,0,0,75,0,0,0,0,0,0,0,0,0,5529,1.356483993,13207050302
23533,1400000US13209950100,Census Tract 9501; Montgomery County; Georgia,0,0,0,0,0,0,0,0,0,0,0,0,0,0,0,0,0,0,0,0,0,0,0,0,0,0,0,0,0,0,0,0,0,0,1789,0,13209950100
23534,1400000US13209950200,Census Tract 9502; Montgomery County; Georgia,21,3,0,0,16,0,0,0,0,0,0,0,0,0,0,0,0,0,0,0,2,0,0,0,0,0,0,0,0,0,0,0,0,0,4862,0.43192102,13209950200
23535,1400000US13209950300,Census Tract 9503; Montgomery County; Georgia,16,0,0,0,0,0,0,0,0,0,0,0,0,0,0,0,0,0,0,0,16,0,0,0,0,0,0,0,0,0,0,0,0,0,2036,0.785854617,13209950300
23536,1400000US13211010100,Census Tract 101; Morgan County; Georgia,0,0,0,0,0,0,0,0,0,0,0,0,0,0,0,0,0,0,0,0,0,0,0,0,0,0,0,0,0,0,0,0,0,0,3403,0,13211010100
23537,1400000US13211010200,Census Tract 102; Morgan County; Georgia,26,0,0,0,0,0,0,0,0,0,0,0,0,0,0,0,0,0,2,0,24,0,0,0,0,0,0,0,0,0,0,0,0,0,3842,0.676730869,13211010200
23538,1400000US13211010301,Census Tract 103.01; Morgan County; Georgia,0,0,0,0,0,0,0,0,0,0,0,0,0,0,0,0,0,0,0,0,0,0,0,0,0,0,0,0,0,0,0,0,0,0,3543,0,13211010301
23539,1400000US13211010302,Census Tract 103.02; Morgan County; Georgia,0,0,0,0,0,0,0,0,0,0,0,0,0,0,0,0,0,0,0,0,0,0,0,0,0,0,0,0,0,0,0,0,0,0,4001,0,13211010302
23540,1400000US13211010400,Census Tract 104; Morgan County; Georgia,0,0,0,0,0,0,0,0,0,0,0,0,0,0,0,0,0,0,0,0,0,0,0,0,0,0,0,0,0,0,0,0,0,0,3329,0,13211010400
23541,1400000US13211010500,Census Tract 105; Morgan County; Georgia,6,0,0,6,0,0,0,0,0,0,0,0,0,0,0,0,0,0,0,0,0,0,0,0,0,0,0,0,0,0,0,0,0,0,2053,0.292255236,13211010500
23542,1400000US13213010100,Census Tract 101; Murray County; Georgia,51,0,0,0,0,0,0,0,0,0,0,0,0,0,0,0,51,0,0,0,0,0,0,0,0,0,0,0,0,0,0,0,0,0,3694,1.380617217,13213010100
23543,1400000US13213010201,Census Tract 102.01; Murray County; Georgia,33,0,0,0,0,0,0,0,0,0,0,0,0,0,0,0,0,0,33,0,0,0,0,0,0,0,0,0,0,0,0,0,0,0,2171,1.520036849,13213010201
23544,1400000US13213010203,Census Tract 102.03; Murray County; Georgia,0,0,0,0,0,0,0,0,0,0,0,0,0,0,0,0,0,0,0,0,0,0,0,0,0,0,0,0,0,0,0,0,0,0,3670,0,13213010203
23545,1400000US13213010204,Census Tract 102.04; Murray County; Georgia,197,0,0,0,0,0,0,0,0,0,0,0,0,0,0,0,0,0,0,0,197,0,0,0,0,0,0,0,0,0,0,0,0,0,5493,3.586382669,13213010204
23546,1400000US13213010300,Census Tract 103; Murray County; Georgia,43,0,0,0,0,0,0,0,0,0,0,0,0,0,0,0,0,0,43,0,0,0,0,0,0,0,0,0,0,0,0,0,0,0,4505,0.954495006,13213010300
23547,1400000US13213010401,Census Tract 104.01; Murray County; Georgia,0,0,0,0,0,0,0,0,0,0,0,0,0,0,0,0,0,0,0,0,0,0,0,0,0,0,0,0,0,0,0,0,0,0,2951,0,13213010401
23548,1400000US13213010402,Census Tract 104.02; Murray County; Georgia,0,0,0,0,0,0,0,0,0,0,0,0,0,0,0,0,0,0,0,0,0,0,0,0,0,0,0,0,0,0,0,0,0,0,2698,0,13213010402
23549,1400000US13213010500,Census Tract 105; Murray County; Georgia,0,0,0,0,0,0,0,0,0,0,0,0,0,0,0,0,0,0,0,0,0,0,0,0,0,0,0,0,0,0,0,0,0,0,5622,0,13213010500
23550,1400000US13213010600,Census Tract 106; Murray County; Georgia,0,0,0,0,0,0,0,0,0,0,0,0,0,0,0,0,0,0,0,0,0,0,0,0,0,0,0,0,0,0,0,0,0,0,4325,0,13213010600
23551,1400000US13213010700,Census Tract 107; Murray County; Georgia,0,0,0,0,0,0,0,0,0,0,0,0,0,0,0,0,0,0,0,0,0,0,0,0,0,0,0,0,0,0,0,0,0,0,4934,0,13213010700
23552,1400000US13215000200,Census Tract 2; Muscogee County; Georgia,11,0,0,0,0,0,0,0,0,0,0,0,0,0,0,0,0,0,11,0,0,0,0,0,0,0,0,0,0,0,0,0,0,0,2283,0.481822164,13215000200
23553,1400000US13215000300,Census Tract 3; Muscogee County; Georgia,16,16,0,0,0,0,0,0,0,0,0,0,0,0,0,0,0,0,0,0,0,0,0,0,0,0,0,0,0,0,0,0,0,0,1487,1.07599193,13215000300
23554,1400000US13215000400,Census Tract 4; Muscogee County; Georgia,145,0,0,0,52,0,0,0,0,0,0,93,0,0,0,0,0,0,0,0,0,0,0,0,0,0,0,0,0,0,0,0,0,0,2923,4.960656859,13215000400
23555,1400000US13215000800,Census Tract 8; Muscogee County; Georgia,0,0,0,0,0,0,0,0,0,0,0,0,0,0,0,0,0,0,0,0,0,0,0,0,0,0,0,0,0,0,0,0,0,0,2535,0,13215000800
23556,1400000US13215000900,Census Tract 9; Muscogee County; Georgia,0,0,0,0,0,0,0,0,0,0,0,0,0,0,0,0,0,0,0,0,0,0,0,0,0,0,0,0,0,0,0,0,0,0,2570,0,13215000900
23557,1400000US13215001000,Census Tract 10; Muscogee County; Georgia,59,14,0,0,18,0,0,0,0,0,0,0,0,0,0,0,0,0,0,0,27,0,0,0,0,0,0,0,0,0,0,0,0,0,4743,1.243938436,13215001000
23558,1400000US13215001100,Census Tract 11; Muscogee County; Georgia,26,0,0,21,0,0,0,0,0,0,0,5,0,0,0,0,0,0,0,0,0,0,0,0,0,0,0,0,0,0,0,0,0,0,2756,0.943396226,13215001100
23559,1400000US13215001200,Census Tract 12; Muscogee County; Georgia,43,0,0,0,0,0,0,0,0,0,0,0,0,0,0,0,0,0,0,0,26,0,0,0,0,0,0,0,0,0,0,0,10,7,3273,1.313779407,13215001200
23560,1400000US13215001400,Census Tract 14; Muscogee County; Georgia,0,0,0,0,0,0,0,0,0,0,0,0,0,0,0,0,0,0,0,0,0,0,0,0,0,0,0,0,0,0,0,0,0,0,2059,0,13215001400
23561,1400000US13215001600,Census Tract 16; Muscogee County; Georgia,0,0,0,0,0,0,0,0,0,0,0,0,0,0,0,0,0,0,0,0,0,0,0,0,0,0,0,0,0,0,0,0,0,0,2276,0,13215001600
23562,1400000US13215001800,Census Tract 18; Muscogee County; Georgia,0,0,0,0,0,0,0,0,0,0,0,0,0,0,0,0,0,0,0,0,0,0,0,0,0,0,0,0,0,0,0,0,0,0,1264,0,13215001800
23563,1400000US13215002000,Census Tract 20; Muscogee County; Georgia,0,0,0,0,0,0,0,0,0,0,0,0,0,0,0,0,0,0,0,0,0,0,0,0,0,0,0,0,0,0,0,0,0,0,2757,0,13215002000
23564,1400000US13215002100,Census Tract 21; Muscogee County; Georgia,181,20,0,0,153,0,0,0,0,0,0,8,0,0,0,0,0,0,0,0,0,0,0,0,0,0,0,0,0,0,0,0,0,0,2846,6.359803233,13215002100
23565,1400000US13215002200,Census Tract 22; Muscogee County; Georgia,7,0,0,0,0,0,0,0,0,0,0,0,0,0,0,0,0,0,7,0,0,0,0,0,0,0,0,0,0,0,0,0,0,0,2593,0.269957578,13215002200
23566,1400000US13215002300,Census Tract 23; Muscogee County; Georgia,17,0,0,0,0,0,0,0,0,0,0,0,0,0,0,0,0,0,17,0,0,0,0,0,0,0,0,0,0,0,0,0,0,0,1462,1.162790698,13215002300
23567,1400000US13215002400,Census Tract 24; Muscogee County; Georgia,0,0,0,0,0,0,0,0,0,0,0,0,0,0,0,0,0,0,0,0,0,0,0,0,0,0,0,0,0,0,0,0,0,0,1307,0,13215002400
23568,1400000US13215002500,Census Tract 25; Muscogee County; Georgia,0,0,0,0,0,0,0,0,0,0,0,0,0,0,0,0,0,0,0,0,0,0,0,0,0,0,0,0,0,0,0,0,0,0,639,0,13215002500
23569,1400000US13215002700,Census Tract 27; Muscogee County; Georgia,0,0,0,0,0,0,0,0,0,0,0,0,0,0,0,0,0,0,0,0,0,0,0,0,0,0,0,0,0,0,0,0,0,0,3515,0,13215002700
23570,1400000US13215002800,Census Tract 28; Muscogee County; Georgia,2,0,0,0,0,0,0,0,0,0,0,0,0,0,0,0,0,0,0,0,0,0,0,0,0,0,0,0,0,0,0,0,0,2,1959,0.102092905,13215002800
23571,1400000US13215002901,Census Tract 29.01; Muscogee County; Georgia,118,0,0,0,0,0,0,0,0,0,0,118,0,0,0,0,0,0,0,0,0,0,0,0,0,0,0,0,0,0,0,0,0,0,2855,4.133099825,13215002901
23572,1400000US13215002902,Census Tract 29.02; Muscogee County; Georgia,0,0,0,0,0,0,0,0,0,0,0,0,0,0,0,0,0,0,0,0,0,0,0,0,0,0,0,0,0,0,0,0,0,0,2729,0,13215002902
23573,1400000US13215003000,Census Tract 30; Muscogee County; Georgia,75,0,0,0,0,0,0,0,0,0,0,0,0,0,0,0,0,0,0,0,75,0,0,0,0,0,0,0,0,0,0,0,0,0,2286,3.280839895,13215003000
23574,1400000US13215003200,Census Tract 32; Muscogee County; Georgia,0,0,0,0,0,0,0,0,0,0,0,0,0,0,0,0,0,0,0,0,0,0,0,0,0,0,0,0,0,0,0,0,0,0,2245,0,13215003200
23575,1400000US13215003301,Census Tract 33.01; Muscogee County; Georgia,2,0,0,0,2,0,0,0,0,0,0,0,0,0,0,0,0,0,0,0,0,0,0,0,0,0,0,0,0,0,0,0,0,0,1231,0.162469537,13215003301
23576,1400000US13215003302,Census Tract 33.02; Muscogee County; Georgia,0,0,0,0,0,0,0,0,0,0,0,0,0,0,0,0,0,0,0,0,0,0,0,0,0,0,0,0,0,0,0,0,0,0,2129,0,13215003302
23577,1400000US13215003400,Census Tract 34; Muscogee County; Georgia,18,18,0,0,0,0,0,0,0,0,0,0,0,0,0,0,0,0,0,0,0,0,0,0,0,0,0,0,0,0,0,0,0,0,1762,1.021566402,13215003400
23578,1400000US13215010106,Census Tract 101.06; Muscogee County; Georgia,97,0,0,0,0,0,0,0,0,0,0,0,0,0,0,0,0,0,2,0,95,0,0,0,0,0,0,0,0,0,0,0,0,0,6114,1.586522735,13215010106
23579,1400000US13215010108,Census Tract 101.08; Muscogee County; Georgia,84,0,0,0,0,0,0,0,0,0,0,29,0,0,0,0,0,0,0,0,55,0,0,0,0,0,0,0,0,0,0,0,0,0,5790,1.450777202,13215010108
23580,1400000US13215010109,Census Tract 101.09; Muscogee County; Georgia,128,0,0,0,16,0,0,0,0,0,0,0,0,0,0,0,0,0,0,0,112,0,0,0,0,0,0,0,0,0,0,0,0,0,2664,4.804804805,13215010109
23581,1400000US13215010110,Census Tract 101.10; Muscogee County; Georgia,289,0,0,21,27,0,0,0,0,0,0,54,0,0,0,0,0,19,144,0,21,0,0,3,0,0,0,0,0,0,0,0,0,0,3555,8.129395218,13215010110
23582,1400000US13215010111,Census Tract 101.11; Muscogee County; Georgia,302,0,0,0,31,0,0,0,0,0,0,0,0,0,0,0,0,0,62,0,209,0,0,0,0,0,0,0,0,0,0,0,0,0,7117,4.243360967,13215010111
23583,1400000US13215010204,Census Tract 102.04; Muscogee County; Georgia,10,0,0,0,0,0,0,0,0,0,0,0,0,0,0,0,0,0,10,0,0,0,0,0,0,0,0,0,0,0,0,0,0,0,7100,0.14084507,13215010204
23584,1400000US13215010205,Census Tract 102.05; Muscogee County; Georgia,334,0,0,76,74,0,0,0,0,0,0,0,0,0,15,0,0,0,0,0,141,0,0,0,0,0,0,0,0,0,0,0,11,17,3647,9.158212229,13215010205
23585,1400000US13215010206,Census Tract 102.06; Muscogee County; Georgia,277,0,0,0,70,0,0,0,0,0,0,25,0,48,0,0,0,0,0,0,134,0,0,0,0,0,0,0,0,0,0,0,0,0,3043,9.102859021,13215010206
23586,1400000US13215010207,Census Tract 102.07; Muscogee County; Georgia,0,0,0,0,0,0,0,0,0,0,0,0,0,0,0,0,0,0,0,0,0,0,0,0,0,0,0,0,0,0,0,0,0,0,4791,0,13215010207
23587,1400000US13215010208,Census Tract 102.08; Muscogee County; Georgia,578,0,0,0,50,0,0,0,0,0,0,77,0,0,0,0,0,0,115,0,336,0,0,0,0,0,0,0,0,0,0,0,0,0,5069,11.40264352,13215010208
23588,1400000US13215010209,Census Tract 102.09; Muscogee County; Georgia,569,0,0,0,55,0,0,0,0,0,0,16,0,0,0,0,0,0,39,0,459,0,0,0,0,0,0,0,0,0,0,0,0,0,4178,13.61895644,13215010209
23589,1400000US13215010301,Census Tract 103.01; Muscogee County; Georgia,208,12,0,0,46,0,0,0,0,0,0,22,0,0,0,0,0,0,0,0,128,0,0,0,0,0,0,0,0,0,0,0,0,0,2219,9.373591708,13215010301
23590,1400000US13215010303,Census Tract 103.03; Muscogee County; Georgia,51,0,0,0,19,0,0,0,0,0,0,0,0,0,0,0,0,0,0,0,32,0,0,0,0,0,0,0,0,0,0,0,0,0,4970,1.026156942,13215010303
23591,1400000US13215010304,Census Tract 103.04; Muscogee County; Georgia,316,0,0,0,14,0,0,0,0,0,0,0,0,0,0,0,0,0,0,0,302,0,0,0,0,0,0,0,0,0,0,0,0,0,2088,15.13409962,13215010304
23592,1400000US13215010401,Census Tract 104.01; Muscogee County; Georgia,176,0,0,0,70,0,0,0,0,0,0,0,0,0,0,0,0,106,0,0,0,0,0,0,0,0,0,0,0,0,0,0,0,0,7365,2.389680923,13215010401
23593,1400000US13215010402,Census Tract 104.02; Muscogee County; Georgia,68,0,0,0,20,0,0,0,0,0,0,11,0,0,0,0,0,24,0,0,13,0,0,0,0,0,0,0,0,0,0,0,0,0,5012,1.356743815,13215010402
23594,1400000US13215010501,Census Tract 105.01; Muscogee County; Georgia,54,54,0,0,0,0,0,0,0,0,0,0,0,0,0,0,0,0,0,0,0,0,0,0,0,0,0,0,0,0,0,0,0,0,6317,0.854836156,13215010501
23595,1400000US13215010502,Census Tract 105.02; Muscogee County; Georgia,78,0,0,0,0,0,0,0,0,0,0,0,0,0,0,0,0,0,0,0,78,0,0,0,0,0,0,0,0,0,0,0,0,0,2026,3.849950642,13215010502
23596,1400000US13215010602,Census Tract 106.02; Muscogee County; Georgia,157,0,0,0,24,0,0,0,0,38,0,42,0,0,0,0,0,0,53,0,0,0,0,0,0,0,0,0,0,0,0,0,0,0,5222,3.006510915,13215010602
23597,1400000US13215010605,Census Tract 106.05; Muscogee County; Georgia,99,0,0,0,0,0,0,0,0,0,0,0,0,0,0,0,0,0,0,0,99,0,0,0,0,0,0,0,0,0,0,0,0,0,4354,2.273771245,13215010605
23598,1400000US13215010606,Census Tract 106.06; Muscogee County; Georgia,0,0,0,0,0,0,0,0,0,0,0,0,0,0,0,0,0,0,0,0,0,0,0,0,0,0,0,0,0,0,0,0,0,0,1960,0,13215010606
23599,1400000US13215010607,Census Tract 106.07; Muscogee County; Georgia,85,0,0,18,52,0,0,0,0,0,0,0,0,0,0,0,0,15,0,0,0,0,0,0,0,0,0,0,0,0,0,0,0,0,5443,1.561638802,13215010607
23600,1400000US13215010608,Census Tract 106.08; Muscogee County; Georgia,27,0,0,0,0,0,0,0,0,0,0,27,0,0,0,0,0,0,0,0,0,0,0,0,0,0,0,0,0,0,0,0,0,0,4818,0.560398506,13215010608
23601,1400000US13215010701,Census Tract 107.01; Muscogee County; Georgia,17,0,0,17,0,0,0,0,0,0,0,0,0,0,0,0,0,0,0,0,0,0,0,0,0,0,0,0,0,0,0,0,0,0,6643,0.255908475,13215010701
23602,1400000US13215010702,Census Tract 107.02; Muscogee County; Georgia,18,0,0,0,0,0,0,0,0,0,0,18,0,0,0,0,0,0,0,0,0,0,0,0,0,0,0,0,0,0,0,0,0,0,5907,0.30472321,13215010702
23603,1400000US13215010704,Census Tract 107.04; Muscogee County; Georgia,0,0,0,0,0,0,0,0,0,0,0,0,0,0,0,0,0,0,0,0,0,0,0,0,0,0,0,0,0,0,0,0,0,0,2855,0,13215010704
23604,1400000US13215010705,Census Tract 107.05; Muscogee County; Georgia,13,0,0,0,0,0,0,0,0,0,0,0,0,0,0,0,0,0,0,0,0,0,0,0,13,0,0,0,0,0,0,0,0,0,4061,0.320118197,13215010705
23605,1400000US13215010801,Census Tract 108.01; Muscogee County; Georgia,180,48,0,0,24,0,0,0,0,0,0,20,0,0,0,0,0,0,0,0,86,0,0,0,0,0,0,0,0,0,0,0,2,0,2368,7.601351351,13215010801
23606,1400000US13215010802,Census Tract 108.02; Muscogee County; Georgia,91,15,0,0,2,0,0,0,0,0,0,60,0,0,0,0,0,0,0,0,7,0,0,0,0,0,0,0,0,0,0,0,7,0,6362,1.430367809,13215010802
23607,1400000US13215011100,Census Tract 111; Muscogee County; Georgia,38,22,0,0,11,0,0,0,0,0,0,0,0,0,0,0,0,0,0,0,5,0,0,0,0,0,0,0,0,0,0,0,0,0,1775,2.14084507,13215011100
23608,1400000US13215011200,Census Tract 112; Muscogee County; Georgia,112,0,0,0,0,0,0,0,0,0,0,0,0,0,0,0,0,0,0,0,112,0,0,0,0,0,0,0,0,0,0,0,0,0,1803,6.211869107,13215011200
23609,1400000US13215011400,Census Tract 114; Muscogee County; Georgia,0,0,0,0,0,0,0,0,0,0,0,0,0,0,0,0,0,0,0,0,0,0,0,0,0,0,0,0,0,0,0,0,0,0,2400,0,13215011400
23610,1400000US13215011500,Census Tract 115; Muscogee County; Georgia,103,0,0,34,5,0,0,0,0,0,0,64,0,0,0,0,0,0,0,0,0,0,0,0,0,0,0,0,0,0,0,0,0,0,5052,2.038796516,13215011500
23611,1400000US13217100101,Census Tract 1001.01; Newton County; Georgia,271,0,139,0,0,0,0,0,0,0,0,0,0,0,0,0,0,0,0,0,132,0,0,0,0,0,0,0,0,0,0,0,0,0,5436,4.985283297,13217100101
23612,1400000US13217100102,Census Tract 1001.02; Newton County; Georgia,0,0,0,0,0,0,0,0,0,0,0,0,0,0,0,0,0,0,0,0,0,0,0,0,0,0,0,0,0,0,0,0,0,0,5666,0,13217100102
23613,1400000US13217100202,Census Tract 1002.02; Newton County; Georgia,0,0,0,0,0,0,0,0,0,0,0,0,0,0,0,0,0,0,0,0,0,0,0,0,0,0,0,0,0,0,0,0,0,0,6292,0,13217100202
23614,1400000US13217100203,Census Tract 1002.03; Newton County; Georgia,0,0,0,0,0,0,0,0,0,0,0,0,0,0,0,0,0,0,0,0,0,0,0,0,0,0,0,0,0,0,0,0,0,0,2865,0,13217100203
23615,1400000US13217100204,Census Tract 1002.04; Newton County; Georgia,0,0,0,0,0,0,0,0,0,0,0,0,0,0,0,0,0,0,0,0,0,0,0,0,0,0,0,0,0,0,0,0,0,0,3814,0,13217100204
23616,1400000US13217100301,Census Tract 1003.01; Newton County; Georgia,0,0,0,0,0,0,0,0,0,0,0,0,0,0,0,0,0,0,0,0,0,0,0,0,0,0,0,0,0,0,0,0,0,0,6574,0,13217100301
23617,1400000US13217100302,Census Tract 1003.02; Newton County; Georgia,0,0,0,0,0,0,0,0,0,0,0,0,0,0,0,0,0,0,0,0,0,0,0,0,0,0,0,0,0,0,0,0,0,0,4891,0,13217100302
23618,1400000US13217100400,Census Tract 1004; Newton County; Georgia,266,159,0,0,3,0,0,0,0,0,0,0,0,0,0,0,0,0,0,0,85,0,0,0,0,0,8,0,0,0,0,0,11,0,3539,7.516247528,13217100400
23619,1400000US13217100503,Census Tract 1005.03; Newton County; Georgia,0,0,0,0,0,0,0,0,0,0,0,0,0,0,0,0,0,0,0,0,0,0,0,0,0,0,0,0,0,0,0,0,0,0,6449,0,13217100503
23620,1400000US13217100504,Census Tract 1005.04; Newton County; Georgia,0,0,0,0,0,0,0,0,0,0,0,0,0,0,0,0,0,0,0,0,0,0,0,0,0,0,0,0,0,0,0,0,0,0,5592,0,13217100504
23621,1400000US13217100505,Census Tract 1005.05; Newton County; Georgia,0,0,0,0,0,0,0,0,0,0,0,0,0,0,0,0,0,0,0,0,0,0,0,0,0,0,0,0,0,0,0,0,0,0,4564,0,13217100505
23622,1400000US13217100506,Census Tract 1005.06; Newton County; Georgia,168,0,0,0,3,0,0,0,0,0,0,0,0,0,139,0,0,0,0,0,26,0,0,0,0,0,0,0,0,0,0,0,0,0,3809,4.410606458,13217100506
23623,1400000US13217100507,Census Tract 1005.07; Newton County; Georgia,2,0,0,0,2,0,0,0,0,0,0,0,0,0,0,0,0,0,0,0,0,0,0,0,0,0,0,0,0,0,0,0,0,0,6356,0.031466331,13217100507
23624,1400000US13217100600,Census Tract 1006; Newton County; Georgia,97,0,0,69,0,0,0,0,0,0,0,28,0,0,0,0,0,0,0,0,0,0,0,0,0,0,0,0,0,0,0,0,0,0,6783,1.430045702,13217100600
23625,1400000US13217100701,Census Tract 1007.01; Newton County; Georgia,0,0,0,0,0,0,0,0,0,0,0,0,0,0,0,0,0,0,0,0,0,0,0,0,0,0,0,0,0,0,0,0,0,0,3751,0,13217100701
23626,1400000US13217100702,Census Tract 1007.02; Newton County; Georgia,0,0,0,0,0,0,0,0,0,0,0,0,0,0,0,0,0,0,0,0,0,0,0,0,0,0,0,0,0,0,0,0,0,0,2998,0,13217100702
23627,1400000US13217100801,Census Tract 1008.01; Newton County; Georgia,223,0,0,0,0,0,0,0,0,0,132,91,0,0,0,0,0,0,0,0,0,0,0,0,0,0,0,0,0,0,0,0,0,0,5253,4.245193223,13217100801
23628,1400000US13217100802,Census Tract 1008.02; Newton County; Georgia,83,0,0,0,83,0,0,0,0,0,0,0,0,0,0,0,0,0,0,0,0,0,0,0,0,0,0,0,0,0,0,0,0,0,4986,1.664661051,13217100802
23629,1400000US13217100902,Census Tract 1009.02; Newton County; Georgia,201,124,77,0,0,0,0,0,0,0,0,0,0,0,0,0,0,0,0,0,0,0,0,0,0,0,0,0,0,0,0,0,0,0,5829,3.448275862,13217100902
23630,1400000US13217100903,Census Tract 1009.03; Newton County; Georgia,0,0,0,0,0,0,0,0,0,0,0,0,0,0,0,0,0,0,0,0,0,0,0,0,0,0,0,0,0,0,0,0,0,0,5968,0,13217100903
23631,1400000US13217100904,Census Tract 1009.04; Newton County; Georgia,152,0,123,0,3,0,0,0,0,0,0,26,0,0,0,0,0,0,0,0,0,0,0,0,0,0,0,0,0,0,0,0,0,0,6871,2.212196187,13217100904
23632,1400000US13217100905,Census Tract 1009.05; Newton County; Georgia,156,0,0,0,0,0,0,0,0,0,32,0,0,0,0,0,0,0,30,0,0,0,0,0,0,0,0,0,0,0,0,0,0,94,5012,3.112529928,13217100905
23633,1400000US13219030101,Census Tract 301.01; Oconee County; Georgia,3,0,0,0,0,0,0,0,0,0,0,0,0,0,0,0,0,0,3,0,0,0,0,0,0,0,0,0,0,0,0,0,0,0,1403,0.213827512,13219030101
23634,1400000US13219030102,Census Tract 301.02; Oconee County; Georgia,14,0,0,0,0,0,0,0,0,0,0,0,0,0,0,0,0,0,0,0,0,0,0,0,14,0,0,0,0,0,0,0,0,0,1872,0.747863248,13219030102
23635,1400000US13219030103,Census Tract 301.03; Oconee County; Georgia,92,29,0,0,0,0,0,0,0,0,0,12,0,0,0,0,0,0,0,0,51,0,0,0,0,0,0,0,0,0,0,0,0,0,2691,3.418803419,13219030103
23636,1400000US13219030104,Census Tract 301.04; Oconee County; Georgia,901,293,0,0,339,0,0,84,0,0,0,0,0,0,0,0,0,0,31,0,0,0,0,0,0,0,0,0,0,0,0,0,154,0,8056,11.18421053,13219030104
23637,1400000US13219030201,Census Tract 302.01; Oconee County; Georgia,231,184,0,0,0,0,0,0,0,0,0,0,0,0,0,0,0,0,0,0,29,0,0,0,0,0,0,0,18,0,0,0,0,0,3769,6.12894667,13219030201
23638,1400000US13219030202,Census Tract 302.02; Oconee County; Georgia,35,0,0,0,0,0,0,0,0,0,0,0,0,0,0,0,0,8,27,0,0,0,0,0,0,0,0,0,0,0,0,0,0,0,3731,0.938086304,13219030202
23639,1400000US13219030300,Census Tract 303; Oconee County; Georgia,221,75,0,10,76,0,0,0,0,0,0,9,0,0,0,0,0,0,0,0,46,0,0,0,0,0,0,0,0,0,0,0,0,5,6199,3.565091144,13219030300
23640,1400000US13219030401,Census Tract 304.01; Oconee County; Georgia,68,0,0,57,11,0,0,0,0,0,0,0,0,0,0,0,0,0,0,0,0,0,0,0,0,0,0,0,0,0,0,0,0,0,1791,3.796761586,13219030401
23641,1400000US13219030402,Census Tract 304.02; Oconee County; Georgia,71,26,0,0,24,0,0,0,0,0,16,0,0,0,0,0,0,0,0,0,5,0,0,0,0,0,0,0,0,0,0,0,0,0,5774,1.229650156,13219030402
23642,1400000US13219030500,Census Tract 305; Oconee County; Georgia,21,7,0,4,10,0,0,0,0,0,0,0,0,0,0,0,0,0,0,0,0,0,0,0,0,0,0,0,0,0,0,0,0,0,3152,0.666243655,13219030500
23643,1400000US13219030600,Census Tract 306; Oconee County; Georgia,26,0,0,0,0,0,0,0,0,0,0,13,0,0,0,0,0,2,0,0,11,0,0,0,0,0,0,0,0,0,0,0,0,0,3540,0.734463277,13219030600
23644,1400000US13221960100,Census Tract 9601; Oglethorpe County; Georgia,93,0,0,0,0,0,0,0,0,0,0,0,0,0,0,0,0,0,93,0,0,0,0,0,0,0,0,0,0,0,0,0,0,0,1999,4.652326163,13221960100
23645,1400000US13221960203,Census Tract 9602.03; Oglethorpe County; Georgia,0,0,0,0,0,0,0,0,0,0,0,0,0,0,0,0,0,0,0,0,0,0,0,0,0,0,0,0,0,0,0,0,0,0,2811,0,13221960203
23646,1400000US13221960204,Census Tract 9602.04; Oglethorpe County; Georgia,0,0,0,0,0,0,0,0,0,0,0,0,0,0,0,0,0,0,0,0,0,0,0,0,0,0,0,0,0,0,0,0,0,0,3212,0,13221960204
23647,1400000US13221960205,Census Tract 9602.05; Oglethorpe County; Georgia,30,0,0,0,0,0,0,0,0,24,0,0,0,0,0,0,0,0,0,0,6,0,0,0,0,0,0,0,0,0,0,0,0,0,2520,1.19047619,13221960205
23648,1400000US13221960206,Census Tract 9602.06; Oglethorpe County; Georgia,7,0,0,0,0,0,0,0,0,0,0,0,0,0,0,0,0,0,0,0,0,0,0,0,0,0,0,0,0,0,0,0,0,7,2873,0.243647755,13221960206
23649,1400000US13221960300,Census Tract 9603; Oglethorpe County; Georgia,0,0,0,0,0,0,0,0,0,0,0,0,0,0,0,0,0,0,0,0,0,0,0,0,0,0,0,0,0,0,0,0,0,0,1559,0,13221960300
23650,1400000US13223120104,Census Tract 1201.04; Paulding County; Georgia,0,0,0,0,0,0,0,0,0,0,0,0,0,0,0,0,0,0,0,0,0,0,0,0,0,0,0,0,0,0,0,0,0,0,3404,0,13223120104
23651,1400000US13223120105,Census Tract 1201.05; Paulding County; Georgia,0,0,0,0,0,0,0,0,0,0,0,0,0,0,0,0,0,0,0,0,0,0,0,0,0,0,0,0,0,0,0,0,0,0,7791,0,13223120105
23652,1400000US13223120106,Census Tract 1201.06; Paulding County; Georgia,52,0,0,4,0,0,0,0,0,0,0,0,0,0,0,0,0,0,0,0,0,0,0,0,48,0,0,0,0,0,0,0,0,0,2150,2.418604651,13223120106
23653,1400000US13223120107,Census Tract 1201.07; Paulding County; Georgia,255,75,0,0,0,0,0,0,0,0,0,164,0,0,0,0,0,0,0,0,0,0,0,0,0,0,0,0,0,0,0,0,0,16,8202,3.108997805,13223120107
23654,1400000US13223120108,Census Tract 1201.08; Paulding County; Georgia,349,0,0,0,0,0,0,0,0,0,0,0,0,0,0,0,0,0,149,0,0,0,0,0,200,0,0,0,0,0,0,0,0,0,9424,3.703310696,13223120108
23655,1400000US13223120109,Census Tract 1201.09; Paulding County; Georgia,0,0,0,0,0,0,0,0,0,0,0,0,0,0,0,0,0,0,0,0,0,0,0,0,0,0,0,0,0,0,0,0,0,0,6076,0,13223120109
23656,1400000US13223120110,Census Tract 1201.10; Paulding County; Georgia,8,0,0,0,8,0,0,0,0,0,0,0,0,0,0,0,0,0,0,0,0,0,0,0,0,0,0,0,0,0,0,0,0,0,7547,0.106002385,13223120110
23657,1400000US13223120111,Census Tract 1201.11; Paulding County; Georgia,112,23,0,0,0,0,0,0,0,0,0,37,0,0,0,0,0,0,0,0,52,0,0,0,0,0,0,0,0,0,0,0,0,0,7335,1.526925699,13223120111
23658,1400000US13223120203,Census Tract 1202.03; Paulding County; Georgia,33,33,0,0,0,0,0,0,0,0,0,0,0,0,0,0,0,0,0,0,0,0,0,0,0,0,0,0,0,0,0,0,0,0,5209,0.63351891,13223120203
23659,1400000US13223120205,Census Tract 1202.05; Paulding County; Georgia,0,0,0,0,0,0,0,0,0,0,0,0,0,0,0,0,0,0,0,0,0,0,0,0,0,0,0,0,0,0,0,0,0,0,4802,0,13223120205
23660,1400000US13223120206,Census Tract 1202.06; Paulding County; Georgia,0,0,0,0,0,0,0,0,0,0,0,0,0,0,0,0,0,0,0,0,0,0,0,0,0,0,0,0,0,0,0,0,0,0,3810,0,13223120206
23661,1400000US13223120207,Census Tract 1202.07; Paulding County; Georgia,0,0,0,0,0,0,0,0,0,0,0,0,0,0,0,0,0,0,0,0,0,0,0,0,0,0,0,0,0,0,0,0,0,0,3129,0,13223120207
23662,1400000US13223120208,Census Tract 1202.08; Paulding County; Georgia,23,0,0,0,0,0,0,0,0,0,0,0,0,0,0,0,0,0,0,0,0,0,0,0,0,0,0,0,0,0,23,0,0,0,4008,0.573852295,13223120208
23663,1400000US13223120301,Census Tract 1203.01; Paulding County; Georgia,31,0,0,31,0,0,0,0,0,0,0,0,0,0,0,0,0,0,0,0,0,0,0,0,0,0,0,0,0,0,0,0,0,0,6804,0.455614345,13223120301
23664,1400000US13223120303,Census Tract 1203.03; Paulding County; Georgia,0,0,0,0,0,0,0,0,0,0,0,0,0,0,0,0,0,0,0,0,0,0,0,0,0,0,0,0,0,0,0,0,0,0,2133,0,13223120303
23665,1400000US13223120304,Census Tract 1203.04; Paulding County; Georgia,8,0,0,0,0,0,0,0,0,0,0,0,0,0,0,0,0,0,0,0,0,0,0,0,8,0,0,0,0,0,0,0,0,0,2175,0.367816092,13223120304
23666,1400000US13223120305,Census Tract 1203.05; Paulding County; Georgia,0,0,0,0,0,0,0,0,0,0,0,0,0,0,0,0,0,0,0,0,0,0,0,0,0,0,0,0,0,0,0,0,0,0,3742,0,13223120305
23667,1400000US13223120306,Census Tract 1203.06; Paulding County; Georgia,42,0,0,0,0,0,0,0,0,0,0,42,0,0,0,0,0,0,0,0,0,0,0,0,0,0,0,0,0,0,0,0,0,0,3632,1.156387665,13223120306
23668,1400000US13223120307,Census Tract 1203.07; Paulding County; Georgia,123,0,0,0,0,0,0,0,0,0,0,123,0,0,0,0,0,0,0,0,0,0,0,0,0,0,0,0,0,0,0,0,0,0,4183,2.940473344,13223120307
23669,1400000US13223120401,Census Tract 1204.01; Paulding County; Georgia,123,123,0,0,0,0,0,0,0,0,0,0,0,0,0,0,0,0,0,0,0,0,0,0,0,0,0,0,0,0,0,0,0,0,5401,2.277356045,13223120401
23670,1400000US13223120402,Census Tract 1204.02; Paulding County; Georgia,12,0,0,12,0,0,0,0,0,0,0,0,0,0,0,0,0,0,0,0,0,0,0,0,0,0,0,0,0,0,0,0,0,0,5209,0.230370513,13223120402
23671,1400000US13223120403,Census Tract 1204.03; Paulding County; Georgia,81,0,0,49,0,0,0,0,0,0,0,32,0,0,0,0,0,0,0,0,0,0,0,0,0,0,0,0,0,0,0,0,0,0,5293,1.530323068,13223120403
23672,1400000US13223120503,Census Tract 1205.03; Paulding County; Georgia,0,0,0,0,0,0,0,0,0,0,0,0,0,0,0,0,0,0,0,0,0,0,0,0,0,0,0,0,0,0,0,0,0,0,4420,0,13223120503
23673,1400000US13223120504,Census Tract 1205.04; Paulding County; Georgia,0,0,0,0,0,0,0,0,0,0,0,0,0,0,0,0,0,0,0,0,0,0,0,0,0,0,0,0,0,0,0,0,0,0,2385,0,13223120504
23674,1400000US13223120505,Census Tract 1205.05; Paulding County; Georgia,32,0,0,0,0,0,0,0,0,0,0,0,0,0,0,0,0,0,0,0,32,0,0,0,0,0,0,0,0,0,0,0,0,0,7358,0.434900788,13223120505
23675,1400000US13223120506,Census Tract 1205.06; Paulding County; Georgia,0,0,0,0,0,0,0,0,0,0,0,0,0,0,0,0,0,0,0,0,0,0,0,0,0,0,0,0,0,0,0,0,0,0,4525,0,13223120506
23676,1400000US13223120507,Census Tract 1205.07; Paulding County; Georgia,436,0,0,0,0,0,0,0,0,0,0,0,0,0,0,0,0,0,0,0,436,0,0,0,0,0,0,0,0,0,0,0,0,0,6026,7.235313641,13223120507
23677,1400000US13223120601,Census Tract 1206.01; Paulding County; Georgia,51,0,0,0,0,0,0,0,0,0,0,8,0,0,0,0,0,0,0,0,43,0,0,0,0,0,0,0,0,0,0,0,0,0,5211,0.978698906,13223120601
23678,1400000US13223120603,Census Tract 1206.03; Paulding County; Georgia,0,0,0,0,0,0,0,0,0,0,0,0,0,0,0,0,0,0,0,0,0,0,0,0,0,0,0,0,0,0,0,0,0,0,7439,0,13223120603
23679,1400000US13223120604,Census Tract 1206.04; Paulding County; Georgia,19,0,0,0,0,0,0,0,0,0,19,0,0,0,0,0,0,0,0,0,0,0,0,0,0,0,0,0,0,0,0,0,0,0,5300,0.358490566,13223120604
23680,1400000US13223120605,Census Tract 1206.05; Paulding County; Georgia,0,0,0,0,0,0,0,0,0,0,0,0,0,0,0,0,0,0,0,0,0,0,0,0,0,0,0,0,0,0,0,0,0,0,6012,0,13223120605
23681,1400000US13223120606,Census Tract 1206.06; Paulding County; Georgia,0,0,0,0,0,0,0,0,0,0,0,0,0,0,0,0,0,0,0,0,0,0,0,0,0,0,0,0,0,0,0,0,0,0,3445,0,13223120606
23682,1400000US13223120607,Census Tract 1206.07; Paulding County; Georgia,92,0,0,0,14,0,0,0,0,0,0,78,0,0,0,0,0,0,0,0,0,0,0,0,0,0,0,0,0,0,0,0,0,0,6318,1.456157012,13223120607
23683,1400000US13225040101,Census Tract 401.01; Peach County; Georgia,17,0,0,0,11,0,0,0,0,0,0,6,0,0,0,0,0,0,0,0,0,0,0,0,0,0,0,0,0,0,0,0,0,0,1860,0.913978495,13225040101
23684,1400000US13225040103,Census Tract 401.03; Peach County; Georgia,33,33,0,0,0,0,0,0,0,0,0,0,0,0,0,0,0,0,0,0,0,0,0,0,0,0,0,0,0,0,0,0,0,0,5709,0.578034682,13225040103
23685,1400000US13225040104,Census Tract 401.04; Peach County; Georgia,36,30,0,0,6,0,0,0,0,0,0,0,0,0,0,0,0,0,0,0,0,0,0,0,0,0,0,0,0,0,0,0,0,0,2775,1.297297297,13225040104
23686,1400000US13225040105,Census Tract 401.05; Peach County; Georgia,0,0,0,0,0,0,0,0,0,0,0,0,0,0,0,0,0,0,0,0,0,0,0,0,0,0,0,0,0,0,0,0,0,0,2564,0,13225040105
23687,1400000US13225040200,Census Tract 402; Peach County; Georgia,0,0,0,0,0,0,0,0,0,0,0,0,0,0,0,0,0,0,0,0,0,0,0,0,0,0,0,0,0,0,0,0,0,0,3984,0,13225040200
23688,1400000US13225040301,Census Tract 403.01; Peach County; Georgia,0,0,0,0,0,0,0,0,0,0,0,0,0,0,0,0,0,0,0,0,0,0,0,0,0,0,0,0,0,0,0,0,0,0,3477,0,13225040301
23689,1400000US13225040302,Census Tract 403.02; Peach County; Georgia,0,0,0,0,0,0,0,0,0,0,0,0,0,0,0,0,0,0,0,0,0,0,0,0,0,0,0,0,0,0,0,0,0,0,2599,0,13225040302
23690,1400000US13225040400,Census Tract 404; Peach County; Georgia,26,14,0,0,0,0,0,0,0,0,0,6,0,0,0,0,0,0,0,0,6,0,0,0,0,0,0,0,0,0,0,0,0,0,5086,0.511207236,13225040400
23691,1400000US13227050101,Census Tract 501.01; Pickens County; Georgia,0,0,0,0,0,0,0,0,0,0,0,0,0,0,0,0,0,0,0,0,0,0,0,0,0,0,0,0,0,0,0,0,0,0,1878,0,13227050101
23692,1400000US13227050102,Census Tract 501.02; Pickens County; Georgia,0,0,0,0,0,0,0,0,0,0,0,0,0,0,0,0,0,0,0,0,0,0,0,0,0,0,0,0,0,0,0,0,0,0,3370,0,13227050102
23693,1400000US13227050201,Census Tract 502.01; Pickens County; Georgia,35,0,0,0,0,0,0,0,0,0,0,15,0,0,0,0,0,0,0,0,0,0,0,0,20,0,0,0,0,0,0,0,0,0,4421,0.791676091,13227050201
23694,1400000US13227050202,Census Tract 502.02; Pickens County; Georgia,0,0,0,0,0,0,0,0,0,0,0,0,0,0,0,0,0,0,0,0,0,0,0,0,0,0,0,0,0,0,0,0,0,0,2651,0,13227050202
23695,1400000US13227050300,Census Tract 503; Pickens County; Georgia,0,0,0,0,0,0,0,0,0,0,0,0,0,0,0,0,0,0,0,0,0,0,0,0,0,0,0,0,0,0,0,0,0,0,4533,0,13227050300
23696,1400000US13227050400,Census Tract 504; Pickens County; Georgia,21,0,0,0,0,0,0,0,0,0,0,0,0,0,0,0,0,0,0,0,21,0,0,0,0,0,0,0,0,0,0,0,0,0,4087,0.513824321,13227050400
23697,1400000US13227050500,Census Tract 505; Pickens County; Georgia,43,0,0,0,0,0,0,0,0,0,0,0,0,0,0,0,0,0,14,0,0,0,0,0,29,0,0,0,0,0,0,0,0,0,4906,0.876477782,13227050500
23698,1400000US13227050601,Census Tract 506.01; Pickens County; Georgia,4,0,0,0,0,0,0,0,0,0,0,4,0,0,0,0,0,0,0,0,0,0,0,0,0,0,0,0,0,0,0,0,0,0,5424,0.073746313,13227050601
23699,1400000US13227050602,Census Tract 506.02; Pickens County; Georgia,0,0,0,0,0,0,0,0,0,0,0,0,0,0,0,0,0,0,0,0,0,0,0,0,0,0,0,0,0,0,0,0,0,0,2169,0,13227050602
23700,1400000US13229960100,Census Tract 9601; Pierce County; Georgia,0,0,0,0,0,0,0,0,0,0,0,0,0,0,0,0,0,0,0,0,0,0,0,0,0,0,0,0,0,0,0,0,0,0,3068,0,13229960100
23701,1400000US13229960200,Census Tract 9602; Pierce County; Georgia,0,0,0,0,0,0,0,0,0,0,0,0,0,0,0,0,0,0,0,0,0,0,0,0,0,0,0,0,0,0,0,0,0,0,1548,0,13229960200
23702,1400000US13229960301,Census Tract 9603.01; Pierce County; Georgia,0,0,0,0,0,0,0,0,0,0,0,0,0,0,0,0,0,0,0,0,0,0,0,0,0,0,0,0,0,0,0,0,0,0,3761,0,13229960301
23703,1400000US13229960302,Census Tract 9603.02; Pierce County; Georgia,0,0,0,0,0,0,0,0,0,0,0,0,0,0,0,0,0,0,0,0,0,0,0,0,0,0,0,0,0,0,0,0,0,0,3090,0,13229960302
23704,1400000US13229960401,Census Tract 9604.01; Pierce County; Georgia,0,0,0,0,0,0,0,0,0,0,0,0,0,0,0,0,0,0,0,0,0,0,0,0,0,0,0,0,0,0,0,0,0,0,5643,0,13229960401
23705,1400000US13229960402,Census Tract 9604.02; Pierce County; Georgia,0,0,0,0,0,0,0,0,0,0,0,0,0,0,0,0,0,0,0,0,0,0,0,0,0,0,0,0,0,0,0,0,0,0,2712,0,13229960402
23706,1400000US13231010101,Census Tract 101.01; Pike County; Georgia,32,0,0,0,15,0,0,0,0,0,0,0,0,0,0,0,0,0,15,0,2,0,0,0,0,0,0,0,0,0,0,0,0,0,3303,0.968816228,13231010101
23707,1400000US13231010102,Census Tract 101.02; Pike County; Georgia,31,0,0,0,0,0,0,0,0,0,0,0,0,0,0,0,0,0,0,0,31,0,0,0,0,0,0,0,0,0,0,0,0,0,4189,0.740033421,13231010102
23708,1400000US13231010200,Census Tract 102; Pike County; Georgia,46,15,0,0,0,0,0,0,0,0,0,0,0,0,0,0,0,0,21,0,10,0,0,0,0,0,0,0,0,0,0,0,0,0,3730,1.233243968,13231010200
23709,1400000US13231010300,Census Tract 103; Pike County; Georgia,0,0,0,0,0,0,0,0,0,0,0,0,0,0,0,0,0,0,0,0,0,0,0,0,0,0,0,0,0,0,0,0,0,0,3969,0,13231010300
23710,1400000US13231010400,Census Tract 104; Pike County; Georgia,0,0,0,0,0,0,0,0,0,0,0,0,0,0,0,0,0,0,0,0,0,0,0,0,0,0,0,0,0,0,0,0,0,0,3954,0,13231010400
23711,1400000US13233010100,Census Tract 101; Polk County; Georgia,0,0,0,0,0,0,0,0,0,0,0,0,0,0,0,0,0,0,0,0,0,0,0,0,0,0,0,0,0,0,0,0,0,0,6235,0,13233010100
23712,1400000US13233010201,Census Tract 102.01; Polk County; Georgia,247,0,0,0,0,0,0,0,0,0,0,0,0,0,0,0,0,0,0,0,0,0,0,0,0,0,247,0,0,0,0,0,0,0,5830,4.23670669,13233010201
23713,1400000US13233010202,Census Tract 102.02; Polk County; Georgia,0,0,0,0,0,0,0,0,0,0,0,0,0,0,0,0,0,0,0,0,0,0,0,0,0,0,0,0,0,0,0,0,0,0,3092,0,13233010202
23714,1400000US13233010300,Census Tract 103; Polk County; Georgia,0,0,0,0,0,0,0,0,0,0,0,0,0,0,0,0,0,0,0,0,0,0,0,0,0,0,0,0,0,0,0,0,0,0,5077,0,13233010300
23715,1400000US13233010400,Census Tract 104; Polk County; Georgia,0,0,0,0,0,0,0,0,0,0,0,0,0,0,0,0,0,0,0,0,0,0,0,0,0,0,0,0,0,0,0,0,0,0,6633,0,13233010400
23716,1400000US13233010500,Census Tract 105; Polk County; Georgia,0,0,0,0,0,0,0,0,0,0,0,0,0,0,0,0,0,0,0,0,0,0,0,0,0,0,0,0,0,0,0,0,0,0,5057,0,13233010500
23717,1400000US13233010600,Census Tract 106; Polk County; Georgia,42,0,0,0,0,0,0,0,0,0,0,0,0,0,0,0,0,0,0,0,42,0,0,0,0,0,0,0,0,0,0,0,0,0,4984,0.842696629,13233010600
23718,1400000US13233010700,Census Tract 107; Polk County; Georgia,0,0,0,0,0,0,0,0,0,0,0,0,0,0,0,0,0,0,0,0,0,0,0,0,0,0,0,0,0,0,0,0,0,0,6111,0,13233010700
23719,1400000US13235950100,Census Tract 9501; Pulaski County; Georgia,0,0,0,0,0,0,0,0,0,0,0,0,0,0,0,0,0,0,0,0,0,0,0,0,0,0,0,0,0,0,0,0,0,0,2661,0,13235950100
23720,1400000US13235950201,Census Tract 9502.01; Pulaski County; Georgia,97,0,0,31,0,0,0,0,0,0,0,0,0,0,0,0,0,0,0,0,66,0,0,0,0,0,0,0,0,0,0,0,0,0,3127,3.102014711,13235950201
23721,1400000US13235950202,Census Tract 9502.02; Pulaski County; Georgia,20,0,0,0,0,0,0,0,0,0,0,20,0,0,0,0,0,0,0,0,0,0,0,0,0,0,0,0,0,0,0,0,0,0,2916,0.685871056,13235950202
23722,1400000US13235950300,Census Tract 9503; Pulaski County; Georgia,7,0,0,0,7,0,0,0,0,0,0,0,0,0,0,0,0,0,0,0,0,0,0,0,0,0,0,0,0,0,0,0,0,0,1183,0.591715976,13235950300
23723,1400000US13237960101,Census Tract 9601.01; Putnam County; Georgia,11,0,0,5,0,0,0,0,0,0,0,0,0,0,0,0,0,0,0,0,0,0,0,0,0,0,0,0,0,0,0,0,0,6,3975,0.27672956,13237960101
23724,1400000US13237960103,Census Tract 9601.03; Putnam County; Georgia,15,0,0,0,3,0,0,0,0,0,0,12,0,0,0,0,0,0,0,0,0,0,0,0,0,0,0,0,0,0,0,0,0,0,2447,0.612995505,13237960103
23725,1400000US13237960104,Census Tract 9601.04; Putnam County; Georgia,25,0,0,0,15,0,0,0,0,0,0,0,0,0,0,0,0,0,0,0,10,0,0,0,0,0,0,0,0,0,0,0,0,0,2573,0.971628449,13237960104
23726,1400000US13237960201,Census Tract 9602.01; Putnam County; Georgia,42,0,0,42,0,0,0,0,0,0,0,0,0,0,0,0,0,0,0,0,0,0,0,0,0,0,0,0,0,0,0,0,0,0,896,4.6875,13237960201
23727,1400000US13237960203,Census Tract 9602.03; Putnam County; Georgia,0,0,0,0,0,0,0,0,0,0,0,0,0,0,0,0,0,0,0,0,0,0,0,0,0,0,0,0,0,0,0,0,0,0,4500,0,13237960203
23728,1400000US13237960204,Census Tract 9602.04; Putnam County; Georgia,14,0,0,0,0,0,0,0,0,0,0,14,0,0,0,0,0,0,0,0,0,0,0,0,0,0,0,0,0,0,0,0,0,0,3120,0.448717949,13237960204
23729,1400000US13237960301,Census Tract 9603.01; Putnam County; Georgia,0,0,0,0,0,0,0,0,0,0,0,0,0,0,0,0,0,0,0,0,0,0,0,0,0,0,0,0,0,0,0,0,0,0,2629,0,13237960301
23730,1400000US13237960302,Census Tract 9603.02; Putnam County; Georgia,0,0,0,0,0,0,0,0,0,0,0,0,0,0,0,0,0,0,0,0,0,0,0,0,0,0,0,0,0,0,0,0,0,0,2066,0,13237960302
23731,1400000US13239960300,Census Tract 9603; Quitman County; Georgia,0,0,0,0,0,0,0,0,0,0,0,0,0,0,0,0,0,0,0,0,0,0,0,0,0,0,0,0,0,0,0,0,0,0,2180,0,13239960300
23732,1400000US13241970101,Census Tract 9701.01; Rabun County; Georgia,0,0,0,0,0,0,0,0,0,0,0,0,0,0,0,0,0,0,0,0,0,0,0,0,0,0,0,0,0,0,0,0,0,0,2027,0,13241970101
23733,1400000US13241970102,Census Tract 9701.02; Rabun County; Georgia,154,0,0,0,0,0,0,0,0,0,0,5,0,0,0,0,0,0,0,0,149,0,0,0,0,0,0,0,0,0,0,0,0,0,897,17.16833891,13241970102
23734,1400000US13241970103,Census Tract 9701.03; Rabun County; Georgia,0,0,0,0,0,0,0,0,0,0,0,0,0,0,0,0,0,0,0,0,0,0,0,0,0,0,0,0,0,0,0,0,0,0,2355,0,13241970103
23735,1400000US13241970201,Census Tract 9702.01; Rabun County; Georgia,0,0,0,0,0,0,0,0,0,0,0,0,0,0,0,0,0,0,0,0,0,0,0,0,0,0,0,0,0,0,0,0,0,0,3990,0,13241970201
23736,1400000US13241970202,Census Tract 9702.02; Rabun County; Georgia,0,0,0,0,0,0,0,0,0,0,0,0,0,0,0,0,0,0,0,0,0,0,0,0,0,0,0,0,0,0,0,0,0,0,2440,0,13241970202
23737,1400000US13241970302,Census Tract 9703.02; Rabun County; Georgia,0,0,0,0,0,0,0,0,0,0,0,0,0,0,0,0,0,0,0,0,0,0,0,0,0,0,0,0,0,0,0,0,0,0,1487,0,13241970302
23738,1400000US13241970303,Census Tract 9703.03; Rabun County; Georgia,21,0,0,0,0,0,0,4,0,0,0,0,0,0,0,0,0,0,0,0,17,0,0,0,0,0,0,0,0,0,0,0,0,0,2714,0.77376566,13241970303
23739,1400000US13241970304,Census Tract 9703.04; Rabun County; Georgia,0,0,0,0,0,0,0,0,0,0,0,0,0,0,0,0,0,0,0,0,0,0,0,0,0,0,0,0,0,0,0,0,0,0,1005,0,13241970304
23740,1400000US13243790100,Census Tract 7901; Randolph County; Georgia,0,0,0,0,0,0,0,0,0,0,0,0,0,0,0,0,0,0,0,0,0,0,0,0,0,0,0,0,0,0,0,0,0,0,1450,0,13243790100
23741,1400000US13243790200,Census Tract 7902; Randolph County; Georgia,11,11,0,0,0,0,0,0,0,0,0,0,0,0,0,0,0,0,0,0,0,0,0,0,0,0,0,0,0,0,0,0,0,0,4915,0.22380468,13243790200
23742,1400000US13245000100,Census Tract 1; Richmond County; Georgia,81,30,0,0,12,0,0,0,0,0,0,30,0,0,0,0,0,0,0,0,9,0,0,0,0,0,0,0,0,0,0,0,0,0,4056,1.99704142,13245000100
23743,1400000US13245000200,Census Tract 2; Richmond County; Georgia,27,0,0,0,27,0,0,0,0,0,0,0,0,0,0,0,0,0,0,0,0,0,0,0,0,0,0,0,0,0,0,0,0,0,2319,1.164294955,13245000200
23744,1400000US13245000300,Census Tract 3; Richmond County; Georgia,9,0,0,0,0,0,0,0,0,0,0,0,0,0,0,0,0,0,9,0,0,0,0,0,0,0,0,0,0,0,0,0,0,0,931,0.96670247,13245000300
23745,1400000US13245000600,Census Tract 6; Richmond County; Georgia,27,0,0,0,0,0,0,0,0,0,0,0,0,0,0,0,0,0,0,0,27,0,0,0,0,0,0,0,0,0,0,0,0,0,2670,1.011235955,13245000600
23746,1400000US13245000700,Census Tract 7; Richmond County; Georgia,0,0,0,0,0,0,0,0,0,0,0,0,0,0,0,0,0,0,0,0,0,0,0,0,0,0,0,0,0,0,0,0,0,0,1216,0,13245000700
23747,1400000US13245001000,Census Tract 10; Richmond County; Georgia,105,53,0,0,11,0,0,0,0,0,0,0,0,0,0,0,0,0,18,0,23,0,0,0,0,0,0,0,0,0,0,0,0,0,3073,3.416856492,13245001000
23748,1400000US13245001100,Census Tract 11; Richmond County; Georgia,0,0,0,0,0,0,0,0,0,0,0,0,0,0,0,0,0,0,0,0,0,0,0,0,0,0,0,0,0,0,0,0,0,0,1775,0,13245001100
23749,1400000US13245001200,Census Tract 12; Richmond County; Georgia,64,36,0,0,0,0,0,0,0,0,0,0,0,0,0,0,0,0,4,0,12,0,0,0,0,0,12,0,0,0,0,0,0,0,5115,1.251221896,13245001200
23750,1400000US13245001300,Census Tract 13; Richmond County; Georgia,1,0,0,0,0,0,0,0,0,0,0,1,0,0,0,0,0,0,0,0,0,0,0,0,0,0,0,0,0,0,0,0,0,0,1648,0.060679612,13245001300
23751,1400000US13245001400,Census Tract 14; Richmond County; Georgia,48,0,0,0,0,0,0,0,0,0,0,0,0,0,0,0,0,0,0,0,48,0,0,0,0,0,0,0,0,0,0,0,0,0,1433,3.34961619,13245001400
23752,1400000US13245001602,Census Tract 16.02; Richmond County; Georgia,73,0,0,0,0,0,0,0,0,0,24,0,0,49,0,0,0,0,0,0,0,0,0,0,0,0,0,0,0,0,0,0,0,0,4032,1.810515873,13245001602
23753,1400000US13245001603,Census Tract 16.03; Richmond County; Georgia,0,0,0,0,0,0,0,0,0,0,0,0,0,0,0,0,0,0,0,0,0,0,0,0,0,0,0,0,0,0,0,0,0,0,1406,0,13245001603
23754,1400000US13245001604,Census Tract 16.04; Richmond County; Georgia,58,0,0,0,0,0,0,0,0,0,0,46,0,0,0,0,0,0,12,0,0,0,0,0,0,0,0,0,0,0,0,0,0,0,3857,1.503759398,13245001604
23755,1400000US13245010101,Census Tract 101.01; Richmond County; Georgia,205,26,0,0,144,0,0,0,0,0,0,10,0,0,0,0,0,0,0,0,18,0,0,0,0,0,7,0,0,0,0,0,0,0,2935,6.984667802,13245010101
23756,1400000US13245010104,Census Tract 101.04; Richmond County; Georgia,74,0,0,26,0,0,0,0,0,0,0,0,0,0,0,0,0,0,0,0,48,0,0,0,0,0,0,0,0,0,0,0,0,0,2757,2.684076895,13245010104
23757,1400000US13245010105,Census Tract 101.05; Richmond County; Georgia,165,14,0,0,7,0,0,0,0,0,0,0,0,0,0,0,0,0,144,0,0,0,0,0,0,0,0,0,0,0,0,0,0,0,3665,4.502046385,13245010105
23758,1400000US13245010107,Census Tract 101.07; Richmond County; Georgia,5,0,0,0,0,0,0,0,0,0,0,0,0,0,0,0,0,0,0,0,0,0,0,0,5,0,0,0,0,0,0,0,0,0,2149,0.232666356,13245010107
23759,1400000US13245010108,Census Tract 101.08; Richmond County; Georgia,27,0,0,0,0,0,0,0,0,0,0,27,0,0,0,0,0,0,0,0,0,0,0,0,0,0,0,0,0,0,0,0,0,0,1069,2.525724977,13245010108
23760,1400000US13245010109,Census Tract 101.09; Richmond County; Georgia,315,105,0,0,0,0,0,0,0,0,0,0,0,0,0,0,0,0,0,0,210,0,0,0,0,0,0,0,0,0,0,0,0,0,2798,11.25804146,13245010109
23761,1400000US13245010201,Census Tract 102.01; Richmond County; Georgia,259,72,0,0,132,0,0,0,0,0,0,26,0,13,0,0,0,0,9,0,0,0,0,0,0,0,7,0,0,0,0,0,0,0,4412,5.870353581,13245010201
23762,1400000US13245010203,Census Tract 102.03; Richmond County; Georgia,81,21,0,10,0,0,0,0,0,0,0,50,0,0,0,0,0,0,0,0,0,0,0,0,0,0,0,0,0,0,0,0,0,0,3915,2.068965517,13245010203
23763,1400000US13245010205,Census Tract 102.05; Richmond County; Georgia,219,43,0,0,0,0,0,0,0,0,0,167,0,0,0,0,0,0,9,0,0,0,0,0,0,0,0,0,0,0,0,0,0,0,1996,10.97194389,13245010205
23764,1400000US13245010206,Census Tract 102.06; Richmond County; Georgia,72,0,0,0,0,0,0,0,0,0,0,32,0,0,0,0,0,0,0,0,12,0,0,0,0,0,0,0,0,0,0,0,0,28,2956,2.435723951,13245010206
23765,1400000US13245010207,Census Tract 102.07; Richmond County; Georgia,109,109,0,0,0,0,0,0,0,0,0,0,0,0,0,0,0,0,0,0,0,0,0,0,0,0,0,0,0,0,0,0,0,0,6808,1.601057579,13245010207
23766,1400000US13245010208,Census Tract 102.08; Richmond County; Georgia,206,0,0,0,23,0,0,0,0,0,0,183,0,0,0,0,0,0,0,0,0,0,0,0,0,0,0,0,0,0,0,0,0,0,5840,3.52739726,13245010208
23767,1400000US13245010300,Census Tract 103; Richmond County; Georgia,0,0,0,0,0,0,0,0,0,0,0,0,0,0,0,0,0,0,0,0,0,0,0,0,0,0,0,0,0,0,0,0,0,0,4717,0,13245010300
23768,1400000US13245010400,Census Tract 104; Richmond County; Georgia,0,0,0,0,0,0,0,0,0,0,0,0,0,0,0,0,0,0,0,0,0,0,0,0,0,0,0,0,0,0,0,0,0,0,3229,0,13245010400
23769,1400000US13245010506,Census Tract 105.06; Richmond County; Georgia,10,0,0,0,0,0,0,0,0,0,0,0,0,0,0,0,0,0,10,0,0,0,0,0,0,0,0,0,0,0,0,0,0,0,6516,0.153468386,13245010506
23770,1400000US13245010507,Census Tract 105.07; Richmond County; Georgia,0,0,0,0,0,0,0,0,0,0,0,0,0,0,0,0,0,0,0,0,0,0,0,0,0,0,0,0,0,0,0,0,0,0,4816,0,13245010507
23771,1400000US13245010508,Census Tract 105.08; Richmond County; Georgia,18,0,0,0,0,0,0,0,0,0,0,0,0,0,0,0,0,0,0,0,18,0,0,0,0,0,0,0,0,0,0,0,0,0,3189,0.564440263,13245010508
23772,1400000US13245010509,Census Tract 105.09; Richmond County; Georgia,10,0,0,0,10,0,0,0,0,0,0,0,0,0,0,0,0,0,0,0,0,0,0,0,0,0,0,0,0,0,0,0,0,0,5200,0.192307692,13245010509
23773,1400000US13245010510,Census Tract 105.10; Richmond County; Georgia,0,0,0,0,0,0,0,0,0,0,0,0,0,0,0,0,0,0,0,0,0,0,0,0,0,0,0,0,0,0,0,0,0,0,5719,0,13245010510
23774,1400000US13245010511,Census Tract 105.11; Richmond County; Georgia,21,0,0,0,0,0,0,0,0,0,0,0,0,0,0,0,0,21,0,0,0,0,0,0,0,0,0,0,0,0,0,0,0,0,3597,0.58381985,13245010511
23775,1400000US13245010512,Census Tract 105.12; Richmond County; Georgia,34,0,0,0,34,0,0,0,0,0,0,0,0,0,0,0,0,0,0,0,0,0,0,0,0,0,0,0,0,0,0,0,0,0,5190,0.655105973,13245010512
23776,1400000US13245010513,Census Tract 105.13; Richmond County; Georgia,14,0,0,0,0,0,0,0,0,0,0,10,0,0,0,0,0,0,4,0,0,0,0,0,0,0,0,0,0,0,0,0,0,0,3104,0.451030928,13245010513
23777,1400000US13245010514,Census Tract 105.14; Richmond County; Georgia,0,0,0,0,0,0,0,0,0,0,0,0,0,0,0,0,0,0,0,0,0,0,0,0,0,0,0,0,0,0,0,0,0,0,3151,0,13245010514
23778,1400000US13245010515,Census Tract 105.15; Richmond County; Georgia,0,0,0,0,0,0,0,0,0,0,0,0,0,0,0,0,0,0,0,0,0,0,0,0,0,0,0,0,0,0,0,0,0,0,3796,0,13245010515
23779,1400000US13245010601,Census Tract 106.01; Richmond County; Georgia,0,0,0,0,0,0,0,0,0,0,0,0,0,0,0,0,0,0,0,0,0,0,0,0,0,0,0,0,0,0,0,0,0,0,2809,0,13245010601
23780,1400000US13245010602,Census Tract 106.02; Richmond County; Georgia,0,0,0,0,0,0,0,0,0,0,0,0,0,0,0,0,0,0,0,0,0,0,0,0,0,0,0,0,0,0,0,0,0,0,2754,0,13245010602
23781,1400000US13245010706,Census Tract 107.06; Richmond County; Georgia,8,0,0,0,0,0,0,0,0,0,0,0,0,0,0,0,0,0,0,0,8,0,0,0,0,0,0,0,0,0,0,0,0,0,5589,0.143138307,13245010706
23782,1400000US13245010707,Census Tract 107.07; Richmond County; Georgia,19,0,0,0,19,0,0,0,0,0,0,0,0,0,0,0,0,0,0,0,0,0,0,0,0,0,0,0,0,0,0,0,0,0,3323,0.571772495,13245010707
23783,1400000US13245010708,Census Tract 107.08; Richmond County; Georgia,4,0,0,0,4,0,0,0,0,0,0,0,0,0,0,0,0,0,0,0,0,0,0,0,0,0,0,0,0,0,0,0,0,0,5734,0.06975933,13245010708
23784,1400000US13245010709,Census Tract 107.09; Richmond County; Georgia,1,0,0,0,1,0,0,0,0,0,0,0,0,0,0,0,0,0,0,0,0,0,0,0,0,0,0,0,0,0,0,0,0,0,5838,0.017129154,13245010709
23785,1400000US13245010710,Census Tract 107.10; Richmond County; Georgia,181,0,0,13,35,50,0,0,0,0,0,55,0,0,0,0,0,0,28,0,0,0,0,0,0,0,0,0,0,0,0,0,0,0,5515,3.281958296,13245010710
23786,1400000US13245010711,Census Tract 107.11; Richmond County; Georgia,170,0,0,14,46,0,0,0,0,0,0,30,0,0,0,0,0,0,0,0,80,0,0,0,0,0,0,0,0,0,0,0,0,0,4665,3.644158628,13245010711
23787,1400000US13245010713,Census Tract 107.13; Richmond County; Georgia,167,0,0,0,154,0,0,0,0,0,0,0,0,0,0,0,0,0,0,0,0,0,0,0,0,0,0,0,0,0,0,0,0,13,6330,2.638230648,13245010713
23788,1400000US13245010714,Census Tract 107.14; Richmond County; Georgia,93,35,0,0,18,0,0,0,0,0,0,40,0,0,0,0,0,0,0,0,0,0,0,0,0,0,0,0,0,0,0,0,0,0,3194,2.911709455,13245010714
23789,1400000US13245010801,Census Tract 108.01; Richmond County; Georgia,179,77,0,0,4,0,0,0,0,0,0,98,0,0,0,0,0,0,0,0,0,0,0,0,0,0,0,0,0,0,0,0,0,0,2825,6.336283186,13245010801
23790,1400000US13245010802,Census Tract 108.02; Richmond County; Georgia,228,80,0,0,29,0,0,0,0,0,0,72,0,0,0,0,0,0,3,0,3,0,0,0,11,0,0,0,0,0,0,0,6,24,5028,4.534606205,13245010802
23791,1400000US13245010903,Census Tract 109.03; Richmond County; Georgia,5,0,0,0,0,0,0,0,0,0,0,0,0,0,0,0,0,0,0,0,0,0,0,0,0,0,5,0,0,0,0,0,0,0,4875,0.102564103,13245010903
23792,1400000US13245010904,Census Tract 109.04; Richmond County; Georgia,29,0,0,0,0,0,0,0,0,0,0,0,0,0,0,0,0,0,29,0,0,0,0,0,0,0,0,0,0,0,0,0,0,0,4328,0.670055453,13245010904
23793,1400000US13245010905,Census Tract 109.05; Richmond County; Georgia,5,0,0,0,0,0,0,0,0,0,0,0,0,0,0,0,0,0,0,0,5,0,0,0,0,0,0,0,0,0,0,0,0,0,4556,0.109745391,13245010905
23794,1400000US13245010907,Census Tract 109.07; Richmond County; Georgia,30,0,0,21,9,0,0,0,0,0,0,0,0,0,0,0,0,0,0,0,0,0,0,0,0,0,0,0,0,0,0,0,0,0,2448,1.225490196,13245010907
23795,1400000US13245010908,Census Tract 109.08; Richmond County; Georgia,118,0,0,0,58,0,0,0,0,0,0,60,0,0,0,0,0,0,0,0,0,0,0,0,0,0,0,0,0,0,0,0,0,0,5643,2.091086302,13245010908
23796,1400000US13245011000,Census Tract 110; Richmond County; Georgia,51,0,0,0,0,0,0,0,0,0,0,7,0,0,0,0,0,0,5,0,39,0,0,0,0,0,0,0,0,0,0,0,0,0,1583,3.221730891,13245011000
23797,1400000US13245011100,Census Tract 111; Richmond County; Georgia,34,0,0,0,0,0,0,0,0,0,0,0,0,0,0,0,0,0,10,0,24,0,0,0,0,0,0,0,0,0,0,0,0,0,2061,1.649684619,13245011100
23798,1400000US13247060101,Census Tract 601.01; Rockdale County; Georgia,62,0,0,0,0,0,0,0,0,0,62,0,0,0,0,0,0,0,0,0,0,0,0,0,0,0,0,0,0,0,0,0,0,0,4206,1.474084641,13247060101
23799,1400000US13247060103,Census Tract 601.03; Rockdale County; Georgia,0,0,0,0,0,0,0,0,0,0,0,0,0,0,0,0,0,0,0,0,0,0,0,0,0,0,0,0,0,0,0,0,0,0,2235,0,13247060103
23800,1400000US13247060104,Census Tract 601.04; Rockdale County; Georgia,0,0,0,0,0,0,0,0,0,0,0,0,0,0,0,0,0,0,0,0,0,0,0,0,0,0,0,0,0,0,0,0,0,0,3029,0,13247060104
23801,1400000US13247060201,Census Tract 602.01; Rockdale County; Georgia,31,23,0,0,0,0,0,0,0,0,0,4,0,0,0,0,0,0,0,0,4,0,0,0,0,0,0,0,0,0,0,0,0,0,5445,0.56932966,13247060201
23802,1400000US13247060203,Census Tract 602.03; Rockdale County; Georgia,0,0,0,0,0,0,0,0,0,0,0,0,0,0,0,0,0,0,0,0,0,0,0,0,0,0,0,0,0,0,0,0,0,0,4919,0,13247060203
23803,1400000US13247060204,Census Tract 602.04; Rockdale County; Georgia,29,0,0,0,0,0,0,0,0,0,0,29,0,0,0,0,0,0,0,0,0,0,0,0,0,0,0,0,0,0,0,0,0,0,4381,0.661949327,13247060204
23804,1400000US13247060305,Census Tract 603.05; Rockdale County; Georgia,142,0,0,0,0,0,0,0,0,0,0,0,0,0,0,0,0,18,70,0,37,0,0,0,0,0,0,0,0,0,0,0,17,0,6000,2.366666667,13247060305
23805,1400000US13247060306,Census Tract 603.06; Rockdale County; Georgia,169,0,0,0,0,0,0,0,0,0,0,0,0,0,0,0,0,0,0,0,0,0,169,0,0,0,0,0,0,0,0,0,0,0,3471,4.868913858,13247060306
23806,1400000US13247060310,Census Tract 603.10; Rockdale County; Georgia,208,0,0,0,202,0,0,0,0,0,0,0,0,0,0,0,0,0,0,0,6,0,0,0,0,0,0,0,0,0,0,0,0,0,2223,9.356725146,13247060310
23807,1400000US13247060311,Census Tract 603.11; Rockdale County; Georgia,16,0,0,0,0,0,0,0,0,0,0,16,0,0,0,0,0,0,0,0,0,0,0,0,0,0,0,0,0,0,0,0,0,0,4029,0.397120874,13247060311
23808,1400000US13247060312,Census Tract 603.12; Rockdale County; Georgia,366,0,0,84,0,0,0,16,0,0,0,0,0,0,0,0,0,11,214,0,12,0,0,0,29,0,0,0,0,0,0,0,0,0,3445,10.62409289,13247060312
23809,1400000US13247060313,Census Tract 603.13; Rockdale County; Georgia,141,40,0,0,40,0,0,0,0,0,0,0,0,0,0,0,0,0,12,0,0,0,0,0,49,0,0,0,0,0,0,0,0,0,4153,3.395136046,13247060313
23810,1400000US13247060314,Census Tract 603.14; Rockdale County; Georgia,52,0,0,0,0,0,0,0,0,0,0,13,0,0,0,0,0,0,0,0,0,0,0,0,0,0,0,0,0,0,0,0,0,39,2282,2.278702892,13247060314
23811,1400000US13247060315,Census Tract 603.15; Rockdale County; Georgia,0,0,0,0,0,0,0,0,0,0,0,0,0,0,0,0,0,0,0,0,0,0,0,0,0,0,0,0,0,0,0,0,0,0,3582,0,13247060315
23812,1400000US13247060316,Census Tract 603.16; Rockdale County; Georgia,0,0,0,0,0,0,0,0,0,0,0,0,0,0,0,0,0,0,0,0,0,0,0,0,0,0,0,0,0,0,0,0,0,0,5298,0,13247060316
23813,1400000US13247060317,Census Tract 603.17; Rockdale County; Georgia,75,0,0,75,0,0,0,0,0,0,0,0,0,0,0,0,0,0,0,0,0,0,0,0,0,0,0,0,0,0,0,0,0,0,3846,1.950078003,13247060317
23814,1400000US13247060318,Census Tract 603.18; Rockdale County; Georgia,0,0,0,0,0,0,0,0,0,0,0,0,0,0,0,0,0,0,0,0,0,0,0,0,0,0,0,0,0,0,0,0,0,0,4171,0,13247060318
23815,1400000US13247060403,Census Tract 604.03; Rockdale County; Georgia,13,0,0,0,0,0,0,0,0,0,0,0,0,0,0,0,0,0,13,0,0,0,0,0,0,0,0,0,0,0,0,0,0,0,3608,0.360310421,13247060403
23816,1400000US13247060406,Census Tract 604.06; Rockdale County; Georgia,244,28,0,0,0,0,0,0,0,0,0,0,0,0,0,0,0,0,216,0,0,0,0,0,0,0,0,0,0,0,0,0,0,0,5731,4.257546676,13247060406
23817,1400000US13247060407,Census Tract 604.07; Rockdale County; Georgia,11,0,0,0,3,0,0,0,0,0,0,0,0,0,0,0,0,0,8,0,0,0,0,0,0,0,0,0,0,0,0,0,0,0,2885,0.381282496,13247060407
23818,1400000US13247060408,Census Tract 604.08; Rockdale County; Georgia,0,0,0,0,0,0,0,0,0,0,0,0,0,0,0,0,0,0,0,0,0,0,0,0,0,0,0,0,0,0,0,0,0,0,3039,0,13247060408
23819,1400000US13247060409,Census Tract 604.09; Rockdale County; Georgia,12,0,0,0,0,0,0,0,0,0,0,0,0,0,0,0,0,0,12,0,0,0,0,0,0,0,0,0,0,0,0,0,0,0,3895,0.308087291,13247060409
23820,1400000US13247060410,Census Tract 604.10; Rockdale County; Georgia,132,0,0,132,0,0,0,0,0,0,0,0,0,0,0,0,0,0,0,0,0,0,0,0,0,0,0,0,0,0,0,0,0,0,5401,2.443991853,13247060410
23821,1400000US13247060411,Census Tract 604.11; Rockdale County; Georgia,0,0,0,0,0,0,0,0,0,0,0,0,0,0,0,0,0,0,0,0,0,0,0,0,0,0,0,0,0,0,0,0,0,0,2367,0,13247060411
23822,1400000US13249960100,Census Tract 9601; Schley County; Georgia,0,0,0,0,0,0,0,0,0,0,0,0,0,0,0,0,0,0,0,0,0,0,0,0,0,0,0,0,0,0,0,0,0,0,2416,0,13249960100
23823,1400000US13249960200,Census Tract 9602; Schley County; Georgia,0,0,0,0,0,0,0,0,0,0,0,0,0,0,0,0,0,0,0,0,0,0,0,0,0,0,0,0,0,0,0,0,0,0,2149,0,13249960200
23824,1400000US13251970200,Census Tract 9702; Screven County; Georgia,56,56,0,0,0,0,0,0,0,0,0,0,0,0,0,0,0,0,0,0,0,0,0,0,0,0,0,0,0,0,0,0,0,0,1620,3.456790123,13251970200
23825,1400000US13251970300,Census Tract 9703; Screven County; Georgia,0,0,0,0,0,0,0,0,0,0,0,0,0,0,0,0,0,0,0,0,0,0,0,0,0,0,0,0,0,0,0,0,0,0,3693,0,13251970300
23826,1400000US13251970401,Census Tract 9704.01; Screven County; Georgia,0,0,0,0,0,0,0,0,0,0,0,0,0,0,0,0,0,0,0,0,0,0,0,0,0,0,0,0,0,0,0,0,0,0,1250,0,13251970401
23827,1400000US13251970402,Census Tract 9704.02; Screven County; Georgia,0,0,0,0,0,0,0,0,0,0,0,0,0,0,0,0,0,0,0,0,0,0,0,0,0,0,0,0,0,0,0,0,0,0,2449,0,13251970402
23828,1400000US13251970500,Census Tract 9705; Screven County; Georgia,0,0,0,0,0,0,0,0,0,0,0,0,0,0,0,0,0,0,0,0,0,0,0,0,0,0,0,0,0,0,0,0,0,0,3212,0,13251970500
23829,1400000US13251970600,Census Tract 9706; Screven County; Georgia,0,0,0,0,0,0,0,0,0,0,0,0,0,0,0,0,0,0,0,0,0,0,0,0,0,0,0,0,0,0,0,0,0,0,1802,0,13251970600
23830,1400000US13253200100,Census Tract 2001; Seminole County; Georgia,1,1,0,0,0,0,0,0,0,0,0,0,0,0,0,0,0,0,0,0,0,0,0,0,0,0,0,0,0,0,0,0,0,0,2833,0.03529827,13253200100
23831,1400000US13253200200,Census Tract 2002; Seminole County; Georgia,52,0,0,0,0,0,0,0,0,0,0,9,0,0,0,0,0,0,25,0,18,0,0,0,0,0,0,0,0,0,0,0,0,0,3436,1.51338766,13253200200
23832,1400000US13253200300,Census Tract 2003; Seminole County; Georgia,0,0,0,0,0,0,0,0,0,0,0,0,0,0,0,0,0,0,0,0,0,0,0,0,0,0,0,0,0,0,0,0,0,0,2848,0,13253200300
23833,1400000US13255160101,Census Tract 1601.01; Spalding County; Georgia,74,0,0,1,0,0,0,0,0,0,0,0,0,0,0,0,0,0,0,0,0,0,0,0,73,0,0,0,0,0,0,0,0,0,3848,1.923076923,13255160101
23834,1400000US13255160102,Census Tract 1601.02; Spalding County; Georgia,0,0,0,0,0,0,0,0,0,0,0,0,0,0,0,0,0,0,0,0,0,0,0,0,0,0,0,0,0,0,0,0,0,0,1237,0,13255160102
23835,1400000US13255160201,Census Tract 1602.01; Spalding County; Georgia,0,0,0,0,0,0,0,0,0,0,0,0,0,0,0,0,0,0,0,0,0,0,0,0,0,0,0,0,0,0,0,0,0,0,4111,0,13255160201
23836,1400000US13255160202,Census Tract 1602.02; Spalding County; Georgia,103,0,0,0,103,0,0,0,0,0,0,0,0,0,0,0,0,0,0,0,0,0,0,0,0,0,0,0,0,0,0,0,0,0,4440,2.31981982,13255160202
23837,1400000US13255160300,Census Tract 1603; Spalding County; Georgia,0,0,0,0,0,0,0,0,0,0,0,0,0,0,0,0,0,0,0,0,0,0,0,0,0,0,0,0,0,0,0,0,0,0,2890,0,13255160300
23838,1400000US13255160401,Census Tract 1604.01; Spalding County; Georgia,0,0,0,0,0,0,0,0,0,0,0,0,0,0,0,0,0,0,0,0,0,0,0,0,0,0,0,0,0,0,0,0,0,0,2095,0,13255160401
23839,1400000US13255160402,Census Tract 1604.02; Spalding County; Georgia,89,0,0,0,0,0,0,0,0,0,0,40,0,0,0,0,0,0,0,0,49,0,0,0,0,0,0,0,0,0,0,0,0,0,3087,2.883057985,13255160402
23840,1400000US13255160500,Census Tract 1605; Spalding County; Georgia,122,0,0,0,41,0,0,0,0,0,0,51,0,0,0,0,0,0,0,0,0,0,0,0,30,0,0,0,0,0,0,0,0,0,6611,1.845409167,13255160500
23841,1400000US13255160600,Census Tract 1606; Spalding County; Georgia,0,0,0,0,0,0,0,0,0,0,0,0,0,0,0,0,0,0,0,0,0,0,0,0,0,0,0,0,0,0,0,0,0,0,4324,0,13255160600
23842,1400000US13255160701,Census Tract 1607.01; Spalding County; Georgia,1,0,0,0,0,0,0,0,0,0,0,0,0,0,0,0,0,1,0,0,0,0,0,0,0,0,0,0,0,0,0,0,0,0,6314,0.015837821,13255160701
23843,1400000US13255160702,Census Tract 1607.02; Spalding County; Georgia,0,0,0,0,0,0,0,0,0,0,0,0,0,0,0,0,0,0,0,0,0,0,0,0,0,0,0,0,0,0,0,0,0,0,2594,0,13255160702
23844,1400000US13255160800,Census Tract 1608; Spalding County; Georgia,11,0,0,0,11,0,0,0,0,0,0,0,0,0,0,0,0,0,0,0,0,0,0,0,0,0,0,0,0,0,0,0,0,0,4220,0.260663507,13255160800
23845,1400000US13255160900,Census Tract 1609; Spalding County; Georgia,15,0,0,15,0,0,0,0,0,0,0,0,0,0,0,0,0,0,0,0,0,0,0,0,0,0,0,0,0,0,0,0,0,0,2190,0.684931507,13255160900
23846,1400000US13255161000,Census Tract 1610; Spalding County; Georgia,0,0,0,0,0,0,0,0,0,0,0,0,0,0,0,0,0,0,0,0,0,0,0,0,0,0,0,0,0,0,0,0,0,0,5806,0,13255161000
23847,1400000US13255161100,Census Tract 1611; Spalding County; Georgia,48,0,0,0,0,0,0,0,0,0,16,32,0,0,0,0,0,0,0,0,0,0,0,0,0,0,0,0,0,0,0,0,0,0,4255,1.128084606,13255161100
23848,1400000US13255161201,Census Tract 1612.01; Spalding County; Georgia,0,0,0,0,0,0,0,0,0,0,0,0,0,0,0,0,0,0,0,0,0,0,0,0,0,0,0,0,0,0,0,0,0,0,4125,0,13255161201
23849,1400000US13255161202,Census Tract 1612.02; Spalding County; Georgia,134,0,0,0,0,0,0,0,0,0,0,0,0,0,0,0,0,0,0,0,134,0,0,0,0,0,0,0,0,0,0,0,0,0,5268,2.543659833,13255161202
23850,1400000US13257970101,Census Tract 9701.01; Stephens County; Georgia,91,9,0,0,34,0,0,5,0,0,0,0,0,0,0,0,0,0,0,0,43,0,0,0,0,0,0,0,0,0,0,0,0,0,3448,2.639211137,13257970101
23851,1400000US13257970102,Census Tract 9701.02; Stephens County; Georgia,108,0,0,0,0,0,0,0,0,0,0,21,0,0,0,0,0,0,0,0,87,0,0,0,0,0,0,0,0,0,0,0,0,0,4007,2.695283254,13257970102
23852,1400000US13257970201,Census Tract 9702.01; Stephens County; Georgia,0,0,0,0,0,0,0,0,0,0,0,0,0,0,0,0,0,0,0,0,0,0,0,0,0,0,0,0,0,0,0,0,0,0,1570,0,13257970201
23853,1400000US13257970202,Census Tract 9702.02; Stephens County; Georgia,59,35,0,0,0,0,0,0,0,0,0,0,0,0,0,0,0,0,0,0,0,0,0,0,0,0,0,0,0,0,0,0,0,24,3573,1.65127344,13257970202
23854,1400000US13257970301,Census Tract 9703.01; Stephens County; Georgia,57,0,0,0,0,0,0,0,0,0,0,0,0,0,0,0,0,0,0,0,57,0,0,0,0,0,0,0,0,0,0,0,0,0,3638,1.566794942,13257970301
23855,1400000US13257970302,Census Tract 9703.02; Stephens County; Georgia,0,0,0,0,0,0,0,0,0,0,0,0,0,0,0,0,0,0,0,0,0,0,0,0,0,0,0,0,0,0,0,0,0,0,3869,0,13257970302
23856,1400000US13257970401,Census Tract 9704.01; Stephens County; Georgia,0,0,0,0,0,0,0,0,0,0,0,0,0,0,0,0,0,0,0,0,0,0,0,0,0,0,0,0,0,0,0,0,0,0,3399,0,13257970401
23857,1400000US13257970402,Census Tract 9704.02; Stephens County; Georgia,0,0,0,0,0,0,0,0,0,0,0,0,0,0,0,0,0,0,0,0,0,0,0,0,0,0,0,0,0,0,0,0,0,0,3228,0,13257970402
23858,1400000US13259950100,Census Tract 9501; Stewart County; Georgia,61,0,0,0,0,0,0,0,0,0,0,61,0,0,0,0,0,0,0,0,0,0,0,0,0,0,0,0,0,0,0,0,0,0,1954,3.121801433,13259950100
23859,1400000US13259950400,Census Tract 9504; Stewart County; Georgia,107,26,0,0,0,0,0,0,0,0,0,0,0,9,0,0,0,0,9,0,9,27,0,9,9,0,0,0,0,0,0,0,9,0,3167,3.378591727,13259950400
23860,1400000US13261950100,Census Tract 9501; Sumter County; Georgia,2,0,0,0,0,0,0,0,0,0,0,2,0,0,0,0,0,0,0,0,0,0,0,0,0,0,0,0,0,0,0,0,0,0,1524,0.131233596,13261950100
23861,1400000US13261950200,Census Tract 9502; Sumter County; Georgia,0,0,0,0,0,0,0,0,0,0,0,0,0,0,0,0,0,0,0,0,0,0,0,0,0,0,0,0,0,0,0,0,0,0,4664,0,13261950200
23862,1400000US13261950300,Census Tract 9503; Sumter County; Georgia,23,0,0,0,0,0,0,0,0,0,0,0,0,0,0,0,0,0,0,0,23,0,0,0,0,0,0,0,0,0,0,0,0,0,5972,0.38513061,13261950300
23863,1400000US13261950400,Census Tract 9504; Sumter County; Georgia,0,0,0,0,0,0,0,0,0,0,0,0,0,0,0,0,0,0,0,0,0,0,0,0,0,0,0,0,0,0,0,0,0,0,2581,0,13261950400
23864,1400000US13261950500,Census Tract 9505; Sumter County; Georgia,33,0,0,0,23,0,0,0,0,0,0,0,0,0,0,0,0,0,10,0,0,0,0,0,0,0,0,0,0,0,0,0,0,0,3651,0.903861956,13261950500
23865,1400000US13261950600,Census Tract 9506; Sumter County; Georgia,0,0,0,0,0,0,0,0,0,0,0,0,0,0,0,0,0,0,0,0,0,0,0,0,0,0,0,0,0,0,0,0,0,0,2130,0,13261950600
23866,1400000US13261950700,Census Tract 9507; Sumter County; Georgia,319,24,0,86,6,0,0,0,0,0,0,28,0,0,0,0,0,0,0,0,171,0,0,4,0,0,0,0,0,0,0,0,0,0,6638,4.805664357,13261950700
23867,1400000US13261950800,Census Tract 9508; Sumter County; Georgia,1,0,0,1,0,0,0,0,0,0,0,0,0,0,0,0,0,0,0,0,0,0,0,0,0,0,0,0,0,0,0,0,0,0,2218,0.045085663,13261950800
23868,1400000US13263960100,Census Tract 9601; Talbot County; Georgia,0,0,0,0,0,0,0,0,0,0,0,0,0,0,0,0,0,0,0,0,0,0,0,0,0,0,0,0,0,0,0,0,0,0,2152,0,13263960100
23869,1400000US13263960200,Census Tract 9602; Talbot County; Georgia,9,0,0,0,0,0,0,0,0,0,0,0,0,0,0,0,0,0,9,0,0,0,0,0,0,0,0,0,0,0,0,0,0,0,2098,0.428979981,13263960200
23870,1400000US13263960300,Census Tract 9603; Talbot County; Georgia,0,0,0,0,0,0,0,0,0,0,0,0,0,0,0,0,0,0,0,0,0,0,0,0,0,0,0,0,0,0,0,0,0,0,1543,0,13263960300
23871,1400000US13265010200,Census Tract 102; Taliaferro County; Georgia,1,0,0,0,1,0,0,0,0,0,0,0,0,0,0,0,0,0,0,0,0,0,0,0,0,0,0,0,0,0,0,0,0,0,1635,0.06116208,13265010200
23872,1400000US13267950100,Census Tract 9501; Tattnall County; Georgia,0,0,0,0,0,0,0,0,0,0,0,0,0,0,0,0,0,0,0,0,0,0,0,0,0,0,0,0,0,0,0,0,0,0,3240,0,13267950100
23873,1400000US13267950202,Census Tract 9502.02; Tattnall County; Georgia,4,0,0,0,0,0,0,0,0,0,0,0,0,0,0,0,0,0,0,0,4,0,0,0,0,0,0,0,0,0,0,0,0,0,6036,0.066269052,13267950202
23874,1400000US13267950203,Census Tract 9502.03; Tattnall County; Georgia,0,0,0,0,0,0,0,0,0,0,0,0,0,0,0,0,0,0,0,0,0,0,0,0,0,0,0,0,0,0,0,0,0,0,2594,0,13267950203
23875,1400000US13267950204,Census Tract 9502.04; Tattnall County; Georgia,0,0,0,0,0,0,0,0,0,0,0,0,0,0,0,0,0,0,0,0,0,0,0,0,0,0,0,0,0,0,0,0,0,0,1831,0,13267950204
23876,1400000US13267950300,Census Tract 9503; Tattnall County; Georgia,64,0,0,0,0,0,0,0,0,0,0,0,0,0,0,0,0,0,0,0,64,0,0,0,0,0,0,0,0,0,0,0,0,0,5478,1.168309602,13267950300
23877,1400000US13267950401,Census Tract 9504.01; Tattnall County; Georgia,1,0,0,0,1,0,0,0,0,0,0,0,0,0,0,0,0,0,0,0,0,0,0,0,0,0,0,0,0,0,0,0,0,0,2378,0.042052145,13267950401
23878,1400000US13267950402,Census Tract 9504.02; Tattnall County; Georgia,0,0,0,0,0,0,0,0,0,0,0,0,0,0,0,0,0,0,0,0,0,0,0,0,0,0,0,0,0,0,0,0,0,0,2752,0,13267950402
23879,1400000US13269950100,Census Tract 9501; Taylor County; Georgia,0,0,0,0,0,0,0,0,0,0,0,0,0,0,0,0,0,0,0,0,0,0,0,0,0,0,0,0,0,0,0,0,0,0,936,0,13269950100
23880,1400000US13269950200,Census Tract 9502; Taylor County; Georgia,40,0,0,24,16,0,0,0,0,0,0,0,0,0,0,0,0,0,0,0,0,0,0,0,0,0,0,0,0,0,0,0,0,0,2114,1.892147588,13269950200
23881,1400000US13269950301,Census Tract 9503.01; Taylor County; Georgia,0,0,0,0,0,0,0,0,0,0,0,0,0,0,0,0,0,0,0,0,0,0,0,0,0,0,0,0,0,0,0,0,0,0,2042,0,13269950301
23882,1400000US13269950302,Census Tract 9503.02; Taylor County; Georgia,30,0,0,0,30,0,0,0,0,0,0,0,0,0,0,0,0,0,0,0,0,0,0,0,0,0,0,0,0,0,0,0,0,0,2707,1.108237902,13269950302
23883,1400000US13271950101,Census Tract 9501.01; Telfair County; Georgia,8,0,0,0,0,0,0,0,0,0,0,0,0,0,0,0,0,0,0,0,0,0,0,0,0,0,0,0,0,0,0,0,8,0,4634,0.172637031,13271950101
23884,1400000US13271950102,Census Tract 9501.02; Telfair County; Georgia,4,0,0,0,4,0,0,0,0,0,0,0,0,0,0,0,0,0,0,0,0,0,0,0,0,0,0,0,0,0,0,0,0,0,2163,0.18492834,13271950102
23885,1400000US13271950103,Census Tract 9501.03; Telfair County; Georgia,0,0,0,0,0,0,0,0,0,0,0,0,0,0,0,0,0,0,0,0,0,0,0,0,0,0,0,0,0,0,0,0,0,0,1819,0,13271950103
23886,1400000US13271950200,Census Tract 9502; Telfair County; Georgia,9,0,0,0,0,0,0,0,0,0,0,9,0,0,0,0,0,0,0,0,0,0,0,0,0,0,0,0,0,0,0,0,0,0,1072,0.839552239,13271950200
23887,1400000US13271950500,Census Tract 9505; Telfair County; Georgia,0,0,0,0,0,0,0,0,0,0,0,0,0,0,0,0,0,0,0,0,0,0,0,0,0,0,0,0,0,0,0,0,0,0,2931,0,13271950500
23888,1400000US13273120200,Census Tract 1202; Terrell County; Georgia,106,0,0,106,0,0,0,0,0,0,0,0,0,0,0,0,0,0,0,0,0,0,0,0,0,0,0,0,0,0,0,0,0,0,1506,7.038512616,13273120200
23889,1400000US13273120300,Census Tract 1203; Terrell County; Georgia,0,0,0,0,0,0,0,0,0,0,0,0,0,0,0,0,0,0,0,0,0,0,0,0,0,0,0,0,0,0,0,0,0,0,3340,0,13273120300
23890,1400000US13273120400,Census Tract 1204; Terrell County; Georgia,106,106,0,0,0,0,0,0,0,0,0,0,0,0,0,0,0,0,0,0,0,0,0,0,0,0,0,0,0,0,0,0,0,0,2670,3.970037453,13273120400
23891,1400000US13273120500,Census Tract 1205; Terrell County; Georgia,0,0,0,0,0,0,0,0,0,0,0,0,0,0,0,0,0,0,0,0,0,0,0,0,0,0,0,0,0,0,0,0,0,0,1488,0,13273120500
23892,1400000US13275960100,Census Tract 9601; Thomas County; Georgia,0,0,0,0,0,0,0,0,0,0,0,0,0,0,0,0,0,0,0,0,0,0,0,0,0,0,0,0,0,0,0,0,0,0,1270,0,13275960100
23893,1400000US13275960200,Census Tract 9602; Thomas County; Georgia,87,63,0,0,0,0,0,0,0,0,0,0,0,0,0,0,0,0,24,0,0,0,0,0,0,0,0,0,0,0,0,0,0,0,4434,1.962110961,13275960200
23894,1400000US13275960300,Census Tract 9603; Thomas County; Georgia,0,0,0,0,0,0,0,0,0,0,0,0,0,0,0,0,0,0,0,0,0,0,0,0,0,0,0,0,0,0,0,0,0,0,3026,0,13275960300
23895,1400000US13275960400,Census Tract 9604; Thomas County; Georgia,0,0,0,0,0,0,0,0,0,0,0,0,0,0,0,0,0,0,0,0,0,0,0,0,0,0,0,0,0,0,0,0,0,0,2605,0,13275960400
23896,1400000US13275960501,Census Tract 9605.01; Thomas County; Georgia,0,0,0,0,0,0,0,0,0,0,0,0,0,0,0,0,0,0,0,0,0,0,0,0,0,0,0,0,0,0,0,0,0,0,3898,0,13275960501
23897,1400000US13275960502,Census Tract 9605.02; Thomas County; Georgia,0,0,0,0,0,0,0,0,0,0,0,0,0,0,0,0,0,0,0,0,0,0,0,0,0,0,0,0,0,0,0,0,0,0,2567,0,13275960502
23898,1400000US13275960601,Census Tract 9606.01; Thomas County; Georgia,49,0,0,0,27,0,0,0,0,0,0,20,0,0,0,0,0,0,0,0,0,0,0,0,0,0,0,0,0,0,0,0,0,2,3253,1.506301875,13275960601
23899,1400000US13275960602,Census Tract 9606.02; Thomas County; Georgia,0,0,0,0,0,0,0,0,0,0,0,0,0,0,0,0,0,0,0,0,0,0,0,0,0,0,0,0,0,0,0,0,0,0,2463,0,13275960602
23900,1400000US13275960701,Census Tract 9607.01; Thomas County; Georgia,0,0,0,0,0,0,0,0,0,0,0,0,0,0,0,0,0,0,0,0,0,0,0,0,0,0,0,0,0,0,0,0,0,0,4086,0,13275960701
23901,1400000US13275960702,Census Tract 9607.02; Thomas County; Georgia,0,0,0,0,0,0,0,0,0,0,0,0,0,0,0,0,0,0,0,0,0,0,0,0,0,0,0,0,0,0,0,0,0,0,2247,0,13275960702
23902,1400000US13275960800,Census Tract 9608; Thomas County; Georgia,22,14,0,0,8,0,0,0,0,0,0,0,0,0,0,0,0,0,0,0,0,0,0,0,0,0,0,0,0,0,0,0,0,0,5652,0.389242746,13275960800
23903,1400000US13275960900,Census Tract 9609; Thomas County; Georgia,60,0,0,0,23,0,0,0,0,0,0,37,0,0,0,0,0,0,0,0,0,0,0,0,0,0,0,0,0,0,0,0,0,0,3337,1.798022176,13275960900
23904,1400000US13275961000,Census Tract 9610; Thomas County; Georgia,139,0,0,73,0,0,0,0,0,0,0,0,0,0,0,0,0,0,0,0,0,0,0,0,0,0,0,0,0,0,0,0,66,0,4314,3.222067687,13275961000
23905,1400000US13275961100,Census Tract 9611; Thomas County; Georgia,0,0,0,0,0,0,0,0,0,0,0,0,0,0,0,0,0,0,0,0,0,0,0,0,0,0,0,0,0,0,0,0,0,0,2513,0,13275961100
23906,1400000US13277960100,Census Tract 9601; Tift County; Georgia,0,0,0,0,0,0,0,0,0,0,0,0,0,0,0,0,0,0,0,0,0,0,0,0,0,0,0,0,0,0,0,0,0,0,2087,0,13277960100
23907,1400000US13277960200,Census Tract 9602; Tift County; Georgia,0,0,0,0,0,0,0,0,0,0,0,0,0,0,0,0,0,0,0,0,0,0,0,0,0,0,0,0,0,0,0,0,0,0,2701,0,13277960200
23908,1400000US13277960301,Census Tract 9603.01; Tift County; Georgia,157,5,0,0,0,0,0,0,0,0,0,0,0,0,0,0,0,0,145,0,7,0,0,0,0,0,0,0,0,0,0,0,0,0,5126,3.062817011,13277960301
23909,1400000US13277960302,Census Tract 9603.02; Tift County; Georgia,0,0,0,0,0,0,0,0,0,0,0,0,0,0,0,0,0,0,0,0,0,0,0,0,0,0,0,0,0,0,0,0,0,0,3054,0,13277960302
23910,1400000US13277960401,Census Tract 9604.01; Tift County; Georgia,205,154,0,0,10,0,0,0,0,0,0,0,0,0,0,0,0,0,0,0,38,0,0,0,0,0,3,0,0,0,0,0,0,0,4308,4.758588672,13277960401
23911,1400000US13277960402,Census Tract 9604.02; Tift County; Georgia,0,0,0,0,0,0,0,0,0,0,0,0,0,0,0,0,0,0,0,0,0,0,0,0,0,0,0,0,0,0,0,0,0,0,1692,0,13277960402
23912,1400000US13277960500,Census Tract 9605; Tift County; Georgia,71,0,0,0,0,0,0,0,0,0,0,5,0,0,0,0,0,0,19,0,47,0,0,0,0,0,0,0,0,0,0,0,0,0,5203,1.364597348,13277960500
23913,1400000US13277960601,Census Tract 9606.01; Tift County; Georgia,0,0,0,0,0,0,0,0,0,0,0,0,0,0,0,0,0,0,0,0,0,0,0,0,0,0,0,0,0,0,0,0,0,0,2300,0,13277960601
23914,1400000US13277960602,Census Tract 9606.02; Tift County; Georgia,0,0,0,0,0,0,0,0,0,0,0,0,0,0,0,0,0,0,0,0,0,0,0,0,0,0,0,0,0,0,0,0,0,0,4442,0,13277960602
23915,1400000US13277960700,Census Tract 9607; Tift County; Georgia,21,0,0,0,0,0,0,0,0,0,0,21,0,0,0,0,0,0,0,0,0,0,0,0,0,0,0,0,0,0,0,0,0,0,4637,0.452879017,13277960700
23916,1400000US13277960800,Census Tract 9608; Tift County; Georgia,10,0,0,0,0,0,0,0,0,0,0,10,0,0,0,0,0,0,0,0,0,0,0,0,0,0,0,0,0,0,0,0,0,0,2308,0.433275563,13277960800
23917,1400000US13277960900,Census Tract 9609; Tift County; Georgia,0,0,0,0,0,0,0,0,0,0,0,0,0,0,0,0,0,0,0,0,0,0,0,0,0,0,0,0,0,0,0,0,0,0,3389,0,13277960900
23918,1400000US13279970101,Census Tract 9701.01; Toombs County; Georgia,4,0,0,0,4,0,0,0,0,0,0,0,0,0,0,0,0,0,0,0,0,0,0,0,0,0,0,0,0,0,0,0,0,0,2690,0.148698885,13279970101
23919,1400000US13279970102,Census Tract 9701.02; Toombs County; Georgia,0,0,0,0,0,0,0,0,0,0,0,0,0,0,0,0,0,0,0,0,0,0,0,0,0,0,0,0,0,0,0,0,0,0,1693,0,13279970102
23920,1400000US13279970201,Census Tract 9702.01; Toombs County; Georgia,0,0,0,0,0,0,0,0,0,0,0,0,0,0,0,0,0,0,0,0,0,0,0,0,0,0,0,0,0,0,0,0,0,0,2786,0,13279970201
23921,1400000US13279970202,Census Tract 9702.02; Toombs County; Georgia,35,26,0,0,0,0,0,0,0,0,0,9,0,0,0,0,0,0,0,0,0,0,0,0,0,0,0,0,0,0,0,0,0,0,3251,1.076591818,13279970202
23922,1400000US13279970301,Census Tract 9703.01; Toombs County; Georgia,85,85,0,0,0,0,0,0,0,0,0,0,0,0,0,0,0,0,0,0,0,0,0,0,0,0,0,0,0,0,0,0,0,0,2981,2.85139215,13279970301
23923,1400000US13279970302,Census Tract 9703.02; Toombs County; Georgia,6,0,0,0,0,0,0,0,0,0,0,0,0,0,0,0,0,0,0,0,6,0,0,0,0,0,0,0,0,0,0,0,0,0,2449,0.244997958,13279970302
23924,1400000US13279970400,Census Tract 9704; Toombs County; Georgia,95,22,0,0,15,0,0,0,0,0,0,25,0,0,0,0,0,0,0,0,33,0,0,0,0,0,0,0,0,0,0,0,0,0,4559,2.083790305,13279970400
23925,1400000US13279970500,Census Tract 9705; Toombs County; Georgia,4,0,0,0,0,0,0,0,0,0,0,4,0,0,0,0,0,0,0,0,0,0,0,0,0,0,0,0,0,0,0,0,0,0,3648,0.109649123,13279970500
23926,1400000US13279970600,Census Tract 9706; Toombs County; Georgia,0,0,0,0,0,0,0,0,0,0,0,0,0,0,0,0,0,0,0,0,0,0,0,0,0,0,0,0,0,0,0,0,0,0,2889,0,13279970600
23927,1400000US13281960100,Census Tract 9601; Towns County; Georgia,2,0,0,0,0,0,0,0,0,0,0,0,0,0,0,0,0,0,0,0,2,0,0,0,0,0,0,0,0,0,0,0,0,0,4545,0.0440044,13281960100
23928,1400000US13281960200,Census Tract 9602; Towns County; Georgia,3,0,0,0,0,0,0,0,0,0,0,0,0,0,0,0,0,0,0,0,3,0,0,0,0,0,0,0,0,0,0,0,0,0,3836,0.078206465,13281960200
23929,1400000US13281960301,Census Tract 9603.01; Towns County; Georgia,2,2,0,0,0,0,0,0,0,0,0,0,0,0,0,0,0,0,0,0,0,0,0,0,0,0,0,0,0,0,0,0,0,0,1908,0.104821803,13281960301
23930,1400000US13281960302,Census Tract 9603.02; Towns County; Georgia,17,0,0,0,14,0,0,0,0,0,0,0,0,0,0,0,0,3,0,0,0,0,0,0,0,0,0,0,0,0,0,0,0,0,2257,0.753212229,13281960302
23931,1400000US13283960100,Census Tract 9601; Treutlen County; Georgia,0,0,0,0,0,0,0,0,0,0,0,0,0,0,0,0,0,0,0,0,0,0,0,0,0,0,0,0,0,0,0,0,0,0,1470,0,13283960100
23932,1400000US13283960200,Census Tract 9602; Treutlen County; Georgia,0,0,0,0,0,0,0,0,0,0,0,0,0,0,0,0,0,0,0,0,0,0,0,0,0,0,0,0,0,0,0,0,0,0,4941,0,13283960200
23933,1400000US13285960101,Census Tract 9601.01; Troup County; Georgia,89,0,0,0,0,0,0,0,0,0,0,0,0,0,0,0,0,0,0,0,89,0,0,0,0,0,0,0,0,0,0,0,0,0,3341,2.663873092,13285960101
23934,1400000US13285960102,Census Tract 9601.02; Troup County; Georgia,0,0,0,0,0,0,0,0,0,0,0,0,0,0,0,0,0,0,0,0,0,0,0,0,0,0,0,0,0,0,0,0,0,0,3705,0,13285960102
23935,1400000US13285960201,Census Tract 9602.01; Troup County; Georgia,219,0,0,0,0,0,0,0,0,0,0,0,0,0,0,0,0,0,0,0,0,0,0,0,219,0,0,0,0,0,0,0,0,0,3537,6.191687871,13285960201
23936,1400000US13285960202,Census Tract 9602.02; Troup County; Georgia,45,0,0,0,18,0,0,0,0,0,0,27,0,0,0,0,0,0,0,0,0,0,0,0,0,0,0,0,0,0,0,0,0,0,2531,1.777953378,13285960202
23937,1400000US13285960300,Census Tract 9603; Troup County; Georgia,35,18,0,0,0,0,0,0,0,0,0,17,0,0,0,0,0,0,0,0,0,0,0,0,0,0,0,0,0,0,0,0,0,0,3982,0.878955299,13285960300
23938,1400000US13285960401,Census Tract 9604.01; Troup County; Georgia,309,26,0,0,0,0,0,0,0,0,0,0,0,0,0,0,0,0,0,0,283,0,0,0,0,0,0,0,0,0,0,0,0,0,3329,9.282066687,13285960401
23939,1400000US13285960402,Census Tract 9604.02; Troup County; Georgia,67,0,0,0,0,0,0,0,0,0,0,0,0,0,0,0,0,0,0,0,67,0,0,0,0,0,0,0,0,0,0,0,0,0,3310,2.024169184,13285960402
23940,1400000US13285960501,Census Tract 9605.01; Troup County; Georgia,220,0,0,0,220,0,0,0,0,0,0,0,0,0,0,0,0,0,0,0,0,0,0,0,0,0,0,0,0,0,0,0,0,0,4540,4.845814978,13285960501
23941,1400000US13285960503,Census Tract 9605.03; Troup County; Georgia,293,58,0,0,86,0,0,0,0,0,0,0,0,0,0,0,0,0,0,0,149,0,0,0,0,0,0,0,0,0,0,0,0,0,5271,5.558717511,13285960503
23942,1400000US13285960504,Census Tract 9605.04; Troup County; Georgia,0,0,0,0,0,0,0,0,0,0,0,0,0,0,0,0,0,0,0,0,0,0,0,0,0,0,0,0,0,0,0,0,0,0,2254,0,13285960504
23943,1400000US13285960600,Census Tract 9606; Troup County; Georgia,29,0,0,0,25,0,0,0,0,0,0,0,0,0,0,0,0,0,0,0,4,0,0,0,0,0,0,0,0,0,0,0,0,0,6013,0.482288375,13285960600
23944,1400000US13285960700,Census Tract 9607; Troup County; Georgia,94,0,0,13,81,0,0,0,0,0,0,0,0,0,0,0,0,0,0,0,0,0,0,0,0,0,0,0,0,0,0,0,0,0,5071,1.853677776,13285960700
23945,1400000US13285960800,Census Tract 9608; Troup County; Georgia,0,0,0,0,0,0,0,0,0,0,0,0,0,0,0,0,0,0,0,0,0,0,0,0,0,0,0,0,0,0,0,0,0,0,4550,0,13285960800
23946,1400000US13285960901,Census Tract 9609.01; Troup County; Georgia,166,0,0,19,77,0,0,0,0,0,0,0,0,0,0,0,0,0,0,0,70,0,0,0,0,0,0,0,0,0,0,0,0,0,3714,4.469574583,13285960901
23947,1400000US13285960903,Census Tract 9609.03; Troup County; Georgia,0,0,0,0,0,0,0,0,0,0,0,0,0,0,0,0,0,0,0,0,0,0,0,0,0,0,0,0,0,0,0,0,0,0,3143,0,13285960903
23948,1400000US13285960904,Census Tract 9609.04; Troup County; Georgia,96,0,0,0,0,0,0,0,0,0,0,0,0,0,0,0,0,0,54,0,42,0,0,0,0,0,0,0,0,0,0,0,0,0,3309,2.901178604,13285960904
23949,1400000US13285961000,Census Tract 9610; Troup County; Georgia,0,0,0,0,0,0,0,0,0,0,0,0,0,0,0,0,0,0,0,0,0,0,0,0,0,0,0,0,0,0,0,0,0,0,5230,0,13285961000
23950,1400000US13285961100,Census Tract 9611; Troup County; Georgia,5,0,0,0,0,0,0,0,0,0,0,5,0,0,0,0,0,0,0,0,0,0,0,0,0,0,0,0,0,0,0,0,0,0,2697,0.185391175,13285961100
23951,1400000US13287970201,Census Tract 9702.01; Turner County; Georgia,0,0,0,0,0,0,0,0,0,0,0,0,0,0,0,0,0,0,0,0,0,0,0,0,0,0,0,0,0,0,0,0,0,0,2687,0,13287970201
23952,1400000US13287970202,Census Tract 9702.02; Turner County; Georgia,0,0,0,0,0,0,0,0,0,0,0,0,0,0,0,0,0,0,0,0,0,0,0,0,0,0,0,0,0,0,0,0,0,0,2379,0,13287970202
23953,1400000US13287970300,Census Tract 9703; Turner County; Georgia,0,0,0,0,0,0,0,0,0,0,0,0,0,0,0,0,0,0,0,0,0,0,0,0,0,0,0,0,0,0,0,0,0,0,3828,0,13287970300
23954,1400000US13289060101,Census Tract 601.01; Twiggs County; Georgia,0,0,0,0,0,0,0,0,0,0,0,0,0,0,0,0,0,0,0,0,0,0,0,0,0,0,0,0,0,0,0,0,0,0,2628,0,13289060101
23955,1400000US13289060102,Census Tract 601.02; Twiggs County; Georgia,56,50,0,0,0,0,0,0,0,0,0,0,0,0,0,0,0,0,0,0,6,0,0,0,0,0,0,0,0,0,0,0,0,0,1785,3.137254902,13289060102
23956,1400000US13289060200,Census Tract 602; Twiggs County; Georgia,0,0,0,0,0,0,0,0,0,0,0,0,0,0,0,0,0,0,0,0,0,0,0,0,0,0,0,0,0,0,0,0,0,0,3542,0,13289060200
23957,1400000US13291000101,Census Tract 1.01; Union County; Georgia,0,0,0,0,0,0,0,0,0,0,0,0,0,0,0,0,0,0,0,0,0,0,0,0,0,0,0,0,0,0,0,0,0,0,3987,0,13291000101
23958,1400000US13291000103,Census Tract 1.03; Union County; Georgia,21,0,0,0,0,0,0,0,0,0,0,21,0,0,0,0,0,0,0,0,0,0,0,0,0,0,0,0,0,0,0,0,0,0,3228,0.650557621,13291000103
23959,1400000US13291000104,Census Tract 1.04; Union County; Georgia,12,0,0,0,0,0,0,0,0,0,0,12,0,0,0,0,0,0,0,0,0,0,0,0,0,0,0,0,0,0,0,0,0,0,2516,0.476947536,13291000104
23960,1400000US13291000201,Census Tract 2.01; Union County; Georgia,0,0,0,0,0,0,0,0,0,0,0,0,0,0,0,0,0,0,0,0,0,0,0,0,0,0,0,0,0,0,0,0,0,0,2786,0,13291000201
23961,1400000US13291000203,Census Tract 2.03; Union County; Georgia,0,0,0,0,0,0,0,0,0,0,0,0,0,0,0,0,0,0,0,0,0,0,0,0,0,0,0,0,0,0,0,0,0,0,2047,0,13291000203
23962,1400000US13291000204,Census Tract 2.04; Union County; Georgia,0,0,0,0,0,0,0,0,0,0,0,0,0,0,0,0,0,0,0,0,0,0,0,0,0,0,0,0,0,0,0,0,0,0,3906,0,13291000204
23963,1400000US13291000206,Census Tract 2.06; Union County; Georgia,26,0,0,0,0,0,0,0,0,0,0,26,0,0,0,0,0,0,0,0,0,0,0,0,0,0,0,0,0,0,0,0,0,0,4046,0.642609985,13291000206
23964,1400000US13291000207,Census Tract 2.07; Union County; Georgia,0,0,0,0,0,0,0,0,0,0,0,0,0,0,0,0,0,0,0,0,0,0,0,0,0,0,0,0,0,0,0,0,0,0,2364,0,13291000207
23965,1400000US13293010100,Census Tract 101; Upson County; Georgia,0,0,0,0,0,0,0,0,0,0,0,0,0,0,0,0,0,0,0,0,0,0,0,0,0,0,0,0,0,0,0,0,0,0,2823,0,13293010100
23966,1400000US13293010201,Census Tract 102.01; Upson County; Georgia,0,0,0,0,0,0,0,0,0,0,0,0,0,0,0,0,0,0,0,0,0,0,0,0,0,0,0,0,0,0,0,0,0,0,5292,0,13293010201
23967,1400000US13293010202,Census Tract 102.02; Upson County; Georgia,0,0,0,0,0,0,0,0,0,0,0,0,0,0,0,0,0,0,0,0,0,0,0,0,0,0,0,0,0,0,0,0,0,0,2650,0,13293010202
23968,1400000US13293010300,Census Tract 103; Upson County; Georgia,27,0,0,10,17,0,0,0,0,0,0,0,0,0,0,0,0,0,0,0,0,0,0,0,0,0,0,0,0,0,0,0,0,0,3198,0.844277674,13293010300
23969,1400000US13293010401,Census Tract 104.01; Upson County; Georgia,4,0,0,0,0,0,0,0,0,0,0,0,0,0,0,0,0,4,0,0,0,0,0,0,0,0,0,0,0,0,0,0,0,0,1733,0.230813618,13293010401
23970,1400000US13293010402,Census Tract 104.02; Upson County; Georgia,51,0,0,0,0,0,0,0,0,0,0,14,0,0,0,0,0,37,0,0,0,0,0,0,0,0,0,0,0,0,0,0,0,0,4794,1.063829787,13293010402
23971,1400000US13293010500,Census Tract 105; Upson County; Georgia,30,0,0,0,30,0,0,0,0,0,0,0,0,0,0,0,0,0,0,0,0,0,0,0,0,0,0,0,0,0,0,0,0,0,5576,0.538020086,13293010500
23972,1400000US13293010600,Census Tract 106; Upson County; Georgia,0,0,0,0,0,0,0,0,0,0,0,0,0,0,0,0,0,0,0,0,0,0,0,0,0,0,0,0,0,0,0,0,0,0,1572,0,13293010600
23973,1400000US13295020101,Census Tract 201.01; Walker County; Georgia,0,0,0,0,0,0,0,0,0,0,0,0,0,0,0,0,0,0,0,0,0,0,0,0,0,0,0,0,0,0,0,0,0,0,3635,0,13295020101
23974,1400000US13295020102,Census Tract 201.02; Walker County; Georgia,0,0,0,0,0,0,0,0,0,0,0,0,0,0,0,0,0,0,0,0,0,0,0,0,0,0,0,0,0,0,0,0,0,0,2095,0,13295020102
23975,1400000US13295020200,Census Tract 202; Walker County; Georgia,1,0,0,0,0,0,0,0,0,0,0,0,0,0,0,0,0,0,0,0,0,0,0,0,1,0,0,0,0,0,0,0,0,0,3451,0.028977108,13295020200
23976,1400000US13295020301,Census Tract 203.01; Walker County; Georgia,60,0,0,0,60,0,0,0,0,0,0,0,0,0,0,0,0,0,0,0,0,0,0,0,0,0,0,0,0,0,0,0,0,0,5030,1.192842942,13295020301
23977,1400000US13295020302,Census Tract 203.02; Walker County; Georgia,27,0,0,0,0,0,0,0,0,0,0,27,0,0,0,0,0,0,0,0,0,0,0,0,0,0,0,0,0,0,0,0,0,0,5187,0.520532099,13295020302
23978,1400000US13295020400,Census Tract 204; Walker County; Georgia,19,0,0,0,12,0,0,0,0,0,0,7,0,0,0,0,0,0,0,0,0,0,0,0,0,0,0,0,0,0,0,0,0,0,2777,0.684191574,13295020400
23979,1400000US13295020503,Census Tract 205.03; Walker County; Georgia,60,49,0,0,11,0,0,0,0,0,0,0,0,0,0,0,0,0,0,0,0,0,0,0,0,0,0,0,0,0,0,0,0,0,4731,1.268230818,13295020503
23980,1400000US13295020504,Census Tract 205.04; Walker County; Georgia,0,0,0,0,0,0,0,0,0,0,0,0,0,0,0,0,0,0,0,0,0,0,0,0,0,0,0,0,0,0,0,0,0,0,3481,0,13295020504
23981,1400000US13295020505,Census Tract 205.05; Walker County; Georgia,1,0,0,0,0,0,0,0,0,0,0,1,0,0,0,0,0,0,0,0,0,0,0,0,0,0,0,0,0,0,0,0,0,0,4154,0.024073182,13295020505
23982,1400000US13295020506,Census Tract 205.06; Walker County; Georgia,44,0,0,44,0,0,0,0,0,0,0,0,0,0,0,0,0,0,0,0,0,0,0,0,0,0,0,0,0,0,0,0,0,0,3911,1.125031961,13295020506
23983,1400000US13295020601,Census Tract 206.01; Walker County; Georgia,0,0,0,0,0,0,0,0,0,0,0,0,0,0,0,0,0,0,0,0,0,0,0,0,0,0,0,0,0,0,0,0,0,0,6865,0,13295020601
23984,1400000US13295020602,Census Tract 206.02; Walker County; Georgia,0,0,0,0,0,0,0,0,0,0,0,0,0,0,0,0,0,0,0,0,0,0,0,0,0,0,0,0,0,0,0,0,0,0,5361,0,13295020602
23985,1400000US13295020701,Census Tract 207.01; Walker County; Georgia,166,0,0,0,113,0,0,0,0,0,0,0,0,0,0,0,0,0,0,0,53,0,0,0,0,0,0,0,0,0,0,0,0,0,2548,6.514913658,13295020701
23986,1400000US13295020702,Census Tract 207.02; Walker County; Georgia,0,0,0,0,0,0,0,0,0,0,0,0,0,0,0,0,0,0,0,0,0,0,0,0,0,0,0,0,0,0,0,0,0,0,4425,0,13295020702
23987,1400000US13295020800,Census Tract 208; Walker County; Georgia,0,0,0,0,0,0,0,0,0,0,0,0,0,0,0,0,0,0,0,0,0,0,0,0,0,0,0,0,0,0,0,0,0,0,2829,0,13295020800
23988,1400000US13295020902,Census Tract 209.02; Walker County; Georgia,0,0,0,0,0,0,0,0,0,0,0,0,0,0,0,0,0,0,0,0,0,0,0,0,0,0,0,0,0,0,0,0,0,0,1875,0,13295020902
23989,1400000US13295020903,Census Tract 209.03; Walker County; Georgia,0,0,0,0,0,0,0,0,0,0,0,0,0,0,0,0,0,0,0,0,0,0,0,0,0,0,0,0,0,0,0,0,0,0,2532,0,13295020903
23990,1400000US13295020904,Census Tract 209.04; Walker County; Georgia,0,0,0,0,0,0,0,0,0,0,0,0,0,0,0,0,0,0,0,0,0,0,0,0,0,0,0,0,0,0,0,0,0,0,3178,0,13295020904
23991,1400000US13297110101,Census Tract 1101.01; Walton County; Georgia,68,0,21,47,0,0,0,0,0,0,0,0,0,0,0,0,0,0,0,0,0,0,0,0,0,0,0,0,0,0,0,0,0,0,4701,1.446500745,13297110101
23992,1400000US13297110102,Census Tract 1101.02; Walton County; Georgia,0,0,0,0,0,0,0,0,0,0,0,0,0,0,0,0,0,0,0,0,0,0,0,0,0,0,0,0,0,0,0,0,0,0,5222,0,13297110102
23993,1400000US13297110200,Census Tract 1102; Walton County; Georgia,0,0,0,0,0,0,0,0,0,0,0,0,0,0,0,0,0,0,0,0,0,0,0,0,0,0,0,0,0,0,0,0,0,0,5388,0,13297110200
23994,1400000US13297110301,Census Tract 1103.01; Walton County; Georgia,0,0,0,0,0,0,0,0,0,0,0,0,0,0,0,0,0,0,0,0,0,0,0,0,0,0,0,0,0,0,0,0,0,0,3521,0,13297110301
23995,1400000US13297110302,Census Tract 1103.02; Walton County; Georgia,0,0,0,0,0,0,0,0,0,0,0,0,0,0,0,0,0,0,0,0,0,0,0,0,0,0,0,0,0,0,0,0,0,0,3612,0,13297110302
23996,1400000US13297110400,Census Tract 1104; Walton County; Georgia,17,0,0,0,0,0,0,0,0,0,0,0,0,0,0,0,0,0,0,0,17,0,0,0,0,0,0,0,0,0,0,0,0,0,8251,0.206035632,13297110400
23997,1400000US13297110503,Census Tract 1105.03; Walton County; Georgia,0,0,0,0,0,0,0,0,0,0,0,0,0,0,0,0,0,0,0,0,0,0,0,0,0,0,0,0,0,0,0,0,0,0,3861,0,13297110503
23998,1400000US13297110504,Census Tract 1105.04; Walton County; Georgia,214,21,0,0,0,0,0,0,0,0,0,0,0,143,0,0,0,0,0,0,50,0,0,0,0,0,0,0,0,0,0,0,0,0,6027,3.550688568,13297110504
23999,1400000US13297110505,Census Tract 1105.05; Walton County; Georgia,0,0,0,0,0,0,0,0,0,0,0,0,0,0,0,0,0,0,0,0,0,0,0,0,0,0,0,0,0,0,0,0,0,0,4805,0,13297110505
24000,1400000US13297110506,Census Tract 1105.06; Walton County; Georgia,136,0,0,0,0,0,0,0,0,0,0,0,0,0,0,0,0,0,0,0,0,0,0,0,136,0,0,0,0,0,0,0,0,0,6330,2.14849921,13297110506
24001,1400000US13297110508,Census Tract 1105.08; Walton County; Georgia,62,0,62,0,0,0,0,0,0,0,0,0,0,0,0,0,0,0,0,0,0,0,0,0,0,0,0,0,0,0,0,0,0,0,4981,1.244729974,13297110508
24002,1400000US13297110509,Census Tract 1105.09; Walton County; Georgia,386,0,0,0,0,0,0,0,0,0,0,0,0,0,0,0,0,0,177,0,209,0,0,0,0,0,0,0,0,0,0,0,0,0,5701,6.770741975,13297110509
24003,1400000US13297110510,Census Tract 1105.10; Walton County; Georgia,0,0,0,0,0,0,0,0,0,0,0,0,0,0,0,0,0,0,0,0,0,0,0,0,0,0,0,0,0,0,0,0,0,0,3422,0,13297110510
24004,1400000US13297110601,Census Tract 1106.01; Walton County; Georgia,80,0,0,8,0,0,0,0,0,0,0,38,0,0,0,0,0,0,0,0,34,0,0,0,0,0,0,0,0,0,0,0,0,0,5448,1.468428781,13297110601
24005,1400000US13297110602,Census Tract 1106.02; Walton County; Georgia,66,0,0,0,0,0,0,0,0,0,10,38,0,0,0,0,0,0,0,0,18,0,0,0,0,0,0,0,0,0,0,0,0,0,5971,1.105342489,13297110602
24006,1400000US13297110603,Census Tract 1106.03; Walton County; Georgia,108,0,36,0,5,0,0,8,0,0,0,0,0,0,0,0,0,14,45,0,0,0,0,0,0,0,0,0,0,0,0,0,0,0,5847,1.847101077,13297110603
24007,1400000US13297110701,Census Tract 1107.01; Walton County; Georgia,144,0,0,0,0,0,0,0,0,0,0,0,0,0,0,0,0,0,0,0,0,0,0,0,144,0,0,0,0,0,0,0,0,0,2858,5.038488453,13297110701
24008,1400000US13297110702,Census Tract 1107.02; Walton County; Georgia,46,0,0,0,0,0,0,0,0,0,0,0,0,0,0,0,0,0,0,0,46,0,0,0,0,0,0,0,0,0,0,0,0,0,3724,1.235230934,13297110702
24009,1400000US13297110801,Census Tract 1108.01; Walton County; Georgia,0,0,0,0,0,0,0,0,0,0,0,0,0,0,0,0,0,0,0,0,0,0,0,0,0,0,0,0,0,0,0,0,0,0,3899,0,13297110801
24010,1400000US13297110802,Census Tract 1108.02; Walton County; Georgia,103,0,0,0,0,0,0,0,0,0,0,0,0,103,0,0,0,0,0,0,0,0,0,0,0,0,0,0,0,0,0,0,0,0,4183,2.462347597,13297110802
24011,1400000US13299950100,Census Tract 9501; Ware County; Georgia,18,0,0,0,0,0,0,0,0,0,0,18,0,0,0,0,0,0,0,0,0,0,0,0,0,0,0,0,0,0,0,0,0,0,1773,1.015228426,13299950100
24012,1400000US13299950200,Census Tract 9502; Ware County; Georgia,125,0,0,0,0,0,0,0,0,125,0,0,0,0,0,0,0,0,0,0,0,0,0,0,0,0,0,0,0,0,0,0,0,0,7579,1.649294102,13299950200
24013,1400000US13299950300,Census Tract 9503; Ware County; Georgia,144,0,0,0,0,0,0,0,0,0,0,0,0,0,0,0,0,0,0,0,144,0,0,0,0,0,0,0,0,0,0,0,0,0,2533,5.684958547,13299950300
24014,1400000US13299950400,Census Tract 9504; Ware County; Georgia,0,0,0,0,0,0,0,0,0,0,0,0,0,0,0,0,0,0,0,0,0,0,0,0,0,0,0,0,0,0,0,0,0,0,2286,0,13299950400
24015,1400000US13299950500,Census Tract 9505; Ware County; Georgia,0,0,0,0,0,0,0,0,0,0,0,0,0,0,0,0,0,0,0,0,0,0,0,0,0,0,0,0,0,0,0,0,0,0,4584,0,13299950500
24016,1400000US13299950600,Census Tract 9506; Ware County; Georgia,153,14,0,0,0,0,0,0,0,0,0,49,0,0,0,0,0,0,0,0,90,0,0,0,0,0,0,0,0,0,0,0,0,0,5558,2.752788773,13299950600
24017,1400000US13299950700,Census Tract 9507; Ware County; Georgia,3,0,0,0,0,0,0,0,0,0,0,3,0,0,0,0,0,0,0,0,0,0,0,0,0,0,0,0,0,0,0,0,0,0,2348,0.127768313,13299950700
24018,1400000US13299950801,Census Tract 9508.01; Ware County; Georgia,0,0,0,0,0,0,0,0,0,0,0,0,0,0,0,0,0,0,0,0,0,0,0,0,0,0,0,0,0,0,0,0,0,0,3350,0,13299950801
24019,1400000US13299950802,Census Tract 9508.02; Ware County; Georgia,0,0,0,0,0,0,0,0,0,0,0,0,0,0,0,0,0,0,0,0,0,0,0,0,0,0,0,0,0,0,0,0,0,0,1909,0,13299950802
24020,1400000US13299950900,Census Tract 9509; Ware County; Georgia,0,0,0,0,0,0,0,0,0,0,0,0,0,0,0,0,0,0,0,0,0,0,0,0,0,0,0,0,0,0,0,0,0,0,3997,0,13299950900
24021,1400000US13301970400,Census Tract 9704; Warren County; Georgia,24,0,0,0,20,0,0,0,0,0,0,0,0,0,0,0,0,0,0,0,4,0,0,0,0,0,0,0,0,0,0,0,0,0,2538,0.945626478,13301970400
24022,1400000US13301970500,Census Tract 9705; Warren County; Georgia,0,0,0,0,0,0,0,0,0,0,0,0,0,0,0,0,0,0,0,0,0,0,0,0,0,0,0,0,0,0,0,0,0,0,2659,0,13301970500
24023,1400000US13303950100,Census Tract 9501; Washington County; Georgia,0,0,0,0,0,0,0,0,0,0,0,0,0,0,0,0,0,0,0,0,0,0,0,0,0,0,0,0,0,0,0,0,0,0,1733,0,13303950100
24024,1400000US13303950300,Census Tract 9503; Washington County; Georgia,116,24,0,0,0,0,0,0,0,0,0,0,0,0,0,0,0,0,0,0,92,0,0,0,0,0,0,0,0,0,0,0,0,0,4804,2.414654455,13303950300
24025,1400000US13303950400,Census Tract 9504; Washington County; Georgia,0,0,0,0,0,0,0,0,0,0,0,0,0,0,0,0,0,0,0,0,0,0,0,0,0,0,0,0,0,0,0,0,0,0,4616,0,13303950400
24026,1400000US13303950500,Census Tract 9505; Washington County; Georgia,22,0,0,0,0,0,0,0,0,0,0,0,0,0,0,0,0,0,0,0,0,0,0,0,0,0,0,0,0,0,0,0,5,17,5153,0.426935766,13303950500
24027,1400000US13303950700,Census Tract 9507; Washington County; Georgia,7,0,0,0,0,0,0,0,0,0,0,7,0,0,0,0,0,0,0,0,0,0,0,0,0,0,0,0,0,0,0,0,0,0,3669,0.190787681,13303950700
24028,1400000US13305970100,Census Tract 9701; Wayne County; Georgia,0,0,0,0,0,0,0,0,0,0,0,0,0,0,0,0,0,0,0,0,0,0,0,0,0,0,0,0,0,0,0,0,0,0,3684,0,13305970100
24029,1400000US13305970201,Census Tract 9702.01; Wayne County; Georgia,217,0,0,0,0,0,0,0,0,217,0,0,0,0,0,0,0,0,0,0,0,0,0,0,0,0,0,0,0,0,0,0,0,0,3786,5.731642895,13305970201
24030,1400000US13305970202,Census Tract 9702.02; Wayne County; Georgia,58,0,0,0,30,0,0,0,0,0,0,28,0,0,0,0,0,0,0,0,0,0,0,0,0,0,0,0,0,0,0,0,0,0,3829,1.514755811,13305970202
24031,1400000US13305970300,Census Tract 9703; Wayne County; Georgia,2,0,0,0,0,0,0,0,0,0,0,0,0,0,0,0,0,0,0,0,2,0,0,0,0,0,0,0,0,0,0,0,0,0,5795,0.034512511,13305970300
24032,1400000US13305970400,Census Tract 9704; Wayne County; Georgia,4,0,0,4,0,0,0,0,0,0,0,0,0,0,0,0,0,0,0,0,0,0,0,0,0,0,0,0,0,0,0,0,0,0,3250,0.123076923,13305970400
24033,1400000US13305970500,Census Tract 9705; Wayne County; Georgia,12,0,0,0,0,0,0,0,0,0,0,0,0,0,0,0,0,0,0,0,0,0,0,0,0,0,0,0,0,0,0,0,12,0,6084,0.197238659,13305970500
24034,1400000US13305970600,Census Tract 9706; Wayne County; Georgia,0,0,0,0,0,0,0,0,0,0,0,0,0,0,0,0,0,0,0,0,0,0,0,0,0,0,0,0,0,0,0,0,0,0,3849,0,13305970600
24035,1400000US13307960100,Census Tract 9601; Webster County; Georgia,0,0,0,0,0,0,0,0,0,0,0,0,0,0,0,0,0,0,0,0,0,0,0,0,0,0,0,0,0,0,0,0,0,0,1139,0,13307960100
24036,1400000US13307960200,Census Tract 9602; Webster County; Georgia,0,0,0,0,0,0,0,0,0,0,0,0,0,0,0,0,0,0,0,0,0,0,0,0,0,0,0,0,0,0,0,0,0,0,1215,0,13307960200
24037,1400000US13309780100,Census Tract 7801; Wheeler County; Georgia,0,0,0,0,0,0,0,0,0,0,0,0,0,0,0,0,0,0,0,0,0,0,0,0,0,0,0,0,0,0,0,0,0,0,2651,0,13309780100
24038,1400000US13309780200,Census Tract 7802; Wheeler County; Georgia,0,0,0,0,0,0,0,0,0,0,0,0,0,0,0,0,0,0,0,0,0,0,0,0,0,0,0,0,0,0,0,0,0,0,4899,0,13309780200
24039,1400000US13311950101,Census Tract 9501.01; White County; Georgia,7,0,0,0,0,0,0,0,0,0,0,7,0,0,0,0,0,0,0,0,0,0,0,0,0,0,0,0,0,0,0,0,0,0,1281,0.546448087,13311950101
24040,1400000US13311950102,Census Tract 9501.02; White County; Georgia,46,0,0,0,0,0,0,0,0,0,0,2,0,0,0,0,0,0,6,0,38,0,0,0,0,0,0,0,0,0,0,0,0,0,1809,2.542841349,13311950102
24041,1400000US13311950202,Census Tract 9502.02; White County; Georgia,36,0,0,0,0,0,0,0,0,0,0,36,0,0,0,0,0,0,0,0,0,0,0,0,0,0,0,0,0,0,0,0,0,0,2793,1.288936627,13311950202
24042,1400000US13311950204,Census Tract 9502.04; White County; Georgia,0,0,0,0,0,0,0,0,0,0,0,0,0,0,0,0,0,0,0,0,0,0,0,0,0,0,0,0,0,0,0,0,0,0,2927,0,13311950204
24043,1400000US13311950205,Census Tract 9502.05; White County; Georgia,0,0,0,0,0,0,0,0,0,0,0,0,0,0,0,0,0,0,0,0,0,0,0,0,0,0,0,0,0,0,0,0,0,0,2449,0,13311950205
24044,1400000US13311950206,Census Tract 9502.06; White County; Georgia,67,3,0,0,2,0,0,0,0,0,0,0,0,0,0,0,0,0,35,0,27,0,0,0,0,0,0,0,0,0,0,0,0,0,4407,1.5203086,13311950206
24045,1400000US13311950207,Census Tract 9502.07; White County; Georgia,20,0,0,0,0,0,0,0,0,0,0,0,0,0,0,0,0,0,20,0,0,0,0,0,0,0,0,0,0,0,0,0,0,0,4596,0.43516101,13311950207
24046,1400000US13311950301,Census Tract 9503.01; White County; Georgia,0,0,0,0,0,0,0,0,0,0,0,0,0,0,0,0,0,0,0,0,0,0,0,0,0,0,0,0,0,0,0,0,0,0,4200,0,13311950301
24047,1400000US13311950302,Census Tract 9503.02; White County; Georgia,0,0,0,0,0,0,0,0,0,0,0,0,0,0,0,0,0,0,0,0,0,0,0,0,0,0,0,0,0,0,0,0,0,0,3703,0,13311950302
24048,1400000US13313000101,Census Tract 1.01; Whitfield County; Georgia,59,0,0,0,0,0,0,0,0,0,0,0,0,0,0,0,0,0,36,0,0,0,0,0,23,0,0,0,0,0,0,0,0,0,3881,1.520226746,13313000101
24049,1400000US13313000103,Census Tract 1.03; Whitfield County; Georgia,36,0,0,0,0,0,0,0,0,0,0,0,0,0,0,0,0,0,0,0,36,0,0,0,0,0,0,0,0,0,0,0,0,0,4116,0.874635569,13313000103
24050,1400000US13313000104,Census Tract 1.04; Whitfield County; Georgia,5,0,0,0,0,0,0,0,0,0,0,5,0,0,0,0,0,0,0,0,0,0,0,0,0,0,0,0,0,0,0,0,0,0,4854,0.103007829,13313000104
24051,1400000US13313000200,Census Tract 2; Whitfield County; Georgia,0,0,0,0,0,0,0,0,0,0,0,0,0,0,0,0,0,0,0,0,0,0,0,0,0,0,0,0,0,0,0,0,0,0,4753,0,13313000200
24052,1400000US13313000301,Census Tract 3.01; Whitfield County; Georgia,121,0,0,0,0,0,0,0,0,0,0,0,0,0,0,0,0,25,0,0,21,0,0,0,58,0,0,0,0,0,0,0,17,0,3993,3.03030303,13313000301
24053,1400000US13313000303,Census Tract 3.03; Whitfield County; Georgia,0,0,0,0,0,0,0,0,0,0,0,0,0,0,0,0,0,0,0,0,0,0,0,0,0,0,0,0,0,0,0,0,0,0,4932,0,13313000303
24054,1400000US13313000304,Census Tract 3.04; Whitfield County; Georgia,0,0,0,0,0,0,0,0,0,0,0,0,0,0,0,0,0,0,0,0,0,0,0,0,0,0,0,0,0,0,0,0,0,0,3438,0,13313000304
24055,1400000US13313000401,Census Tract 4.01; Whitfield County; Georgia,34,0,0,0,0,0,0,0,0,0,0,0,0,0,0,0,0,0,0,0,0,0,0,0,0,0,0,0,0,0,0,0,0,34,7106,0.4784689,13313000401
24056,1400000US13313000402,Census Tract 4.02; Whitfield County; Georgia,72,0,0,0,0,0,0,0,0,0,0,0,0,0,0,0,0,0,72,0,0,0,0,0,0,0,0,0,0,0,0,0,0,0,1655,4.350453172,13313000402
24057,1400000US13313000501,Census Tract 5.01; Whitfield County; Georgia,390,0,0,0,84,0,0,0,0,0,0,0,0,0,0,0,0,0,215,0,91,0,0,0,0,0,0,0,0,0,0,0,0,0,4710,8.280254777,13313000501
24058,1400000US13313000502,Census Tract 5.02; Whitfield County; Georgia,68,32,0,0,31,0,0,0,0,0,0,5,0,0,0,0,0,0,0,0,0,0,0,0,0,0,0,0,0,0,0,0,0,0,7681,0.885301393,13313000502
24059,1400000US13313000600,Census Tract 6; Whitfield County; Georgia,3,0,0,0,3,0,0,0,0,0,0,0,0,0,0,0,0,0,0,0,0,0,0,0,0,0,0,0,0,0,0,0,0,0,4242,0.070721358,13313000600
24060,1400000US13313000700,Census Tract 7; Whitfield County; Georgia,51,0,0,0,0,0,0,0,0,0,0,0,0,0,0,0,0,0,0,0,51,0,0,0,0,0,0,0,0,0,0,0,0,0,4525,1.127071823,13313000700
24061,1400000US13313000801,Census Tract 8.01; Whitfield County; Georgia,52,15,0,0,0,0,0,0,0,0,0,37,0,0,0,0,0,0,0,0,0,0,0,0,0,0,0,0,0,0,0,0,0,0,2556,2.034428795,13313000801
24062,1400000US13313000802,Census Tract 8.02; Whitfield County; Georgia,286,38,0,0,0,0,0,0,0,0,0,13,0,0,0,0,0,0,0,0,235,0,0,0,0,0,0,0,0,0,0,0,0,0,4864,5.879934211,13313000802
24063,1400000US13313000900,Census Tract 9; Whitfield County; Georgia,56,0,0,0,27,0,0,0,0,0,0,4,0,0,0,0,0,0,0,0,25,0,0,0,0,0,0,0,0,0,0,0,0,0,3460,1.61849711,13313000900
24064,1400000US13313001000,Census Tract 10; Whitfield County; Georgia,109,0,0,0,68,0,0,0,0,0,0,3,0,0,0,0,0,0,38,0,0,0,0,0,0,0,0,0,0,0,0,0,0,0,3858,2.825298082,13313001000
24065,1400000US13313001100,Census Tract 11; Whitfield County; Georgia,0,0,0,0,0,0,0,0,0,0,0,0,0,0,0,0,0,0,0,0,0,0,0,0,0,0,0,0,0,0,0,0,0,0,4929,0,13313001100
24066,1400000US13313001200,Census Tract 12; Whitfield County; Georgia,0,0,0,0,0,0,0,0,0,0,0,0,0,0,0,0,0,0,0,0,0,0,0,0,0,0,0,0,0,0,0,0,0,0,6814,0,13313001200
24067,1400000US13313001300,Census Tract 13; Whitfield County; Georgia,0,0,0,0,0,0,0,0,0,0,0,0,0,0,0,0,0,0,0,0,0,0,0,0,0,0,0,0,0,0,0,0,0,0,4488,0,13313001300
24068,1400000US13313001400,Census Tract 14; Whitfield County; Georgia,220,20,0,158,0,0,0,0,0,0,0,0,0,0,0,0,0,0,20,0,22,0,0,0,0,0,0,0,0,0,0,0,0,0,6050,3.636363636,13313001400
24069,1400000US13313001500,Census Tract 15; Whitfield County; Georgia,33,25,0,0,8,0,0,0,0,0,0,0,0,0,0,0,0,0,0,0,0,0,0,0,0,0,0,0,0,0,0,0,0,0,6128,0.538511749,13313001500
24070,1400000US13315960100,Census Tract 9601; Wilcox County; Georgia,0,0,0,0,0,0,0,0,0,0,0,0,0,0,0,0,0,0,0,0,0,0,0,0,0,0,0,0,0,0,0,0,0,0,3825,0,13315960100
24071,1400000US13315960200,Census Tract 9602; Wilcox County; Georgia,0,0,0,0,0,0,0,0,0,0,0,0,0,0,0,0,0,0,0,0,0,0,0,0,0,0,0,0,0,0,0,0,0,0,1373,0,13315960200
24072,1400000US13315960300,Census Tract 9603; Wilcox County; Georgia,0,0,0,0,0,0,0,0,0,0,0,0,0,0,0,0,0,0,0,0,0,0,0,0,0,0,0,0,0,0,0,0,0,0,1517,0,13315960300
24073,1400000US13315960400,Census Tract 9604; Wilcox County; Georgia,0,0,0,0,0,0,0,0,0,0,0,0,0,0,0,0,0,0,0,0,0,0,0,0,0,0,0,0,0,0,0,0,0,0,2124,0,13315960400
24074,1400000US13317010101,Census Tract 101.01; Wilkes County; Georgia,0,0,0,0,0,0,0,0,0,0,0,0,0,0,0,0,0,0,0,0,0,0,0,0,0,0,0,0,0,0,0,0,0,0,2149,0,13317010101
24075,1400000US13317010102,Census Tract 101.02; Wilkes County; Georgia,0,0,0,0,0,0,0,0,0,0,0,0,0,0,0,0,0,0,0,0,0,0,0,0,0,0,0,0,0,0,0,0,0,0,1894,0,13317010102
24076,1400000US13317010301,Census Tract 103.01; Wilkes County; Georgia,0,0,0,0,0,0,0,0,0,0,0,0,0,0,0,0,0,0,0,0,0,0,0,0,0,0,0,0,0,0,0,0,0,0,2204,0,13317010301
24077,1400000US13317010302,Census Tract 103.02; Wilkes County; Georgia,0,0,0,0,0,0,0,0,0,0,0,0,0,0,0,0,0,0,0,0,0,0,0,0,0,0,0,0,0,0,0,0,0,0,3363,0,13317010302
24078,1400000US13319960200,Census Tract 9602; Wilkinson County; Georgia,0,0,0,0,0,0,0,0,0,0,0,0,0,0,0,0,0,0,0,0,0,0,0,0,0,0,0,0,0,0,0,0,0,0,2568,0,13319960200
24079,1400000US13319960300,Census Tract 9603; Wilkinson County; Georgia,0,0,0,0,0,0,0,0,0,0,0,0,0,0,0,0,0,0,0,0,0,0,0,0,0,0,0,0,0,0,0,0,0,0,4178,0,13319960300
24080,1400000US13319960400,Census Tract 9604; Wilkinson County; Georgia,1,0,0,0,0,0,0,0,0,0,0,0,0,0,0,0,0,0,1,0,0,0,0,0,0,0,0,0,0,0,0,0,0,0,2106,0.047483381,13319960400
24081,1400000US13321950100,Census Tract 9501; Worth County; Georgia,7,0,0,0,0,0,0,0,0,0,0,0,0,0,0,0,0,7,0,0,0,0,0,0,0,0,0,0,0,0,0,0,0,0,3223,0.217188954,13321950100
24082,1400000US13321950201,Census Tract 9502.01; Worth County; Georgia,0,0,0,0,0,0,0,0,0,0,0,0,0,0,0,0,0,0,0,0,0,0,0,0,0,0,0,0,0,0,0,0,0,0,2241,0,13321950201
24083,1400000US13321950202,Census Tract 9502.02; Worth County; Georgia,55,0,0,0,13,0,0,0,0,0,0,0,0,0,0,0,0,0,0,0,42,0,0,0,0,0,0,0,0,0,0,0,0,0,3994,1.377065598,13321950202
24084,1400000US13321950400,Census Tract 9504; Worth County; Georgia,13,0,0,0,0,0,0,0,0,0,0,11,0,0,0,0,0,0,0,0,2,0,0,0,0,0,0,0,0,0,0,0,0,0,4800,0.270833333,13321950400
24085,1400000US13321950500,Census Tract 9505; Worth County; Georgia,37,0,0,21,0,0,0,0,0,0,0,16,0,0,0,0,0,0,0,0,0,0,0,0,0,0,0,0,0,0,0,0,0,0,4293,0.861868157,13321950500
24086,1400000US13321950600,Census Tract 9506; Worth County; Georgia,67,51,0,0,0,0,0,0,0,0,0,7,0,0,0,0,0,9,0,0,0,0,0,0,0,0,0,0,0,0,0,0,0,0,2155,3.109048724,13321950600