"FIPS","Name of Area","Qualifying Name","State/U.S.-Abbreviation (USPS)","Summary Level","Geographic Component","File Identification","Logical Record Number","US","Region","Division","State (Census Code)","State (FIPS)","County","County Subdivision (FIPS)","Place (FIPS Code)","Place (State FIPS + Place FIPS)","Census Tract","Block Group","Consolidated City","American Indian Area/Alaska Native Area/Hawaiian Home Land (Census)","American Indian Area/Alaska Native Area/Hawaiian Home Land (FIPS)","American Indian Trust Land/Hawaiian Home Land Indicator","American Indian Tribal Subdivision (Census)","American Indian Tribal Subdivision (FIPS)","Alaska Native Regional Corporation (FIPS)","Metropolitan and Micropolitan Statistical Area","Combined Statistical Area","Metropolitan Division","Metropolitan Area Central City","Metropolitan/Micropolitan Indicator Flag","New England City and Town Combined Statistical Area","New England City and Town Area","New England City and Town Area Division","Urban Area","Urban Area Central Place","Current Congressional District ***","State Legislative District Upper","State Legislative District Lower","Voting District","ZIP Code Tabulation Area (3-digit)","ZIP Code Tabulation Area (5-digit)","Subbarrio (FIPS)","School District (Elementary)","School District (Secondary)","School District (Unified)","Urban/Rural","Principal City Indicator","Traffic Analysis Zone","Urban Growth Area","Public Use Microdata Area - 5% File","Public Use Microdata Area - 1% File","Geographic Identifier","Tribal Tract","Tribal Block Group","Area (Land)","Area (Water)","Population Under 18 Years of Age for Whom Poverty Status Is Determined:","Population Under 18 Years of Age for Whom Poverty Status Is Determined: Living in Poverty","Population Under 18 Years of Age for Whom Poverty Status Is Determined: At or Above Poverty Level","% Population Under 18 Years of Age for Whom Poverty Status Is Determined: Living in Poverty","% Population Under 18 Years of Age for Whom Poverty Status Is Determined: At or Above Poverty Level"
Geo_FIPS,Geo_NAME,Geo_QName,Geo_STUSAB,Geo_SUMLEV,Geo_GEOCOMP,Geo_FILEID,Geo_LOGRECNO,Geo_US,Geo_REGION,Geo_DIVISION,Geo_STATECE,Geo_STATE,Geo_COUNTY,Geo_COUSUB,Geo_PLACE,Geo_PLACESE,Geo_TRACT,Geo_BLKGRP,Geo_CONCIT,Geo_AIANHH,Geo_AIANHHFP,Geo_AIHHTLI,Geo_AITSCE,Geo_AITS,Geo_ANRC,Geo_CBSA,Geo_CSA,Geo_METDIV,Geo_MACC,Geo_MEMI,Geo_NECTA,Geo_CNECTA,Geo_NECTADIV,Geo_UA,Geo_UACP,Geo_CDCURR,Geo_SLDU,Geo_SLDL,Geo_VTD,Geo_ZCTA3,Geo_ZCTA5,Geo_SUBMCD,Geo_SDELM,Geo_SDSEC,Geo_SDUNI,Geo_UR,Geo_PCI,Geo_TAZ,Geo_UGA,Geo_PUMA5,Geo_PUMA1,Geo_GEOID,Geo_BTTR,Geo_BTBG,Geo_AREALAND,Geo_AREAWATR,SE_A13003A_001,SE_A13003A_002,SE_A13003A_003,PCT_SE_A13003A_002,PCT_SE_A13003A_003
"34001000100","Census Tract 1","Census Tract 1, Atlantic County, New Jersey","nj","140","00","ACSSF","0001398",,,,,"34","001",,,,"000100",,,,,,,,,,,,,,,,,,,,,,,,,,,,,,,,,,,"14000US34001000100",,,"1704430","466885",651,364,287,55.91,44.09
"34001000200","Census Tract 2","Census Tract 2, Atlantic County, New Jersey","nj","140","00","ACSSF","0001399",,,,,"34","001",,,,"000200",,,,,,,,,,,,,,,,,,,,,,,,,,,,,,,,,,,"14000US34001000200",,,"523378","670249",449,173,276,38.53,61.47
"34001000300","Census Tract 3","Census Tract 3, Atlantic County, New Jersey","nj","140","00","ACSSF","0001400",,,,,"34","001",,,,"000300",,,,,,,,,,,,,,,,,,,,,,,,,,,,,,,,,,,"14000US34001000300",,,"365553","45436",1076,594,482,55.2,44.8
"34001000400","Census Tract 4","Census Tract 4, Atlantic County, New Jersey","nj","140","00","ACSSF","0001401",,,,,"34","001",,,,"000400",,,,,,,,,,,,,,,,,,,,,,,,,,,,,,,,,,,"14000US34001000400",,,"676905","1019528",513,227,286,44.25,55.75
"34001000500","Census Tract 5","Census Tract 5, Atlantic County, New Jersey","nj","140","00","ACSSF","0001402",,,,,"34","001",,,,"000500",,,,,,,,,,,,,,,,,,,,,,,,,,,,,,,,,,,"14000US34001000500",,,"273704","79771",1063,496,567,46.66,53.34
"34001001100","Census Tract 11","Census Tract 11, Atlantic County, New Jersey","nj","140","00","ACSSF","0001403",,,,,"34","001",,,,"001100",,,,,,,,,,,,,,,,,,,,,,,,,,,,,,,,,,,"14000US34001001100",,,"289400","0",552,341,211,61.78,38.22
"34001001200","Census Tract 12","Census Tract 12, Atlantic County, New Jersey","nj","140","00","ACSSF","0001404",,,,,"34","001",,,,"001200",,,,,,,,,,,,,,,,,,,,,,,,,,,,,,,,,,,"14000US34001001200",,,"1202454","89040",818,435,383,53.18,46.82
"34001001300","Census Tract 13","Census Tract 13, Atlantic County, New Jersey","nj","140","00","ACSSF","0001405",,,,,"34","001",,,,"001300",,,,,,,,,,,,,,,,,,,,,,,,,,,,,,,,,,,"14000US34001001300",,,"16929572","11257745",330,146,184,44.24,55.76
"34001001400","Census Tract 14","Census Tract 14, Atlantic County, New Jersey","nj","140","00","ACSSF","0001406",,,,,"34","001",,,,"001400",,,,,,,,,,,,,,,,,,,,,,,,,,,,,,,,,,,"14000US34001001400",,,"1962732","754590",1514,1223,291,80.78,19.22
"34001001500","Census Tract 15","Census Tract 15, Atlantic County, New Jersey","nj","140","00","ACSSF","0001407",,,,,"34","001",,,,"001500",,,,,,,,,,,,,,,,,,,,,,,,,,,,,,,,,,,"14000US34001001500",,,"300088","0",317,120,197,37.85,62.15
"34001001900","Census Tract 19","Census Tract 19, Atlantic County, New Jersey","nj","140","00","ACSSF","0001408",,,,,"34","001",,,,"001900",,,,,,,,,,,,,,,,,,,,,,,,,,,,,,,,,,,"14000US34001001900",,,"279486","499303",247,139,108,56.28,43.72
"34001002300","Census Tract 23","Census Tract 23, Atlantic County, New Jersey","nj","140","00","ACSSF","0001409",,,,,"34","001",,,,"002300",,,,,,,,,,,,,,,,,,,,,,,,,,,,,,,,,,,"14000US34001002300",,,"698090","434624",759,528,231,69.57,30.43
"34001002400","Census Tract 24","Census Tract 24, Atlantic County, New Jersey","nj","140","00","ACSSF","0001410",,,,,"34","001",,,,"002400",,,,,,,,,,,,,,,,,,,,,,,,,,,,,,,,,,,"14000US34001002400",,,"1577097","902404",416,197,219,47.36,52.64
"34001002500","Census Tract 25","Census Tract 25, Atlantic County, New Jersey","nj","140","00","ACSSF","0001411",,,,,"34","001",,,,"002500",,,,,,,,,,,,,,,,,,,,,,,,,,,,,,,,,,,"14000US34001002500",,,"1086146","496767",647,274,373,42.35,57.65
"34001010101","Census Tract 101.01","Census Tract 101.01, Atlantic County, New Jersey","nj","140","00","ACSSF","0001412",,,,,"34","001",,,,"010101",,,,,,,,,,,,,,,,,,,,,,,,,,,,,,,,,,,"14000US34001010101",,,"10850936","12435412",453,20,433,4.42,95.58
"34001010102","Census Tract 101.02","Census Tract 101.02, Atlantic County, New Jersey","nj","140","00","ACSSF","0001413",,,,,"34","001",,,,"010102",,,,,,,,,,,,,,,,,,,,,,,,,,,,,,,,,,,"14000US34001010102",,,"2000187","1808973",192,61,131,31.77,68.23
"34001010104","Census Tract 101.04","Census Tract 101.04, Atlantic County, New Jersey","nj","140","00","ACSSF","0001414",,,,,"34","001",,,,"010104",,,,,,,,,,,,,,,,,,,,,,,,,,,,,,,,,,,"14000US34001010104",,,"1451784","1104417",96,6,90,6.25,93.75
"34001010105","Census Tract 101.05","Census Tract 101.05, Atlantic County, New Jersey","nj","140","00","ACSSF","0001415",,,,,"34","001",,,,"010105",,,,,,,,,,,,,,,,,,,,,,,,,,,,,,,,,,,"14000US34001010105",,,"2586555","2809690",329,173,156,52.58,47.42
"34001010200","Census Tract 102","Census Tract 102, Atlantic County, New Jersey","nj","140","00","ACSSF","0001416",,,,,"34","001",,,,"010200",,,,,,,,,,,,,,,,,,,,,,,,,,,,,,,,,,,"14000US34001010200",,,"8771592","4028342",1177,0,1177,0,100
"34001010300","Census Tract 103","Census Tract 103, Atlantic County, New Jersey","nj","140","00","ACSSF","0001417",,,,,"34","001",,,,"010300",,,,,,,,,,,,,,,,,,,,,,,,,,,,,,,,,,,"14000US34001010300",,,"5391060","500392",469,153,316,32.62,67.38
"34001010401","Census Tract 104.01","Census Tract 104.01, Atlantic County, New Jersey","nj","140","00","ACSSF","0001418",,,,,"34","001",,,,"010401",,,,,,,,,,,,,,,,,,,,,,,,,,,,,,,,,,,"14000US34001010401",,,"90576794","1287653",1070,18,1052,1.68,98.32
"34001010403","Census Tract 104.03","Census Tract 104.03, Atlantic County, New Jersey","nj","140","00","ACSSF","0001419",,,,,"34","001",,,,"010403",,,,,,,,,,,,,,,,,,,,,,,,,,,,,,,,,,,"14000US34001010403",,,"9275168","0",1394,117,1277,8.39,91.61
"34001010501","Census Tract 105.01","Census Tract 105.01, Atlantic County, New Jersey","nj","140","00","ACSSF","0001420",,,,,"34","001",,,,"010501",,,,,,,,,,,,,,,,,,,,,,,,,,,,,,,,,,,"14000US34001010501",,,"99726845","47436715",1029,9,1020,0.87,99.13
"34001010503","Census Tract 105.03","Census Tract 105.03, Atlantic County, New Jersey","nj","140","00","ACSSF","0001421",,,,,"34","001",,,,"010503",,,,,,,,,,,,,,,,,,,,,,,,,,,,,,,,,,,"14000US34001010503",,,"9471089","45313",1559,295,1264,18.92,81.08
"34001010505","Census Tract 105.05","Census Tract 105.05, Atlantic County, New Jersey","nj","140","00","ACSSF","0001422",,,,,"34","001",,,,"010505",,,,,,,,,,,,,,,,,,,,,,,,,,,,,,,,,,,"14000US34001010505",,,"22057202","17511534",423,48,375,11.35,88.65
"34001010506","Census Tract 105.06","Census Tract 105.06, Atlantic County, New Jersey","nj","140","00","ACSSF","0001423",,,,,"34","001",,,,"010506",,,,,,,,,,,,,,,,,,,,,,,,,,,,,,,,,,,"14000US34001010506",,,"11021861","218684",1052,212,840,20.15,79.85
"34001010600","Census Tract 106","Census Tract 106, Atlantic County, New Jersey","nj","140","00","ACSSF","0001424",,,,,"34","001",,,,"010600",,,,,,,,,,,,,,,,,,,,,,,,,,,,,,,,,,,"14000US34001010600",,,"28099709","1481345",963,242,721,25.13,74.87
"34001010700","Census Tract 107","Census Tract 107, Atlantic County, New Jersey","nj","140","00","ACSSF","0001425",,,,,"34","001",,,,"010700",,,,,,,,,,,,,,,,,,,,,,,,,,,,,,,,,,,"14000US34001010700",,,"146011640","1212813",1196,85,1111,7.11,92.89
"34001010800","Census Tract 108","Census Tract 108, Atlantic County, New Jersey","nj","140","00","ACSSF","0001426",,,,,"34","001",,,,"010800",,,,,,,,,,,,,,,,,,,,,,,,,,,,,,,,,,,"14000US34001010800",,,"19032969","283233",615,172,443,27.97,72.03
"34001010900","Census Tract 109","Census Tract 109, Atlantic County, New Jersey","nj","140","00","ACSSF","0001427",,,,,"34","001",,,,"010900",,,,,,,,,,,,,,,,,,,,,,,,,,,,,,,,,,,"14000US34001010900",,,"57609078","985851",1349,176,1173,13.05,86.95
"34001011000","Census Tract 110","Census Tract 110, Atlantic County, New Jersey","nj","140","00","ACSSF","0001428",,,,,"34","001",,,,"011000",,,,,,,,,,,,,,,,,,,,,,,,,,,,,,,,,,,"14000US34001011000",,,"17112186","122700",618,44,574,7.12,92.88
"34001011100","Census Tract 111","Census Tract 111, Atlantic County, New Jersey","nj","140","00","ACSSF","0001429",,,,,"34","001",,,,"011100",,,,,,,,,,,,,,,,,,,,,,,,,,,,,,,,,,,"14000US34001011100",,,"11786268","72953",731,222,509,30.37,69.63
"34001011201","Census Tract 112.01","Census Tract 112.01, Atlantic County, New Jersey","nj","140","00","ACSSF","0001430",,,,,"34","001",,,,"011201",,,,,,,,,,,,,,,,,,,,,,,,,,,,,,,,,,,"14000US34001011201",,,"21404102","634664",346,51,295,14.74,85.26
"34001011202","Census Tract 112.02","Census Tract 112.02, Atlantic County, New Jersey","nj","140","00","ACSSF","0001431",,,,,"34","001",,,,"011202",,,,,,,,,,,,,,,,,,,,,,,,,,,,,,,,,,,"14000US34001011202",,,"106395939","1297594",1561,378,1183,24.22,75.78
"34001011300","Census Tract 113","Census Tract 113, Atlantic County, New Jersey","nj","140","00","ACSSF","0001432",,,,,"34","001",,,,"011300",,,,,,,,,,,,,,,,,,,,,,,,,,,,,,,,,,,"14000US34001011300",,,"19613393","3293",1072,121,951,11.29,88.71
"34001011401","Census Tract 114.01","Census Tract 114.01, Atlantic County, New Jersey","nj","140","00","ACSSF","0001433",,,,,"34","001",,,,"011401",,,,,,,,,,,,,,,,,,,,,,,,,,,,,,,,,,,"14000US34001011401",,,"116351768","3094560",833,75,758,9,91
"34001011403","Census Tract 114.03","Census Tract 114.03, Atlantic County, New Jersey","nj","140","00","ACSSF","0001434",,,,,"34","001",,,,"011403",,,,,,,,,,,,,,,,,,,,,,,,,,,,,,,,,,,"14000US34001011403",,,"28312464","194760",1191,12,1179,1.01,98.99
"34001011404","Census Tract 114.04","Census Tract 114.04, Atlantic County, New Jersey","nj","140","00","ACSSF","0001435",,,,,"34","001",,,,"011404",,,,,,,,,,,,,,,,,,,,,,,,,,,,,,,,,,,"14000US34001011404",,,"35975472","967711",1856,303,1553,16.33,83.67
"34001011500","Census Tract 115","Census Tract 115, Atlantic County, New Jersey","nj","140","00","ACSSF","0001436",,,,,"34","001",,,,"011500",,,,,,,,,,,,,,,,,,,,,,,,,,,,,,,,,,,"14000US34001011500",,,"106577176","1049124",1775,279,1496,15.72,84.28
"34001011600","Census Tract 116","Census Tract 116, Atlantic County, New Jersey","nj","140","00","ACSSF","0001437",,,,,"34","001",,,,"011600",,,,,,,,,,,,,,,,,,,,,,,,,,,,,,,,,,,"14000US34001011600",,,"188826609","8854861",902,43,859,4.77,95.23
"34001011701","Census Tract 117.01","Census Tract 117.01, Atlantic County, New Jersey","nj","140","00","ACSSF","0001438",,,,,"34","001",,,,"011701",,,,,,,,,,,,,,,,,,,,,,,,,,,,,,,,,,,"14000US34001011701",,,"12706930","3467",2494,826,1668,33.12,66.88
"34001011702","Census Tract 117.02","Census Tract 117.02, Atlantic County, New Jersey","nj","140","00","ACSSF","0001439",,,,,"34","001",,,,"011702",,,,,,,,,,,,,,,,,,,,,,,,,,,,,,,,,,,"14000US34001011702",,,"30634925","851452",699,83,616,11.87,88.13
"34001011802","Census Tract 118.02","Census Tract 118.02, Atlantic County, New Jersey","nj","140","00","ACSSF","0001440",,,,,"34","001",,,,"011802",,,,,,,,,,,,,,,,,,,,,,,,,,,,,,,,,,,"14000US34001011802",,,"37097311","183989",4272,97,4175,2.27,97.73
"34001011803","Census Tract 118.03","Census Tract 118.03, Atlantic County, New Jersey","nj","140","00","ACSSF","0001441",,,,,"34","001",,,,"011803",,,,,,,,,,,,,,,,,,,,,,,,,,,,,,,,,,,"14000US34001011803",,,"7196280","207395",1039,274,765,26.37,73.63
"34001011804","Census Tract 118.04","Census Tract 118.04, Atlantic County, New Jersey","nj","140","00","ACSSF","0001442",,,,,"34","001",,,,"011804",,,,,,,,,,,,,,,,,,,,,,,,,,,,,,,,,,,"14000US34001011804",,,"30846296","4499753",1474,64,1410,4.34,95.66
"34001011805","Census Tract 118.05","Census Tract 118.05, Atlantic County, New Jersey","nj","140","00","ACSSF","0001443",,,,,"34","001",,,,"011805",,,,,,,,,,,,,,,,,,,,,,,,,,,,,,,,,,,"14000US34001011805",,,"38665301","1778029",486,76,410,15.64,84.36
"34001011900","Census Tract 119","Census Tract 119, Atlantic County, New Jersey","nj","140","00","ACSSF","0001444",,,,,"34","001",,,,"011900",,,,,,,,,,,,,,,,,,,,,,,,,,,,,,,,,,,"14000US34001011900",,,"4572255","2010",2148,712,1436,33.15,66.85
"34001012000","Census Tract 120","Census Tract 120, Atlantic County, New Jersey","nj","140","00","ACSSF","0001445",,,,,"34","001",,,,"012000",,,,,,,,,,,,,,,,,,,,,,,,,,,,,,,,,,,"14000US34001012000",,,"6458576","1690373",1004,461,543,45.92,54.08
"34001012100","Census Tract 121","Census Tract 121, Atlantic County, New Jersey","nj","140","00","ACSSF","0001446",,,,,"34","001",,,,"012100",,,,,,,,,,,,,,,,,,,,,,,,,,,,,,,,,,,"14000US34001012100",,,"1822935","4009472",707,377,330,53.32,46.68
"34001012200","Census Tract 122","Census Tract 122, Atlantic County, New Jersey","nj","140","00","ACSSF","0001447",,,,,"34","001",,,,"012200",,,,,,,,,,,,,,,,,,,,,,,,,,,,,,,,,,,"14000US34001012200",,,"2969336","0",1266,422,844,33.33,66.67
"34001012302","Census Tract 123.02","Census Tract 123.02, Atlantic County, New Jersey","nj","140","00","ACSSF","0001448",,,,,"34","001",,,,"012302",,,,,,,,,,,,,,,,,,,,,,,,,,,,,,,,,,,"14000US34001012302",,,"4135043","89557",834,106,728,12.71,87.29
"34001012401","Census Tract 124.01","Census Tract 124.01, Atlantic County, New Jersey","nj","140","00","ACSSF","0001449",,,,,"34","001",,,,"012401",,,,,,,,,,,,,,,,,,,,,,,,,,,,,,,,,,,"14000US34001012401",,,"3250705","0",716,143,573,19.97,80.03
"34001012402","Census Tract 124.02","Census Tract 124.02, Atlantic County, New Jersey","nj","140","00","ACSSF","0001450",,,,,"34","001",,,,"012402",,,,,,,,,,,,,,,,,,,,,,,,,,,,,,,,,,,"14000US34001012402",,,"1892796","0",409,47,362,11.49,88.51
"34001012501","Census Tract 125.01","Census Tract 125.01, Atlantic County, New Jersey","nj","140","00","ACSSF","0001451",,,,,"34","001",,,,"012501",,,,,,,,,,,,,,,,,,,,,,,,,,,,,,,,,,,"14000US34001012501",,,"1707890","114132",518,0,518,0,100
"34001012502","Census Tract 125.02","Census Tract 125.02, Atlantic County, New Jersey","nj","140","00","ACSSF","0001452",,,,,"34","001",,,,"012502",,,,,,,,,,,,,,,,,,,,,,,,,,,,,,,,,,,"14000US34001012502",,,"2050564","105122",315,4,311,1.27,98.73
"34001012602","Census Tract 126.02","Census Tract 126.02, Atlantic County, New Jersey","nj","140","00","ACSSF","0001453",,,,,"34","001",,,,"012602",,,,,,,,,,,,,,,,,,,,,,,,,,,,,,,,,,,"14000US34001012602",,,"2863333","159099",300,6,294,2,98
"34001012701","Census Tract 127.01","Census Tract 127.01, Atlantic County, New Jersey","nj","140","00","ACSSF","0001454",,,,,"34","001",,,,"012701",,,,,,,,,,,,,,,,,,,,,,,,,,,,,,,,,,,"14000US34001012701",,,"2685272","232867",648,16,632,2.47,97.53
"34001012702","Census Tract 127.02","Census Tract 127.02, Atlantic County, New Jersey","nj","140","00","ACSSF","0001455",,,,,"34","001",,,,"012702",,,,,,,,,,,,,,,,,,,,,,,,,,,,,,,,,,,"14000US34001012702",,,"2571459","939009",544,168,376,30.88,69.12
"34001012801","Census Tract 128.01","Census Tract 128.01, Atlantic County, New Jersey","nj","140","00","ACSSF","0001456",,,,,"34","001",,,,"012801",,,,,,,,,,,,,,,,,,,,,,,,,,,,,,,,,,,"14000US34001012801",,,"2538377","298747",703,112,591,15.93,84.07
"34001012802","Census Tract 128.02","Census Tract 128.02, Atlantic County, New Jersey","nj","140","00","ACSSF","0001457",,,,,"34","001",,,,"012802",,,,,,,,,,,,,,,,,,,,,,,,,,,,,,,,,,,"14000US34001012802",,,"2591956","1694760",206,22,184,10.68,89.32
"34001013000","Census Tract 130","Census Tract 130, Atlantic County, New Jersey","nj","140","00","ACSSF","0001458",,,,,"34","001",,,,"013000",,,,,,,,,,,,,,,,,,,,,,,,,,,,,,,,,,,"14000US34001013000",,,"2040559","1339295",373,20,353,5.36,94.64
"34001013101","Census Tract 131.01","Census Tract 131.01, Atlantic County, New Jersey","nj","140","00","ACSSF","0001459",,,,,"34","001",,,,"013101",,,,,,,,,,,,,,,,,,,,,,,,,,,,,,,,,,,"14000US34001013101",,,"829999","822542",143,0,143,0,100
"34001013102","Census Tract 131.02","Census Tract 131.02, Atlantic County, New Jersey","nj","140","00","ACSSF","0001460",,,,,"34","001",,,,"013102",,,,,,,,,,,,,,,,,,,,,,,,,,,,,,,,,,,"14000US34001013102",,,"797128","959115",48,13,35,27.08,72.92
"34001013201","Census Tract 132.01","Census Tract 132.01, Atlantic County, New Jersey","nj","140","00","ACSSF","0001461",,,,,"34","001",,,,"013201",,,,,,,,,,,,,,,,,,,,,,,,,,,,,,,,,,,"14000US34001013201",,,"1360584","801143",656,182,474,27.74,72.26
"34001013202","Census Tract 132.02","Census Tract 132.02, Atlantic County, New Jersey","nj","140","00","ACSSF","0001462",,,,,"34","001",,,,"013202",,,,,,,,,,,,,,,,,,,,,,,,,,,,,,,,,,,"14000US34001013202",,,"761907","629979",378,34,344,8.99,91.01
"34001013301","Census Tract 133.01","Census Tract 133.01, Atlantic County, New Jersey","nj","140","00","ACSSF","0001463",,,,,"34","001",,,,"013301",,,,,,,,,,,,,,,,,,,,,,,,,,,,,,,,,,,"14000US34001013301",,,"2029893","1873190",155,10,145,6.45,93.55
"34001013302","Census Tract 133.02","Census Tract 133.02, Atlantic County, New Jersey","nj","140","00","ACSSF","0001464",,,,,"34","001",,,,"013302",,,,,,,,,,,,,,,,,,,,,,,,,,,,,,,,,,,"14000US34001013302",,,"915664","754269",362,0,362,0,100
"34001013500","Census Tract 135","Census Tract 135, Atlantic County, New Jersey","nj","140","00","ACSSF","0001465",,,,,"34","001",,,,"013500",,,,,,,,,,,,,,,,,,,,,,,,,,,,,,,,,,,"14000US34001013500",,,"19773494","16314305",442,37,405,8.37,91.63
"34001983400","Census Tract 9834","Census Tract 9834, Atlantic County, New Jersey","nj","140","00","ACSSF","0001466",,,,,"34","001",,,,"983400",,,,,,,,,,,,,,,,,,,,,,,,,,,,,,,,,,,"14000US34001983400",,,"6846894","228790",11,0,11,0,100
"34001990000","Census Tract 9900","Census Tract 9900, Atlantic County, New Jersey","nj","140","00","ACSSF","0001467",,,,,"34","001",,,,"990000",,,,,,,,,,,,,,,,,,,,,,,,,,,,,,,,,,,"14000US34001990000",,,"0","134532010",0,0,0,,
"34003001000","Census Tract 10","Census Tract 10, Bergen County, New Jersey","nj","140","00","ACSSF","0001468",,,,,"34","003",,,,"001000",,,,,,,,,,,,,,,,,,,,,,,,,,,,,,,,,,,"14000US34003001000",,,"8021453","53624",1953,35,1918,1.79,98.21
"34003002100","Census Tract 21","Census Tract 21, Bergen County, New Jersey","nj","140","00","ACSSF","0001469",,,,,"34","003",,,,"002100",,,,,,,,,,,,,,,,,,,,,,,,,,,,,,,,,,,"14000US34003002100",,,"16578468","7309290",350,47,303,13.43,86.57
"34003002200","Census Tract 22","Census Tract 22, Bergen County, New Jersey","nj","140","00","ACSSF","0001470",,,,,"34","003",,,,"002200",,,,,,,,,,,,,,,,,,,,,,,,,,,,,,,,,,,"14000US34003002200",,,"5873393","24988",1123,102,1021,9.08,90.92
"34003002300","Census Tract 23","Census Tract 23, Bergen County, New Jersey","nj","140","00","ACSSF","0001471",,,,,"34","003",,,,"002300",,,,,,,,,,,,,,,,,,,,,,,,,,,,,,,,,,,"14000US34003002300",,,"7213197","22642",1162,53,1109,4.56,95.44
"34003003100","Census Tract 31","Census Tract 31, Bergen County, New Jersey","nj","140","00","ACSSF","0001472",,,,,"34","003",,,,"003100",,,,,,,,,,,,,,,,,,,,,,,,,,,,,,,,,,,"14000US34003003100",,,"1243260","0",1070,42,1028,3.93,96.07
"34003003200","Census Tract 32","Census Tract 32, Bergen County, New Jersey","nj","140","00","ACSSF","0001473",,,,,"34","003",,,,"003200",,,,,,,,,,,,,,,,,,,,,,,,,,,,,,,,,,,"14000US34003003200",,,"1241016","0",810,73,737,9.01,90.99
"34003003300","Census Tract 33","Census Tract 33, Bergen County, New Jersey","nj","140","00","ACSSF","0001474",,,,,"34","003",,,,"003300",,,,,,,,,,,,,,,,,,,,,,,,,,,,,,,,,,,"14000US34003003300",,,"1811281","15019",1205,101,1104,8.38,91.62
"34003003401","Census Tract 34.01","Census Tract 34.01, Bergen County, New Jersey","nj","140","00","ACSSF","0001475",,,,,"34","003",,,,"003401",,,,,,,,,,,,,,,,,,,,,,,,,,,,,,,,,,,"14000US34003003401",,,"755382","0",769,0,769,0,100
"34003003402","Census Tract 34.02","Census Tract 34.02, Bergen County, New Jersey","nj","140","00","ACSSF","0001476",,,,,"34","003",,,,"003402",,,,,,,,,,,,,,,,,,,,,,,,,,,,,,,,,,,"14000US34003003402",,,"1052665","0",1271,0,1271,0,100
"34003003500","Census Tract 35","Census Tract 35, Bergen County, New Jersey","nj","140","00","ACSSF","0001477",,,,,"34","003",,,,"003500",,,,,,,,,,,,,,,,,,,,,,,,,,,,,,,,,,,"14000US34003003500",,,"1418062","9362",936,99,837,10.58,89.42
"34003004001","Census Tract 40.01","Census Tract 40.01, Bergen County, New Jersey","nj","140","00","ACSSF","0001478",,,,,"34","003",,,,"004001",,,,,,,,,,,,,,,,,,,,,,,,,,,,,,,,,,,"14000US34003004001",,,"844191","30480",710,132,578,18.59,81.41
"34003004002","Census Tract 40.02","Census Tract 40.02, Bergen County, New Jersey","nj","140","00","ACSSF","0001479",,,,,"34","003",,,,"004002",,,,,,,,,,,,,,,,,,,,,,,,,,,,,,,,,,,"14000US34003004002",,,"1110295","78542",872,44,828,5.05,94.95
"34003005000","Census Tract 50","Census Tract 50, Bergen County, New Jersey","nj","140","00","ACSSF","0001480",,,,,"34","003",,,,"005000",,,,,,,,,,,,,,,,,,,,,,,,,,,,,,,,,,,"14000US34003005000",,,"10221577","674547",1169,0,1169,0,100
"34003006100","Census Tract 61","Census Tract 61, Bergen County, New Jersey","nj","140","00","ACSSF","0001481",,,,,"34","003",,,,"006100",,,,,,,,,,,,,,,,,,,,,,,,,,,,,,,,,,,"14000US34003006100",,,"770492","0",949,33,916,3.48,96.52
"34003006201","Census Tract 62.01","Census Tract 62.01, Bergen County, New Jersey","nj","140","00","ACSSF","0001482",,,,,"34","003",,,,"006201",,,,,,,,,,,,,,,,,,,,,,,,,,,,,,,,,,,"14000US34003006201",,,"637235","0",489,56,433,11.45,88.55
"34003006202","Census Tract 62.02","Census Tract 62.02, Bergen County, New Jersey","nj","140","00","ACSSF","0001483",,,,,"34","003",,,,"006202",,,,,,,,,,,,,,,,,,,,,,,,,,,,,,,,,,,"14000US34003006202",,,"331140","0",765,33,732,4.31,95.69
"34003006300","Census Tract 63","Census Tract 63, Bergen County, New Jersey","nj","140","00","ACSSF","0001484",,,,,"34","003",,,,"006300",,,,,,,,,,,,,,,,,,,,,,,,,,,,,,,,,,,"14000US34003006300",,,"736569","0",1507,468,1039,31.06,68.94
"34003007001","Census Tract 70.01","Census Tract 70.01, Bergen County, New Jersey","nj","140","00","ACSSF","0001485",,,,,"34","003",,,,"007001",,,,,,,,,,,,,,,,,,,,,,,,,,,,,,,,,,,"14000US34003007001",,,"3529447","356174",838,22,816,2.63,97.37
"34003007002","Census Tract 70.02","Census Tract 70.02, Bergen County, New Jersey","nj","140","00","ACSSF","0001486",,,,,"34","003",,,,"007002",,,,,,,,,,,,,,,,,,,,,,,,,,,,,,,,,,,"14000US34003007002",,,"4655526","11144",1223,60,1163,4.91,95.09
"34003008000","Census Tract 80","Census Tract 80, Bergen County, New Jersey","nj","140","00","ACSSF","0001487",,,,,"34","003",,,,"008000",,,,,,,,,,,,,,,,,,,,,,,,,,,,,,,,,,,"14000US34003008000",,,"5347559","12803",2400,84,2316,3.5,96.5
"34003009100","Census Tract 91","Census Tract 91, Bergen County, New Jersey","nj","140","00","ACSSF","0001488",,,,,"34","003",,,,"009100",,,,,,,,,,,,,,,,,,,,,,,,,,,,,,,,,,,"14000US34003009100",,,"5365613","19159",1281,18,1263,1.41,98.59
"34003009200","Census Tract 92","Census Tract 92, Bergen County, New Jersey","nj","140","00","ACSSF","0001489",,,,,"34","003",,,,"009200",,,,,,,,,,,,,,,,,,,,,,,,,,,,,,,,,,,"14000US34003009200",,,"5017376","1031160",898,0,898,0,100
"34003010100","Census Tract 101","Census Tract 101, Bergen County, New Jersey","nj","140","00","ACSSF","0001490",,,,,"34","003",,,,"010100",,,,,,,,,,,,,,,,,,,,,,,,,,,,,,,,,,,"14000US34003010100",,,"1768873","0",1166,34,1132,2.92,97.08
"34003010200","Census Tract 102","Census Tract 102, Bergen County, New Jersey","nj","140","00","ACSSF","0001491",,,,,"34","003",,,,"010200",,,,,,,,,,,,,,,,,,,,,,,,,,,,,,,,,,,"14000US34003010200",,,"1013292","0",883,131,752,14.84,85.16
"34003010300","Census Tract 103","Census Tract 103, Bergen County, New Jersey","nj","140","00","ACSSF","0001492",,,,,"34","003",,,,"010300",,,,,,,,,,,,,,,,,,,,,,,,,,,,,,,,,,,"14000US34003010300",,,"2266761","7228",1478,62,1416,4.19,95.81
"34003011100","Census Tract 111","Census Tract 111, Bergen County, New Jersey","nj","140","00","ACSSF","0001493",,,,,"34","003",,,,"011100",,,,,,,,,,,,,,,,,,,,,,,,,,,,,,,,,,,"14000US34003011100",,,"1294769","41454",834,0,834,0,100
"34003011200","Census Tract 112","Census Tract 112, Bergen County, New Jersey","nj","140","00","ACSSF","0001494",,,,,"34","003",,,,"011200",,,,,,,,,,,,,,,,,,,,,,,,,,,,,,,,,,,"14000US34003011200",,,"1142138","64419",1317,218,1099,16.55,83.45
"34003011300","Census Tract 113","Census Tract 113, Bergen County, New Jersey","nj","140","00","ACSSF","0001495",,,,,"34","003",,,,"011300",,,,,,,,,,,,,,,,,,,,,,,,,,,,,,,,,,,"14000US34003011300",,,"2100017","105212",882,122,760,13.83,86.17
"34003011400","Census Tract 114","Census Tract 114, Bergen County, New Jersey","nj","140","00","ACSSF","0001496",,,,,"34","003",,,,"011400",,,,,,,,,,,,,,,,,,,,,,,,,,,,,,,,,,,"14000US34003011400",,,"2308182","0",1353,162,1191,11.97,88.03
"34003012001","Census Tract 120.01","Census Tract 120.01, Bergen County, New Jersey","nj","140","00","ACSSF","0001497",,,,,"34","003",,,,"012001",,,,,,,,,,,,,,,,,,,,,,,,,,,,,,,,,,,"14000US34003012001",,,"8675793","820243",1109,197,912,17.76,82.24
"34003012002","Census Tract 120.02","Census Tract 120.02, Bergen County, New Jersey","nj","140","00","ACSSF","0001498",,,,,"34","003",,,,"012002",,,,,,,,,,,,,,,,,,,,,,,,,,,,,,,,,,,"14000US34003012002",,,"936987","32221",591,7,584,1.18,98.82
"34003013001","Census Tract 130.01","Census Tract 130.01, Bergen County, New Jersey","nj","140","00","ACSSF","0001499",,,,,"34","003",,,,"013001",,,,,,,,,,,,,,,,,,,,,,,,,,,,,,,,,,,"14000US34003013001",,,"1339746","1895405",1198,117,1081,9.77,90.23
"34003013002","Census Tract 130.02","Census Tract 130.02, Bergen County, New Jersey","nj","140","00","ACSSF","0001500",,,,,"34","003",,,,"013002",,,,,,,,,,,,,,,,,,,,,,,,,,,,,,,,,,,"14000US34003013002",,,"1175283","1948755",1074,68,1006,6.33,93.67
"34003014000","Census Tract 140","Census Tract 140, Bergen County, New Jersey","nj","140","00","ACSSF","0001501",,,,,"34","003",,,,"014000",,,,,,,,,,,,,,,,,,,,,,,,,,,,,,,,,,,"14000US34003014000",,,"5778033","493201",1789,130,1659,7.27,92.73
"34003015100","Census Tract 151","Census Tract 151, Bergen County, New Jersey","nj","140","00","ACSSF","0001502",,,,,"34","003",,,,"015100",,,,,,,,,,,,,,,,,,,,,,,,,,,,,,,,,,,"14000US34003015100",,,"2846369","0",939,0,939,0,100
"34003015200","Census Tract 152","Census Tract 152, Bergen County, New Jersey","nj","140","00","ACSSF","0001503",,,,,"34","003",,,,"015200",,,,,,,,,,,,,,,,,,,,,,,,,,,,,,,,,,,"14000US34003015200",,,"2026199","5573",1275,214,1061,16.78,83.22
"34003015300","Census Tract 153","Census Tract 153, Bergen County, New Jersey","nj","140","00","ACSSF","0001504",,,,,"34","003",,,,"015300",,,,,,,,,,,,,,,,,,,,,,,,,,,,,,,,,,,"14000US34003015300",,,"1603857","0",1151,349,802,30.32,69.68
"34003015400","Census Tract 154","Census Tract 154, Bergen County, New Jersey","nj","140","00","ACSSF","0001505",,,,,"34","003",,,,"015400",,,,,,,,,,,,,,,,,,,,,,,,,,,,,,,,,,,"14000US34003015400",,,"2575491","32317",1027,138,889,13.44,86.56
"34003015500","Census Tract 155","Census Tract 155, Bergen County, New Jersey","nj","140","00","ACSSF","0001506",,,,,"34","003",,,,"015500",,,,,,,,,,,,,,,,,,,,,,,,,,,,,,,,,,,"14000US34003015500",,,"3704990","21986",1598,326,1272,20.4,79.6
"34003016000","Census Tract 160","Census Tract 160, Bergen County, New Jersey","nj","140","00","ACSSF","0001507",,,,,"34","003",,,,"016000",,,,,,,,,,,,,,,,,,,,,,,,,,,,,,,,,,,"14000US34003016000",,,"5506593","3223028",1280,0,1280,0,100
"34003017100","Census Tract 171","Census Tract 171, Bergen County, New Jersey","nj","140","00","ACSSF","0001508",,,,,"34","003",,,,"017100",,,,,,,,,,,,,,,,,,,,,,,,,,,,,,,,,,,"14000US34003017100",,,"2712423","15180",1561,0,1561,0,100
"34003017200","Census Tract 172","Census Tract 172, Bergen County, New Jersey","nj","140","00","ACSSF","0001509",,,,,"34","003",,,,"017200",,,,,,,,,,,,,,,,,,,,,,,,,,,,,,,,,,,"14000US34003017200",,,"3192013","49378",1117,40,1077,3.58,96.42
"34003017300","Census Tract 173","Census Tract 173, Bergen County, New Jersey","nj","140","00","ACSSF","0001510",,,,,"34","003",,,,"017300",,,,,,,,,,,,,,,,,,,,,,,,,,,,,,,,,,,"14000US34003017300",,,"2115143","70617",1400,41,1359,2.93,97.07
"34003017400","Census Tract 174","Census Tract 174, Bergen County, New Jersey","nj","140","00","ACSSF","0001511",,,,,"34","003",,,,"017400",,,,,,,,,,,,,,,,,,,,,,,,,,,,,,,,,,,"14000US34003017400",,,"2429905","88665",1266,9,1257,0.71,99.29
"34003017500","Census Tract 175","Census Tract 175, Bergen County, New Jersey","nj","140","00","ACSSF","0001512",,,,,"34","003",,,,"017500",,,,,,,,,,,,,,,,,,,,,,,,,,,,,,,,,,,"14000US34003017500",,,"2850223","6158",2009,43,1966,2.14,97.86
"34003018100","Census Tract 181","Census Tract 181, Bergen County, New Jersey","nj","140","00","ACSSF","0001513",,,,,"34","003",,,,"018100",,,,,,,,,,,,,,,,,,,,,,,,,,,,,,,,,,,"14000US34003018100",,,"590364","0",1180,73,1107,6.19,93.81
"34003018200","Census Tract 182","Census Tract 182, Bergen County, New Jersey","nj","140","00","ACSSF","0001514",,,,,"34","003",,,,"018200",,,,,,,,,,,,,,,,,,,,,,,,,,,,,,,,,,,"14000US34003018200",,,"1594710","4243",1307,177,1130,13.54,86.46
"34003019102","Census Tract 191.02","Census Tract 191.02, Bergen County, New Jersey","nj","140","00","ACSSF","0001515",,,,,"34","003",,,,"019102",,,,,,,,,,,,,,,,,,,,,,,,,,,,,,,,,,,"14000US34003019102",,,"827541","617961",675,121,554,17.93,82.07
"34003019103","Census Tract 191.03","Census Tract 191.03, Bergen County, New Jersey","nj","140","00","ACSSF","0001516",,,,,"34","003",,,,"019103",,,,,,,,,,,,,,,,,,,,,,,,,,,,,,,,,,,"14000US34003019103",,,"823313","0",767,19,748,2.48,97.52
"34003019104","Census Tract 191.04","Census Tract 191.04, Bergen County, New Jersey","nj","140","00","ACSSF","0001517",,,,,"34","003",,,,"019104",,,,,,,,,,,,,,,,,,,,,,,,,,,,,,,,,,,"14000US34003019104",,,"582913","0",829,169,660,20.39,79.61
"34003019202","Census Tract 192.02","Census Tract 192.02, Bergen County, New Jersey","nj","140","00","ACSSF","0001518",,,,,"34","003",,,,"019202",,,,,,,,,,,,,,,,,,,,,,,,,,,,,,,,,,,"14000US34003019202",,,"753947","297856",376,76,300,20.21,79.79
"34003019203","Census Tract 192.03","Census Tract 192.03, Bergen County, New Jersey","nj","140","00","ACSSF","0001519",,,,,"34","003",,,,"019203",,,,,,,,,,,,,,,,,,,,,,,,,,,,,,,,,,,"14000US34003019203",,,"278930","0",339,59,280,17.4,82.6
"34003019204","Census Tract 192.04","Census Tract 192.04, Bergen County, New Jersey","nj","140","00","ACSSF","0001520",,,,,"34","003",,,,"019204",,,,,,,,,,,,,,,,,,,,,,,,,,,,,,,,,,,"14000US34003019204",,,"438868","0",530,125,405,23.58,76.42
"34003019303","Census Tract 193.03","Census Tract 193.03, Bergen County, New Jersey","nj","140","00","ACSSF","0001521",,,,,"34","003",,,,"019303",,,,,,,,,,,,,,,,,,,,,,,,,,,,,,,,,,,"14000US34003019303",,,"888917","0",965,46,919,4.77,95.23
"34003019304","Census Tract 193.04","Census Tract 193.04, Bergen County, New Jersey","nj","140","00","ACSSF","0001522",,,,,"34","003",,,,"019304",,,,,,,,,,,,,,,,,,,,,,,,,,,,,,,,,,,"14000US34003019304",,,"570360","0",529,69,460,13.04,86.96
"34003019305","Census Tract 193.05","Census Tract 193.05, Bergen County, New Jersey","nj","140","00","ACSSF","0001523",,,,,"34","003",,,,"019305",,,,,,,,,,,,,,,,,,,,,,,,,,,,,,,,,,,"14000US34003019305",,,"785454","0",788,201,587,25.51,74.49
"34003019306","Census Tract 193.06","Census Tract 193.06, Bergen County, New Jersey","nj","140","00","ACSSF","0001524",,,,,"34","003",,,,"019306",,,,,,,,,,,,,,,,,,,,,,,,,,,,,,,,,,,"14000US34003019306",,,"570427","0",338,21,317,6.21,93.79
"34003020100","Census Tract 201","Census Tract 201, Bergen County, New Jersey","nj","140","00","ACSSF","0001525",,,,,"34","003",,,,"020100",,,,,,,,,,,,,,,,,,,,,,,,,,,,,,,,,,,"14000US34003020100",,,"9808960","215293",882,0,882,0,100
"34003020200","Census Tract 202","Census Tract 202, Bergen County, New Jersey","nj","140","00","ACSSF","0001526",,,,,"34","003",,,,"020200",,,,,,,,,,,,,,,,,,,,,,,,,,,,,,,,,,,"14000US34003020200",,,"14574179","998928",1548,0,1548,0,100
"34003021100","Census Tract 211","Census Tract 211, Bergen County, New Jersey","nj","140","00","ACSSF","0001527",,,,,"34","003",,,,"021100",,,,,,,,,,,,,,,,,,,,,,,,,,,,,,,,,,,"14000US34003021100",,,"1065662","0",1268,316,952,24.92,75.08
"34003021200","Census Tract 212","Census Tract 212, Bergen County, New Jersey","nj","140","00","ACSSF","0001528",,,,,"34","003",,,,"021200",,,,,,,,,,,,,,,,,,,,,,,,,,,,,,,,,,,"14000US34003021200",,,"1151985","124410",1168,177,991,15.15,84.85
"34003021300","Census Tract 213","Census Tract 213, Bergen County, New Jersey","nj","140","00","ACSSF","0001529",,,,,"34","003",,,,"021300",,,,,,,,,,,,,,,,,,,,,,,,,,,,,,,,,,,"14000US34003021300",,,"809184","0",1032,208,824,20.16,79.84
"34003021400","Census Tract 214","Census Tract 214, Bergen County, New Jersey","nj","140","00","ACSSF","0001530",,,,,"34","003",,,,"021400",,,,,,,,,,,,,,,,,,,,,,,,,,,,,,,,,,,"14000US34003021400",,,"1005082","12318",1080,251,829,23.24,76.76
"34003021500","Census Tract 215","Census Tract 215, Bergen County, New Jersey","nj","140","00","ACSSF","0001531",,,,,"34","003",,,,"021500",,,,,,,,,,,,,,,,,,,,,,,,,,,,,,,,,,,"14000US34003021500",,,"905376","29542",1325,485,840,36.6,63.4
"34003021600","Census Tract 216","Census Tract 216, Bergen County, New Jersey","nj","140","00","ACSSF","0001532",,,,,"34","003",,,,"021600",,,,,,,,,,,,,,,,,,,,,,,,,,,,,,,,,,,"14000US34003021600",,,"530281","41023",1190,337,853,28.32,71.68
"34003022100","Census Tract 221","Census Tract 221, Bergen County, New Jersey","nj","140","00","ACSSF","0001533",,,,,"34","003",,,,"022100",,,,,,,,,,,,,,,,,,,,,,,,,,,,,,,,,,,"14000US34003022100",,,"2164566","6367",1178,23,1155,1.95,98.05
"34003022200","Census Tract 222","Census Tract 222, Bergen County, New Jersey","nj","140","00","ACSSF","0001534",,,,,"34","003",,,,"022200",,,,,,,,,,,,,,,,,,,,,,,,,,,,,,,,,,,"14000US34003022200",,,"4837392","29816",2314,117,2197,5.06,94.94
"34003023100","Census Tract 231","Census Tract 231, Bergen County, New Jersey","nj","140","00","ACSSF","0001535",,,,,"34","003",,,,"023100",,,,,,,,,,,,,,,,,,,,,,,,,,,,,,,,,,,"14000US34003023100",,,"2567224","262832",635,249,386,39.21,60.79
"34003023200","Census Tract 232","Census Tract 232, Bergen County, New Jersey","nj","140","00","ACSSF","0001536",,,,,"34","003",,,,"023200",,,,,,,,,,,,,,,,,,,,,,,,,,,,,,,,,,,"14000US34003023200",,,"1309387","0",1092,186,906,17.03,82.97
"34003023301","Census Tract 233.01","Census Tract 233.01, Bergen County, New Jersey","nj","140","00","ACSSF","0001537",,,,,"34","003",,,,"023301",,,,,,,,,,,,,,,,,,,,,,,,,,,,,,,,,,,"14000US34003023301",,,"1087398","0",485,0,485,0,100
"34003023302","Census Tract 233.02","Census Tract 233.02, Bergen County, New Jersey","nj","140","00","ACSSF","0001538",,,,,"34","003",,,,"023302",,,,,,,,,,,,,,,,,,,,,,,,,,,,,,,,,,,"14000US34003023302",,,"585293","0",679,27,652,3.98,96.02
"34003023401","Census Tract 234.01","Census Tract 234.01, Bergen County, New Jersey","nj","140","00","ACSSF","0001539",,,,,"34","003",,,,"023401",,,,,,,,,,,,,,,,,,,,,,,,,,,,,,,,,,,"14000US34003023401",,,"434091","0",927,199,728,21.47,78.53
"34003023402","Census Tract 234.02","Census Tract 234.02, Bergen County, New Jersey","nj","140","00","ACSSF","0001540",,,,,"34","003",,,,"023402",,,,,,,,,,,,,,,,,,,,,,,,,,,,,,,,,,,"14000US34003023402",,,"1523459","8691",976,143,833,14.65,85.35
"34003023501","Census Tract 235.01","Census Tract 235.01, Bergen County, New Jersey","nj","140","00","ACSSF","0001541",,,,,"34","003",,,,"023501",,,,,,,,,,,,,,,,,,,,,,,,,,,,,,,,,,,"14000US34003023501",,,"646121","0",631,86,545,13.63,86.37
"34003023502","Census Tract 235.02","Census Tract 235.02, Bergen County, New Jersey","nj","140","00","ACSSF","0001542",,,,,"34","003",,,,"023502",,,,,,,,,,,,,,,,,,,,,,,,,,,,,,,,,,,"14000US34003023502",,,"602144","0",985,98,887,9.95,90.05
"34003023601","Census Tract 236.01","Census Tract 236.01, Bergen County, New Jersey","nj","140","00","ACSSF","0001543",,,,,"34","003",,,,"023601",,,,,,,,,,,,,,,,,,,,,,,,,,,,,,,,,,,"14000US34003023601",,,"1003461","47659",372,120,252,32.26,67.74
"34003023602","Census Tract 236.02","Census Tract 236.02, Bergen County, New Jersey","nj","140","00","ACSSF","0001544",,,,,"34","003",,,,"023602",,,,,,,,,,,,,,,,,,,,,,,,,,,,,,,,,,,"14000US34003023602",,,"1096822","90882",1030,303,727,29.42,70.58
"34003024100","Census Tract 241","Census Tract 241, Bergen County, New Jersey","nj","140","00","ACSSF","0001545",,,,,"34","003",,,,"024100",,,,,,,,,,,,,,,,,,,,,,,,,,,,,,,,,,,"14000US34003024100",,,"8586631","2195765",1431,134,1297,9.36,90.64
"34003024200","Census Tract 242","Census Tract 242, Bergen County, New Jersey","nj","140","00","ACSSF","0001546",,,,,"34","003",,,,"024200",,,,,,,,,,,,,,,,,,,,,,,,,,,,,,,,,,,"14000US34003024200",,,"4779996","563028",1316,188,1128,14.29,85.71
"34003025100","Census Tract 251","Census Tract 251, Bergen County, New Jersey","nj","140","00","ACSSF","0001547",,,,,"34","003",,,,"025100",,,,,,,,,,,,,,,,,,,,,,,,,,,,,,,,,,,"14000US34003025100",,,"2328092","8738",1266,324,942,25.59,74.41
"34003025200","Census Tract 252","Census Tract 252, Bergen County, New Jersey","nj","140","00","ACSSF","0001548",,,,,"34","003",,,,"025200",,,,,,,,,,,,,,,,,,,,,,,,,,,,,,,,,,,"14000US34003025200",,,"1617448","0",1142,16,1126,1.4,98.6
"34003026100","Census Tract 261","Census Tract 261, Bergen County, New Jersey","nj","140","00","ACSSF","0001549",,,,,"34","003",,,,"026100",,,,,,,,,,,,,,,,,,,,,,,,,,,,,,,,,,,"14000US34003026100",,,"3143670","8536",1097,15,1082,1.37,98.63
"34003026200","Census Tract 262","Census Tract 262, Bergen County, New Jersey","nj","140","00","ACSSF","0001550",,,,,"34","003",,,,"026200",,,,,,,,,,,,,,,,,,,,,,,,,,,,,,,,,,,"14000US34003026200",,,"4371597","82239",1394,60,1334,4.3,95.7
"34003027000","Census Tract 270","Census Tract 270, Bergen County, New Jersey","nj","140","00","ACSSF","0001551",,,,,"34","003",,,,"027000",,,,,,,,,,,,,,,,,,,,,,,,,,,,,,,,,,,"14000US34003027000",,,"4505070","27286",1201,0,1201,0,100
"34003028001","Census Tract 280.01","Census Tract 280.01, Bergen County, New Jersey","nj","140","00","ACSSF","0001552",,,,,"34","003",,,,"028001",,,,,,,,,,,,,,,,,,,,,,,,,,,,,,,,,,,"14000US34003028001",,,"2458444","273534",1238,95,1143,7.67,92.33
"34003028002","Census Tract 280.02","Census Tract 280.02, Bergen County, New Jersey","nj","140","00","ACSSF","0001553",,,,,"34","003",,,,"028002",,,,,,,,,,,,,,,,,,,,,,,,,,,,,,,,,,,"14000US34003028002",,,"1486435","0",751,36,715,4.79,95.21
"34003029100","Census Tract 291","Census Tract 291, Bergen County, New Jersey","nj","140","00","ACSSF","0001554",,,,,"34","003",,,,"029100",,,,,,,,,,,,,,,,,,,,,,,,,,,,,,,,,,,"14000US34003029100",,,"1048633","93531",585,57,528,9.74,90.26
"34003029200","Census Tract 292","Census Tract 292, Bergen County, New Jersey","nj","140","00","ACSSF","0001555",,,,,"34","003",,,,"029200",,,,,,,,,,,,,,,,,,,,,,,,,,,,,,,,,,,"14000US34003029200",,,"2776970","401664",1056,153,903,14.49,85.51
"34003030100","Census Tract 301","Census Tract 301, Bergen County, New Jersey","nj","140","00","ACSSF","0001556",,,,,"34","003",,,,"030100",,,,,,,,,,,,,,,,,,,,,,,,,,,,,,,,,,,"14000US34003030100",,,"2177566","0",1276,219,1057,17.16,82.84
"34003030200","Census Tract 302","Census Tract 302, Bergen County, New Jersey","nj","140","00","ACSSF","0001557",,,,,"34","003",,,,"030200",,,,,,,,,,,,,,,,,,,,,,,,,,,,,,,,,,,"14000US34003030200",,,"1424391","24860",1336,104,1232,7.78,92.22
"34003030300","Census Tract 303","Census Tract 303, Bergen County, New Jersey","nj","140","00","ACSSF","0001558",,,,,"34","003",,,,"030300",,,,,,,,,,,,,,,,,,,,,,,,,,,,,,,,,,,"14000US34003030300",,,"1063126","20362",900,184,716,20.44,79.56
"34003030400","Census Tract 304","Census Tract 304, Bergen County, New Jersey","nj","140","00","ACSSF","0001559",,,,,"34","003",,,,"030400",,,,,,,,,,,,,,,,,,,,,,,,,,,,,,,,,,,"14000US34003030400",,,"1219940","0",1062,144,918,13.56,86.44
"34003031100","Census Tract 311","Census Tract 311, Bergen County, New Jersey","nj","140","00","ACSSF","0001560",,,,,"34","003",,,,"031100",,,,,,,,,,,,,,,,,,,,,,,,,,,,,,,,,,,"14000US34003031100",,,"8186427","847264",1067,19,1048,1.78,98.22
"34003031200","Census Tract 312","Census Tract 312, Bergen County, New Jersey","nj","140","00","ACSSF","0001561",,,,,"34","003",,,,"031200",,,,,,,,,,,,,,,,,,,,,,,,,,,,,,,,,,,"14000US34003031200",,,"1073798","36896",811,136,675,16.77,83.23
"34003031300","Census Tract 313","Census Tract 313, Bergen County, New Jersey","nj","140","00","ACSSF","0001562",,,,,"34","003",,,,"031300",,,,,,,,,,,,,,,,,,,,,,,,,,,,,,,,,,,"14000US34003031300",,,"1374674","101209",1032,1,1031,0.1,99.9
"34003031400","Census Tract 314","Census Tract 314, Bergen County, New Jersey","nj","140","00","ACSSF","0001563",,,,,"34","003",,,,"031400",,,,,,,,,,,,,,,,,,,,,,,,,,,,,,,,,,,"14000US34003031400",,,"1238703","0",1058,62,996,5.86,94.14
"34003032102","Census Tract 321.02","Census Tract 321.02, Bergen County, New Jersey","nj","140","00","ACSSF","0001564",,,,,"34","003",,,,"032102",,,,,,,,,,,,,,,,,,,,,,,,,,,,,,,,,,,"14000US34003032102",,,"15242941","229844",1402,0,1402,0,100
"34003032103","Census Tract 321.03","Census Tract 321.03, Bergen County, New Jersey","nj","140","00","ACSSF","0001565",,,,,"34","003",,,,"032103",,,,,,,,,,,,,,,,,,,,,,,,,,,,,,,,,,,"14000US34003032103",,,"4736300","3762",964,58,906,6.02,93.98
"34003032104","Census Tract 321.04","Census Tract 321.04, Bergen County, New Jersey","nj","140","00","ACSSF","0001566",,,,,"34","003",,,,"032104",,,,,,,,,,,,,,,,,,,,,,,,,,,,,,,,,,,"14000US34003032104",,,"36245079","959723",521,58,463,11.13,88.87
"34003032201","Census Tract 322.01","Census Tract 322.01, Bergen County, New Jersey","nj","140","00","ACSSF","0001567",,,,,"34","003",,,,"032201",,,,,,,,,,,,,,,,,,,,,,,,,,,,,,,,,,,"14000US34003032201",,,"5644326","27494",987,0,987,0,100
"34003032202","Census Tract 322.02","Census Tract 322.02, Bergen County, New Jersey","nj","140","00","ACSSF","0001568",,,,,"34","003",,,,"032202",,,,,,,,,,,,,,,,,,,,,,,,,,,,,,,,,,,"14000US34003032202",,,"3896056","52082",1157,190,967,16.42,83.58
"34003033100","Census Tract 331","Census Tract 331, Bergen County, New Jersey","nj","140","00","ACSSF","0001569",,,,,"34","003",,,,"033100",,,,,,,,,,,,,,,,,,,,,,,,,,,,,,,,,,,"14000US34003033100",,,"1233991","0",732,0,732,0,100
"34003033200","Census Tract 332","Census Tract 332, Bergen County, New Jersey","nj","140","00","ACSSF","0001570",,,,,"34","003",,,,"033200",,,,,,,,,,,,,,,,,,,,,,,,,,,,,,,,,,,"14000US34003033200",,,"1241283","5141",466,25,441,5.36,94.64
"34003033300","Census Tract 333","Census Tract 333, Bergen County, New Jersey","nj","140","00","ACSSF","0001571",,,,,"34","003",,,,"033300",,,,,,,,,,,,,,,,,,,,,,,,,,,,,,,,,,,"14000US34003033300",,,"857241","0",699,14,685,2,98
"34003034000","Census Tract 340","Census Tract 340, Bergen County, New Jersey","nj","140","00","ACSSF","0001572",,,,,"34","003",,,,"034000",,,,,,,,,,,,,,,,,,,,,,,,,,,,,,,,,,,"14000US34003034000",,,"4068252","21022",1713,127,1586,7.41,92.59
"34003035100","Census Tract 351","Census Tract 351, Bergen County, New Jersey","nj","140","00","ACSSF","0001573",,,,,"34","003",,,,"035100",,,,,,,,,,,,,,,,,,,,,,,,,,,,,,,,,,,"14000US34003035100",,,"10419918","25132",2097,261,1836,12.45,87.55
"34003035200","Census Tract 352","Census Tract 352, Bergen County, New Jersey","nj","140","00","ACSSF","0001574",,,,,"34","003",,,,"035200",,,,,,,,,,,,,,,,,,,,,,,,,,,,,,,,,,,"14000US34003035200",,,"8744040","445072",1337,12,1325,0.9,99.1
"34003036100","Census Tract 361","Census Tract 361, Bergen County, New Jersey","nj","140","00","ACSSF","0001575",,,,,"34","003",,,,"036100",,,,,,,,,,,,,,,,,,,,,,,,,,,,,,,,,,,"14000US34003036100",,,"4228847","9737",501,96,405,19.16,80.84
"34003036200","Census Tract 362","Census Tract 362, Bergen County, New Jersey","nj","140","00","ACSSF","0001576",,,,,"34","003",,,,"036200",,,,,,,,,,,,,,,,,,,,,,,,,,,,,,,,,,,"14000US34003036200",,,"4775015","108396",642,82,560,12.77,87.23
"34003037100","Census Tract 371","Census Tract 371, Bergen County, New Jersey","nj","140","00","ACSSF","0001577",,,,,"34","003",,,,"037100",,,,,,,,,,,,,,,,,,,,,,,,,,,,,,,,,,,"14000US34003037100",,,"2135433","63174",1306,55,1251,4.21,95.79
"34003037201","Census Tract 372.01","Census Tract 372.01, Bergen County, New Jersey","nj","140","00","ACSSF","0001578",,,,,"34","003",,,,"037201",,,,,,,,,,,,,,,,,,,,,,,,,,,,,,,,,,,"14000US34003037201",,,"1521544","12963",810,70,740,8.64,91.36
"34003037202","Census Tract 372.02","Census Tract 372.02, Bergen County, New Jersey","nj","140","00","ACSSF","0001579",,,,,"34","003",,,,"037202",,,,,,,,,,,,,,,,,,,,,,,,,,,,,,,,,,,"14000US34003037202",,,"2255741","27134",1263,127,1136,10.06,89.94
"34003038100","Census Tract 381","Census Tract 381, Bergen County, New Jersey","nj","140","00","ACSSF","0001580",,,,,"34","003",,,,"038100",,,,,,,,,,,,,,,,,,,,,,,,,,,,,,,,,,,"14000US34003038100",,,"4479721","6349",1156,378,778,32.7,67.3
"34003038200","Census Tract 382","Census Tract 382, Bergen County, New Jersey","nj","140","00","ACSSF","0001581",,,,,"34","003",,,,"038200",,,,,,,,,,,,,,,,,,,,,,,,,,,,,,,,,,,"14000US34003038200",,,"615308","0",735,90,645,12.24,87.76
"34003038300","Census Tract 383","Census Tract 383, Bergen County, New Jersey","nj","140","00","ACSSF","0001582",,,,,"34","003",,,,"038300",,,,,,,,,,,,,,,,,,,,,,,,,,,,,,,,,,,"14000US34003038300",,,"1339355","111454",1042,0,1042,0,100
"34003039100","Census Tract 391","Census Tract 391, Bergen County, New Jersey","nj","140","00","ACSSF","0001583",,,,,"34","003",,,,"039100",,,,,,,,,,,,,,,,,,,,,,,,,,,,,,,,,,,"14000US34003039100",,,"11255869","589608",1050,95,955,9.05,90.95
"34003039200","Census Tract 392","Census Tract 392, Bergen County, New Jersey","nj","140","00","ACSSF","0001584",,,,,"34","003",,,,"039200",,,,,,,,,,,,,,,,,,,,,,,,,,,,,,,,,,,"14000US34003039200",,,"4933808","35170",1513,23,1490,1.52,98.48
"34003039300","Census Tract 393","Census Tract 393, Bergen County, New Jersey","nj","140","00","ACSSF","0001585",,,,,"34","003",,,,"039300",,,,,,,,,,,,,,,,,,,,,,,,,,,,,,,,,,,"14000US34003039300",,,"5831445","68510",626,11,615,1.76,98.24
"34003040001","Census Tract 400.01","Census Tract 400.01, Bergen County, New Jersey","nj","140","00","ACSSF","0001586",,,,,"34","003",,,,"040001",,,,,,,,,,,,,,,,,,,,,,,,,,,,,,,,,,,"14000US34003040001",,,"3523214","340848",836,0,836,0,100
"34003040002","Census Tract 400.02","Census Tract 400.02, Bergen County, New Jersey","nj","140","00","ACSSF","0001587",,,,,"34","003",,,,"040002",,,,,,,,,,,,,,,,,,,,,,,,,,,,,,,,,,,"14000US34003040002",,,"2722498","62216",1217,39,1178,3.2,96.8
"34003041100","Census Tract 411","Census Tract 411, Bergen County, New Jersey","nj","140","00","ACSSF","0001588",,,,,"34","003",,,,"041100",,,,,,,,,,,,,,,,,,,,,,,,,,,,,,,,,,,"14000US34003041100",,,"1205651","107873",1054,339,715,32.16,67.84
"34003041200","Census Tract 412","Census Tract 412, Bergen County, New Jersey","nj","140","00","ACSSF","0001589",,,,,"34","003",,,,"041200",,,,,,,,,,,,,,,,,,,,,,,,,,,,,,,,,,,"14000US34003041200",,,"533657","0",664,25,639,3.77,96.23
"34003041301","Census Tract 413.01","Census Tract 413.01, Bergen County, New Jersey","nj","140","00","ACSSF","0001590",,,,,"34","003",,,,"041301",,,,,,,,,,,,,,,,,,,,,,,,,,,,,,,,,,,"14000US34003041301",,,"728003","0",849,88,761,10.37,89.63
"34003041302","Census Tract 413.02","Census Tract 413.02, Bergen County, New Jersey","nj","140","00","ACSSF","0001591",,,,,"34","003",,,,"041302",,,,,,,,,,,,,,,,,,,,,,,,,,,,,,,,,,,"14000US34003041302",,,"741545","0",604,39,565,6.46,93.54
"34003042100","Census Tract 421","Census Tract 421, Bergen County, New Jersey","nj","140","00","ACSSF","0001592",,,,,"34","003",,,,"042100",,,,,,,,,,,,,,,,,,,,,,,,,,,,,,,,,,,"14000US34003042100",,,"4533889","7563",1555,18,1537,1.16,98.84
"34003042301","Census Tract 423.01","Census Tract 423.01, Bergen County, New Jersey","nj","140","00","ACSSF","0001593",,,,,"34","003",,,,"042301",,,,,,,,,,,,,,,,,,,,,,,,,,,,,,,,,,,"14000US34003042301",,,"3384285","22461",749,11,738,1.47,98.53
"34003042302","Census Tract 423.02","Census Tract 423.02, Bergen County, New Jersey","nj","140","00","ACSSF","0001594",,,,,"34","003",,,,"042302",,,,,,,,,,,,,,,,,,,,,,,,,,,,,,,,,,,"14000US34003042302",,,"5843660","0",899,40,859,4.45,95.55
"34003042400","Census Tract 424","Census Tract 424, Bergen County, New Jersey","nj","140","00","ACSSF","0001595",,,,,"34","003",,,,"042400",,,,,,,,,,,,,,,,,,,,,,,,,,,,,,,,,,,"14000US34003042400",,,"6803190","59201",1004,14,990,1.39,98.61
"34003042500","Census Tract 425","Census Tract 425, Bergen County, New Jersey","nj","140","00","ACSSF","0001596",,,,,"34","003",,,,"042500",,,,,,,,,,,,,,,,,,,,,,,,,,,,,,,,,,,"14000US34003042500",,,"6486874","73378",888,29,859,3.27,96.73
"34003043001","Census Tract 430.01","Census Tract 430.01, Bergen County, New Jersey","nj","140","00","ACSSF","0001597",,,,,"34","003",,,,"043001",,,,,,,,,,,,,,,,,,,,,,,,,,,,,,,,,,,"14000US34003043001",,,"3587555","3939",1074,0,1074,0,100
"34003043002","Census Tract 430.02","Census Tract 430.02, Bergen County, New Jersey","nj","140","00","ACSSF","0001598",,,,,"34","003",,,,"043002",,,,,,,,,,,,,,,,,,,,,,,,,,,,,,,,,,,"14000US34003043002",,,"3164794","50496",886,46,840,5.19,94.81
"34003044100","Census Tract 441","Census Tract 441, Bergen County, New Jersey","nj","140","00","ACSSF","0001599",,,,,"34","003",,,,"044100",,,,,,,,,,,,,,,,,,,,,,,,,,,,,,,,,,,"14000US34003044100",,,"6938249","78866",1651,44,1607,2.67,97.33
"34003044201","Census Tract 442.01","Census Tract 442.01, Bergen County, New Jersey","nj","140","00","ACSSF","0001600",,,,,"34","003",,,,"044201",,,,,,,,,,,,,,,,,,,,,,,,,,,,,,,,,,,"14000US34003044201",,,"2642519","84227",1065,0,1065,0,100
"34003044202","Census Tract 442.02","Census Tract 442.02, Bergen County, New Jersey","nj","140","00","ACSSF","0001601",,,,,"34","003",,,,"044202",,,,,,,,,,,,,,,,,,,,,,,,,,,,,,,,,,,"14000US34003044202",,,"4670776","16076",891,41,850,4.6,95.4
"34003045100","Census Tract 451","Census Tract 451, Bergen County, New Jersey","nj","140","00","ACSSF","0001602",,,,,"34","003",,,,"045100",,,,,,,,,,,,,,,,,,,,,,,,,,,,,,,,,,,"14000US34003045100",,,"1801177","0",1537,158,1379,10.28,89.72
"34003045200","Census Tract 452","Census Tract 452, Bergen County, New Jersey","nj","140","00","ACSSF","0001603",,,,,"34","003",,,,"045200",,,,,,,,,,,,,,,,,,,,,,,,,,,,,,,,,,,"14000US34003045200",,,"4785921","847812",599,0,599,0,100
"34003046100","Census Tract 461","Census Tract 461, Bergen County, New Jersey","nj","140","00","ACSSF","0001604",,,,,"34","003",,,,"046100",,,,,,,,,,,,,,,,,,,,,,,,,,,,,,,,,,,"14000US34003046100",,,"2412542","323904",857,111,746,12.95,87.05
"34003046200","Census Tract 462","Census Tract 462, Bergen County, New Jersey","nj","140","00","ACSSF","0001605",,,,,"34","003",,,,"046200",,,,,,,,,,,,,,,,,,,,,,,,,,,,,,,,,,,"14000US34003046200",,,"1057586","78183",898,83,815,9.24,90.76
"34003046300","Census Tract 463","Census Tract 463, Bergen County, New Jersey","nj","140","00","ACSSF","0001606",,,,,"34","003",,,,"046300",,,,,,,,,,,,,,,,,,,,,,,,,,,,,,,,,,,"14000US34003046300",,,"945076","133089",949,84,865,8.85,91.15
"34003047100","Census Tract 471","Census Tract 471, Bergen County, New Jersey","nj","140","00","ACSSF","0001607",,,,,"34","003",,,,"047100",,,,,,,,,,,,,,,,,,,,,,,,,,,,,,,,,,,"14000US34003047100",,,"3856834","47743",1722,74,1648,4.3,95.7
"34003047200","Census Tract 472","Census Tract 472, Bergen County, New Jersey","nj","140","00","ACSSF","0001608",,,,,"34","003",,,,"047200",,,,,,,,,,,,,,,,,,,,,,,,,,,,,,,,,,,"14000US34003047200",,,"2439558","29839",1516,40,1476,2.64,97.36
"34003047300","Census Tract 473","Census Tract 473, Bergen County, New Jersey","nj","140","00","ACSSF","0001609",,,,,"34","003",,,,"047300",,,,,,,,,,,,,,,,,,,,,,,,,,,,,,,,,,,"14000US34003047300",,,"2604514","10599",1001,28,973,2.8,97.2
"34003047400","Census Tract 474","Census Tract 474, Bergen County, New Jersey","nj","140","00","ACSSF","0001610",,,,,"34","003",,,,"047400",,,,,,,,,,,,,,,,,,,,,,,,,,,,,,,,,,,"14000US34003047400",,,"2336890","4003",1220,153,1067,12.54,87.46
"34003047500","Census Tract 475","Census Tract 475, Bergen County, New Jersey","nj","140","00","ACSSF","0001611",,,,,"34","003",,,,"047500",,,,,,,,,,,,,,,,,,,,,,,,,,,,,,,,,,,"14000US34003047500",,,"3632852","69823",2222,64,2158,2.88,97.12
"34003048100","Census Tract 481","Census Tract 481, Bergen County, New Jersey","nj","140","00","ACSSF","0001612",,,,,"34","003",,,,"048100",,,,,,,,,,,,,,,,,,,,,,,,,,,,,,,,,,,"14000US34003048100",,,"1625027","115903",959,90,869,9.38,90.62
"34003048200","Census Tract 482","Census Tract 482, Bergen County, New Jersey","nj","140","00","ACSSF","0001613",,,,,"34","003",,,,"048200",,,,,,,,,,,,,,,,,,,,,,,,,,,,,,,,,,,"14000US34003048200",,,"3121310","3655",1888,45,1843,2.38,97.62
"34003049001","Census Tract 490.01","Census Tract 490.01, Bergen County, New Jersey","nj","140","00","ACSSF","0001614",,,,,"34","003",,,,"049001",,,,,,,,,,,,,,,,,,,,,,,,,,,,,,,,,,,"14000US34003049001",,,"5770423","536658",1120,17,1103,1.52,98.48
"34003049002","Census Tract 490.02","Census Tract 490.02, Bergen County, New Jersey","nj","140","00","ACSSF","0001615",,,,,"34","003",,,,"049002",,,,,,,,,,,,,,,,,,,,,,,,,,,,,,,,,,,"14000US34003049002",,,"4771113","92670",1337,64,1273,4.79,95.21
"34003050000","Census Tract 500","Census Tract 500, Bergen County, New Jersey","nj","140","00","ACSSF","0001616",,,,,"34","003",,,,"050000",,,,,,,,,,,,,,,,,,,,,,,,,,,,,,,,,,,"14000US34003050000",,,"2565738","81151",982,73,909,7.43,92.57
"34003051100","Census Tract 511","Census Tract 511, Bergen County, New Jersey","nj","140","00","ACSSF","0001617",,,,,"34","003",,,,"051100",,,,,,,,,,,,,,,,,,,,,,,,,,,,,,,,,,,"14000US34003051100",,,"1557252","40471",1212,0,1212,0,100
"34003051200","Census Tract 512","Census Tract 512, Bergen County, New Jersey","nj","140","00","ACSSF","0001618",,,,,"34","003",,,,"051200",,,,,,,,,,,,,,,,,,,,,,,,,,,,,,,,,,,"14000US34003051200",,,"855753","51189",576,0,576,0,100
"34003051300","Census Tract 513","Census Tract 513, Bergen County, New Jersey","nj","140","00","ACSSF","0001619",,,,,"34","003",,,,"051300",,,,,,,,,,,,,,,,,,,,,,,,,,,,,,,,,,,"14000US34003051300",,,"1093350","0",817,98,719,12,88
"34003051400","Census Tract 514","Census Tract 514, Bergen County, New Jersey","nj","140","00","ACSSF","0001620",,,,,"34","003",,,,"051400",,,,,,,,,,,,,,,,,,,,,,,,,,,,,,,,,,,"14000US34003051400",,,"3696586","198496",1271,113,1158,8.89,91.11
"34003052100","Census Tract 521","Census Tract 521, Bergen County, New Jersey","nj","140","00","ACSSF","0001621",,,,,"34","003",,,,"052100",,,,,,,,,,,,,,,,,,,,,,,,,,,,,,,,,,,"14000US34003052100",,,"3888300","156191",1331,77,1254,5.79,94.21
"34003052200","Census Tract 522","Census Tract 522, Bergen County, New Jersey","nj","140","00","ACSSF","0001622",,,,,"34","003",,,,"052200",,,,,,,,,,,,,,,,,,,,,,,,,,,,,,,,,,,"14000US34003052200",,,"3083910","10786",1202,42,1160,3.49,96.51
"34003053100","Census Tract 531","Census Tract 531, Bergen County, New Jersey","nj","140","00","ACSSF","0001623",,,,,"34","003",,,,"053100",,,,,,,,,,,,,,,,,,,,,,,,,,,,,,,,,,,"14000US34003053100",,,"12725977","131949",573,12,561,2.09,97.91
"34003053200","Census Tract 532","Census Tract 532, Bergen County, New Jersey","nj","140","00","ACSSF","0001624",,,,,"34","003",,,,"053200",,,,,,,,,,,,,,,,,,,,,,,,,,,,,,,,,,,"14000US34003053200",,,"13604854","51705",2366,52,2314,2.2,97.8
"34003054100","Census Tract 541","Census Tract 541, Bergen County, New Jersey","nj","140","00","ACSSF","0001625",,,,,"34","003",,,,"054100",,,,,,,,,,,,,,,,,,,,,,,,,,,,,,,,,,,"14000US34003054100",,,"3036954","39754",1726,160,1566,9.27,90.73
"34003054200","Census Tract 542","Census Tract 542, Bergen County, New Jersey","nj","140","00","ACSSF","0001626",,,,,"34","003",,,,"054200",,,,,,,,,,,,,,,,,,,,,,,,,,,,,,,,,,,"14000US34003054200",,,"1395448","0",963,162,801,16.82,83.18
"34003054300","Census Tract 543","Census Tract 543, Bergen County, New Jersey","nj","140","00","ACSSF","0001627",,,,,"34","003",,,,"054300",,,,,,,,,,,,,,,,,,,,,,,,,,,,,,,,,,,"14000US34003054300",,,"3214373","88581",2045,0,2045,0,100
"34003054400","Census Tract 544","Census Tract 544, Bergen County, New Jersey","nj","140","00","ACSSF","0001628",,,,,"34","003",,,,"054400",,,,,,,,,,,,,,,,,,,,,,,,,,,,,,,,,,,"14000US34003054400",,,"2163803","123557",1538,159,1379,10.34,89.66
"34003054500","Census Tract 545","Census Tract 545, Bergen County, New Jersey","nj","140","00","ACSSF","0001629",,,,,"34","003",,,,"054500",,,,,,,,,,,,,,,,,,,,,,,,,,,,,,,,,,,"14000US34003054500",,,"1786748","0",1327,0,1327,0,100
"34003054600","Census Tract 546","Census Tract 546, Bergen County, New Jersey","nj","140","00","ACSSF","0001630",,,,,"34","003",,,,"054600",,,,,,,,,,,,,,,,,,,,,,,,,,,,,,,,,,,"14000US34003054600",,,"4047686","257394",1734,111,1623,6.4,93.6
"34003055100","Census Tract 551","Census Tract 551, Bergen County, New Jersey","nj","140","00","ACSSF","0001631",,,,,"34","003",,,,"055100",,,,,,,,,,,,,,,,,,,,,,,,,,,,,,,,,,,"14000US34003055100",,,"8267038","1485653",2060,0,2060,0,100
"34003055200","Census Tract 552","Census Tract 552, Bergen County, New Jersey","nj","140","00","ACSSF","0001632",,,,,"34","003",,,,"055200",,,,,,,,,,,,,,,,,,,,,,,,,,,,,,,,,,,"14000US34003055200",,,"3611541","12514",2569,105,2464,4.09,95.91
"34003056100","Census Tract 561","Census Tract 561, Bergen County, New Jersey","nj","140","00","ACSSF","0001633",,,,,"34","003",,,,"056100",,,,,,,,,,,,,,,,,,,,,,,,,,,,,,,,,,,"14000US34003056100",,,"1860966","0",1306,9,1297,0.69,99.31
"34003056200","Census Tract 562","Census Tract 562, Bergen County, New Jersey","nj","140","00","ACSSF","0001634",,,,,"34","003",,,,"056200",,,,,,,,,,,,,,,,,,,,,,,,,,,,,,,,,,,"14000US34003056200",,,"3438851","51165",1135,187,948,16.48,83.52
"34003057101","Census Tract 571.01","Census Tract 571.01, Bergen County, New Jersey","nj","140","00","ACSSF","0001635",,,,,"34","003",,,,"057101",,,,,,,,,,,,,,,,,,,,,,,,,,,,,,,,,,,"14000US34003057101",,,"1028489","52547",818,254,564,31.05,68.95
"34003057102","Census Tract 571.02","Census Tract 571.02, Bergen County, New Jersey","nj","140","00","ACSSF","0001636",,,,,"34","003",,,,"057102",,,,,,,,,,,,,,,,,,,,,,,,,,,,,,,,,,,"14000US34003057102",,,"1045614","5274",458,16,442,3.49,96.51
"34003057200","Census Tract 572","Census Tract 572, Bergen County, New Jersey","nj","140","00","ACSSF","0001637",,,,,"34","003",,,,"057200",,,,,,,,,,,,,,,,,,,,,,,,,,,,,,,,,,,"14000US34003057200",,,"500533","78206",750,94,656,12.53,87.47
"34003058100","Census Tract 581","Census Tract 581, Bergen County, New Jersey","nj","140","00","ACSSF","0001638",,,,,"34","003",,,,"058100",,,,,,,,,,,,,,,,,,,,,,,,,,,,,,,,,,,"14000US34003058100",,,"3862911","3564",798,0,798,0,100
"34003058200","Census Tract 582","Census Tract 582, Bergen County, New Jersey","nj","140","00","ACSSF","0001639",,,,,"34","003",,,,"058200",,,,,,,,,,,,,,,,,,,,,,,,,,,,,,,,,,,"14000US34003058200",,,"3786290","125696",1209,0,1209,0,100
"34003059100","Census Tract 591","Census Tract 591, Bergen County, New Jersey","nj","140","00","ACSSF","0001640",,,,,"34","003",,,,"059100",,,,,,,,,,,,,,,,,,,,,,,,,,,,,,,,,,,"14000US34003059100",,,"2973556","54296",988,145,843,14.68,85.32
"34003059200","Census Tract 592","Census Tract 592, Bergen County, New Jersey","nj","140","00","ACSSF","0001641",,,,,"34","003",,,,"059200",,,,,,,,,,,,,,,,,,,,,,,,,,,,,,,,,,,"14000US34003059200",,,"2876071","50261",1470,0,1470,0,100
"34003060000","Census Tract 600","Census Tract 600, Bergen County, New Jersey","nj","140","00","ACSSF","0001642",,,,,"34","003",,,,"060000",,,,,,,,,,,,,,,,,,,,,,,,,,,,,,,,,,,"14000US34003060000",,,"3085220","6114",1698,67,1631,3.95,96.05
"34003061100","Census Tract 611","Census Tract 611, Bergen County, New Jersey","nj","140","00","ACSSF","0001643",,,,,"34","003",,,,"061100",,,,,,,,,,,,,,,,,,,,,,,,,,,,,,,,,,,"14000US34003061100",,,"4953559","67217",1153,0,1153,0,100
"34003061200","Census Tract 612","Census Tract 612, Bergen County, New Jersey","nj","140","00","ACSSF","0001644",,,,,"34","003",,,,"061200",,,,,,,,,,,,,,,,,,,,,,,,,,,,,,,,,,,"14000US34003061200",,,"3729772","67250",885,0,885,0,100
"34003061300","Census Tract 613","Census Tract 613, Bergen County, New Jersey","nj","140","00","ACSSF","0001645",,,,,"34","003",,,,"061300",,,,,,,,,,,,,,,,,,,,,,,,,,,,,,,,,,,"14000US34003061300",,,"4051683","4466",864,21,843,2.43,97.57
"34003061400","Census Tract 614","Census Tract 614, Bergen County, New Jersey","nj","140","00","ACSSF","0001646",,,,,"34","003",,,,"061400",,,,,,,,,,,,,,,,,,,,,,,,,,,,,,,,,,,"14000US34003061400",,,"4335755","14155",1365,0,1365,0,100
"34005700102","Census Tract 7001.02","Census Tract 7001.02, Burlington County, New Jersey","nj","140","00","ACSSF","0001647",,,,,"34","005",,,,"700102",,,,,,,,,,,,,,,,,,,,,,,,,,,,,,,,,,,"14000US34005700102",,,"1398482","36337",510,82,428,16.08,83.92
"34005700103","Census Tract 7001.03","Census Tract 7001.03, Burlington County, New Jersey","nj","140","00","ACSSF","0001648",,,,,"34","005",,,,"700103",,,,,,,,,,,,,,,,,,,,,,,,,,,,,,,,,,,"14000US34005700103",,,"912455","475475",400,0,400,0,100
"34005700104","Census Tract 7001.04","Census Tract 7001.04, Burlington County, New Jersey","nj","140","00","ACSSF","0001649",,,,,"34","005",,,,"700104",,,,,,,,,,,,,,,,,,,,,,,,,,,,,,,,,,,"14000US34005700104",,,"2501893","1258800",407,132,275,32.43,67.57
"34005700200","Census Tract 7002","Census Tract 7002, Burlington County, New Jersey","nj","140","00","ACSSF","0001650",,,,,"34","005",,,,"700200",,,,,,,,,,,,,,,,,,,,,,,,,,,,,,,,,,,"14000US34005700200",,,"1714007","783118",561,84,477,14.97,85.03
"34005700303","Census Tract 7003.03","Census Tract 7003.03, Burlington County, New Jersey","nj","140","00","ACSSF","0001651",,,,,"34","005",,,,"700303",,,,,,,,,,,,,,,,,,,,,,,,,,,,,,,,,,,"14000US34005700303",,,"8162316","1131791",636,105,531,16.51,83.49
"34005700304","Census Tract 7003.04","Census Tract 7003.04, Burlington County, New Jersey","nj","140","00","ACSSF","0001652",,,,,"34","005",,,,"700304",,,,,,,,,,,,,,,,,,,,,,,,,,,,,,,,,,,"14000US34005700304",,,"1918848","88835",548,90,458,16.42,83.58
"34005700305","Census Tract 7003.05","Census Tract 7003.05, Burlington County, New Jersey","nj","140","00","ACSSF","0001653",,,,,"34","005",,,,"700305",,,,,,,,,,,,,,,,,,,,,,,,,,,,,,,,,,,"14000US34005700305",,,"4966681","136650",883,33,850,3.74,96.26
"34005700306","Census Tract 7003.06","Census Tract 7003.06, Burlington County, New Jersey","nj","140","00","ACSSF","0001654",,,,,"34","005",,,,"700306",,,,,,,,,,,,,,,,,,,,,,,,,,,,,,,,,,,"14000US34005700306",,,"2152005","10108",529,0,529,0,100
"34005700307","Census Tract 7003.07","Census Tract 7003.07, Burlington County, New Jersey","nj","140","00","ACSSF","0001655",,,,,"34","005",,,,"700307",,,,,,,,,,,,,,,,,,,,,,,,,,,,,,,,,,,"14000US34005700307",,,"2027903","1074",576,12,564,2.08,97.92
"34005700401","Census Tract 7004.01","Census Tract 7004.01, Burlington County, New Jersey","nj","140","00","ACSSF","0001656",,,,,"34","005",,,,"700401",,,,,,,,,,,,,,,,,,,,,,,,,,,,,,,,,,,"14000US34005700401",,,"1732988","0",367,18,349,4.9,95.1
"34005700402","Census Tract 7004.02","Census Tract 7004.02, Burlington County, New Jersey","nj","140","00","ACSSF","0001657",,,,,"34","005",,,,"700402",,,,,,,,,,,,,,,,,,,,,,,,,,,,,,,,,,,"14000US34005700402",,,"1788710","3021",523,0,523,0,100
"34005700403","Census Tract 7004.03","Census Tract 7004.03, Burlington County, New Jersey","nj","140","00","ACSSF","0001658",,,,,"34","005",,,,"700403",,,,,,,,,,,,,,,,,,,,,,,,,,,,,,,,,,,"14000US34005700403",,,"2104160","0",798,0,798,0,100
"34005700405","Census Tract 7004.05","Census Tract 7004.05, Burlington County, New Jersey","nj","140","00","ACSSF","0001659",,,,,"34","005",,,,"700405",,,,,,,,,,,,,,,,,,,,,,,,,,,,,,,,,,,"14000US34005700405",,,"970696","0",386,54,332,13.99,86.01
"34005700407","Census Tract 7004.07","Census Tract 7004.07, Burlington County, New Jersey","nj","140","00","ACSSF","0001660",,,,,"34","005",,,,"700407",,,,,,,,,,,,,,,,,,,,,,,,,,,,,,,,,,,"14000US34005700407",,,"2094593","0",1129,465,664,41.19,58.81
"34005700408","Census Tract 7004.08","Census Tract 7004.08, Burlington County, New Jersey","nj","140","00","ACSSF","0001661",,,,,"34","005",,,,"700408",,,,,,,,,,,,,,,,,,,,,,,,,,,,,,,,,,,"14000US34005700408",,,"1221255","0",270,57,213,21.11,78.89
"34005700501","Census Tract 7005.01","Census Tract 7005.01, Burlington County, New Jersey","nj","140","00","ACSSF","0001662",,,,,"34","005",,,,"700501",,,,,,,,,,,,,,,,,,,,,,,,,,,,,,,,,,,"14000US34005700501",,,"5513420","128362",1155,9,1146,0.78,99.22
"34005700502","Census Tract 7005.02","Census Tract 7005.02, Burlington County, New Jersey","nj","140","00","ACSSF","0001663",,,,,"34","005",,,,"700502",,,,,,,,,,,,,,,,,,,,,,,,,,,,,,,,,,,"14000US34005700502",,,"6043189","83246",491,79,412,16.09,83.91
"34005700503","Census Tract 7005.03","Census Tract 7005.03, Burlington County, New Jersey","nj","140","00","ACSSF","0001664",,,,,"34","005",,,,"700503",,,,,,,,,,,,,,,,,,,,,,,,,,,,,,,,,,,"14000US34005700503",,,"4508707","2788",925,32,893,3.46,96.54
"34005700504","Census Tract 7005.04","Census Tract 7005.04, Burlington County, New Jersey","nj","140","00","ACSSF","0001665",,,,,"34","005",,,,"700504",,,,,,,,,,,,,,,,,,,,,,,,,,,,,,,,,,,"14000US34005700504",,,"3555745","7066",655,0,655,0,100
"34005700505","Census Tract 7005.05","Census Tract 7005.05, Burlington County, New Jersey","nj","140","00","ACSSF","0001666",,,,,"34","005",,,,"700505",,,,,,,,,,,,,,,,,,,,,,,,,,,,,,,,,,,"14000US34005700505",,,"18526268","331600",1668,0,1668,0,100
"34005700602","Census Tract 7006.02","Census Tract 7006.02, Burlington County, New Jersey","nj","140","00","ACSSF","0001667",,,,,"34","005",,,,"700602",,,,,,,,,,,,,,,,,,,,,,,,,,,,,,,,,,,"14000US34005700602",,,"8165262","416653",1287,34,1253,2.64,97.36
"34005700603","Census Tract 7006.03","Census Tract 7006.03, Burlington County, New Jersey","nj","140","00","ACSSF","0001668",,,,,"34","005",,,,"700603",,,,,,,,,,,,,,,,,,,,,,,,,,,,,,,,,,,"14000US34005700603",,,"6452272","1194762",1152,106,1046,9.2,90.8
"34005700605","Census Tract 7006.05","Census Tract 7006.05, Burlington County, New Jersey","nj","140","00","ACSSF","0001669",,,,,"34","005",,,,"700605",,,,,,,,,,,,,,,,,,,,,,,,,,,,,,,,,,,"14000US34005700605",,,"2552430","0",1152,23,1129,2,98
"34005700701","Census Tract 7007.01","Census Tract 7007.01, Burlington County, New Jersey","nj","140","00","ACSSF","0001670",,,,,"34","005",,,,"700701",,,,,,,,,,,,,,,,,,,,,,,,,,,,,,,,,,,"14000US34005700701",,,"1446641","93860",483,30,453,6.21,93.79
"34005700702","Census Tract 7007.02","Census Tract 7007.02, Burlington County, New Jersey","nj","140","00","ACSSF","0001671",,,,,"34","005",,,,"700702",,,,,,,,,,,,,,,,,,,,,,,,,,,,,,,,,,,"14000US34005700702",,,"884300","5936",609,178,431,29.23,70.77
"34005700703","Census Tract 7007.03","Census Tract 7007.03, Burlington County, New Jersey","nj","140","00","ACSSF","0001672",,,,,"34","005",,,,"700703",,,,,,,,,,,,,,,,,,,,,,,,,,,,,,,,,,,"14000US34005700703",,,"1513136","220535",495,190,305,38.38,61.62
"34005700800","Census Tract 7008","Census Tract 7008, Burlington County, New Jersey","nj","140","00","ACSSF","0001673",,,,,"34","005",,,,"700800",,,,,,,,,,,,,,,,,,,,,,,,,,,,,,,,,,,"14000US34005700800",,,"6106175","2517418",718,0,718,0,100
"34005700900","Census Tract 7009","Census Tract 7009, Burlington County, New Jersey","nj","140","00","ACSSF","0001674",,,,,"34","005",,,,"700900",,,,,,,,,,,,,,,,,,,,,,,,,,,,,,,,,,,"14000US34005700900",,,"1401843","555106",517,124,393,23.98,76.02
"34005701001","Census Tract 7010.01","Census Tract 7010.01, Burlington County, New Jersey","nj","140","00","ACSSF","0001675",,,,,"34","005",,,,"701001",,,,,,,,,,,,,,,,,,,,,,,,,,,,,,,,,,,"14000US34005701001",,,"5074160","7737",964,91,873,9.44,90.56
"34005701002","Census Tract 7010.02","Census Tract 7010.02, Burlington County, New Jersey","nj","140","00","ACSSF","0001676",,,,,"34","005",,,,"701002",,,,,,,,,,,,,,,,,,,,,,,,,,,,,,,,,,,"14000US34005701002",,,"2487094","397374",663,112,551,16.89,83.11
"34005701102","Census Tract 7011.02","Census Tract 7011.02, Burlington County, New Jersey","nj","140","00","ACSSF","0001677",,,,,"34","005",,,,"701102",,,,,,,,,,,,,,,,,,,,,,,,,,,,,,,,,,,"14000US34005701102",,,"10715781","22777",1305,65,1240,4.98,95.02
"34005701103","Census Tract 7011.03","Census Tract 7011.03, Burlington County, New Jersey","nj","140","00","ACSSF","0001678",,,,,"34","005",,,,"701103",,,,,,,,,,,,,,,,,,,,,,,,,,,,,,,,,,,"14000US34005701103",,,"9630160","788592",1633,67,1566,4.1,95.9
"34005701104","Census Tract 7011.04","Census Tract 7011.04, Burlington County, New Jersey","nj","140","00","ACSSF","0001679",,,,,"34","005",,,,"701104",,,,,,,,,,,,,,,,,,,,,,,,,,,,,,,,,,,"14000US34005701104",,,"5117796","587096",968,28,940,2.89,97.11
"34005701105","Census Tract 7011.05","Census Tract 7011.05, Burlington County, New Jersey","nj","140","00","ACSSF","0001680",,,,,"34","005",,,,"701105",,,,,,,,,,,,,,,,,,,,,,,,,,,,,,,,,,,"14000US34005701105",,,"9368692","89538",1410,209,1201,14.82,85.18
"34005701201","Census Tract 7012.01","Census Tract 7012.01, Burlington County, New Jersey","nj","140","00","ACSSF","0001681",,,,,"34","005",,,,"701201",,,,,,,,,,,,,,,,,,,,,,,,,,,,,,,,,,,"14000US34005701201",,,"2429928","82173",612,42,570,6.86,93.14
"34005701203","Census Tract 7012.03","Census Tract 7012.03, Burlington County, New Jersey","nj","140","00","ACSSF","0001682",,,,,"34","005",,,,"701203",,,,,,,,,,,,,,,,,,,,,,,,,,,,,,,,,,,"14000US34005701203",,,"2858497","1339859",513,37,476,7.21,92.79
"34005701204","Census Tract 7012.04","Census Tract 7012.04, Burlington County, New Jersey","nj","140","00","ACSSF","0001683",,,,,"34","005",,,,"701204",,,,,,,,,,,,,,,,,,,,,,,,,,,,,,,,,,,"14000US34005701204",,,"793370","129816",690,391,299,56.67,43.33
"34005701205","Census Tract 7012.05","Census Tract 7012.05, Burlington County, New Jersey","nj","140","00","ACSSF","0001684",,,,,"34","005",,,,"701205",,,,,,,,,,,,,,,,,,,,,,,,,,,,,,,,,,,"14000US34005701205",,,"1850138","309163",316,62,254,19.62,80.38
"34005701301","Census Tract 7013.01","Census Tract 7013.01, Burlington County, New Jersey","nj","140","00","ACSSF","0001685",,,,,"34","005",,,,"701301",,,,,,,,,,,,,,,,,,,,,,,,,,,,,,,,,,,"14000US34005701301",,,"3234628","581084",835,148,687,17.72,82.28
"34005701302","Census Tract 7013.02","Census Tract 7013.02, Burlington County, New Jersey","nj","140","00","ACSSF","0001686",,,,,"34","005",,,,"701302",,,,,,,,,,,,,,,,,,,,,,,,,,,,,,,,,,,"14000US34005701302",,,"1896721","356958",598,34,564,5.69,94.31
"34005701303","Census Tract 7013.03","Census Tract 7013.03, Burlington County, New Jersey","nj","140","00","ACSSF","0001687",,,,,"34","005",,,,"701303",,,,,,,,,,,,,,,,,,,,,,,,,,,,,,,,,,,"14000US34005701303",,,"20169269","111641",1120,0,1120,0,100
"34005701401","Census Tract 7014.01","Census Tract 7014.01, Burlington County, New Jersey","nj","140","00","ACSSF","0001688",,,,,"34","005",,,,"701401",,,,,,,,,,,,,,,,,,,,,,,,,,,,,,,,,,,"14000US34005701401",,,"51130906","388741",1145,62,1083,5.41,94.59
"34005701402","Census Tract 7014.02","Census Tract 7014.02, Burlington County, New Jersey","nj","140","00","ACSSF","0001689",,,,,"34","005",,,,"701402",,,,,,,,,,,,,,,,,,,,,,,,,,,,,,,,,,,"14000US34005701402",,,"5158390","15954",129,0,129,0,100
"34005701502","Census Tract 7015.02","Census Tract 7015.02, Burlington County, New Jersey","nj","140","00","ACSSF","0001690",,,,,"34","005",,,,"701502",,,,,,,,,,,,,,,,,,,,,,,,,,,,,,,,,,,"14000US34005701502",,,"6884794","98207",703,115,588,16.36,83.64
"34005701700","Census Tract 7017","Census Tract 7017, Burlington County, New Jersey","nj","140","00","ACSSF","0001691",,,,,"34","005",,,,"701700",,,,,,,,,,,,,,,,,,,,,,,,,,,,,,,,,,,"14000US34005701700",,,"2417407","100383",633,21,612,3.32,96.68
"34005702101","Census Tract 7021.01","Census Tract 7021.01, Burlington County, New Jersey","nj","140","00","ACSSF","0001692",,,,,"34","005",,,,"702101",,,,,,,,,,,,,,,,,,,,,,,,,,,,,,,,,,,"14000US34005702101",,,"1752943","0",1825,77,1748,4.22,95.78
"34005702203","Census Tract 7022.03","Census Tract 7022.03, Burlington County, New Jersey","nj","140","00","ACSSF","0001693",,,,,"34","005",,,,"702203",,,,,,,,,,,,,,,,,,,,,,,,,,,,,,,,,,,"14000US34005702203",,,"37060388","568664",650,91,559,14,86
"34005702204","Census Tract 7022.04","Census Tract 7022.04, Burlington County, New Jersey","nj","140","00","ACSSF","0001694",,,,,"34","005",,,,"702204",,,,,,,,,,,,,,,,,,,,,,,,,,,,,,,,,,,"14000US34005702204",,,"25121644","116481",382,70,312,18.32,81.68
"34005702206","Census Tract 7022.06","Census Tract 7022.06, Burlington County, New Jersey","nj","140","00","ACSSF","0001695",,,,,"34","005",,,,"702206",,,,,,,,,,,,,,,,,,,,,,,,,,,,,,,,,,,"14000US34005702206",,,"15968585","446866",460,14,446,3.04,96.96
"34005702207","Census Tract 7022.07","Census Tract 7022.07, Burlington County, New Jersey","nj","140","00","ACSSF","0001696",,,,,"34","005",,,,"702207",,,,,,,,,,,,,,,,,,,,,,,,,,,,,,,,,,,"14000US34005702207",,,"11870306","42531",681,202,479,29.66,70.34
"34005702208","Census Tract 7022.08","Census Tract 7022.08, Burlington County, New Jersey","nj","140","00","ACSSF","0001697",,,,,"34","005",,,,"702208",,,,,,,,,,,,,,,,,,,,,,,,,,,,,,,,,,,"14000US34005702208",,,"44034370","1254315",1437,326,1111,22.69,77.31
"34005702209","Census Tract 7022.09","Census Tract 7022.09, Burlington County, New Jersey","nj","140","00","ACSSF","0001698",,,,,"34","005",,,,"702209",,,,,,,,,,,,,,,,,,,,,,,,,,,,,,,,,,,"14000US34005702209",,,"4620524","244698",787,204,583,25.92,74.08
"34005702210","Census Tract 7022.10","Census Tract 7022.10, Burlington County, New Jersey","nj","140","00","ACSSF","0001699",,,,,"34","005",,,,"702210",,,,,,,,,,,,,,,,,,,,,,,,,,,,,,,,,,,"14000US34005702210",,,"3478420","129146",1068,228,840,21.35,78.65
"34005702300","Census Tract 7023","Census Tract 7023, Burlington County, New Jersey","nj","140","00","ACSSF","0001700",,,,,"34","005",,,,"702300",,,,,,,,,,,,,,,,,,,,,,,,,,,,,,,,,,,"14000US34005702300",,,"1527134","44740",270,74,196,27.41,72.59
"34005702400","Census Tract 7024","Census Tract 7024, Burlington County, New Jersey","nj","140","00","ACSSF","0001701",,,,,"34","005",,,,"702400",,,,,,,,,,,,,,,,,,,,,,,,,,,,,,,,,,,"14000US34005702400",,,"75513263","141771",822,122,700,14.84,85.16
"34005702500","Census Tract 7025","Census Tract 7025, Burlington County, New Jersey","nj","140","00","ACSSF","0001702",,,,,"34","005",,,,"702500",,,,,,,,,,,,,,,,,,,,,,,,,,,,,,,,,,,"14000US34005702500",,,"14840978","223647",1314,88,1226,6.7,93.3
"34005702601","Census Tract 7026.01","Census Tract 7026.01, Burlington County, New Jersey","nj","140","00","ACSSF","0001703",,,,,"34","005",,,,"702601",,,,,,,,,,,,,,,,,,,,,,,,,,,,,,,,,,,"14000US34005702601",,,"2609432","20638",839,0,839,0,100
"34005702603","Census Tract 7026.03","Census Tract 7026.03, Burlington County, New Jersey","nj","140","00","ACSSF","0001704",,,,,"34","005",,,,"702603",,,,,,,,,,,,,,,,,,,,,,,,,,,,,,,,,,,"14000US34005702603",,,"932276","0",546,91,455,16.67,83.33
"34005702700","Census Tract 7027","Census Tract 7027, Burlington County, New Jersey","nj","140","00","ACSSF","0001705",,,,,"34","005",,,,"702700",,,,,,,,,,,,,,,,,,,,,,,,,,,,,,,,,,,"14000US34005702700",,,"28422612","332353",2051,63,1988,3.07,96.93
"34005702801","Census Tract 7028.01","Census Tract 7028.01, Burlington County, New Jersey","nj","140","00","ACSSF","0001706",,,,,"34","005",,,,"702801",,,,,,,,,,,,,,,,,,,,,,,,,,,,,,,,,,,"14000US34005702801",,,"1301890","0",433,72,361,16.63,83.37
"34005702802","Census Tract 7028.02","Census Tract 7028.02, Burlington County, New Jersey","nj","140","00","ACSSF","0001707",,,,,"34","005",,,,"702802",,,,,,,,,,,,,,,,,,,,,,,,,,,,,,,,,,,"14000US34005702802",,,"1675352","0",650,59,591,9.08,90.92
"34005702803","Census Tract 7028.03","Census Tract 7028.03, Burlington County, New Jersey","nj","140","00","ACSSF","0001708",,,,,"34","005",,,,"702803",,,,,,,,,,,,,,,,,,,,,,,,,,,,,,,,,,,"14000US34005702803",,,"1747776","0",820,54,766,6.59,93.41
"34005702804","Census Tract 7028.04","Census Tract 7028.04, Burlington County, New Jersey","nj","140","00","ACSSF","0001709",,,,,"34","005",,,,"702804",,,,,,,,,,,,,,,,,,,,,,,,,,,,,,,,,,,"14000US34005702804",,,"1221597","0",390,21,369,5.38,94.62
"34005702805","Census Tract 7028.05","Census Tract 7028.05, Burlington County, New Jersey","nj","140","00","ACSSF","0001710",,,,,"34","005",,,,"702805",,,,,,,,,,,,,,,,,,,,,,,,,,,,,,,,,,,"14000US34005702805",,,"2136273","0",804,433,371,53.86,46.14
"34005702806","Census Tract 7028.06","Census Tract 7028.06, Burlington County, New Jersey","nj","140","00","ACSSF","0001711",,,,,"34","005",,,,"702806",,,,,,,,,,,,,,,,,,,,,,,,,,,,,,,,,,,"14000US34005702806",,,"1864149","6117",644,158,486,24.53,75.47
"34005702807","Census Tract 7028.07","Census Tract 7028.07, Burlington County, New Jersey","nj","140","00","ACSSF","0001712",,,,,"34","005",,,,"702807",,,,,,,,,,,,,,,,,,,,,,,,,,,,,,,,,,,"14000US34005702807",,,"2094537","18332",725,115,610,15.86,84.14
"34005702808","Census Tract 7028.08","Census Tract 7028.08, Burlington County, New Jersey","nj","140","00","ACSSF","0001713",,,,,"34","005",,,,"702808",,,,,,,,,,,,,,,,,,,,,,,,,,,,,,,,,,,"14000US34005702808",,,"1510553","0",660,175,485,26.52,73.48
"34005702809","Census Tract 7028.09","Census Tract 7028.09, Burlington County, New Jersey","nj","140","00","ACSSF","0001714",,,,,"34","005",,,,"702809",,,,,,,,,,,,,,,,,,,,,,,,,,,,,,,,,,,"14000US34005702809",,,"793076","23922",524,100,424,19.08,80.92
"34005702810","Census Tract 7028.10","Census Tract 7028.10, Burlington County, New Jersey","nj","140","00","ACSSF","0001715",,,,,"34","005",,,,"702810",,,,,,,,,,,,,,,,,,,,,,,,,,,,,,,,,,,"14000US34005702810",,,"3501420","767895",213,0,213,0,100
"34005702811","Census Tract 7028.11","Census Tract 7028.11, Burlington County, New Jersey","nj","140","00","ACSSF","0001716",,,,,"34","005",,,,"702811",,,,,,,,,,,,,,,,,,,,,,,,,,,,,,,,,,,"14000US34005702811",,,"2162208","255329",383,20,363,5.22,94.78
"34005702905","Census Tract 7029.05","Census Tract 7029.05, Burlington County, New Jersey","nj","140","00","ACSSF","0001717",,,,,"34","005",,,,"702905",,,,,,,,,,,,,,,,,,,,,,,,,,,,,,,,,,,"14000US34005702905",,,"3303950","31373",824,7,817,0.85,99.15
"34005702906","Census Tract 7029.06","Census Tract 7029.06, Burlington County, New Jersey","nj","140","00","ACSSF","0001718",,,,,"34","005",,,,"702906",,,,,,,,,,,,,,,,,,,,,,,,,,,,,,,,,,,"14000US34005702906",,,"7681611","33151",438,0,438,0,100
"34005702907","Census Tract 7029.07","Census Tract 7029.07, Burlington County, New Jersey","nj","140","00","ACSSF","0001719",,,,,"34","005",,,,"702907",,,,,,,,,,,,,,,,,,,,,,,,,,,,,,,,,,,"14000US34005702907",,,"2711806","38940",520,39,481,7.5,92.5
"34005702908","Census Tract 7029.08","Census Tract 7029.08, Burlington County, New Jersey","nj","140","00","ACSSF","0001720",,,,,"34","005",,,,"702908",,,,,,,,,,,,,,,,,,,,,,,,,,,,,,,,,,,"14000US34005702908",,,"5900507","50386",705,0,705,0,100
"34005702909","Census Tract 7029.09","Census Tract 7029.09, Burlington County, New Jersey","nj","140","00","ACSSF","0001721",,,,,"34","005",,,,"702909",,,,,,,,,,,,,,,,,,,,,,,,,,,,,,,,,,,"14000US34005702909",,,"5687458","63234",1427,43,1384,3.01,96.99
"34005702910","Census Tract 7029.10","Census Tract 7029.10, Burlington County, New Jersey","nj","140","00","ACSSF","0001722",,,,,"34","005",,,,"702910",,,,,,,,,,,,,,,,,,,,,,,,,,,,,,,,,,,"14000US34005702910",,,"16986044","68862",1070,20,1050,1.87,98.13
"34005702913","Census Tract 7029.13","Census Tract 7029.13, Burlington County, New Jersey","nj","140","00","ACSSF","0001723",,,,,"34","005",,,,"702913",,,,,,,,,,,,,,,,,,,,,,,,,,,,,,,,,,,"14000US34005702913",,,"2181587","29131",852,159,693,18.66,81.34
"34005702914","Census Tract 7029.14","Census Tract 7029.14, Burlington County, New Jersey","nj","140","00","ACSSF","0001724",,,,,"34","005",,,,"702914",,,,,,,,,,,,,,,,,,,,,,,,,,,,,,,,,,,"14000US34005702914",,,"6470703","329863",1020,114,906,11.18,88.82
"34005702915","Census Tract 7029.15","Census Tract 7029.15, Burlington County, New Jersey","nj","140","00","ACSSF","0001725",,,,,"34","005",,,,"702915",,,,,,,,,,,,,,,,,,,,,,,,,,,,,,,,,,,"14000US34005702915",,,"2383264","24501",873,31,842,3.55,96.45
"34005702917","Census Tract 7029.17","Census Tract 7029.17, Burlington County, New Jersey","nj","140","00","ACSSF","0001726",,,,,"34","005",,,,"702917",,,,,,,,,,,,,,,,,,,,,,,,,,,,,,,,,,,"14000US34005702917",,,"1237965","3899",310,0,310,0,100
"34005702918","Census Tract 7029.18","Census Tract 7029.18, Burlington County, New Jersey","nj","140","00","ACSSF","0001727",,,,,"34","005",,,,"702918",,,,,,,,,,,,,,,,,,,,,,,,,,,,,,,,,,,"14000US34005702918",,,"1719393","13303",362,0,362,0,100
"34005703000","Census Tract 7030","Census Tract 7030, Burlington County, New Jersey","nj","140","00","ACSSF","0001728",,,,,"34","005",,,,"703000",,,,,,,,,,,,,,,,,,,,,,,,,,,,,,,,,,,"14000US34005703000",,,"16757299","829906",1239,167,1072,13.48,86.52
"34005703102","Census Tract 7031.02","Census Tract 7031.02, Burlington County, New Jersey","nj","140","00","ACSSF","0001729",,,,,"34","005",,,,"703102",,,,,,,,,,,,,,,,,,,,,,,,,,,,,,,,,,,"14000US34005703102",,,"16991362","155479",616,8,608,1.3,98.7
"34005703103","Census Tract 7031.03","Census Tract 7031.03, Burlington County, New Jersey","nj","140","00","ACSSF","0001730",,,,,"34","005",,,,"703103",,,,,,,,,,,,,,,,,,,,,,,,,,,,,,,,,,,"14000US34005703103",,,"10197689","33543",1177,278,899,23.62,76.38
"34005703104","Census Tract 7031.04","Census Tract 7031.04, Burlington County, New Jersey","nj","140","00","ACSSF","0001731",,,,,"34","005",,,,"703104",,,,,,,,,,,,,,,,,,,,,,,,,,,,,,,,,,,"14000US34005703104",,,"6176710","151443",1041,0,1041,0,100
"34005703201","Census Tract 7032.01","Census Tract 7032.01, Burlington County, New Jersey","nj","140","00","ACSSF","0001732",,,,,"34","005",,,,"703201",,,,,,,,,,,,,,,,,,,,,,,,,,,,,,,,,,,"14000US34005703201",,,"65603806","782284",763,55,708,7.21,92.79
"34005703202","Census Tract 7032.02","Census Tract 7032.02, Burlington County, New Jersey","nj","140","00","ACSSF","0001733",,,,,"34","005",,,,"703202",,,,,,,,,,,,,,,,,,,,,,,,,,,,,,,,,,,"14000US34005703202",,,"39915325","61802",538,34,504,6.32,93.68
"34005703203","Census Tract 7032.03","Census Tract 7032.03, Burlington County, New Jersey","nj","140","00","ACSSF","0001734",,,,,"34","005",,,,"703203",,,,,,,,,,,,,,,,,,,,,,,,,,,,,,,,,,,"14000US34005703203",,,"8415923","317460",97,30,67,30.93,69.07
"34005703600","Census Tract 7036","Census Tract 7036, Burlington County, New Jersey","nj","140","00","ACSSF","0001735",,,,,"34","005",,,,"703600",,,,,,,,,,,,,,,,,,,,,,,,,,,,,,,,,,,"14000US34005703600",,,"127427456","1113614",1529,17,1512,1.11,98.89
"34005703700","Census Tract 7037","Census Tract 7037, Burlington County, New Jersey","nj","140","00","ACSSF","0001736",,,,,"34","005",,,,"703700",,,,,,,,,,,,,,,,,,,,,,,,,,,,,,,,,,,"14000US34005703700",,,"115135122","1442588",1781,217,1564,12.18,87.82
"34005703801","Census Tract 7038.01","Census Tract 7038.01, Burlington County, New Jersey","nj","140","00","ACSSF","0001737",,,,,"34","005",,,,"703801",,,,,,,,,,,,,,,,,,,,,,,,,,,,,,,,,,,"14000US34005703801",,,"37362546","682736",1391,15,1376,1.08,98.92
"34005703802","Census Tract 7038.02","Census Tract 7038.02, Burlington County, New Jersey","nj","140","00","ACSSF","0001738",,,,,"34","005",,,,"703802",,,,,,,,,,,,,,,,,,,,,,,,,,,,,,,,,,,"14000US34005703802",,,"16669942","57075",874,0,874,0,100
"34005703803","Census Tract 7038.03","Census Tract 7038.03, Burlington County, New Jersey","nj","140","00","ACSSF","0001739",,,,,"34","005",,,,"703803",,,,,,,,,,,,,,,,,,,,,,,,,,,,,,,,,,,"14000US34005703803",,,"7760241","298139",1149,0,1149,0,100
"34005703804","Census Tract 7038.04","Census Tract 7038.04, Burlington County, New Jersey","nj","140","00","ACSSF","0001740",,,,,"34","005",,,,"703804",,,,,,,,,,,,,,,,,,,,,,,,,,,,,,,,,,,"14000US34005703804",,,"38695501","1577759",1907,0,1907,0,100
"34005703900","Census Tract 7039","Census Tract 7039, Burlington County, New Jersey","nj","140","00","ACSSF","0001741",,,,,"34","005",,,,"703900",,,,,,,,,,,,,,,,,,,,,,,,,,,,,,,,,,,"14000US34005703900",,,"2951904","336335",933,0,933,0,100
"34005704004","Census Tract 7040.04","Census Tract 7040.04, Burlington County, New Jersey","nj","140","00","ACSSF","0001742",,,,,"34","005",,,,"704004",,,,,,,,,,,,,,,,,,,,,,,,,,,,,,,,,,,"14000US34005704004",,,"3543844","9923",576,52,524,9.03,90.97
"34005704005","Census Tract 7040.05","Census Tract 7040.05, Burlington County, New Jersey","nj","140","00","ACSSF","0001743",,,,,"34","005",,,,"704005",,,,,,,,,,,,,,,,,,,,,,,,,,,,,,,,,,,"14000US34005704005",,,"2902940","11111",762,68,694,8.92,91.08
"34005704006","Census Tract 7040.06","Census Tract 7040.06, Burlington County, New Jersey","nj","140","00","ACSSF","0001744",,,,,"34","005",,,,"704006",,,,,,,,,,,,,,,,,,,,,,,,,,,,,,,,,,,"14000US34005704006",,,"2523307","4998",358,10,348,2.79,97.21
"34005704007","Census Tract 7040.07","Census Tract 7040.07, Burlington County, New Jersey","nj","140","00","ACSSF","0001745",,,,,"34","005",,,,"704007",,,,,,,,,,,,,,,,,,,,,,,,,,,,,,,,,,,"14000US34005704007",,,"2719748","0",665,12,653,1.8,98.2
"34005704008","Census Tract 7040.08","Census Tract 7040.08, Burlington County, New Jersey","nj","140","00","ACSSF","0001746",,,,,"34","005",,,,"704008",,,,,,,,,,,,,,,,,,,,,,,,,,,,,,,,,,,"14000US34005704008",,,"9772384","22122",937,71,866,7.58,92.42
"34005704009","Census Tract 7040.09","Census Tract 7040.09, Burlington County, New Jersey","nj","140","00","ACSSF","0001747",,,,,"34","005",,,,"704009",,,,,,,,,,,,,,,,,,,,,,,,,,,,,,,,,,,"14000US34005704009",,,"8587335","61033",951,24,927,2.52,97.48
"34005704011","Census Tract 7040.11","Census Tract 7040.11, Burlington County, New Jersey","nj","140","00","ACSSF","0001748",,,,,"34","005",,,,"704011",,,,,,,,,,,,,,,,,,,,,,,,,,,,,,,,,,,"14000US34005704011",,,"23475421","608290",739,0,739,0,100
"34005704012","Census Tract 7040.12","Census Tract 7040.12, Burlington County, New Jersey","nj","140","00","ACSSF","0001749",,,,,"34","005",,,,"704012",,,,,,,,,,,,,,,,,,,,,,,,,,,,,,,,,,,"14000US34005704012",,,"9244858","378538",1355,59,1296,4.35,95.65
"34005704013","Census Tract 7040.13","Census Tract 7040.13, Burlington County, New Jersey","nj","140","00","ACSSF","0001750",,,,,"34","005",,,,"704013",,,,,,,,,,,,,,,,,,,,,,,,,,,,,,,,,,,"14000US34005704013",,,"3533977","3614",1250,37,1213,2.96,97.04
"34005704014","Census Tract 7040.14","Census Tract 7040.14, Burlington County, New Jersey","nj","140","00","ACSSF","0001751",,,,,"34","005",,,,"704014",,,,,,,,,,,,,,,,,,,,,,,,,,,,,,,,,,,"14000US34005704014",,,"9201650","18163",2025,158,1867,7.8,92.2
"34005704200","Census Tract 7042","Census Tract 7042, Burlington County, New Jersey","nj","140","00","ACSSF","0001752",,,,,"34","005",,,,"704200",,,,,,,,,,,,,,,,,,,,,,,,,,,,,,,,,,,"14000US34005704200",,,"16265252","1700681",1837,31,1806,1.69,98.31
"34005704302","Census Tract 7043.02","Census Tract 7043.02, Burlington County, New Jersey","nj","140","00","ACSSF","0001753",,,,,"34","005",,,,"704302",,,,,,,,,,,,,,,,,,,,,,,,,,,,,,,,,,,"14000US34005704302",,,"52740519","233775",1648,18,1630,1.09,98.91
"34005704500","Census Tract 7045","Census Tract 7045, Burlington County, New Jersey","nj","140","00","ACSSF","0001754",,,,,"34","005",,,,"704500",,,,,,,,,,,,,,,,,,,,,,,,,,,,,,,,,,,"14000US34005704500",,,"44227975","366142",737,74,663,10.04,89.96
"34005704600","Census Tract 7046","Census Tract 7046, Burlington County, New Jersey","nj","140","00","ACSSF","0001755",,,,,"34","005",,,,"704600",,,,,,,,,,,,,,,,,,,,,,,,,,,,,,,,,,,"14000US34005704600",,,"3769831","97858",274,38,236,13.87,86.13
"34005704700","Census Tract 7047","Census Tract 7047, Burlington County, New Jersey","nj","140","00","ACSSF","0001756",,,,,"34","005",,,,"704700",,,,,,,,,,,,,,,,,,,,,,,,,,,,,,,,,,,"14000US34005704700",,,"697804385","21359249",648,74,574,11.42,88.58
"34005704801","Census Tract 7048.01","Census Tract 7048.01, Burlington County, New Jersey","nj","140","00","ACSSF","0001757",,,,,"34","005",,,,"704801",,,,,,,,,,,,,,,,,,,,,,,,,,,,,,,,,,,"14000US34005704801",,,"52713571","812376",981,59,922,6.01,93.99
"34005704802","Census Tract 7048.02","Census Tract 7048.02, Burlington County, New Jersey","nj","140","00","ACSSF","0001758",,,,,"34","005",,,,"704802",,,,,,,,,,,,,,,,,,,,,,,,,,,,,,,,,,,"14000US34005704802",,,"15402775","135186",280,64,216,22.86,77.14
"34005981802","Census Tract 9818.02","Census Tract 9818.02, Burlington County, New Jersey","nj","140","00","ACSSF","0001759",,,,,"34","005",,,,"981802",,,,,,,,,,,,,,,,,,,,,,,,,,,,,,,,,,,"14000US34005981802",,,"2455740","135586",12,0,12,0,100
"34005982111","Census Tract 9821.11","Census Tract 9821.11, Burlington County, New Jersey","nj","140","00","ACSSF","0001760",,,,,"34","005",,,,"982111",,,,,,,,,,,,,,,,,,,,,,,,,,,,,,,,,,,"14000US34005982111",,,"11718508","13678",173,12,161,6.94,93.06
"34007600200","Census Tract 6002","Census Tract 6002, Camden County, New Jersey","nj","140","00","ACSSF","0001761",,,,,"34","007",,,,"600200",,,,,,,,,,,,,,,,,,,,,,,,,,,,,,,,,,,"14000US34007600200",,,"1171709","55093",442,189,253,42.76,57.24
"34007600400","Census Tract 6004","Census Tract 6004, Camden County, New Jersey","nj","140","00","ACSSF","0001762",,,,,"34","007",,,,"600400",,,,,,,,,,,,,,,,,,,,,,,,,,,,,,,,,,,"14000US34007600400",,,"862456","0",1175,876,299,74.55,25.45
"34007600700","Census Tract 6007","Census Tract 6007, Camden County, New Jersey","nj","140","00","ACSSF","0001763",,,,,"34","007",,,,"600700",,,,,,,,,,,,,,,,,,,,,,,,,,,,,,,,,,,"14000US34007600700",,,"629533","537888",553,445,108,80.47,19.53
"34007600800","Census Tract 6008","Census Tract 6008, Camden County, New Jersey","nj","140","00","ACSSF","0001764",,,,,"34","007",,,,"600800",,,,,,,,,,,,,,,,,,,,,,,,,,,,,,,,,,,"14000US34007600800",,,"1109780","260023",1382,730,652,52.82,47.18
"34007600900","Census Tract 6009","Census Tract 6009, Camden County, New Jersey","nj","140","00","ACSSF","0001765",,,,,"34","007",,,,"600900",,,,,,,,,,,,,,,,,,,,,,,,,,,,,,,,,,,"14000US34007600900",,,"1787659","296689",1541,1000,541,64.89,35.11
"34007601000","Census Tract 6010","Census Tract 6010, Camden County, New Jersey","nj","140","00","ACSSF","0001766",,,,,"34","007",,,,"601000",,,,,,,,,,,,,,,,,,,,,,,,,,,,,,,,,,,"14000US34007601000",,,"1482252","178584",2065,708,1357,34.29,65.71
"34007601101","Census Tract 6011.01","Census Tract 6011.01, Camden County, New Jersey","nj","140","00","ACSSF","0001767",,,,,"34","007",,,,"601101",,,,,,,,,,,,,,,,,,,,,,,,,,,,,,,,,,,"14000US34007601101",,,"740245","0",1008,588,420,58.33,41.67
"34007601102","Census Tract 6011.02","Census Tract 6011.02, Camden County, New Jersey","nj","140","00","ACSSF","0001768",,,,,"34","007",,,,"601102",,,,,,,,,,,,,,,,,,,,,,,,,,,,,,,,,,,"14000US34007601102",,,"1009610","0",1938,579,1359,29.88,70.12
"34007601200","Census Tract 6012","Census Tract 6012, Camden County, New Jersey","nj","140","00","ACSSF","0001769",,,,,"34","007",,,,"601200",,,,,,,,,,,,,,,,,,,,,,,,,,,,,,,,,,,"14000US34007601200",,,"805794","0",1657,986,671,59.51,40.49
"34007601300","Census Tract 6013","Census Tract 6013, Camden County, New Jersey","nj","140","00","ACSSF","0001770",,,,,"34","007",,,,"601300",,,,,,,,,,,,,,,,,,,,,,,,,,,,,,,,,,,"14000US34007601300",,,"1442996","73887",1291,409,882,31.68,68.32
"34007601400","Census Tract 6014","Census Tract 6014, Camden County, New Jersey","nj","140","00","ACSSF","0001771",,,,,"34","007",,,,"601400",,,,,,,,,,,,,,,,,,,,,,,,,,,,,,,,,,,"14000US34007601400",,,"1572123","228528",1393,459,934,32.95,67.05
"34007601500","Census Tract 6015","Census Tract 6015, Camden County, New Jersey","nj","140","00","ACSSF","0001772",,,,,"34","007",,,,"601500",,,,,,,,,,,,,,,,,,,,,,,,,,,,,,,,,,,"14000US34007601500",,,"1171355","0",1278,437,841,34.19,65.81
"34007601600","Census Tract 6016","Census Tract 6016, Camden County, New Jersey","nj","140","00","ACSSF","0001773",,,,,"34","007",,,,"601600",,,,,,,,,,,,,,,,,,,,,,,,,,,,,,,,,,,"14000US34007601600",,,"525155","0",1014,569,445,56.11,43.89
"34007601700","Census Tract 6017","Census Tract 6017, Camden County, New Jersey","nj","140","00","ACSSF","0001774",,,,,"34","007",,,,"601700",,,,,,,,,,,,,,,,,,,,,,,,,,,,,,,,,,,"14000US34007601700",,,"878678","0",1417,767,650,54.13,45.87
"34007601800","Census Tract 6018","Census Tract 6018, Camden County, New Jersey","nj","140","00","ACSSF","0001775",,,,,"34","007",,,,"601800",,,,,,,,,,,,,,,,,,,,,,,,,,,,,,,,,,,"14000US34007601800",,,"2013762","840692",244,15,229,6.15,93.85
"34007601900","Census Tract 6019","Census Tract 6019, Camden County, New Jersey","nj","140","00","ACSSF","0001776",,,,,"34","007",,,,"601900",,,,,,,,,,,,,,,,,,,,,,,,,,,,,,,,,,,"14000US34007601900",,,"1144275","44030",771,590,181,76.52,23.48
"34007602000","Census Tract 6020","Census Tract 6020, Camden County, New Jersey","nj","140","00","ACSSF","0001777",,,,,"34","007",,,,"602000",,,,,,,,,,,,,,,,,,,,,,,,,,,,,,,,,,,"14000US34007602000",,,"1754176","194723",2334,1071,1263,45.89,54.11
"34007602503","Census Tract 6025.03","Census Tract 6025.03, Camden County, New Jersey","nj","140","00","ACSSF","0001778",,,,,"34","007",,,,"602503",,,,,,,,,,,,,,,,,,,,,,,,,,,,,,,,,,,"14000US34007602503",,,"1044735","0",530,83,447,15.66,84.34
"34007602601","Census Tract 6026.01","Census Tract 6026.01, Camden County, New Jersey","nj","140","00","ACSSF","0001779",,,,,"34","007",,,,"602601",,,,,,,,,,,,,,,,,,,,,,,,,,,,,,,,,,,"14000US34007602601",,,"1471651","0",579,35,544,6.04,93.96
"34007602602","Census Tract 6026.02","Census Tract 6026.02, Camden County, New Jersey","nj","140","00","ACSSF","0001780",,,,,"34","007",,,,"602602",,,,,,,,,,,,,,,,,,,,,,,,,,,,,,,,,,,"14000US34007602602",,,"665487","0",724,149,575,20.58,79.42
"34007602901","Census Tract 6029.01","Census Tract 6029.01, Camden County, New Jersey","nj","140","00","ACSSF","0001781",,,,,"34","007",,,,"602901",,,,,,,,,,,,,,,,,,,,,,,,,,,,,,,,,,,"14000US34007602901",,,"4423480","21608",721,8,713,1.11,98.89
"34007602902","Census Tract 6029.02","Census Tract 6029.02, Camden County, New Jersey","nj","140","00","ACSSF","0001782",,,,,"34","007",,,,"602902",,,,,,,,,,,,,,,,,,,,,,,,,,,,,,,,,,,"14000US34007602902",,,"1611936","0",939,181,758,19.28,80.72
"34007603001","Census Tract 6030.01","Census Tract 6030.01, Camden County, New Jersey","nj","140","00","ACSSF","0001783",,,,,"34","007",,,,"603001",,,,,,,,,,,,,,,,,,,,,,,,,,,,,,,,,,,"14000US34007603001",,,"1586240","0",842,113,729,13.42,86.58
"34007603002","Census Tract 6030.02","Census Tract 6030.02, Camden County, New Jersey","nj","140","00","ACSSF","0001784",,,,,"34","007",,,,"603002",,,,,,,,,,,,,,,,,,,,,,,,,,,,,,,,,,,"14000US34007603002",,,"1436034","0",1235,174,1061,14.09,85.91
"34007603100","Census Tract 6031","Census Tract 6031, Camden County, New Jersey","nj","140","00","ACSSF","0001785",,,,,"34","007",,,,"603100",,,,,,,,,,,,,,,,,,,,,,,,,,,,,,,,,,,"14000US34007603100",,,"1537016","0",869,0,869,0,100
"34007603200","Census Tract 6032","Census Tract 6032, Camden County, New Jersey","nj","140","00","ACSSF","0001786",,,,,"34","007",,,,"603200",,,,,,,,,,,,,,,,,,,,,,,,,,,,,,,,,,,"14000US34007603200",,,"8727751","227616",1222,144,1078,11.78,88.22
"34007603301","Census Tract 6033.01","Census Tract 6033.01, Camden County, New Jersey","nj","140","00","ACSSF","0001787",,,,,"34","007",,,,"603301",,,,,,,,,,,,,,,,,,,,,,,,,,,,,,,,,,,"14000US34007603301",,,"4542082","0",1178,107,1071,9.08,90.92
"34007603302","Census Tract 6033.02","Census Tract 6033.02, Camden County, New Jersey","nj","140","00","ACSSF","0001788",,,,,"34","007",,,,"603302",,,,,,,,,,,,,,,,,,,,,,,,,,,,,,,,,,,"14000US34007603302",,,"3753669","7431",1506,78,1428,5.18,94.82
"34007603303","Census Tract 6033.03","Census Tract 6033.03, Camden County, New Jersey","nj","140","00","ACSSF","0001789",,,,,"34","007",,,,"603303",,,,,,,,,,,,,,,,,,,,,,,,,,,,,,,,,,,"14000US34007603303",,,"986807","0",528,101,427,19.13,80.87
"34007603400","Census Tract 6034","Census Tract 6034, Camden County, New Jersey","nj","140","00","ACSSF","0001790",,,,,"34","007",,,,"603400",,,,,,,,,,,,,,,,,,,,,,,,,,,,,,,,,,,"14000US34007603400",,,"5181493","4034",1663,91,1572,5.47,94.53
"34007603501","Census Tract 6035.01","Census Tract 6035.01, Camden County, New Jersey","nj","140","00","ACSSF","0001791",,,,,"34","007",,,,"603501",,,,,,,,,,,,,,,,,,,,,,,,,,,,,,,,,,,"14000US34007603501",,,"7411297","19362",1488,114,1374,7.66,92.34
"34007603503","Census Tract 6035.03","Census Tract 6035.03, Camden County, New Jersey","nj","140","00","ACSSF","0001792",,,,,"34","007",,,,"603503",,,,,,,,,,,,,,,,,,,,,,,,,,,,,,,,,,,"14000US34007603503",,,"4527468","18445",1099,5,1094,0.45,99.55
"34007603504","Census Tract 6035.04","Census Tract 6035.04, Camden County, New Jersey","nj","140","00","ACSSF","0001793",,,,,"34","007",,,,"603504",,,,,,,,,,,,,,,,,,,,,,,,,,,,,,,,,,,"14000US34007603504",,,"2430784","1416",688,0,688,0,100
"34007603505","Census Tract 6035.05","Census Tract 6035.05, Camden County, New Jersey","nj","140","00","ACSSF","0001794",,,,,"34","007",,,,"603505",,,,,,,,,,,,,,,,,,,,,,,,,,,,,,,,,,,"14000US34007603505",,,"2914500","0",802,26,776,3.24,96.76
"34007603506","Census Tract 6035.06","Census Tract 6035.06, Camden County, New Jersey","nj","140","00","ACSSF","0001795",,,,,"34","007",,,,"603506",,,,,,,,,,,,,,,,,,,,,,,,,,,,,,,,,,,"14000US34007603506",,,"5062806","0",1243,42,1201,3.38,96.62
"34007603507","Census Tract 6035.07","Census Tract 6035.07, Camden County, New Jersey","nj","140","00","ACSSF","0001796",,,,,"34","007",,,,"603507",,,,,,,,,,,,,,,,,,,,,,,,,,,,,,,,,,,"14000US34007603507",,,"6027595","0",1350,40,1310,2.96,97.04
"34007603601","Census Tract 6036.01","Census Tract 6036.01, Camden County, New Jersey","nj","140","00","ACSSF","0001797",,,,,"34","007",,,,"603601",,,,,,,,,,,,,,,,,,,,,,,,,,,,,,,,,,,"14000US34007603601",,,"3670837","4797",608,27,581,4.44,95.56
"34007603602","Census Tract 6036.02","Census Tract 6036.02, Camden County, New Jersey","nj","140","00","ACSSF","0001798",,,,,"34","007",,,,"603602",,,,,,,,,,,,,,,,,,,,,,,,,,,,,,,,,,,"14000US34007603602",,,"2694707","0",607,37,570,6.1,93.9
"34007603603","Census Tract 6036.03","Census Tract 6036.03, Camden County, New Jersey","nj","140","00","ACSSF","0001799",,,,,"34","007",,,,"603603",,,,,,,,,,,,,,,,,,,,,,,,,,,,,,,,,,,"14000US34007603603",,,"2191199","0",547,17,530,3.11,96.89
"34007603700","Census Tract 6037","Census Tract 6037, Camden County, New Jersey","nj","140","00","ACSSF","0001800",,,,,"34","007",,,,"603700",,,,,,,,,,,,,,,,,,,,,,,,,,,,,,,,,,,"14000US34007603700",,,"2223268","38394",884,108,776,12.22,87.78
"34007603800","Census Tract 6038","Census Tract 6038, Camden County, New Jersey","nj","140","00","ACSSF","0001801",,,,,"34","007",,,,"603800",,,,,,,,,,,,,,,,,,,,,,,,,,,,,,,,,,,"14000US34007603800",,,"2174897","138730",1201,44,1157,3.66,96.34
"34007603901","Census Tract 6039.01","Census Tract 6039.01, Camden County, New Jersey","nj","140","00","ACSSF","0001802",,,,,"34","007",,,,"603901",,,,,,,,,,,,,,,,,,,,,,,,,,,,,,,,,,,"14000US34007603901",,,"2197028","20755",860,0,860,0,100
"34007603902","Census Tract 6039.02","Census Tract 6039.02, Camden County, New Jersey","nj","140","00","ACSSF","0001803",,,,,"34","007",,,,"603902",,,,,,,,,,,,,,,,,,,,,,,,,,,,,,,,,,,"14000US34007603902",,,"1391656","31552",470,0,470,0,100
"34007604100","Census Tract 6041","Census Tract 6041, Camden County, New Jersey","nj","140","00","ACSSF","0001804",,,,,"34","007",,,,"604100",,,,,,,,,,,,,,,,,,,,,,,,,,,,,,,,,,,"14000US34007604100",,,"563497","18198",962,312,650,32.43,67.57
"34007604200","Census Tract 6042","Census Tract 6042, Camden County, New Jersey","nj","140","00","ACSSF","0001805",,,,,"34","007",,,,"604200",,,,,,,,,,,,,,,,,,,,,,,,,,,,,,,,,,,"14000US34007604200",,,"1015901","157986",609,0,609,0,100
"34007604300","Census Tract 6043","Census Tract 6043, Camden County, New Jersey","nj","140","00","ACSSF","0001806",,,,,"34","007",,,,"604300",,,,,,,,,,,,,,,,,,,,,,,,,,,,,,,,,,,"14000US34007604300",,,"1049355","0",691,10,681,1.45,98.55
"34007604400","Census Tract 6044","Census Tract 6044, Camden County, New Jersey","nj","140","00","ACSSF","0001807",,,,,"34","007",,,,"604400",,,,,,,,,,,,,,,,,,,,,,,,,,,,,,,,,,,"14000US34007604400",,,"1720554","82675",726,91,635,12.53,87.47
"34007604600","Census Tract 6046","Census Tract 6046, Camden County, New Jersey","nj","140","00","ACSSF","0001808",,,,,"34","007",,,,"604600",,,,,,,,,,,,,,,,,,,,,,,,,,,,,,,,,,,"14000US34007604600",,,"793029","67656",373,28,345,7.51,92.49
"34007604700","Census Tract 6047","Census Tract 6047, Camden County, New Jersey","nj","140","00","ACSSF","0001809",,,,,"34","007",,,,"604700",,,,,,,,,,,,,,,,,,,,,,,,,,,,,,,,,,,"14000US34007604700",,,"831477","86648",349,0,349,0,100
"34007605100","Census Tract 6051","Census Tract 6051, Camden County, New Jersey","nj","140","00","ACSSF","0001810",,,,,"34","007",,,,"605100",,,,,,,,,,,,,,,,,,,,,,,,,,,,,,,,,,,"14000US34007605100",,,"1353903","85690",405,44,361,10.86,89.14
"34007605200","Census Tract 6052","Census Tract 6052, Camden County, New Jersey","nj","140","00","ACSSF","0001811",,,,,"34","007",,,,"605200",,,,,,,,,,,,,,,,,,,,,,,,,,,,,,,,,,,"14000US34007605200",,,"1798707","64674",759,154,605,20.29,79.71
"34007605300","Census Tract 6053","Census Tract 6053, Camden County, New Jersey","nj","140","00","ACSSF","0001812",,,,,"34","007",,,,"605300",,,,,,,,,,,,,,,,,,,,,,,,,,,,,,,,,,,"14000US34007605300",,,"1265110","105763",401,143,258,35.66,64.34
"34007605400","Census Tract 6054","Census Tract 6054, Camden County, New Jersey","nj","140","00","ACSSF","0001813",,,,,"34","007",,,,"605400",,,,,,,,,,,,,,,,,,,,,,,,,,,,,,,,,,,"14000US34007605400",,,"1313470","4837",497,130,367,26.16,73.84
"34007605602","Census Tract 6056.02","Census Tract 6056.02, Camden County, New Jersey","nj","140","00","ACSSF","0001814",,,,,"34","007",,,,"605602",,,,,,,,,,,,,,,,,,,,,,,,,,,,,,,,,,,"14000US34007605602",,,"1106939","7572",387,22,365,5.68,94.32
"34007605700","Census Tract 6057","Census Tract 6057, Camden County, New Jersey","nj","140","00","ACSSF","0001815",,,,,"34","007",,,,"605700",,,,,,,,,,,,,,,,,,,,,,,,,,,,,,,,,,,"14000US34007605700",,,"1421671","0",702,11,691,1.57,98.43
"34007605800","Census Tract 6058","Census Tract 6058, Camden County, New Jersey","nj","140","00","ACSSF","0001816",,,,,"34","007",,,,"605800",,,,,,,,,,,,,,,,,,,,,,,,,,,,,,,,,,,"14000US34007605800",,,"1490233","13573",559,61,498,10.91,89.09
"34007605900","Census Tract 6059","Census Tract 6059, Camden County, New Jersey","nj","140","00","ACSSF","0001817",,,,,"34","007",,,,"605900",,,,,,,,,,,,,,,,,,,,,,,,,,,,,,,,,,,"14000US34007605900",,,"1377452","0",591,21,570,3.55,96.45
"34007606000","Census Tract 6060","Census Tract 6060, Camden County, New Jersey","nj","140","00","ACSSF","0001818",,,,,"34","007",,,,"606000",,,,,,,,,,,,,,,,,,,,,,,,,,,,,,,,,,,"14000US34007606000",,,"1188938","0",393,5,388,1.27,98.73
"34007606100","Census Tract 6061","Census Tract 6061, Camden County, New Jersey","nj","140","00","ACSSF","0001819",,,,,"34","007",,,,"606100",,,,,,,,,,,,,,,,,,,,,,,,,,,,,,,,,,,"14000US34007606100",,,"1073073","0",702,3,699,0.43,99.57
"34007606200","Census Tract 6062","Census Tract 6062, Camden County, New Jersey","nj","140","00","ACSSF","0001820",,,,,"34","007",,,,"606200",,,,,,,,,,,,,,,,,,,,,,,,,,,,,,,,,,,"14000US34007606200",,,"2285761","50385",1023,0,1023,0,100
"34007606300","Census Tract 6063","Census Tract 6063, Camden County, New Jersey","nj","140","00","ACSSF","0001821",,,,,"34","007",,,,"606300",,,,,,,,,,,,,,,,,,,,,,,,,,,,,,,,,,,"14000US34007606300",,,"1635135","65815",596,25,571,4.19,95.81
"34007606400","Census Tract 6064","Census Tract 6064, Camden County, New Jersey","nj","140","00","ACSSF","0001822",,,,,"34","007",,,,"606400",,,,,,,,,,,,,,,,,,,,,,,,,,,,,,,,,,,"14000US34007606400",,,"2954984","7018",858,0,858,0,100
"34007606500","Census Tract 6065","Census Tract 6065, Camden County, New Jersey","nj","140","00","ACSSF","0001823",,,,,"34","007",,,,"606500",,,,,,,,,,,,,,,,,,,,,,,,,,,,,,,,,,,"14000US34007606500",,,"3704848","0",515,160,355,31.07,68.93
"34007606600","Census Tract 6066","Census Tract 6066, Camden County, New Jersey","nj","140","00","ACSSF","0001824",,,,,"34","007",,,,"606600",,,,,,,,,,,,,,,,,,,,,,,,,,,,,,,,,,,"14000US34007606600",,,"1945026","0",410,29,381,7.07,92.93
"34007606700","Census Tract 6067","Census Tract 6067, Camden County, New Jersey","nj","140","00","ACSSF","0001825",,,,,"34","007",,,,"606700",,,,,,,,,,,,,,,,,,,,,,,,,,,,,,,,,,,"14000US34007606700",,,"2150314","0",847,0,847,0,100
"34007606800","Census Tract 6068","Census Tract 6068, Camden County, New Jersey","nj","140","00","ACSSF","0001826",,,,,"34","007",,,,"606800",,,,,,,,,,,,,,,,,,,,,,,,,,,,,,,,,,,"14000US34007606800",,,"2040011","10217",797,183,614,22.96,77.04
"34007607000","Census Tract 6070","Census Tract 6070, Camden County, New Jersey","nj","140","00","ACSSF","0001827",,,,,"34","007",,,,"607000",,,,,,,,,,,,,,,,,,,,,,,,,,,,,,,,,,,"14000US34007607000",,,"2606160","305517",947,452,495,47.73,52.27
"34007607100","Census Tract 6071","Census Tract 6071, Camden County, New Jersey","nj","140","00","ACSSF","0001828",,,,,"34","007",,,,"607100",,,,,,,,,,,,,,,,,,,,,,,,,,,,,,,,,,,"14000US34007607100",,,"2338017","139326",807,25,782,3.1,96.9
"34007607200","Census Tract 6072","Census Tract 6072, Camden County, New Jersey","nj","140","00","ACSSF","0001829",,,,,"34","007",,,,"607200",,,,,,,,,,,,,,,,,,,,,,,,,,,,,,,,,,,"14000US34007607200",,,"2974179","0",971,110,861,11.33,88.67
"34007607300","Census Tract 6073","Census Tract 6073, Camden County, New Jersey","nj","140","00","ACSSF","0001830",,,,,"34","007",,,,"607300",,,,,,,,,,,,,,,,,,,,,,,,,,,,,,,,,,,"14000US34007607300",,,"2534168","0",766,116,650,15.14,84.86
"34007607401","Census Tract 6074.01","Census Tract 6074.01, Camden County, New Jersey","nj","140","00","ACSSF","0001831",,,,,"34","007",,,,"607401",,,,,,,,,,,,,,,,,,,,,,,,,,,,,,,,,,,"14000US34007607401",,,"1599388","0",260,43,217,16.54,83.46
"34007607402","Census Tract 6074.02","Census Tract 6074.02, Camden County, New Jersey","nj","140","00","ACSSF","0001832",,,,,"34","007",,,,"607402",,,,,,,,,,,,,,,,,,,,,,,,,,,,,,,,,,,"14000US34007607402",,,"2005766","0",492,22,470,4.47,95.53
"34007607502","Census Tract 6075.02","Census Tract 6075.02, Camden County, New Jersey","nj","140","00","ACSSF","0001833",,,,,"34","007",,,,"607502",,,,,,,,,,,,,,,,,,,,,,,,,,,,,,,,,,,"14000US34007607502",,,"8040085","95491",948,75,873,7.91,92.09
"34007607503","Census Tract 6075.03","Census Tract 6075.03, Camden County, New Jersey","nj","140","00","ACSSF","0001834",,,,,"34","007",,,,"607503",,,,,,,,,,,,,,,,,,,,,,,,,,,,,,,,,,,"14000US34007607503",,,"5445904","0",1431,9,1422,0.63,99.37
"34007607504","Census Tract 6075.04","Census Tract 6075.04, Camden County, New Jersey","nj","140","00","ACSSF","0001835",,,,,"34","007",,,,"607504",,,,,,,,,,,,,,,,,,,,,,,,,,,,,,,,,,,"14000US34007607504",,,"6085287","190234",1041,9,1032,0.86,99.14
"34007607505","Census Tract 6075.05","Census Tract 6075.05, Camden County, New Jersey","nj","140","00","ACSSF","0001836",,,,,"34","007",,,,"607505",,,,,,,,,,,,,,,,,,,,,,,,,,,,,,,,,,,"14000US34007607505",,,"6352072","115421",960,72,888,7.5,92.5
"34007607506","Census Tract 6075.06","Census Tract 6075.06, Camden County, New Jersey","nj","140","00","ACSSF","0001837",,,,,"34","007",,,,"607506",,,,,,,,,,,,,,,,,,,,,,,,,,,,,,,,,,,"14000US34007607506",,,"898539","6817",667,23,644,3.45,96.55
"34007607507","Census Tract 6075.07","Census Tract 6075.07, Camden County, New Jersey","nj","140","00","ACSSF","0001838",,,,,"34","007",,,,"607507",,,,,,,,,,,,,,,,,,,,,,,,,,,,,,,,,,,"14000US34007607507",,,"2887884","27750",848,43,805,5.07,94.93
"34007607600","Census Tract 6076","Census Tract 6076, Camden County, New Jersey","nj","140","00","ACSSF","0001839",,,,,"34","007",,,,"607600",,,,,,,,,,,,,,,,,,,,,,,,,,,,,,,,,,,"14000US34007607600",,,"5573837","111534",489,17,472,3.48,96.52
"34007607701","Census Tract 6077.01","Census Tract 6077.01, Camden County, New Jersey","nj","140","00","ACSSF","0001840",,,,,"34","007",,,,"607701",,,,,,,,,,,,,,,,,,,,,,,,,,,,,,,,,,,"14000US34007607701",,,"3337692","1513",1423,572,851,40.2,59.8
"34007607702","Census Tract 6077.02","Census Tract 6077.02, Camden County, New Jersey","nj","140","00","ACSSF","0001841",,,,,"34","007",,,,"607702",,,,,,,,,,,,,,,,,,,,,,,,,,,,,,,,,,,"14000US34007607702",,,"3118230","63228",830,67,763,8.07,91.93
"34007607801","Census Tract 6078.01","Census Tract 6078.01, Camden County, New Jersey","nj","140","00","ACSSF","0001842",,,,,"34","007",,,,"607801",,,,,,,,,,,,,,,,,,,,,,,,,,,,,,,,,,,"14000US34007607801",,,"2324213","30814",1225,37,1188,3.02,96.98
"34007607802","Census Tract 6078.02","Census Tract 6078.02, Camden County, New Jersey","nj","140","00","ACSSF","0001843",,,,,"34","007",,,,"607802",,,,,,,,,,,,,,,,,,,,,,,,,,,,,,,,,,,"14000US34007607802",,,"1326108","12996",453,44,409,9.71,90.29
"34007607900","Census Tract 6079","Census Tract 6079, Camden County, New Jersey","nj","140","00","ACSSF","0001844",,,,,"34","007",,,,"607900",,,,,,,,,,,,,,,,,,,,,,,,,,,,,,,,,,,"14000US34007607900",,,"1169240","24856",366,13,353,3.55,96.45
"34007608001","Census Tract 6080.01","Census Tract 6080.01, Camden County, New Jersey","nj","140","00","ACSSF","0001845",,,,,"34","007",,,,"608001",,,,,,,,,,,,,,,,,,,,,,,,,,,,,,,,,,,"14000US34007608001",,,"1799724","0",624,79,545,12.66,87.34
"34007608202","Census Tract 6082.02","Census Tract 6082.02, Camden County, New Jersey","nj","140","00","ACSSF","0001846",,,,,"34","007",,,,"608202",,,,,,,,,,,,,,,,,,,,,,,,,,,,,,,,,,,"14000US34007608202",,,"3392438","25352",888,0,888,0,100
"34007608205","Census Tract 6082.05","Census Tract 6082.05, Camden County, New Jersey","nj","140","00","ACSSF","0001847",,,,,"34","007",,,,"608205",,,,,,,,,,,,,,,,,,,,,,,,,,,,,,,,,,,"14000US34007608205",,,"2683492","30840",786,52,734,6.62,93.38
"34007608206","Census Tract 6082.06","Census Tract 6082.06, Camden County, New Jersey","nj","140","00","ACSSF","0001848",,,,,"34","007",,,,"608206",,,,,,,,,,,,,,,,,,,,,,,,,,,,,,,,,,,"14000US34007608206",,,"2783789","30232",808,51,757,6.31,93.69
"34007608209","Census Tract 6082.09","Census Tract 6082.09, Camden County, New Jersey","nj","140","00","ACSSF","0001849",,,,,"34","007",,,,"608209",,,,,,,,,,,,,,,,,,,,,,,,,,,,,,,,,,,"14000US34007608209",,,"2762631","72503",757,14,743,1.85,98.15
"34007608210","Census Tract 6082.10","Census Tract 6082.10, Camden County, New Jersey","nj","140","00","ACSSF","0001850",,,,,"34","007",,,,"608210",,,,,,,,,,,,,,,,,,,,,,,,,,,,,,,,,,,"14000US34007608210",,,"4835266","40939",933,69,864,7.4,92.6
"34007608211","Census Tract 6082.11","Census Tract 6082.11, Camden County, New Jersey","nj","140","00","ACSSF","0001851",,,,,"34","007",,,,"608211",,,,,,,,,,,,,,,,,,,,,,,,,,,,,,,,,,,"14000US34007608211",,,"5902355","49488",1189,47,1142,3.95,96.05
"34007608302","Census Tract 6083.02","Census Tract 6083.02, Camden County, New Jersey","nj","140","00","ACSSF","0001852",,,,,"34","007",,,,"608302",,,,,,,,,,,,,,,,,,,,,,,,,,,,,,,,,,,"14000US34007608302",,,"2935321","152201",647,66,581,10.2,89.8
"34007608303","Census Tract 6083.03","Census Tract 6083.03, Camden County, New Jersey","nj","140","00","ACSSF","0001853",,,,,"34","007",,,,"608303",,,,,,,,,,,,,,,,,,,,,,,,,,,,,,,,,,,"14000US34007608303",,,"3780975","22719",545,199,346,36.51,63.49
"34007608304","Census Tract 6083.04","Census Tract 6083.04, Camden County, New Jersey","nj","140","00","ACSSF","0001854",,,,,"34","007",,,,"608304",,,,,,,,,,,,,,,,,,,,,,,,,,,,,,,,,,,"14000US34007608304",,,"4507707","16162",966,116,850,12.01,87.99
"34007608401","Census Tract 6084.01","Census Tract 6084.01, Camden County, New Jersey","nj","140","00","ACSSF","0001855",,,,,"34","007",,,,"608401",,,,,,,,,,,,,,,,,,,,,,,,,,,,,,,,,,,"14000US34007608401",,,"3339785","2492",791,39,752,4.93,95.07
"34007608402","Census Tract 6084.02","Census Tract 6084.02, Camden County, New Jersey","nj","140","00","ACSSF","0001856",,,,,"34","007",,,,"608402",,,,,,,,,,,,,,,,,,,,,,,,,,,,,,,,,,,"14000US34007608402",,,"4315024","3510",947,172,775,18.16,81.84
"34007608403","Census Tract 6084.03","Census Tract 6084.03, Camden County, New Jersey","nj","140","00","ACSSF","0001857",,,,,"34","007",,,,"608403",,,,,,,,,,,,,,,,,,,,,,,,,,,,,,,,,,,"14000US34007608403",,,"6385596","188757",1897,199,1698,10.49,89.51
"34007608404","Census Tract 6084.04","Census Tract 6084.04, Camden County, New Jersey","nj","140","00","ACSSF","0001858",,,,,"34","007",,,,"608404",,,,,,,,,,,,,,,,,,,,,,,,,,,,,,,,,,,"14000US34007608404",,,"6829543","77942",1262,171,1091,13.55,86.45
"34007608503","Census Tract 6085.03","Census Tract 6085.03, Camden County, New Jersey","nj","140","00","ACSSF","0001859",,,,,"34","007",,,,"608503",,,,,,,,,,,,,,,,,,,,,,,,,,,,,,,,,,,"14000US34007608503",,,"2490654","0",584,20,564,3.42,96.58
"34007608504","Census Tract 6085.04","Census Tract 6085.04, Camden County, New Jersey","nj","140","00","ACSSF","0001860",,,,,"34","007",,,,"608504",,,,,,,,,,,,,,,,,,,,,,,,,,,,,,,,,,,"14000US34007608504",,,"2345655","19056",747,120,627,16.06,83.94
"34007608600","Census Tract 6086","Census Tract 6086, Camden County, New Jersey","nj","140","00","ACSSF","0001861",,,,,"34","007",,,,"608600",,,,,,,,,,,,,,,,,,,,,,,,,,,,,,,,,,,"14000US34007608600",,,"4902291","150323",1179,111,1068,9.41,90.59
"34007608700","Census Tract 6087","Census Tract 6087, Camden County, New Jersey","nj","140","00","ACSSF","0001862",,,,,"34","007",,,,"608700",,,,,,,,,,,,,,,,,,,,,,,,,,,,,,,,,,,"14000US34007608700",,,"9307772","35573",1713,57,1656,3.33,96.67
"34007608800","Census Tract 6088","Census Tract 6088, Camden County, New Jersey","nj","140","00","ACSSF","0001863",,,,,"34","007",,,,"608800",,,,,,,,,,,,,,,,,,,,,,,,,,,,,,,,,,,"14000US34007608800",,,"8656735","15360",1036,130,906,12.55,87.45
"34007608901","Census Tract 6089.01","Census Tract 6089.01, Camden County, New Jersey","nj","140","00","ACSSF","0001864",,,,,"34","007",,,,"608901",,,,,,,,,,,,,,,,,,,,,,,,,,,,,,,,,,,"14000US34007608901",,,"9751002","157764",1306,136,1170,10.41,89.59
"34007608903","Census Tract 6089.03","Census Tract 6089.03, Camden County, New Jersey","nj","140","00","ACSSF","0001865",,,,,"34","007",,,,"608903",,,,,,,,,,,,,,,,,,,,,,,,,,,,,,,,,,,"14000US34007608903",,,"13499906","22447",551,0,551,0,100
"34007608904","Census Tract 6089.04","Census Tract 6089.04, Camden County, New Jersey","nj","140","00","ACSSF","0001866",,,,,"34","007",,,,"608904",,,,,,,,,,,,,,,,,,,,,,,,,,,,,,,,,,,"14000US34007608904",,,"69994840","384333",297,11,286,3.7,96.3
"34007609000","Census Tract 6090","Census Tract 6090, Camden County, New Jersey","nj","140","00","ACSSF","0001867",,,,,"34","007",,,,"609000",,,,,,,,,,,,,,,,,,,,,,,,,,,,,,,,,,,"14000US34007609000",,,"4442825","4000",196,69,127,35.2,64.8
"34007609103","Census Tract 6091.03","Census Tract 6091.03, Camden County, New Jersey","nj","140","00","ACSSF","0001868",,,,,"34","007",,,,"609103",,,,,,,,,,,,,,,,,,,,,,,,,,,,,,,,,,,"14000US34007609103",,,"21271830","361762",1008,8,1000,0.79,99.21
"34007609201","Census Tract 6092.01","Census Tract 6092.01, Camden County, New Jersey","nj","140","00","ACSSF","0001869",,,,,"34","007",,,,"609201",,,,,,,,,,,,,,,,,,,,,,,,,,,,,,,,,,,"14000US34007609201",,,"4539267","1994",1162,195,967,16.78,83.22
"34007609202","Census Tract 6092.02","Census Tract 6092.02, Camden County, New Jersey","nj","140","00","ACSSF","0001870",,,,,"34","007",,,,"609202",,,,,,,,,,,,,,,,,,,,,,,,,,,,,,,,,,,"14000US34007609202",,,"3476709","24579",1268,166,1102,13.09,86.91
"34007609203","Census Tract 6092.03","Census Tract 6092.03, Camden County, New Jersey","nj","140","00","ACSSF","0001871",,,,,"34","007",,,,"609203",,,,,,,,,,,,,,,,,,,,,,,,,,,,,,,,,,,"14000US34007609203",,,"18885721","80462",2265,90,2175,3.97,96.03
"34007609204","Census Tract 6092.04","Census Tract 6092.04, Camden County, New Jersey","nj","140","00","ACSSF","0001872",,,,,"34","007",,,,"609204",,,,,,,,,,,,,,,,,,,,,,,,,,,,,,,,,,,"14000US34007609204",,,"3398063","44034",1108,540,568,48.74,51.26
"34007609205","Census Tract 6092.05","Census Tract 6092.05, Camden County, New Jersey","nj","140","00","ACSSF","0001873",,,,,"34","007",,,,"609205",,,,,,,,,,,,,,,,,,,,,,,,,,,,,,,,,,,"14000US34007609205",,,"62919218","652505",1232,66,1166,5.36,94.64
"34007610300","Census Tract 6103","Census Tract 6103, Camden County, New Jersey","nj","140","00","ACSSF","0001874",,,,,"34","007",,,,"610300",,,,,,,,,,,,,,,,,,,,,,,,,,,,,,,,,,,"14000US34007610300",,,"1890568","973699",250,31,219,12.4,87.6
"34007610400","Census Tract 6104","Census Tract 6104, Camden County, New Jersey","nj","140","00","ACSSF","0001875",,,,,"34","007",,,,"610400",,,,,,,,,,,,,,,,,,,,,,,,,,,,,,,,,,,"14000US34007610400",,,"1106620","0",937,604,333,64.46,35.54
"34007610500","Census Tract 6105","Census Tract 6105, Camden County, New Jersey","nj","140","00","ACSSF","0001876",,,,,"34","007",,,,"610500",,,,,,,,,,,,,,,,,,,,,,,,,,,,,,,,,,,"14000US34007610500",,,"5621952","3186120",2026,780,1246,38.5,61.5
"34007610600","Census Tract 6106","Census Tract 6106, Camden County, New Jersey","nj","140","00","ACSSF","0001877",,,,,"34","007",,,,"610600",,,,,,,,,,,,,,,,,,,,,,,,,,,,,,,,,,,"14000US34007610600",,,"1842384","220802",126,0,126,0,100
"34007610800","Census Tract 6108","Census Tract 6108, Camden County, New Jersey","nj","140","00","ACSSF","0001878",,,,,"34","007",,,,"610800",,,,,,,,,,,,,,,,,,,,,,,,,,,,,,,,,,,"14000US34007610800",,,"7435912","839726",481,17,464,3.53,96.47
"34007610900","Census Tract 6109","Census Tract 6109, Camden County, New Jersey","nj","140","00","ACSSF","0001879",,,,,"34","007",,,,"610900",,,,,,,,,,,,,,,,,,,,,,,,,,,,,,,,,,,"14000US34007610900",,,"1699777","74899",453,23,430,5.08,94.92
"34007611000","Census Tract 6110","Census Tract 6110, Camden County, New Jersey","nj","140","00","ACSSF","0001880",,,,,"34","007",,,,"611000",,,,,,,,,,,,,,,,,,,,,,,,,,,,,,,,,,,"14000US34007611000",,,"2828506","1022657",1740,283,1457,16.26,83.74
"34007611100","Census Tract 6111","Census Tract 6111, Camden County, New Jersey","nj","140","00","ACSSF","0001881",,,,,"34","007",,,,"611100",,,,,,,,,,,,,,,,,,,,,,,,,,,,,,,,,,,"14000US34007611100",,,"3083128","0",657,205,452,31.2,68.8
"34007611200","Census Tract 6112","Census Tract 6112, Camden County, New Jersey","nj","140","00","ACSSF","0001882",,,,,"34","007",,,,"611200",,,,,,,,,,,,,,,,,,,,,,,,,,,,,,,,,,,"14000US34007611200",,,"2844014","0",958,90,868,9.39,90.61
"34007611300","Census Tract 6113","Census Tract 6113, Camden County, New Jersey","nj","140","00","ACSSF","0001883",,,,,"34","007",,,,"611300",,,,,,,,,,,,,,,,,,,,,,,,,,,,,,,,,,,"14000US34007611300",,,"4998980","169597",721,94,627,13.04,86.96
"34007611400","Census Tract 6114","Census Tract 6114, Camden County, New Jersey","nj","140","00","ACSSF","0001884",,,,,"34","007",,,,"611400",,,,,,,,,,,,,,,,,,,,,,,,,,,,,,,,,,,"14000US34007611400",,,"7764526","129528",1002,79,923,7.88,92.12
"34007611500","Census Tract 6115","Census Tract 6115, Camden County, New Jersey","nj","140","00","ACSSF","0001885",,,,,"34","007",,,,"611500",,,,,,,,,,,,,,,,,,,,,,,,,,,,,,,,,,,"14000US34007611500",,,"34219320","990123",707,10,697,1.41,98.59
"34007611600","Census Tract 6116","Census Tract 6116, Camden County, New Jersey","nj","140","00","ACSSF","0001886",,,,,"34","007",,,,"611600",,,,,,,,,,,,,,,,,,,,,,,,,,,,,,,,,,,"14000US34007611600",,,"1294474","110533",637,103,534,16.17,83.83
"34007611700","Census Tract 6117","Census Tract 6117, Camden County, New Jersey","nj","140","00","ACSSF","0001887",,,,,"34","007",,,,"611700",,,,,,,,,,,,,,,,,,,,,,,,,,,,,,,,,,,"14000US34007611700",,,"1844768","135780",594,60,534,10.1,89.9
"34009020101","Census Tract 201.01","Census Tract 201.01, Cape May County, New Jersey","nj","140","00","ACSSF","0001888",,,,,"34","009",,,,"020101",,,,,,,,,,,,,,,,,,,,,,,,,,,,,,,,,,,"14000US34009020101",,,"2049895","565897",817,111,706,13.59,86.41
"34009020102","Census Tract 201.02","Census Tract 201.02, Cape May County, New Jersey","nj","140","00","ACSSF","0001889",,,,,"34","009",,,,"020102",,,,,,,,,,,,,,,,,,,,,,,,,,,,,,,,,,,"14000US34009020102",,,"1719156","624088",445,16,429,3.6,96.4
"34009020201","Census Tract 202.01","Census Tract 202.01, Cape May County, New Jersey","nj","140","00","ACSSF","0001890",,,,,"34","009",,,,"020201",,,,,,,,,,,,,,,,,,,,,,,,,,,,,,,,,,,"14000US34009020201",,,"1975170","4770152",310,13,297,4.19,95.81
"34009020203","Census Tract 202.03","Census Tract 202.03, Cape May County, New Jersey","nj","140","00","ACSSF","0001891",,,,,"34","009",,,,"020203",,,,,,,,,,,,,,,,,,,,,,,,,,,,,,,,,,,"14000US34009020203",,,"3845004","7345363",264,31,233,11.74,88.26
"34009020205","Census Tract 202.05","Census Tract 202.05, Cape May County, New Jersey","nj","140","00","ACSSF","0001892",,,,,"34","009",,,,"020205",,,,,,,,,,,,,,,,,,,,,,,,,,,,,,,,,,,"14000US34009020205",,,"5595413","2130963",36,0,36,0,100
"34009020206","Census Tract 202.06","Census Tract 202.06, Cape May County, New Jersey","nj","140","00","ACSSF","0001893",,,,,"34","009",,,,"020206",,,,,,,,,,,,,,,,,,,,,,,,,,,,,,,,,,,"14000US34009020206",,,"2208974","1058479",143,0,143,0,100
"34009020301","Census Tract 203.01","Census Tract 203.01, Cape May County, New Jersey","nj","140","00","ACSSF","0001894",,,,,"34","009",,,,"020301",,,,,,,,,,,,,,,,,,,,,,,,,,,,,,,,,,,"14000US34009020301",,,"34217736","7178066",869,22,847,2.53,97.47
"34009020302","Census Tract 203.02","Census Tract 203.02, Cape May County, New Jersey","nj","140","00","ACSSF","0001895",,,,,"34","009",,,,"020302",,,,,,,,,,,,,,,,,,,,,,,,,,,,,,,,,,,"14000US34009020302",,,"40398183","9377145",903,67,836,7.42,92.58
"34009020400","Census Tract 204","Census Tract 204, Cape May County, New Jersey","nj","140","00","ACSSF","0001896",,,,,"34","009",,,,"020400",,,,,,,,,,,,,,,,,,,,,,,,,,,,,,,,,,,"14000US34009020400",,,"86032617","2375006",735,30,705,4.08,95.92
"34009020500","Census Tract 205","Census Tract 205, Cape May County, New Jersey","nj","140","00","ACSSF","0001897",,,,,"34","009",,,,"020500",,,,,,,,,,,,,,,,,,,,,,,,,,,,,,,,,,,"14000US34009020500",,,"20769950","0",487,169,318,34.7,65.3
"34009020600","Census Tract 206","Census Tract 206, Cape May County, New Jersey","nj","140","00","ACSSF","0001898",,,,,"34","009",,,,"020600",,,,,,,,,,,,,,,,,,,,,,,,,,,,,,,,,,,"14000US34009020600",,,"96246785","3529716",406,62,344,15.27,84.73
"34009020700","Census Tract 207","Census Tract 207, Cape May County, New Jersey","nj","140","00","ACSSF","0001899",,,,,"34","009",,,,"020700",,,,,,,,,,,,,,,,,,,,,,,,,,,,,,,,,,,"14000US34009020700",,,"60242205","6521198",810,333,477,41.11,58.89
"34009020800","Census Tract 208","Census Tract 208, Cape May County, New Jersey","nj","140","00","ACSSF","0001900",,,,,"34","009",,,,"020800",,,,,,,,,,,,,,,,,,,,,,,,,,,,,,,,,,,"14000US34009020800",,,"5709356","5105835",169,5,164,2.96,97.04
"34009020901","Census Tract 209.01","Census Tract 209.01, Cape May County, New Jersey","nj","140","00","ACSSF","0001901",,,,,"34","009",,,,"020901",,,,,,,,,,,,,,,,,,,,,,,,,,,,,,,,,,,"14000US34009020901",,,"3736739","4808452",79,2,77,2.53,97.47
"34009020902","Census Tract 209.02","Census Tract 209.02, Cape May County, New Jersey","nj","140","00","ACSSF","0001902",,,,,"34","009",,,,"020902",,,,,,,,,,,,,,,,,,,,,,,,,,,,,,,,,,,"14000US34009020902",,,"11059590","6415877",93,17,76,18.28,81.72
"34009021001","Census Tract 210.01","Census Tract 210.01, Cape May County, New Jersey","nj","140","00","ACSSF","0001903",,,,,"34","009",,,,"021001",,,,,,,,,,,,,,,,,,,,,,,,,,,,,,,,,,,"14000US34009021001",,,"59418140","27905835",303,0,303,0,100
"34009021002","Census Tract 210.02","Census Tract 210.02, Cape May County, New Jersey","nj","140","00","ACSSF","0001904",,,,,"34","009",,,,"021002",,,,,,,,,,,,,,,,,,,,,,,,,,,,,,,,,,,"14000US34009021002",,,"65115125","7950603",599,53,546,8.85,91.15
"34009021100","Census Tract 211","Census Tract 211, Cape May County, New Jersey","nj","140","00","ACSSF","0001905",,,,,"34","009",,,,"021100",,,,,,,,,,,,,,,,,,,,,,,,,,,,,,,,,,,"14000US34009021100",,,"22781684","2520306",796,15,781,1.88,98.12
"34009021300","Census Tract 213","Census Tract 213, Cape May County, New Jersey","nj","140","00","ACSSF","0001906",,,,,"34","009",,,,"021300",,,,,,,,,,,,,,,,,,,,,,,,,,,,,,,,,,,"14000US34009021300",,,"4467959","3301755",405,0,405,0,100
"34009021400","Census Tract 214","Census Tract 214, Cape May County, New Jersey","nj","140","00","ACSSF","0001907",,,,,"34","009",,,,"021400",,,,,,,,,,,,,,,,,,,,,,,,,,,,,,,,,,,"14000US34009021400",,,"3412000","655959",642,264,378,41.12,58.88
"34009021500","Census Tract 215","Census Tract 215, Cape May County, New Jersey","nj","140","00","ACSSF","0001908",,,,,"34","009",,,,"021500",,,,,,,,,,,,,,,,,,,,,,,,,,,,,,,,,,,"14000US34009021500",,,"1319445","268560",200,48,152,24,76
"34009021600","Census Tract 216","Census Tract 216, Cape May County, New Jersey","nj","140","00","ACSSF","0001909",,,,,"34","009",,,,"021600",,,,,,,,,,,,,,,,,,,,,,,,,,,,,,,,,,,"14000US34009021600",,,"3362458","1460232",403,9,394,2.23,97.77
"34009021701","Census Tract 217.01","Census Tract 217.01, Cape May County, New Jersey","nj","140","00","ACSSF","0001910",,,,,"34","009",,,,"021701",,,,,,,,,,,,,,,,,,,,,,,,,,,,,,,,,,,"14000US34009021701",,,"10222283","289442",398,0,398,0,100
"34009021702","Census Tract 217.02","Census Tract 217.02, Cape May County, New Jersey","nj","140","00","ACSSF","0001911",,,,,"34","009",,,,"021702",,,,,,,,,,,,,,,,,,,,,,,,,,,,,,,,,,,"14000US34009021702",,,"24838287","8957088",372,43,329,11.56,88.44
"34009021803","Census Tract 218.03","Census Tract 218.03, Cape May County, New Jersey","nj","140","00","ACSSF","0001912",,,,,"34","009",,,,"021803",,,,,,,,,,,,,,,,,,,,,,,,,,,,,,,,,,,"14000US34009021803",,,"2702843","1676334",354,70,284,19.77,80.23
"34009021804","Census Tract 218.04","Census Tract 218.04, Cape May County, New Jersey","nj","140","00","ACSSF","0001913",,,,,"34","009",,,,"021804",,,,,,,,,,,,,,,,,,,,,,,,,,,,,,,,,,,"14000US34009021804",,,"12690020","574506",1318,419,899,31.79,68.21
"34009021805","Census Tract 218.05","Census Tract 218.05, Cape May County, New Jersey","nj","140","00","ACSSF","0001914",,,,,"34","009",,,,"021805",,,,,,,,,,,,,,,,,,,,,,,,,,,,,,,,,,,"14000US34009021805",,,"5513829","11589",727,161,566,22.15,77.85
"34009021806","Census Tract 218.06","Census Tract 218.06, Cape May County, New Jersey","nj","140","00","ACSSF","0001915",,,,,"34","009",,,,"021806",,,,,,,,,,,,,,,,,,,,,,,,,,,,,,,,,,,"14000US34009021806",,,"3519770","1758079",442,13,429,2.94,97.06
"34009021900","Census Tract 219","Census Tract 219, Cape May County, New Jersey","nj","140","00","ACSSF","0001916",,,,,"34","009",,,,"021900",,,,,,,,,,,,,,,,,,,,,,,,,,,,,,,,,,,"14000US34009021900",,,"15385559","4329214",299,89,210,29.77,70.23
"34009022000","Census Tract 220","Census Tract 220, Cape May County, New Jersey","nj","140","00","ACSSF","0001917",,,,,"34","009",,,,"022000",,,,,,,,,,,,,,,,,,,,,,,,,,,,,,,,,,,"14000US34009022000",,,"6245121","3756551",405,0,405,0,100
"34009022101","Census Tract 221.01","Census Tract 221.01, Cape May County, New Jersey","nj","140","00","ACSSF","0001918",,,,,"34","009",,,,"022101",,,,,,,,,,,,,,,,,,,,,,,,,,,,,,,,,,,"14000US34009022101",,,"7661417","784286",299,76,223,25.42,74.58
"34009022102","Census Tract 221.02","Census Tract 221.02, Cape May County, New Jersey","nj","140","00","ACSSF","0001919",,,,,"34","009",,,,"022102",,,,,,,,,,,,,,,,,,,,,,,,,,,,,,,,,,,"14000US34009022102",,,"26939878","1077386",1635,531,1104,32.48,67.52
"34009990100","Census Tract 9901","Census Tract 9901, Cape May County, New Jersey","nj","140","00","ACSSF","0001920",,,,,"34","009",,,,"990100",,,,,,,,,,,,,,,,,,,,,,,,,,,,,,,,,,,"14000US34009990100",,,"0","826100460",0,0,0,,
"34011010101","Census Tract 101.01","Census Tract 101.01, Cumberland County, New Jersey","nj","140","00","ACSSF","0001921",,,,,"34","011",,,,"010101",,,,,,,,,,,,,,,,,,,,,,,,,,,,,,,,,,,"14000US34011010101",,,"236997868","7075122",441,9,432,2.04,97.96
"34011010103","Census Tract 101.03","Census Tract 101.03, Cumberland County, New Jersey","nj","140","00","ACSSF","0001922",,,,,"34","011",,,,"010103",,,,,,,,,,,,,,,,,,,,,,,,,,,,,,,,,,,"14000US34011010103",,,"4302064","942",0,0,0,,
"34011010200","Census Tract 102","Census Tract 102, Cumberland County, New Jersey","nj","140","00","ACSSF","0001923",,,,,"34","011",,,,"010200",,,,,,,,,,,,,,,,,,,,,,,,,,,,,,,,,,,"14000US34011010200",,,"82655641","6472388",1225,253,972,20.65,79.35
"34011010301","Census Tract 103.01","Census Tract 103.01, Cumberland County, New Jersey","nj","140","00","ACSSF","0001924",,,,,"34","011",,,,"010301",,,,,,,,,,,,,,,,,,,,,,,,,,,,,,,,,,,"14000US34011010301",,,"95631368","3797766",834,172,662,20.62,79.38
"34011010302","Census Tract 103.02","Census Tract 103.02, Cumberland County, New Jersey","nj","140","00","ACSSF","0001925",,,,,"34","011",,,,"010302",,,,,,,,,,,,,,,,,,,,,,,,,,,,,,,,,,,"14000US34011010302",,,"125363245","15179257",261,27,234,10.34,89.66
"34011010401","Census Tract 104.01","Census Tract 104.01, Cumberland County, New Jersey","nj","140","00","ACSSF","0001926",,,,,"34","011",,,,"010401",,,,,,,,,,,,,,,,,,,,,,,,,,,,,,,,,,,"14000US34011010401",,,"105401413","7002455",1139,216,923,18.96,81.04
"34011010402","Census Tract 104.02","Census Tract 104.02, Cumberland County, New Jersey","nj","140","00","ACSSF","0001927",,,,,"34","011",,,,"010402",,,,,,,,,,,,,,,,,,,,,,,,,,,,,,,,,,,"14000US34011010402",,,"1093686","0",0,0,0,,
"34011010500","Census Tract 105","Census Tract 105, Cumberland County, New Jersey","nj","140","00","ACSSF","0001928",,,,,"34","011",,,,"010500",,,,,,,,,,,,,,,,,,,,,,,,,,,,,,,,,,,"14000US34011010500",,,"93339739","4142624",284,34,250,11.97,88.03
"34011010600","Census Tract 106","Census Tract 106, Cumberland County, New Jersey","nj","140","00","ACSSF","0001929",,,,,"34","011",,,,"010600",,,,,,,,,,,,,,,,,,,,,,,,,,,,,,,,,,,"14000US34011010600",,,"80531238","2544943",958,99,859,10.33,89.67
"34011010700","Census Tract 107","Census Tract 107, Cumberland County, New Jersey","nj","140","00","ACSSF","0001930",,,,,"34","011",,,,"010700",,,,,,,,,,,,,,,,,,,,,,,,,,,,,,,,,,,"14000US34011010700",,,"80915000","392020",1808,435,1373,24.06,75.94
"34011010800","Census Tract 108","Census Tract 108, Cumberland County, New Jersey","nj","140","00","ACSSF","0001931",,,,,"34","011",,,,"010800",,,,,,,,,,,,,,,,,,,,,,,,,,,,,,,,,,,"14000US34011010800",,,"43619747","96957",634,112,522,17.67,82.33
"34011020100","Census Tract 201","Census Tract 201, Cumberland County, New Jersey","nj","140","00","ACSSF","0001932",,,,,"34","011",,,,"020100",,,,,,,,,,,,,,,,,,,,,,,,,,,,,,,,,,,"14000US34011020100",,,"535854","66298",266,102,164,38.35,61.65
"34011020200","Census Tract 202","Census Tract 202, Cumberland County, New Jersey","nj","140","00","ACSSF","0001933",,,,,"34","011",,,,"020200",,,,,,,,,,,,,,,,,,,,,,,,,,,,,,,,,,,"14000US34011020200",,,"609670","27072",1222,839,383,68.66,31.34
"34011020300","Census Tract 203","Census Tract 203, Cumberland County, New Jersey","nj","140","00","ACSSF","0001934",,,,,"34","011",,,,"020300",,,,,,,,,,,,,,,,,,,,,,,,,,,,,,,,,,,"14000US34011020300",,,"1551608","121069",2540,994,1546,39.13,60.87
"34011020400","Census Tract 204","Census Tract 204, Cumberland County, New Jersey","nj","140","00","ACSSF","0001935",,,,,"34","011",,,,"020400",,,,,,,,,,,,,,,,,,,,,,,,,,,,,,,,,,,"14000US34011020400",,,"3690090","7103",1180,341,839,28.9,71.1
"34011020502","Census Tract 205.02","Census Tract 205.02, Cumberland County, New Jersey","nj","140","00","ACSSF","0001936",,,,,"34","011",,,,"020502",,,,,,,,,,,,,,,,,,,,,,,,,,,,,,,,,,,"14000US34011020502",,,"353813","0",0,0,0,,
"34011020503","Census Tract 205.03","Census Tract 205.03, Cumberland County, New Jersey","nj","140","00","ACSSF","0001937",,,,,"34","011",,,,"020503",,,,,,,,,,,,,,,,,,,,,,,,,,,,,,,,,,,"14000US34011020503",,,"4490877","209373",1539,1008,531,65.5,34.5
"34011020600","Census Tract 206","Census Tract 206, Cumberland County, New Jersey","nj","140","00","ACSSF","0001938",,,,,"34","011",,,,"020600",,,,,,,,,,,,,,,,,,,,,,,,,,,,,,,,,,,"14000US34011020600",,,"4899528","259230",839,91,748,10.85,89.15
"34011030100","Census Tract 301","Census Tract 301, Cumberland County, New Jersey","nj","140","00","ACSSF","0001939",,,,,"34","011",,,,"030100",,,,,,,,,,,,,,,,,,,,,,,,,,,,,,,,,,,"14000US34011030100",,,"524734","0",257,42,215,16.34,83.66
"34011030200","Census Tract 302","Census Tract 302, Cumberland County, New Jersey","nj","140","00","ACSSF","0001940",,,,,"34","011",,,,"030200",,,,,,,,,,,,,,,,,,,,,,,,,,,,,,,,,,,"14000US34011030200",,,"2634594","97757",939,448,491,47.71,52.29
"34011030300","Census Tract 303","Census Tract 303, Cumberland County, New Jersey","nj","140","00","ACSSF","0001941",,,,,"34","011",,,,"030300",,,,,,,,,,,,,,,,,,,,,,,,,,,,,,,,,,,"14000US34011030300",,,"2390226","115012",1008,413,595,40.97,59.03
"34011030400","Census Tract 304","Census Tract 304, Cumberland County, New Jersey","nj","140","00","ACSSF","0001942",,,,,"34","011",,,,"030400",,,,,,,,,,,,,,,,,,,,,,,,,,,,,,,,,,,"14000US34011030400",,,"38356401","3547388",2107,854,1253,40.53,59.47
"34011030501","Census Tract 305.01","Census Tract 305.01, Cumberland County, New Jersey","nj","140","00","ACSSF","0001943",,,,,"34","011",,,,"030501",,,,,,,,,,,,,,,,,,,,,,,,,,,,,,,,,,,"14000US34011030501",,,"42021685","1121243",1268,59,1209,4.65,95.35
"34011030502","Census Tract 305.02","Census Tract 305.02, Cumberland County, New Jersey","nj","140","00","ACSSF","0001944",,,,,"34","011",,,,"030502",,,,,,,,,,,,,,,,,,,,,,,,,,,,,,,,,,,"14000US34011030502",,,"22850265","1589870",1088,416,672,38.24,61.76
"34011040300","Census Tract 403","Census Tract 403, Cumberland County, New Jersey","nj","140","00","ACSSF","0001945",,,,,"34","011",,,,"040300",,,,,,,,,,,,,,,,,,,,,,,,,,,,,,,,,,,"14000US34011040300",,,"1878754","0",611,7,604,1.15,98.85
"34011040400","Census Tract 404","Census Tract 404, Cumberland County, New Jersey","nj","140","00","ACSSF","0001946",,,,,"34","011",,,,"040400",,,,,,,,,,,,,,,,,,,,,,,,,,,,,,,,,,,"14000US34011040400",,,"5290443","1449",1538,87,1451,5.66,94.34
"34011040500","Census Tract 405","Census Tract 405, Cumberland County, New Jersey","nj","140","00","ACSSF","0001947",,,,,"34","011",,,,"040500",,,,,,,,,,,,,,,,,,,,,,,,,,,,,,,,,,,"14000US34011040500",,,"5403006","4305",1797,446,1351,24.82,75.18
"34011040600","Census Tract 406","Census Tract 406, Cumberland County, New Jersey","nj","140","00","ACSSF","0001948",,,,,"34","011",,,,"040600",,,,,,,,,,,,,,,,,,,,,,,,,,,,,,,,,,,"14000US34011040600",,,"6502019","0",1905,358,1547,18.79,81.21
"34011040700","Census Tract 407","Census Tract 407, Cumberland County, New Jersey","nj","140","00","ACSSF","0001949",,,,,"34","011",,,,"040700",,,,,,,,,,,,,,,,,,,,,,,,,,,,,,,,,,,"14000US34011040700",,,"15817202","162650",1722,420,1302,24.39,75.61
"34011040800","Census Tract 408","Census Tract 408, Cumberland County, New Jersey","nj","140","00","ACSSF","0001950",,,,,"34","011",,,,"040800",,,,,,,,,,,,,,,,,,,,,,,,,,,,,,,,,,,"14000US34011040800",,,"16112648","21517",1152,56,1096,4.86,95.14
"34011040901","Census Tract 409.01","Census Tract 409.01, Cumberland County, New Jersey","nj","140","00","ACSSF","0001951",,,,,"34","011",,,,"040901",,,,,,,,,,,,,,,,,,,,,,,,,,,,,,,,,,,"14000US34011040901",,,"20145873","202170",688,152,536,22.09,77.91
"34011040902","Census Tract 409.02","Census Tract 409.02, Cumberland County, New Jersey","nj","140","00","ACSSF","0001952",,,,,"34","011",,,,"040902",,,,,,,,,,,,,,,,,,,,,,,,,,,,,,,,,,,"14000US34011040902",,,"19236156","96849",1380,338,1042,24.49,75.51
"34011041000","Census Tract 410","Census Tract 410, Cumberland County, New Jersey","nj","140","00","ACSSF","0001953",,,,,"34","011",,,,"041000",,,,,,,,,,,,,,,,,,,,,,,,,,,,,,,,,,,"14000US34011041000",,,"83695099","1052098",1474,56,1418,3.8,96.2
"34011041100","Census Tract 411","Census Tract 411, Cumberland County, New Jersey","nj","140","00","ACSSF","0001954",,,,,"34","011",,,,"041100",,,,,,,,,,,,,,,,,,,,,,,,,,,,,,,,,,,"14000US34011041100",,,"3056879","0",1544,532,1012,34.46,65.54
"34011990000","Census Tract 9900","Census Tract 9900, Cumberland County, New Jersey","nj","140","00","ACSSF","0001955",,,,,"34","011",,,,"990000",,,,,,,,,,,,,,,,,,,,,,,,,,,,,,,,,,,"14000US34011990000",,,"0","448306025",0,0,0,,
"34013000100","Census Tract 1","Census Tract 1, Essex County, New Jersey","nj","140","00","ACSSF","0001956",,,,,"34","013",,,,"000100",,,,,,,,,,,,,,,,,,,,,,,,,,,,,,,,,,,"14000US34013000100",,,"938930","6653",1596,391,1205,24.5,75.5
"34013000200","Census Tract 2","Census Tract 2, Essex County, New Jersey","nj","140","00","ACSSF","0001957",,,,,"34","013",,,,"000200",,,,,,,,,,,,,,,,,,,,,,,,,,,,,,,,,,,"14000US34013000200",,,"763973","22301",965,145,820,15.03,84.97
"34013000300","Census Tract 3","Census Tract 3, Essex County, New Jersey","nj","140","00","ACSSF","0001958",,,,,"34","013",,,,"000300",,,,,,,,,,,,,,,,,,,,,,,,,,,,,,,,,,,"14000US34013000300",,,"327802","0",793,366,427,46.15,53.85
"34013000400","Census Tract 4","Census Tract 4, Essex County, New Jersey","nj","140","00","ACSSF","0001959",,,,,"34","013",,,,"000400",,,,,,,,,,,,,,,,,,,,,,,,,,,,,,,,,,,"14000US34013000400",,,"178899","0",342,101,241,29.53,70.47
"34013000500","Census Tract 5","Census Tract 5, Essex County, New Jersey","nj","140","00","ACSSF","0001960",,,,,"34","013",,,,"000500",,,,,,,,,,,,,,,,,,,,,,,,,,,,,,,,,,,"14000US34013000500",,,"207629","0",562,256,306,45.55,54.45
"34013000600","Census Tract 6","Census Tract 6, Essex County, New Jersey","nj","140","00","ACSSF","0001961",,,,,"34","013",,,,"000600",,,,,,,,,,,,,,,,,,,,,,,,,,,,,,,,,,,"14000US34013000600",,,"327539","0",648,204,444,31.48,68.52
"34013000700","Census Tract 7","Census Tract 7, Essex County, New Jersey","nj","140","00","ACSSF","0001962",,,,,"34","013",,,,"000700",,,,,,,,,,,,,,,,,,,,,,,,,,,,,,,,,,,"14000US34013000700",,,"653283","0",2318,646,1672,27.87,72.13
"34013000800","Census Tract 8","Census Tract 8, Essex County, New Jersey","nj","140","00","ACSSF","0001963",,,,,"34","013",,,,"000800",,,,,,,,,,,,,,,,,,,,,,,,,,,,,,,,,,,"14000US34013000800",,,"382013","0",1360,554,806,40.74,59.26
"34013000900","Census Tract 9","Census Tract 9, Essex County, New Jersey","nj","140","00","ACSSF","0001964",,,,,"34","013",,,,"000900",,,,,,,,,,,,,,,,,,,,,,,,,,,,,,,,,,,"14000US34013000900",,,"328057","0",910,497,413,54.62,45.38
"34013001000","Census Tract 10","Census Tract 10, Essex County, New Jersey","nj","140","00","ACSSF","0001965",,,,,"34","013",,,,"001000",,,,,,,,,,,,,,,,,,,,,,,,,,,,,,,,,,,"14000US34013001000",,,"529855","0",571,230,341,40.28,59.72
"34013001100","Census Tract 11","Census Tract 11, Essex County, New Jersey","nj","140","00","ACSSF","0001966",,,,,"34","013",,,,"001100",,,,,,,,,,,,,,,,,,,,,,,,,,,,,,,,,,,"14000US34013001100",,,"569149","0",628,354,274,56.37,43.63
"34013001300","Census Tract 13","Census Tract 13, Essex County, New Jersey","nj","140","00","ACSSF","0001967",,,,,"34","013",,,,"001300",,,,,,,,,,,,,,,,,,,,,,,,,,,,,,,,,,,"14000US34013001300",,,"223279","0",393,77,316,19.59,80.41
"34013001400","Census Tract 14","Census Tract 14, Essex County, New Jersey","nj","140","00","ACSSF","0001968",,,,,"34","013",,,,"001400",,,,,,,,,,,,,,,,,,,,,,,,,,,,,,,,,,,"14000US34013001400",,,"332961","0",637,352,285,55.26,44.74
"34013001500","Census Tract 15","Census Tract 15, Essex County, New Jersey","nj","140","00","ACSSF","0001969",,,,,"34","013",,,,"001500",,,,,,,,,,,,,,,,,,,,,,,,,,,,,,,,,,,"14000US34013001500",,,"237650","0",435,253,182,58.16,41.84
"34013001600","Census Tract 16","Census Tract 16, Essex County, New Jersey","nj","140","00","ACSSF","0001970",,,,,"34","013",,,,"001600",,,,,,,,,,,,,,,,,,,,,,,,,,,,,,,,,,,"14000US34013001600",,,"261037","0",453,68,385,15.01,84.99
"34013001700","Census Tract 17","Census Tract 17, Essex County, New Jersey","nj","140","00","ACSSF","0001971",,,,,"34","013",,,,"001700",,,,,,,,,,,,,,,,,,,,,,,,,,,,,,,,,,,"14000US34013001700",,,"286405","0",867,338,529,38.99,61.01
"34013001800","Census Tract 18","Census Tract 18, Essex County, New Jersey","nj","140","00","ACSSF","0001972",,,,,"34","013",,,,"001800",,,,,,,,,,,,,,,,,,,,,,,,,,,,,,,,,,,"14000US34013001800",,,"694976","0",558,200,358,35.84,64.16
"34013001900","Census Tract 19","Census Tract 19, Essex County, New Jersey","nj","140","00","ACSSF","0001973",,,,,"34","013",,,,"001900",,,,,,,,,,,,,,,,,,,,,,,,,,,,,,,,,,,"14000US34013001900",,,"709181","0",617,437,180,70.83,29.17
"34013002000","Census Tract 20","Census Tract 20, Essex County, New Jersey","nj","140","00","ACSSF","0001974",,,,,"34","013",,,,"002000",,,,,,,,,,,,,,,,,,,,,,,,,,,,,,,,,,,"14000US34013002000",,,"406087","0",969,310,659,31.99,68.01
"34013002100","Census Tract 21","Census Tract 21, Essex County, New Jersey","nj","140","00","ACSSF","0001975",,,,,"34","013",,,,"002100",,,,,,,,,,,,,,,,,,,,,,,,,,,,,,,,,,,"14000US34013002100",,,"438393","0",841,345,496,41.02,58.98
"34013002201","Census Tract 22.01","Census Tract 22.01, Essex County, New Jersey","nj","140","00","ACSSF","0001976",,,,,"34","013",,,,"002201",,,,,,,,,,,,,,,,,,,,,,,,,,,,,,,,,,,"14000US34013002201",,,"560044","0",2568,947,1621,36.88,63.12
"34013002202","Census Tract 22.02","Census Tract 22.02, Essex County, New Jersey","nj","140","00","ACSSF","0001977",,,,,"34","013",,,,"002202",,,,,,,,,,,,,,,,,,,,,,,,,,,,,,,,,,,"14000US34013002202",,,"386950","0",824,64,760,7.77,92.23
"34013002300","Census Tract 23","Census Tract 23, Essex County, New Jersey","nj","140","00","ACSSF","0001978",,,,,"34","013",,,,"002300",,,,,,,,,,,,,,,,,,,,,,,,,,,,,,,,,,,"14000US34013002300",,,"498553","0",1008,239,769,23.71,76.29
"34013002400","Census Tract 24","Census Tract 24, Essex County, New Jersey","nj","140","00","ACSSF","0001979",,,,,"34","013",,,,"002400",,,,,,,,,,,,,,,,,,,,,,,,,,,,,,,,,,,"14000US34013002400",,,"386910","0",546,271,275,49.63,50.37
"34013002500","Census Tract 25","Census Tract 25, Essex County, New Jersey","nj","140","00","ACSSF","0001980",,,,,"34","013",,,,"002500",,,,,,,,,,,,,,,,,,,,,,,,,,,,,,,,,,,"14000US34013002500",,,"373350","0",1179,573,606,48.6,51.4
"34013002600","Census Tract 26","Census Tract 26, Essex County, New Jersey","nj","140","00","ACSSF","0001981",,,,,"34","013",,,,"002600",,,,,,,,,,,,,,,,,,,,,,,,,,,,,,,,,,,"14000US34013002600",,,"206227","0",533,288,245,54.03,45.97
"34013002800","Census Tract 28","Census Tract 28, Essex County, New Jersey","nj","140","00","ACSSF","0001982",,,,,"34","013",,,,"002800",,,,,,,,,,,,,,,,,,,,,,,,,,,,,,,,,,,"14000US34013002800",,,"214167","0",377,279,98,74.01,25.99
"34013003100","Census Tract 31","Census Tract 31, Essex County, New Jersey","nj","140","00","ACSSF","0001983",,,,,"34","013",,,,"003100",,,,,,,,,,,,,,,,,,,,,,,,,,,,,,,,,,,"14000US34013003100",,,"267909","0",772,289,483,37.44,62.56
"34013003500","Census Tract 35","Census Tract 35, Essex County, New Jersey","nj","140","00","ACSSF","0001984",,,,,"34","013",,,,"003500",,,,,,,,,,,,,,,,,,,,,,,,,,,,,,,,,,,"14000US34013003500",,,"253692","0",603,319,284,52.9,47.1
"34013003700","Census Tract 37","Census Tract 37, Essex County, New Jersey","nj","140","00","ACSSF","0001985",,,,,"34","013",,,,"003700",,,,,,,,,,,,,,,,,,,,,,,,,,,,,,,,,,,"14000US34013003700",,,"329259","0",535,226,309,42.24,57.76
"34013003800","Census Tract 38","Census Tract 38, Essex County, New Jersey","nj","140","00","ACSSF","0001986",,,,,"34","013",,,,"003800",,,,,,,,,,,,,,,,,,,,,,,,,,,,,,,,,,,"14000US34013003800",,,"574740","0",440,174,266,39.55,60.45
"34013003900","Census Tract 39","Census Tract 39, Essex County, New Jersey","nj","140","00","ACSSF","0001987",,,,,"34","013",,,,"003900",,,,,,,,,,,,,,,,,,,,,,,,,,,,,,,,,,,"14000US34013003900",,,"308176","0",439,358,81,81.55,18.45
"34013004100","Census Tract 41","Census Tract 41, Essex County, New Jersey","nj","140","00","ACSSF","0001988",,,,,"34","013",,,,"004100",,,,,,,,,,,,,,,,,,,,,,,,,,,,,,,,,,,"14000US34013004100",,,"347849","0",942,443,499,47.03,52.97
"34013004200","Census Tract 42","Census Tract 42, Essex County, New Jersey","nj","140","00","ACSSF","0001989",,,,,"34","013",,,,"004200",,,,,,,,,,,,,,,,,,,,,,,,,,,,,,,,,,,"14000US34013004200",,,"290396","0",445,275,170,61.8,38.2
"34013004300","Census Tract 43","Census Tract 43, Essex County, New Jersey","nj","140","00","ACSSF","0001990",,,,,"34","013",,,,"004300",,,,,,,,,,,,,,,,,,,,,,,,,,,,,,,,,,,"14000US34013004300",,,"377480","0",839,591,248,70.44,29.56
"34013004400","Census Tract 44","Census Tract 44, Essex County, New Jersey","nj","140","00","ACSSF","0001991",,,,,"34","013",,,,"004400",,,,,,,,,,,,,,,,,,,,,,,,,,,,,,,,,,,"14000US34013004400",,,"221417","0",324,66,258,20.37,79.63
"34013004500","Census Tract 45","Census Tract 45, Essex County, New Jersey","nj","140","00","ACSSF","0001992",,,,,"34","013",,,,"004500",,,,,,,,,,,,,,,,,,,,,,,,,,,,,,,,,,,"14000US34013004500",,,"489028","0",762,127,635,16.67,83.33
"34013004600","Census Tract 46","Census Tract 46, Essex County, New Jersey","nj","140","00","ACSSF","0001993",,,,,"34","013",,,,"004600",,,,,,,,,,,,,,,,,,,,,,,,,,,,,,,,,,,"14000US34013004600",,,"394162","0",480,103,377,21.46,78.54
"34013004700","Census Tract 47","Census Tract 47, Essex County, New Jersey","nj","140","00","ACSSF","0001994",,,,,"34","013",,,,"004700",,,,,,,,,,,,,,,,,,,,,,,,,,,,,,,,,,,"14000US34013004700",,,"567566","0",865,257,608,29.71,70.29
"34013004801","Census Tract 48.01","Census Tract 48.01, Essex County, New Jersey","nj","140","00","ACSSF","0001995",,,,,"34","013",,,,"004801",,,,,,,,,,,,,,,,,,,,,,,,,,,,,,,,,,,"14000US34013004801",,,"168089","0",614,366,248,59.61,40.39
"34013004802","Census Tract 48.02","Census Tract 48.02, Essex County, New Jersey","nj","140","00","ACSSF","0001996",,,,,"34","013",,,,"004802",,,,,,,,,,,,,,,,,,,,,,,,,,,,,,,,,,,"14000US34013004802",,,"2336363","0",570,253,317,44.39,55.61
"34013004900","Census Tract 49","Census Tract 49, Essex County, New Jersey","nj","140","00","ACSSF","0001997",,,,,"34","013",,,,"004900",,,,,,,,,,,,,,,,,,,,,,,,,,,,,,,,,,,"14000US34013004900",,,"394145","0",1024,102,922,9.96,90.04
"34013005000","Census Tract 50","Census Tract 50, Essex County, New Jersey","nj","140","00","ACSSF","0001998",,,,,"34","013",,,,"005000",,,,,,,,,,,,,,,,,,,,,,,,,,,,,,,,,,,"14000US34013005000",,,"797381","0",856,413,443,48.25,51.75
"34013005100","Census Tract 51","Census Tract 51, Essex County, New Jersey","nj","140","00","ACSSF","0001999",,,,,"34","013",,,,"005100",,,,,,,,,,,,,,,,,,,,,,,,,,,,,,,,,,,"14000US34013005100",,,"308433","0",437,101,336,23.11,76.89
"34013005200","Census Tract 52","Census Tract 52, Essex County, New Jersey","nj","140","00","ACSSF","0002000",,,,,"34","013",,,,"005200",,,,,,,,,,,,,,,,,,,,,,,,,,,,,,,,,,,"14000US34013005200",,,"268643","0",303,148,155,48.84,51.16
"34013005300","Census Tract 53","Census Tract 53, Essex County, New Jersey","nj","140","00","ACSSF","0002001",,,,,"34","013",,,,"005300",,,,,,,,,,,,,,,,,,,,,,,,,,,,,,,,,,,"14000US34013005300",,,"320466","0",521,270,251,51.82,48.18
"34013005400","Census Tract 54","Census Tract 54, Essex County, New Jersey","nj","140","00","ACSSF","0002002",,,,,"34","013",,,,"005400",,,,,,,,,,,,,,,,,,,,,,,,,,,,,,,,,,,"14000US34013005400",,,"351902","0",1521,893,628,58.71,41.29
"34013005700","Census Tract 57","Census Tract 57, Essex County, New Jersey","nj","140","00","ACSSF","0002003",,,,,"34","013",,,,"005700",,,,,,,,,,,,,,,,,,,,,,,,,,,,,,,,,,,"14000US34013005700",,,"865725","0",675,234,441,34.67,65.33
"34013006200","Census Tract 62","Census Tract 62, Essex County, New Jersey","nj","140","00","ACSSF","0002004",,,,,"34","013",,,,"006200",,,,,,,,,,,,,,,,,,,,,,,,,,,,,,,,,,,"14000US34013006200",,,"235827","0",502,269,233,53.59,46.41
"34013006400","Census Tract 64","Census Tract 64, Essex County, New Jersey","nj","140","00","ACSSF","0002005",,,,,"34","013",,,,"006400",,,,,,,,,,,,,,,,,,,,,,,,,,,,,,,,,,,"14000US34013006400",,,"309844","0",195,56,139,28.72,71.28
"34013006600","Census Tract 66","Census Tract 66, Essex County, New Jersey","nj","140","00","ACSSF","0002006",,,,,"34","013",,,,"006600",,,,,,,,,,,,,,,,,,,,,,,,,,,,,,,,,,,"14000US34013006600",,,"161941","0",294,102,192,34.69,65.31
"34013006700","Census Tract 67","Census Tract 67, Essex County, New Jersey","nj","140","00","ACSSF","0002007",,,,,"34","013",,,,"006700",,,,,,,,,,,,,,,,,,,,,,,,,,,,,,,,,,,"14000US34013006700",,,"326879","0",1086,491,595,45.21,54.79
"34013006800","Census Tract 68","Census Tract 68, Essex County, New Jersey","nj","140","00","ACSSF","0002008",,,,,"34","013",,,,"006800",,,,,,,,,,,,,,,,,,,,,,,,,,,,,,,,,,,"14000US34013006800",,,"1170425","0",1544,570,974,36.92,63.08
"34013006900","Census Tract 69","Census Tract 69, Essex County, New Jersey","nj","140","00","ACSSF","0002009",,,,,"34","013",,,,"006900",,,,,,,,,,,,,,,,,,,,,,,,,,,,,,,,,,,"14000US34013006900",,,"360629","0",1047,211,836,20.15,79.85
"34013007000","Census Tract 70","Census Tract 70, Essex County, New Jersey","nj","140","00","ACSSF","0002010",,,,,"34","013",,,,"007000",,,,,,,,,,,,,,,,,,,,,,,,,,,,,,,,,,,"14000US34013007000",,,"397128","0",749,46,703,6.14,93.86
"34013007100","Census Tract 71","Census Tract 71, Essex County, New Jersey","nj","140","00","ACSSF","0002011",,,,,"34","013",,,,"007100",,,,,,,,,,,,,,,,,,,,,,,,,,,,,,,,,,,"14000US34013007100",,,"385859","0",882,274,608,31.07,68.93
"34013007200","Census Tract 72","Census Tract 72, Essex County, New Jersey","nj","140","00","ACSSF","0002012",,,,,"34","013",,,,"007200",,,,,,,,,,,,,,,,,,,,,,,,,,,,,,,,,,,"14000US34013007200",,,"203449","0",911,170,741,18.66,81.34
"34013007300","Census Tract 73","Census Tract 73, Essex County, New Jersey","nj","140","00","ACSSF","0002013",,,,,"34","013",,,,"007300",,,,,,,,,,,,,,,,,,,,,,,,,,,,,,,,,,,"14000US34013007300",,,"411980","0",1394,556,838,39.89,60.11
"34013007400","Census Tract 74","Census Tract 74, Essex County, New Jersey","nj","140","00","ACSSF","0002014",,,,,"34","013",,,,"007400",,,,,,,,,,,,,,,,,,,,,,,,,,,,,,,,,,,"14000US34013007400",,,"3701996","665362",590,169,421,28.64,71.36
"34013007501","Census Tract 75.01","Census Tract 75.01, Essex County, New Jersey","nj","140","00","ACSSF","0002015",,,,,"34","013",,,,"007501",,,,,,,,,,,,,,,,,,,,,,,,,,,,,,,,,,,"14000US34013007501",,,"1962302","352084",1052,558,494,53.04,46.96
"34013007502","Census Tract 75.02","Census Tract 75.02, Essex County, New Jersey","nj","140","00","ACSSF","0002016",,,,,"34","013",,,,"007502",,,,,,,,,,,,,,,,,,,,,,,,,,,,,,,,,,,"14000US34013007502",,,"1697606","82608",844,392,452,46.45,53.55
"34013007600","Census Tract 76","Census Tract 76, Essex County, New Jersey","nj","140","00","ACSSF","0002017",,,,,"34","013",,,,"007600",,,,,,,,,,,,,,,,,,,,,,,,,,,,,,,,,,,"14000US34013007600",,,"194441","0",675,218,457,32.3,67.7
"34013007700","Census Tract 77","Census Tract 77, Essex County, New Jersey","nj","140","00","ACSSF","0002018",,,,,"34","013",,,,"007700",,,,,,,,,,,,,,,,,,,,,,,,,,,,,,,,,,,"14000US34013007700",,,"198794","0",583,121,462,20.75,79.25
"34013007800","Census Tract 78","Census Tract 78, Essex County, New Jersey","nj","140","00","ACSSF","0002019",,,,,"34","013",,,,"007800",,,,,,,,,,,,,,,,,,,,,,,,,,,,,,,,,,,"14000US34013007800",,,"197685","0",788,131,657,16.62,83.38
"34013007900","Census Tract 79","Census Tract 79, Essex County, New Jersey","nj","140","00","ACSSF","0002020",,,,,"34","013",,,,"007900",,,,,,,,,,,,,,,,,,,,,,,,,,,,,,,,,,,"14000US34013007900",,,"468606","28652",613,261,352,42.58,57.42
"34013008000","Census Tract 80","Census Tract 80, Essex County, New Jersey","nj","140","00","ACSSF","0002021",,,,,"34","013",,,,"008000",,,,,,,,,,,,,,,,,,,,,,,,,,,,,,,,,,,"14000US34013008000",,,"847977","17867",423,153,270,36.17,63.83
"34013008100","Census Tract 81","Census Tract 81, Essex County, New Jersey","nj","140","00","ACSSF","0002022",,,,,"34","013",,,,"008100",,,,,,,,,,,,,,,,,,,,,,,,,,,,,,,,,,,"14000US34013008100",,,"806563","0",812,370,442,45.57,54.43
"34013008200","Census Tract 82","Census Tract 82, Essex County, New Jersey","nj","140","00","ACSSF","0002023",,,,,"34","013",,,,"008200",,,,,,,,,,,,,,,,,,,,,,,,,,,,,,,,,,,"14000US34013008200",,,"428715","0",630,370,260,58.73,41.27
"34013008700","Census Tract 87","Census Tract 87, Essex County, New Jersey","nj","140","00","ACSSF","0002024",,,,,"34","013",,,,"008700",,,,,,,,,,,,,,,,,,,,,,,,,,,,,,,,,,,"14000US34013008700",,,"511847","17246",775,253,522,32.65,67.35
"34013008800","Census Tract 88","Census Tract 88, Essex County, New Jersey","nj","140","00","ACSSF","0002025",,,,,"34","013",,,,"008800",,,,,,,,,,,,,,,,,,,,,,,,,,,,,,,,,,,"14000US34013008800",,,"154461","0",624,338,286,54.17,45.83
"34013008900","Census Tract 89","Census Tract 89, Essex County, New Jersey","nj","140","00","ACSSF","0002026",,,,,"34","013",,,,"008900",,,,,,,,,,,,,,,,,,,,,,,,,,,,,,,,,,,"14000US34013008900",,,"137212","0",577,251,326,43.5,56.5
"34013009000","Census Tract 90","Census Tract 90, Essex County, New Jersey","nj","140","00","ACSSF","0002027",,,,,"34","013",,,,"009000",,,,,,,,,,,,,,,,,,,,,,,,,,,,,,,,,,,"14000US34013009000",,,"395369","58937",396,159,237,40.15,59.85
"34013009100","Census Tract 91","Census Tract 91, Essex County, New Jersey","nj","140","00","ACSSF","0002028",,,,,"34","013",,,,"009100",,,,,,,,,,,,,,,,,,,,,,,,,,,,,,,,,,,"14000US34013009100",,,"442720","39927",944,260,684,27.54,72.46
"34013009200","Census Tract 92","Census Tract 92, Essex County, New Jersey","nj","140","00","ACSSF","0002029",,,,,"34","013",,,,"009200",,,,,,,,,,,,,,,,,,,,,,,,,,,,,,,,,,,"14000US34013009200",,,"370972","34248",689,226,463,32.8,67.2
"34013009300","Census Tract 93","Census Tract 93, Essex County, New Jersey","nj","140","00","ACSSF","0002030",,,,,"34","013",,,,"009300",,,,,,,,,,,,,,,,,,,,,,,,,,,,,,,,,,,"14000US34013009300",,,"552907","0",1483,230,1253,15.51,84.49
"34013009400","Census Tract 94","Census Tract 94, Essex County, New Jersey","nj","140","00","ACSSF","0002031",,,,,"34","013",,,,"009400",,,,,,,,,,,,,,,,,,,,,,,,,,,,,,,,,,,"14000US34013009400",,,"622913","0",1069,263,806,24.6,75.4
"34013009500","Census Tract 95","Census Tract 95, Essex County, New Jersey","nj","140","00","ACSSF","0002032",,,,,"34","013",,,,"009500",,,,,,,,,,,,,,,,,,,,,,,,,,,,,,,,,,,"14000US34013009500",,,"603388","0",1144,411,733,35.93,64.07
"34013009600","Census Tract 96","Census Tract 96, Essex County, New Jersey","nj","140","00","ACSSF","0002033",,,,,"34","013",,,,"009600",,,,,,,,,,,,,,,,,,,,,,,,,,,,,,,,,,,"14000US34013009600",,,"1089628","139136",1699,750,949,44.14,55.86
"34013009700","Census Tract 97","Census Tract 97, Essex County, New Jersey","nj","140","00","ACSSF","0002034",,,,,"34","013",,,,"009700",,,,,,,,,,,,,,,,,,,,,,,,,,,,,,,,,,,"14000US34013009700",,,"410689","1472",1714,645,1069,37.63,62.37
"34013009900","Census Tract 99","Census Tract 99, Essex County, New Jersey","nj","140","00","ACSSF","0002035",,,,,"34","013",,,,"009900",,,,,,,,,,,,,,,,,,,,,,,,,,,,,,,,,,,"14000US34013009900",,,"437614","0",561,198,363,35.29,64.71
"34013010000","Census Tract 100","Census Tract 100, Essex County, New Jersey","nj","140","00","ACSSF","0002036",,,,,"34","013",,,,"010000",,,,,,,,,,,,,,,,,,,,,,,,,,,,,,,,,,,"14000US34013010000",,,"794179","0",484,43,441,8.88,91.12
"34013010100","Census Tract 101","Census Tract 101, Essex County, New Jersey","nj","140","00","ACSSF","0002037",,,,,"34","013",,,,"010100",,,,,,,,,,,,,,,,,,,,,,,,,,,,,,,,,,,"14000US34013010100",,,"761266","0",612,75,537,12.25,87.75
"34013010200","Census Tract 102","Census Tract 102, Essex County, New Jersey","nj","140","00","ACSSF","0002038",,,,,"34","013",,,,"010200",,,,,,,,,,,,,,,,,,,,,,,,,,,,,,,,,,,"14000US34013010200",,,"956899","0",1031,34,997,3.3,96.7
"34013010300","Census Tract 103","Census Tract 103, Essex County, New Jersey","nj","140","00","ACSSF","0002039",,,,,"34","013",,,,"010300",,,,,,,,,,,,,,,,,,,,,,,,,,,,,,,,,,,"14000US34013010300",,,"583934","0",747,226,521,30.25,69.75
"34013010400","Census Tract 104","Census Tract 104, Essex County, New Jersey","nj","140","00","ACSSF","0002040",,,,,"34","013",,,,"010400",,,,,,,,,,,,,,,,,,,,,,,,,,,,,,,,,,,"14000US34013010400",,,"607052","0",921,162,759,17.59,82.41
"34013010500","Census Tract 105","Census Tract 105, Essex County, New Jersey","nj","140","00","ACSSF","0002041",,,,,"34","013",,,,"010500",,,,,,,,,,,,,,,,,,,,,,,,,,,,,,,,,,,"14000US34013010500",,,"489573","0",1071,329,742,30.72,69.28
"34013010600","Census Tract 106","Census Tract 106, Essex County, New Jersey","nj","140","00","ACSSF","0002042",,,,,"34","013",,,,"010600",,,,,,,,,,,,,,,,,,,,,,,,,,,,,,,,,,,"14000US34013010600",,,"490320","0",1106,257,849,23.24,76.76
"34013010700","Census Tract 107","Census Tract 107, Essex County, New Jersey","nj","140","00","ACSSF","0002043",,,,,"34","013",,,,"010700",,,,,,,,,,,,,,,,,,,,,,,,,,,,,,,,,,,"14000US34013010700",,,"464231","0",649,270,379,41.6,58.4
"34013010800","Census Tract 108","Census Tract 108, Essex County, New Jersey","nj","140","00","ACSSF","0002044",,,,,"34","013",,,,"010800",,,,,,,,,,,,,,,,,,,,,,,,,,,,,,,,,,,"14000US34013010800",,,"252323","0",796,179,617,22.49,77.51
"34013010900","Census Tract 109","Census Tract 109, Essex County, New Jersey","nj","140","00","ACSSF","0002045",,,,,"34","013",,,,"010900",,,,,,,,,,,,,,,,,,,,,,,,,,,,,,,,,,,"14000US34013010900",,,"993008","0",581,106,475,18.24,81.76
"34013011100","Census Tract 111","Census Tract 111, Essex County, New Jersey","nj","140","00","ACSSF","0002046",,,,,"34","013",,,,"011100",,,,,,,,,,,,,,,,,,,,,,,,,,,,,,,,,,,"14000US34013011100",,,"248423","0",1122,277,845,24.69,75.31
"34013011200","Census Tract 112","Census Tract 112, Essex County, New Jersey","nj","140","00","ACSSF","0002047",,,,,"34","013",,,,"011200",,,,,,,,,,,,,,,,,,,,,,,,,,,,,,,,,,,"14000US34013011200",,,"460955","0",798,170,628,21.3,78.7
"34013011300","Census Tract 113","Census Tract 113, Essex County, New Jersey","nj","140","00","ACSSF","0002048",,,,,"34","013",,,,"011300",,,,,,,,,,,,,,,,,,,,,,,,,,,,,,,,,,,"14000US34013011300",,,"519590","0",790,221,569,27.97,72.03
"34013011400","Census Tract 114","Census Tract 114, Essex County, New Jersey","nj","140","00","ACSSF","0002049",,,,,"34","013",,,,"011400",,,,,,,,,,,,,,,,,,,,,,,,,,,,,,,,,,,"14000US34013011400",,,"592524","0",794,144,650,18.14,81.86
"34013011500","Census Tract 115","Census Tract 115, Essex County, New Jersey","nj","140","00","ACSSF","0002050",,,,,"34","013",,,,"011500",,,,,,,,,,,,,,,,,,,,,,,,,,,,,,,,,,,"14000US34013011500",,,"337248","0",558,198,360,35.48,64.52
"34013011600","Census Tract 116","Census Tract 116, Essex County, New Jersey","nj","140","00","ACSSF","0002051",,,,,"34","013",,,,"011600",,,,,,,,,,,,,,,,,,,,,,,,,,,,,,,,,,,"14000US34013011600",,,"303264","0",977,621,356,63.56,36.44
"34013011700","Census Tract 117","Census Tract 117, Essex County, New Jersey","nj","140","00","ACSSF","0002052",,,,,"34","013",,,,"011700",,,,,,,,,,,,,,,,,,,,,,,,,,,,,,,,,,,"14000US34013011700",,,"573069","0",522,209,313,40.04,59.96
"34013011800","Census Tract 118","Census Tract 118, Essex County, New Jersey","nj","140","00","ACSSF","0002053",,,,,"34","013",,,,"011800",,,,,,,,,,,,,,,,,,,,,,,,,,,,,,,,,,,"14000US34013011800",,,"306936","0",373,17,356,4.56,95.44
"34013011900","Census Tract 119","Census Tract 119, Essex County, New Jersey","nj","140","00","ACSSF","0002054",,,,,"34","013",,,,"011900",,,,,,,,,,,,,,,,,,,,,,,,,,,,,,,,,,,"14000US34013011900",,,"345482","0",332,79,253,23.8,76.2
"34013012000","Census Tract 120","Census Tract 120, Essex County, New Jersey","nj","140","00","ACSSF","0002055",,,,,"34","013",,,,"012000",,,,,,,,,,,,,,,,,,,,,,,,,,,,,,,,,,,"14000US34013012000",,,"945101","0",1634,426,1208,26.07,73.93
"34013012100","Census Tract 121","Census Tract 121, Essex County, New Jersey","nj","140","00","ACSSF","0002056",,,,,"34","013",,,,"012100",,,,,,,,,,,,,,,,,,,,,,,,,,,,,,,,,,,"14000US34013012100",,,"354751","0",992,219,773,22.08,77.92
"34013012200","Census Tract 122","Census Tract 122, Essex County, New Jersey","nj","140","00","ACSSF","0002057",,,,,"34","013",,,,"012200",,,,,,,,,,,,,,,,,,,,,,,,,,,,,,,,,,,"14000US34013012200",,,"601505","0",1267,411,856,32.44,67.56
"34013012300","Census Tract 123","Census Tract 123, Essex County, New Jersey","nj","140","00","ACSSF","0002058",,,,,"34","013",,,,"012300",,,,,,,,,,,,,,,,,,,,,,,,,,,,,,,,,,,"14000US34013012300",,,"617151","0",1159,339,820,29.25,70.75
"34013012400","Census Tract 124","Census Tract 124, Essex County, New Jersey","nj","140","00","ACSSF","0002059",,,,,"34","013",,,,"012400",,,,,,,,,,,,,,,,,,,,,,,,,,,,,,,,,,,"14000US34013012400",,,"594247","0",904,190,714,21.02,78.98
"34013012500","Census Tract 125","Census Tract 125, Essex County, New Jersey","nj","140","00","ACSSF","0002060",,,,,"34","013",,,,"012500",,,,,,,,,,,,,,,,,,,,,,,,,,,,,,,,,,,"14000US34013012500",,,"420799","0",726,261,465,35.95,64.05
"34013012600","Census Tract 126","Census Tract 126, Essex County, New Jersey","nj","140","00","ACSSF","0002061",,,,,"34","013",,,,"012600",,,,,,,,,,,,,,,,,,,,,,,,,,,,,,,,,,,"14000US34013012600",,,"389420","0",592,249,343,42.06,57.94
"34013012700","Census Tract 127","Census Tract 127, Essex County, New Jersey","nj","140","00","ACSSF","0002062",,,,,"34","013",,,,"012700",,,,,,,,,,,,,,,,,,,,,,,,,,,,,,,,,,,"14000US34013012700",,,"617383","0",1083,185,898,17.08,82.92
"34013012800","Census Tract 128","Census Tract 128, Essex County, New Jersey","nj","140","00","ACSSF","0002063",,,,,"34","013",,,,"012800",,,,,,,,,,,,,,,,,,,,,,,,,,,,,,,,,,,"14000US34013012800",,,"592354","0",697,144,553,20.66,79.34
"34013012900","Census Tract 129","Census Tract 129, Essex County, New Jersey","nj","140","00","ACSSF","0002064",,,,,"34","013",,,,"012900",,,,,,,,,,,,,,,,,,,,,,,,,,,,,,,,,,,"14000US34013012900",,,"487759","5417",987,373,614,37.79,62.21
"34013013000","Census Tract 130","Census Tract 130, Essex County, New Jersey","nj","140","00","ACSSF","0002065",,,,,"34","013",,,,"013000",,,,,,,,,,,,,,,,,,,,,,,,,,,,,,,,,,,"14000US34013013000",,,"109870","0",352,77,275,21.88,78.12
"34013013100","Census Tract 131","Census Tract 131, Essex County, New Jersey","nj","140","00","ACSSF","0002066",,,,,"34","013",,,,"013100",,,,,,,,,,,,,,,,,,,,,,,,,,,,,,,,,,,"14000US34013013100",,,"718840","0",574,243,331,42.33,57.67
"34013013200","Census Tract 132","Census Tract 132, Essex County, New Jersey","nj","140","00","ACSSF","0002067",,,,,"34","013",,,,"013200",,,,,,,,,,,,,,,,,,,,,,,,,,,,,,,,,,,"14000US34013013200",,,"327929","0",562,231,331,41.1,58.9
"34013013300","Census Tract 133","Census Tract 133, Essex County, New Jersey","nj","140","00","ACSSF","0002068",,,,,"34","013",,,,"013300",,,,,,,,,,,,,,,,,,,,,,,,,,,,,,,,,,,"14000US34013013300",,,"425179","0",1139,655,484,57.51,42.49
"34013013400","Census Tract 134","Census Tract 134, Essex County, New Jersey","nj","140","00","ACSSF","0002069",,,,,"34","013",,,,"013400",,,,,,,,,,,,,,,,,,,,,,,,,,,,,,,,,,,"14000US34013013400",,,"1537645","5828",744,16,728,2.15,97.85
"34013013500","Census Tract 135","Census Tract 135, Essex County, New Jersey","nj","140","00","ACSSF","0002070",,,,,"34","013",,,,"013500",,,,,,,,,,,,,,,,,,,,,,,,,,,,,,,,,,,"14000US34013013500",,,"1528812","12834",978,48,930,4.91,95.09
"34013013600","Census Tract 136","Census Tract 136, Essex County, New Jersey","nj","140","00","ACSSF","0002071",,,,,"34","013",,,,"013600",,,,,,,,,,,,,,,,,,,,,,,,,,,,,,,,,,,"14000US34013013600",,,"1701804","94871",1425,98,1327,6.88,93.12
"34013013700","Census Tract 137","Census Tract 137, Essex County, New Jersey","nj","140","00","ACSSF","0002072",,,,,"34","013",,,,"013700",,,,,,,,,,,,,,,,,,,,,,,,,,,,,,,,,,,"14000US34013013700",,,"1176520","8937",741,41,700,5.53,94.47
"34013013800","Census Tract 138","Census Tract 138, Essex County, New Jersey","nj","140","00","ACSSF","0002073",,,,,"34","013",,,,"013800",,,,,,,,,,,,,,,,,,,,,,,,,,,,,,,,,,,"14000US34013013800",,,"1300786","0",948,34,914,3.59,96.41
"34013013900","Census Tract 139","Census Tract 139, Essex County, New Jersey","nj","140","00","ACSSF","0002074",,,,,"34","013",,,,"013900",,,,,,,,,,,,,,,,,,,,,,,,,,,,,,,,,,,"14000US34013013900",,,"1489435","0",1007,26,981,2.58,97.42
"34013014000","Census Tract 140","Census Tract 140, Essex County, New Jersey","nj","140","00","ACSSF","0002075",,,,,"34","013",,,,"014000",,,,,,,,,,,,,,,,,,,,,,,,,,,,,,,,,,,"14000US34013014000",,,"1218007","0",719,0,719,0,100
"34013014100","Census Tract 141","Census Tract 141, Essex County, New Jersey","nj","140","00","ACSSF","0002076",,,,,"34","013",,,,"014100",,,,,,,,,,,,,,,,,,,,,,,,,,,,,,,,,,,"14000US34013014100",,,"1075587","0",840,185,655,22.02,77.98
"34013014200","Census Tract 142","Census Tract 142, Essex County, New Jersey","nj","140","00","ACSSF","0002077",,,,,"34","013",,,,"014200",,,,,,,,,,,,,,,,,,,,,,,,,,,,,,,,,,,"14000US34013014200",,,"905967","0",746,12,734,1.61,98.39
"34013014300","Census Tract 143","Census Tract 143, Essex County, New Jersey","nj","140","00","ACSSF","0002078",,,,,"34","013",,,,"014300",,,,,,,,,,,,,,,,,,,,,,,,,,,,,,,,,,,"14000US34013014300",,,"840834","0",1395,438,957,31.4,68.6
"34013014400","Census Tract 144","Census Tract 144, Essex County, New Jersey","nj","140","00","ACSSF","0002079",,,,,"34","013",,,,"014400",,,,,,,,,,,,,,,,,,,,,,,,,,,,,,,,,,,"14000US34013014400",,,"1568381","138359",743,132,611,17.77,82.23
"34013014500","Census Tract 145","Census Tract 145, Essex County, New Jersey","nj","140","00","ACSSF","0002080",,,,,"34","013",,,,"014500",,,,,,,,,,,,,,,,,,,,,,,,,,,,,,,,,,,"14000US34013014500",,,"922282","10326",1124,71,1053,6.32,93.68
"34013014600","Census Tract 146","Census Tract 146, Essex County, New Jersey","nj","140","00","ACSSF","0002081",,,,,"34","013",,,,"014600",,,,,,,,,,,,,,,,,,,,,,,,,,,,,,,,,,,"14000US34013014600",,,"735330","8784",959,110,849,11.47,88.53
"34013014700","Census Tract 147","Census Tract 147, Essex County, New Jersey","nj","140","00","ACSSF","0002082",,,,,"34","013",,,,"014700",,,,,,,,,,,,,,,,,,,,,,,,,,,,,,,,,,,"14000US34013014700",,,"1269779","20449",967,360,607,37.23,62.77
"34013014800","Census Tract 148","Census Tract 148, Essex County, New Jersey","nj","140","00","ACSSF","0002083",,,,,"34","013",,,,"014800",,,,,,,,,,,,,,,,,,,,,,,,,,,,,,,,,,,"14000US34013014800",,,"1688214","3155",663,34,629,5.13,94.87
"34013014900","Census Tract 149","Census Tract 149, Essex County, New Jersey","nj","140","00","ACSSF","0002084",,,,,"34","013",,,,"014900",,,,,,,,,,,,,,,,,,,,,,,,,,,,,,,,,,,"14000US34013014900",,,"2140191","7757",1192,59,1133,4.95,95.05
"34013015000","Census Tract 150","Census Tract 150, Essex County, New Jersey","nj","140","00","ACSSF","0002085",,,,,"34","013",,,,"015000",,,,,,,,,,,,,,,,,,,,,,,,,,,,,,,,,,,"14000US34013015000",,,"1394625","10396",575,90,485,15.65,84.35
"34013015100","Census Tract 151","Census Tract 151, Essex County, New Jersey","nj","140","00","ACSSF","0002086",,,,,"34","013",,,,"015100",,,,,,,,,,,,,,,,,,,,,,,,,,,,,,,,,,,"14000US34013015100",,,"1099015","9919",906,38,868,4.19,95.81
"34013015200","Census Tract 152","Census Tract 152, Essex County, New Jersey","nj","140","00","ACSSF","0002087",,,,,"34","013",,,,"015200",,,,,,,,,,,,,,,,,,,,,,,,,,,,,,,,,,,"14000US34013015200",,,"927382","0",793,17,776,2.14,97.86
"34013015300","Census Tract 153","Census Tract 153, Essex County, New Jersey","nj","140","00","ACSSF","0002088",,,,,"34","013",,,,"015300",,,,,,,,,,,,,,,,,,,,,,,,,,,,,,,,,,,"14000US34013015300",,,"1180260","0",575,140,435,24.35,75.65
"34013015400","Census Tract 154","Census Tract 154, Essex County, New Jersey","nj","140","00","ACSSF","0002089",,,,,"34","013",,,,"015400",,,,,,,,,,,,,,,,,,,,,,,,,,,,,,,,,,,"14000US34013015400",,,"1272881","2136",879,144,735,16.38,83.62
"34013015500","Census Tract 155","Census Tract 155, Essex County, New Jersey","nj","140","00","ACSSF","0002090",,,,,"34","013",,,,"015500",,,,,,,,,,,,,,,,,,,,,,,,,,,,,,,,,,,"14000US34013015500",,,"868792","15735",814,0,814,0,100
"34013015600","Census Tract 156","Census Tract 156, Essex County, New Jersey","nj","140","00","ACSSF","0002091",,,,,"34","013",,,,"015600",,,,,,,,,,,,,,,,,,,,,,,,,,,,,,,,,,,"14000US34013015600",,,"976011","13695",822,59,763,7.18,92.82
"34013015700","Census Tract 157","Census Tract 157, Essex County, New Jersey","nj","140","00","ACSSF","0002092",,,,,"34","013",,,,"015700",,,,,,,,,,,,,,,,,,,,,,,,,,,,,,,,,,,"14000US34013015700",,,"593557","0",720,148,572,20.56,79.44
"34013015800","Census Tract 158","Census Tract 158, Essex County, New Jersey","nj","140","00","ACSSF","0002093",,,,,"34","013",,,,"015800",,,,,,,,,,,,,,,,,,,,,,,,,,,,,,,,,,,"14000US34013015800",,,"779230","436",947,191,756,20.17,79.83
"34013015900","Census Tract 159","Census Tract 159, Essex County, New Jersey","nj","140","00","ACSSF","0002094",,,,,"34","013",,,,"015900",,,,,,,,,,,,,,,,,,,,,,,,,,,,,,,,,,,"14000US34013015900",,,"900737","0",1123,194,929,17.28,82.72
"34013016000","Census Tract 160","Census Tract 160, Essex County, New Jersey","nj","140","00","ACSSF","0002095",,,,,"34","013",,,,"016000",,,,,,,,,,,,,,,,,,,,,,,,,,,,,,,,,,,"14000US34013016000",,,"3301609","12037",2460,125,2335,5.08,94.92
"34013016100","Census Tract 161","Census Tract 161, Essex County, New Jersey","nj","140","00","ACSSF","0002096",,,,,"34","013",,,,"016100",,,,,,,,,,,,,,,,,,,,,,,,,,,,,,,,,,,"14000US34013016100",,,"2050755","0",1086,0,1086,0,100
"34013016200","Census Tract 162","Census Tract 162, Essex County, New Jersey","nj","140","00","ACSSF","0002097",,,,,"34","013",,,,"016200",,,,,,,,,,,,,,,,,,,,,,,,,,,,,,,,,,,"14000US34013016200",,,"1948548","1990",919,26,893,2.83,97.17
"34013016300","Census Tract 163","Census Tract 163, Essex County, New Jersey","nj","140","00","ACSSF","0002098",,,,,"34","013",,,,"016300",,,,,,,,,,,,,,,,,,,,,,,,,,,,,,,,,,,"14000US34013016300",,,"1527370","0",1148,79,1069,6.88,93.12
"34013016400","Census Tract 164","Census Tract 164, Essex County, New Jersey","nj","140","00","ACSSF","0002099",,,,,"34","013",,,,"016400",,,,,,,,,,,,,,,,,,,,,,,,,,,,,,,,,,,"14000US34013016400",,,"2232919","12537",972,0,972,0,100
"34013016500","Census Tract 165","Census Tract 165, Essex County, New Jersey","nj","140","00","ACSSF","0002100",,,,,"34","013",,,,"016500",,,,,,,,,,,,,,,,,,,,,,,,,,,,,,,,,,,"14000US34013016500",,,"1695102","0",1116,35,1081,3.14,96.86
"34013016600","Census Tract 166","Census Tract 166, Essex County, New Jersey","nj","140","00","ACSSF","0002101",,,,,"34","013",,,,"016600",,,,,,,,,,,,,,,,,,,,,,,,,,,,,,,,,,,"14000US34013016600",,,"668296","0",710,64,646,9.01,90.99
"34013016700","Census Tract 167","Census Tract 167, Essex County, New Jersey","nj","140","00","ACSSF","0002102",,,,,"34","013",,,,"016700",,,,,,,,,,,,,,,,,,,,,,,,,,,,,,,,,,,"14000US34013016700",,,"510283","0",441,102,339,23.13,76.87
"34013016800","Census Tract 168","Census Tract 168, Essex County, New Jersey","nj","140","00","ACSSF","0002103",,,,,"34","013",,,,"016800",,,,,,,,,,,,,,,,,,,,,,,,,,,,,,,,,,,"14000US34013016800",,,"749914","0",694,68,626,9.8,90.2
"34013016900","Census Tract 169","Census Tract 169, Essex County, New Jersey","nj","140","00","ACSSF","0002104",,,,,"34","013",,,,"016900",,,,,,,,,,,,,,,,,,,,,,,,,,,,,,,,,,,"14000US34013016900",,,"2237830","0",703,12,691,1.71,98.29
"34013017000","Census Tract 170","Census Tract 170, Essex County, New Jersey","nj","140","00","ACSSF","0002105",,,,,"34","013",,,,"017000",,,,,,,,,,,,,,,,,,,,,,,,,,,,,,,,,,,"14000US34013017000",,,"1070050","0",461,0,461,0,100
"34013017100","Census Tract 171","Census Tract 171, Essex County, New Jersey","nj","140","00","ACSSF","0002106",,,,,"34","013",,,,"017100",,,,,,,,,,,,,,,,,,,,,,,,,,,,,,,,,,,"14000US34013017100",,,"437405","2798",650,262,388,40.31,59.69
"34013017200","Census Tract 172","Census Tract 172, Essex County, New Jersey","nj","140","00","ACSSF","0002107",,,,,"34","013",,,,"017200",,,,,,,,,,,,,,,,,,,,,,,,,,,,,,,,,,,"14000US34013017200",,,"1027631","0",741,131,610,17.68,82.32
"34013017301","Census Tract 173.01","Census Tract 173.01, Essex County, New Jersey","nj","140","00","ACSSF","0002108",,,,,"34","013",,,,"017301",,,,,,,,,,,,,,,,,,,,,,,,,,,,,,,,,,,"14000US34013017301",,,"4392524","10142",1161,10,1151,0.86,99.14
"34013017302","Census Tract 173.02","Census Tract 173.02, Essex County, New Jersey","nj","140","00","ACSSF","0002109",,,,,"34","013",,,,"017302",,,,,,,,,,,,,,,,,,,,,,,,,,,,,,,,,,,"14000US34013017302",,,"6324414","1453",944,15,929,1.59,98.41
"34013017400","Census Tract 174","Census Tract 174, Essex County, New Jersey","nj","140","00","ACSSF","0002110",,,,,"34","013",,,,"017400",,,,,,,,,,,,,,,,,,,,,,,,,,,,,,,,,,,"14000US34013017400",,,"7146202","27066",816,0,816,0,100
"34013017500","Census Tract 175","Census Tract 175, Essex County, New Jersey","nj","140","00","ACSSF","0002111",,,,,"34","013",,,,"017500",,,,,,,,,,,,,,,,,,,,,,,,,,,,,,,,,,,"14000US34013017500",,,"4647860","23765",1076,18,1058,1.67,98.33
"34013017600","Census Tract 176","Census Tract 176, Essex County, New Jersey","nj","140","00","ACSSF","0002112",,,,,"34","013",,,,"017600",,,,,,,,,,,,,,,,,,,,,,,,,,,,,,,,,,,"14000US34013017600",,,"812900","0",1187,101,1086,8.51,91.49
"34013017700","Census Tract 177","Census Tract 177, Essex County, New Jersey","nj","140","00","ACSSF","0002113",,,,,"34","013",,,,"017700",,,,,,,,,,,,,,,,,,,,,,,,,,,,,,,,,,,"14000US34013017700",,,"1003750","0",1576,520,1056,32.99,67.01
"34013017800","Census Tract 178","Census Tract 178, Essex County, New Jersey","nj","140","00","ACSSF","0002114",,,,,"34","013",,,,"017800",,,,,,,,,,,,,,,,,,,,,,,,,,,,,,,,,,,"14000US34013017800",,,"621593","0",761,118,643,15.51,84.49
"34013017900","Census Tract 179","Census Tract 179, Essex County, New Jersey","nj","140","00","ACSSF","0002115",,,,,"34","013",,,,"017900",,,,,,,,,,,,,,,,,,,,,,,,,,,,,,,,,,,"14000US34013017900",,,"1167239","0",831,68,763,8.18,91.82
"34013018000","Census Tract 180","Census Tract 180, Essex County, New Jersey","nj","140","00","ACSSF","0002116",,,,,"34","013",,,,"018000",,,,,,,,,,,,,,,,,,,,,,,,,,,,,,,,,,,"14000US34013018000",,,"4971553","254763",1363,51,1312,3.74,96.26
"34013018100","Census Tract 181","Census Tract 181, Essex County, New Jersey","nj","140","00","ACSSF","0002117",,,,,"34","013",,,,"018100",,,,,,,,,,,,,,,,,,,,,,,,,,,,,,,,,,,"14000US34013018100",,,"557574","0",574,319,255,55.57,44.43
"34013018200","Census Tract 182","Census Tract 182, Essex County, New Jersey","nj","140","00","ACSSF","0002118",,,,,"34","013",,,,"018200",,,,,,,,,,,,,,,,,,,,,,,,,,,,,,,,,,,"14000US34013018200",,,"489203","0",988,371,617,37.55,62.45
"34013018300","Census Tract 183","Census Tract 183, Essex County, New Jersey","nj","140","00","ACSSF","0002119",,,,,"34","013",,,,"018300",,,,,,,,,,,,,,,,,,,,,,,,,,,,,,,,,,,"14000US34013018300",,,"576535","0",1426,525,901,36.82,63.18
"34013018400","Census Tract 184","Census Tract 184, Essex County, New Jersey","nj","140","00","ACSSF","0002120",,,,,"34","013",,,,"018400",,,,,,,,,,,,,,,,,,,,,,,,,,,,,,,,,,,"14000US34013018400",,,"456623","0",528,208,320,39.39,60.61
"34013018600","Census Tract 186","Census Tract 186, Essex County, New Jersey","nj","140","00","ACSSF","0002121",,,,,"34","013",,,,"018600",,,,,,,,,,,,,,,,,,,,,,,,,,,,,,,,,,,"14000US34013018600",,,"1001358","0",1174,618,556,52.64,47.36
"34013018700","Census Tract 187","Census Tract 187, Essex County, New Jersey","nj","140","00","ACSSF","0002122",,,,,"34","013",,,,"018700",,,,,,,,,,,,,,,,,,,,,,,,,,,,,,,,,,,"14000US34013018700",,,"856790","5154",572,251,321,43.88,56.12
"34013018800","Census Tract 188","Census Tract 188, Essex County, New Jersey","nj","140","00","ACSSF","0002123",,,,,"34","013",,,,"018800",,,,,,,,,,,,,,,,,,,,,,,,,,,,,,,,,,,"14000US34013018800",,,"1247167","0",782,173,609,22.12,77.88
"34013018900","Census Tract 189","Census Tract 189, Essex County, New Jersey","nj","140","00","ACSSF","0002124",,,,,"34","013",,,,"018900",,,,,,,,,,,,,,,,,,,,,,,,,,,,,,,,,,,"14000US34013018900",,,"545568","0",1067,243,824,22.77,77.23
"34013019000","Census Tract 190","Census Tract 190, Essex County, New Jersey","nj","140","00","ACSSF","0002125",,,,,"34","013",,,,"019000",,,,,,,,,,,,,,,,,,,,,,,,,,,,,,,,,,,"14000US34013019000",,,"3010166","0",1222,80,1142,6.55,93.45
"34013019100","Census Tract 191","Census Tract 191, Essex County, New Jersey","nj","140","00","ACSSF","0002126",,,,,"34","013",,,,"019100",,,,,,,,,,,,,,,,,,,,,,,,,,,,,,,,,,,"14000US34013019100",,,"2209041","0",924,0,924,0,100
"34013019200","Census Tract 192","Census Tract 192, Essex County, New Jersey","nj","140","00","ACSSF","0002127",,,,,"34","013",,,,"019200",,,,,,,,,,,,,,,,,,,,,,,,,,,,,,,,,,,"14000US34013019200",,,"1029127","0",506,10,496,1.98,98.02
"34013019300","Census Tract 193","Census Tract 193, Essex County, New Jersey","nj","140","00","ACSSF","0002128",,,,,"34","013",,,,"019300",,,,,,,,,,,,,,,,,,,,,,,,,,,,,,,,,,,"14000US34013019300",,,"1122228","4806",491,0,491,0,100
"34013019400","Census Tract 194","Census Tract 194, Essex County, New Jersey","nj","140","00","ACSSF","0002129",,,,,"34","013",,,,"019400",,,,,,,,,,,,,,,,,,,,,,,,,,,,,,,,,,,"14000US34013019400",,,"3113784","8951",1007,23,984,2.28,97.72
"34013019500","Census Tract 195","Census Tract 195, Essex County, New Jersey","nj","140","00","ACSSF","0002130",,,,,"34","013",,,,"019500",,,,,,,,,,,,,,,,,,,,,,,,,,,,,,,,,,,"14000US34013019500",,,"1516850","0",1190,0,1190,0,100
"34013019600","Census Tract 196","Census Tract 196, Essex County, New Jersey","nj","140","00","ACSSF","0002131",,,,,"34","013",,,,"019600",,,,,,,,,,,,,,,,,,,,,,,,,,,,,,,,,,,"14000US34013019600",,,"1605530","0",1595,54,1541,3.39,96.61
"34013019700","Census Tract 197","Census Tract 197, Essex County, New Jersey","nj","140","00","ACSSF","0002132",,,,,"34","013",,,,"019700",,,,,,,,,,,,,,,,,,,,,,,,,,,,,,,,,,,"14000US34013019700",,,"1228935","0",1568,346,1222,22.07,77.93
"34013019800","Census Tract 198","Census Tract 198, Essex County, New Jersey","nj","140","00","ACSSF","0002133",,,,,"34","013",,,,"019800",,,,,,,,,,,,,,,,,,,,,,,,,,,,,,,,,,,"14000US34013019800",,,"851422","0",952,17,935,1.79,98.21
"34013019900","Census Tract 199","Census Tract 199, Essex County, New Jersey","nj","140","00","ACSSF","0002134",,,,,"34","013",,,,"019900",,,,,,,,,,,,,,,,,,,,,,,,,,,,,,,,,,,"14000US34013019900",,,"1717114","0",826,37,789,4.48,95.52
"34013020000","Census Tract 200","Census Tract 200, Essex County, New Jersey","nj","140","00","ACSSF","0002135",,,,,"34","013",,,,"020000",,,,,,,,,,,,,,,,,,,,,,,,,,,,,,,,,,,"14000US34013020000",,,"9131396","1327637",1991,8,1983,0.4,99.6
"34013020100","Census Tract 201","Census Tract 201, Essex County, New Jersey","nj","140","00","ACSSF","0002136",,,,,"34","013",,,,"020100",,,,,,,,,,,,,,,,,,,,,,,,,,,,,,,,,,,"14000US34013020100",,,"10483156","112425",1626,16,1610,0.98,99.02
"34013020200","Census Tract 202","Census Tract 202, Essex County, New Jersey","nj","140","00","ACSSF","0002137",,,,,"34","013",,,,"020200",,,,,,,,,,,,,,,,,,,,,,,,,,,,,,,,,,,"14000US34013020200",,,"2201918","1319",1394,16,1378,1.15,98.85
"34013020300","Census Tract 203","Census Tract 203, Essex County, New Jersey","nj","140","00","ACSSF","0002138",,,,,"34","013",,,,"020300",,,,,,,,,,,,,,,,,,,,,,,,,,,,,,,,,,,"14000US34013020300",,,"2356725","3972",1447,180,1267,12.44,87.56
"34013020400","Census Tract 204","Census Tract 204, Essex County, New Jersey","nj","140","00","ACSSF","0002139",,,,,"34","013",,,,"020400",,,,,,,,,,,,,,,,,,,,,,,,,,,,,,,,,,,"14000US34013020400",,,"6426454","52034",1385,0,1385,0,100
"34013020500","Census Tract 205","Census Tract 205, Essex County, New Jersey","nj","140","00","ACSSF","0002140",,,,,"34","013",,,,"020500",,,,,,,,,,,,,,,,,,,,,,,,,,,,,,,,,,,"14000US34013020500",,,"6729903","2288",2096,64,2032,3.05,96.95
"34013020600","Census Tract 206","Census Tract 206, Essex County, New Jersey","nj","140","00","ACSSF","0002141",,,,,"34","013",,,,"020600",,,,,,,,,,,,,,,,,,,,,,,,,,,,,,,,,,,"14000US34013020600",,,"5660535","2745",1383,0,1383,0,100
"34013020700","Census Tract 207","Census Tract 207, Essex County, New Jersey","nj","140","00","ACSSF","0002142",,,,,"34","013",,,,"020700",,,,,,,,,,,,,,,,,,,,,,,,,,,,,,,,,,,"14000US34013020700",,,"2449901","4213",1108,16,1092,1.44,98.56
"34013020800","Census Tract 208","Census Tract 208, Essex County, New Jersey","nj","140","00","ACSSF","0002143",,,,,"34","013",,,,"020800",,,,,,,,,,,,,,,,,,,,,,,,,,,,,,,,,,,"14000US34013020800",,,"14436368","803675",1579,30,1549,1.9,98.1
"34013020901","Census Tract 209.01","Census Tract 209.01, Essex County, New Jersey","nj","140","00","ACSSF","0002144",,,,,"34","013",,,,"020901",,,,,,,,,,,,,,,,,,,,,,,,,,,,,,,,,,,"14000US34013020901",,,"3647512","15705",588,3,585,0.51,99.49
"34013020902","Census Tract 209.02","Census Tract 209.02, Essex County, New Jersey","nj","140","00","ACSSF","0002145",,,,,"34","013",,,,"020902",,,,,,,,,,,,,,,,,,,,,,,,,,,,,,,,,,,"14000US34013020902",,,"9369927","63570",1166,0,1166,0,100
"34013021000","Census Tract 210","Census Tract 210, Essex County, New Jersey","nj","140","00","ACSSF","0002146",,,,,"34","013",,,,"021000",,,,,,,,,,,,,,,,,,,,,,,,,,,,,,,,,,,"14000US34013021000",,,"3007960","2460",1083,0,1083,0,100
"34013021100","Census Tract 211","Census Tract 211, Essex County, New Jersey","nj","140","00","ACSSF","0002147",,,,,"34","013",,,,"021100",,,,,,,,,,,,,,,,,,,,,,,,,,,,,,,,,,,"14000US34013021100",,,"1937538","1370",928,74,854,7.97,92.03
"34013021200","Census Tract 212","Census Tract 212, Essex County, New Jersey","nj","140","00","ACSSF","0002148",,,,,"34","013",,,,"021200",,,,,,,,,,,,,,,,,,,,,,,,,,,,,,,,,,,"14000US34013021200",,,"2291470","50540",968,58,910,5.99,94.01
"34013021300","Census Tract 213","Census Tract 213, Essex County, New Jersey","nj","140","00","ACSSF","0002149",,,,,"34","013",,,,"021300",,,,,,,,,,,,,,,,,,,,,,,,,,,,,,,,,,,"14000US34013021300",,,"5933390","7198",1043,41,1002,3.93,96.07
"34013021400","Census Tract 214","Census Tract 214, Essex County, New Jersey","nj","140","00","ACSSF","0002150",,,,,"34","013",,,,"021400",,,,,,,,,,,,,,,,,,,,,,,,,,,,,,,,,,,"14000US34013021400",,,"5039950","312053",1177,0,1177,0,100
"34013021601","Census Tract 216.01","Census Tract 216.01, Essex County, New Jersey","nj","140","00","ACSSF","0002151",,,,,"34","013",,,,"021601",,,,,,,,,,,,,,,,,,,,,,,,,,,,,,,,,,,"14000US34013021601",,,"26231979","572593",1542,0,1542,0,100
"34013021602","Census Tract 216.02","Census Tract 216.02, Essex County, New Jersey","nj","140","00","ACSSF","0002152",,,,,"34","013",,,,"021602",,,,,,,,,,,,,,,,,,,,,,,,,,,,,,,,,,,"14000US34013021602",,,"7945481","13324",1749,54,1695,3.09,96.91
"34013021701","Census Tract 217.01","Census Tract 217.01, Essex County, New Jersey","nj","140","00","ACSSF","0002153",,,,,"34","013",,,,"021701",,,,,,,,,,,,,,,,,,,,,,,,,,,,,,,,,,,"14000US34013021701",,,"1208841","0",732,30,702,4.1,95.9
"34013021702","Census Tract 217.02","Census Tract 217.02, Essex County, New Jersey","nj","140","00","ACSSF","0002154",,,,,"34","013",,,,"021702",,,,,,,,,,,,,,,,,,,,,,,,,,,,,,,,,,,"14000US34013021702",,,"1842439","3295",589,67,522,11.38,88.62
"34013021801","Census Tract 218.01","Census Tract 218.01, Essex County, New Jersey","nj","140","00","ACSSF","0002155",,,,,"34","013",,,,"021801",,,,,,,,,,,,,,,,,,,,,,,,,,,,,,,,,,,"14000US34013021801",,,"3479985","31039",574,29,545,5.05,94.95
"34013021802","Census Tract 218.02","Census Tract 218.02, Essex County, New Jersey","nj","140","00","ACSSF","0002156",,,,,"34","013",,,,"021802",,,,,,,,,,,,,,,,,,,,,,,,,,,,,,,,,,,"14000US34013021802",,,"7444090","10423",628,0,628,0,100
"34013021803","Census Tract 218.03","Census Tract 218.03, Essex County, New Jersey","nj","140","00","ACSSF","0002157",,,,,"34","013",,,,"021803",,,,,,,,,,,,,,,,,,,,,,,,,,,,,,,,,,,"14000US34013021803",,,"2276136","0",1025,0,1025,0,100
"34013022700","Census Tract 227","Census Tract 227, Essex County, New Jersey","nj","140","00","ACSSF","0002158",,,,,"34","013",,,,"022700",,,,,,,,,,,,,,,,,,,,,,,,,,,,,,,,,,,"14000US34013022700",,,"499227","0",792,418,374,52.78,47.22
"34013022800","Census Tract 228","Census Tract 228, Essex County, New Jersey","nj","140","00","ACSSF","0002159",,,,,"34","013",,,,"022800",,,,,,,,,,,,,,,,,,,,,,,,,,,,,,,,,,,"14000US34013022800",,,"316960","0",634,350,284,55.21,44.79
"34013022900","Census Tract 229","Census Tract 229, Essex County, New Jersey","nj","140","00","ACSSF","0002160",,,,,"34","013",,,,"022900",,,,,,,,,,,,,,,,,,,,,,,,,,,,,,,,,,,"14000US34013022900",,,"1193768","47236",477,196,281,41.09,58.91
"34013023000","Census Tract 230","Census Tract 230, Essex County, New Jersey","nj","140","00","ACSSF","0002161",,,,,"34","013",,,,"023000",,,,,,,,,,,,,,,,,,,,,,,,,,,,,,,,,,,"14000US34013023000",,,"367018","0",790,681,109,86.2,13.8
"34013023100","Census Tract 231","Census Tract 231, Essex County, New Jersey","nj","140","00","ACSSF","0002162",,,,,"34","013",,,,"023100",,,,,,,,,,,,,,,,,,,,,,,,,,,,,,,,,,,"14000US34013023100",,,"478035","0",683,213,470,31.19,68.81
"34013023200","Census Tract 232","Census Tract 232, Essex County, New Jersey","nj","140","00","ACSSF","0002163",,,,,"34","013",,,,"023200",,,,,,,,,,,,,,,,,,,,,,,,,,,,,,,,,,,"14000US34013023200",,,"524193","0",1111,728,383,65.53,34.47
"34013980100","Census Tract 9801","Census Tract 9801, Essex County, New Jersey","nj","140","00","ACSSF","0002164",,,,,"34","013",,,,"980100",,,,,,,,,,,,,,,,,,,,,,,,,,,,,,,,,,,"14000US34013980100",,,"1460681","2569",0,0,0,,
"34013980200","Census Tract 9802","Census Tract 9802, Essex County, New Jersey","nj","140","00","ACSSF","0002165",,,,,"34","013",,,,"980200",,,,,,,,,,,,,,,,,,,,,,,,,,,,,,,,,,,"14000US34013980200",,,"16274648","2993500",0,0,0,,
"34015500100","Census Tract 5001","Census Tract 5001, Gloucester County, New Jersey","nj","140","00","ACSSF","0002166",,,,,"34","015",,,,"500100",,,,,,,,,,,,,,,,,,,,,,,,,,,,,,,,,,,"14000US34015500100",,,"2649829","927839",1026,87,939,8.48,91.52
"34015500201","Census Tract 5002.01","Census Tract 5002.01, Gloucester County, New Jersey","nj","140","00","ACSSF","0002167",,,,,"34","015",,,,"500201",,,,,,,,,,,,,,,,,,,,,,,,,,,,,,,,,,,"14000US34015500201",,,"7769079","2400116",432,33,399,7.64,92.36
"34015500202","Census Tract 5002.02","Census Tract 5002.02, Gloucester County, New Jersey","nj","140","00","ACSSF","0002168",,,,,"34","015",,,,"500202",,,,,,,,,,,,,,,,,,,,,,,,,,,,,,,,,,,"14000US34015500202",,,"3458965","84818",949,9,940,0.95,99.05
"34015500203","Census Tract 5002.03","Census Tract 5002.03, Gloucester County, New Jersey","nj","140","00","ACSSF","0002169",,,,,"34","015",,,,"500203",,,,,,,,,,,,,,,,,,,,,,,,,,,,,,,,,,,"14000US34015500203",,,"5540658","172151",791,65,726,8.22,91.78
"34015500204","Census Tract 5002.04","Census Tract 5002.04, Gloucester County, New Jersey","nj","140","00","ACSSF","0002170",,,,,"34","015",,,,"500204",,,,,,,,,,,,,,,,,,,,,,,,,,,,,,,,,,,"14000US34015500204",,,"11364426","364980",1527,0,1527,0,100
"34015500205","Census Tract 5002.05","Census Tract 5002.05, Gloucester County, New Jersey","nj","140","00","ACSSF","0002171",,,,,"34","015",,,,"500205",,,,,,,,,,,,,,,,,,,,,,,,,,,,,,,,,,,"14000US34015500205",,,"11639265","3330443",572,60,512,10.49,89.51
"34015500300","Census Tract 5003","Census Tract 5003, Gloucester County, New Jersey","nj","140","00","ACSSF","0002172",,,,,"34","015",,,,"500300",,,,,,,,,,,,,,,,,,,,,,,,,,,,,,,,,,,"14000US34015500300",,,"2609227","1124150",630,77,553,12.22,87.78
"34015500400","Census Tract 5004","Census Tract 5004, Gloucester County, New Jersey","nj","140","00","ACSSF","0002173",,,,,"34","015",,,,"500400",,,,,,,,,,,,,,,,,,,,,,,,,,,,,,,,,,,"14000US34015500400",,,"4984406","1826931",988,424,564,42.91,57.09
"34015500500","Census Tract 5005","Census Tract 5005, Gloucester County, New Jersey","nj","140","00","ACSSF","0002174",,,,,"34","015",,,,"500500",,,,,,,,,,,,,,,,,,,,,,,,,,,,,,,,,,,"14000US34015500500",,,"23210037","7945908",1047,141,906,13.47,86.53
"34015500600","Census Tract 5006","Census Tract 5006, Gloucester County, New Jersey","nj","140","00","ACSSF","0002175",,,,,"34","015",,,,"500600",,,,,,,,,,,,,,,,,,,,,,,,,,,,,,,,,,,"14000US34015500600",,,"37409195","1209053",2921,58,2863,1.99,98.01
"34015500701","Census Tract 5007.01","Census Tract 5007.01, Gloucester County, New Jersey","nj","140","00","ACSSF","0002176",,,,,"34","015",,,,"500701",,,,,,,,,,,,,,,,,,,,,,,,,,,,,,,,,,,"14000US34015500701",,,"9864076","62696",1722,84,1638,4.88,95.12
"34015500702","Census Tract 5007.02","Census Tract 5007.02, Gloucester County, New Jersey","nj","140","00","ACSSF","0002177",,,,,"34","015",,,,"500702",,,,,,,,,,,,,,,,,,,,,,,,,,,,,,,,,,,"14000US34015500702",,,"11880521","81786",1450,20,1430,1.38,98.62
"34015500703","Census Tract 5007.03","Census Tract 5007.03, Gloucester County, New Jersey","nj","140","00","ACSSF","0002178",,,,,"34","015",,,,"500703",,,,,,,,,,,,,,,,,,,,,,,,,,,,,,,,,,,"14000US34015500703",,,"19703572","79228",241,10,231,4.15,95.85
"34015500800","Census Tract 5008","Census Tract 5008, Gloucester County, New Jersey","nj","140","00","ACSSF","0002179",,,,,"34","015",,,,"500800",,,,,,,,,,,,,,,,,,,,,,,,,,,,,,,,,,,"14000US34015500800",,,"2578702","40318",552,11,541,1.99,98.01
"34015500900","Census Tract 5009","Census Tract 5009, Gloucester County, New Jersey","nj","140","00","ACSSF","0002180",,,,,"34","015",,,,"500900",,,,,,,,,,,,,,,,,,,,,,,,,,,,,,,,,,,"14000US34015500900",,,"3227600","16250",596,14,582,2.35,97.65
"34015501001","Census Tract 5010.01","Census Tract 5010.01, Gloucester County, New Jersey","nj","140","00","ACSSF","0002181",,,,,"34","015",,,,"501001",,,,,,,,,,,,,,,,,,,,,,,,,,,,,,,,,,,"14000US34015501001",,,"1159181","7234",514,102,412,19.84,80.16
"34015501002","Census Tract 5010.02","Census Tract 5010.02, Gloucester County, New Jersey","nj","140","00","ACSSF","0002182",,,,,"34","015",,,,"501002",,,,,,,,,,,,,,,,,,,,,,,,,,,,,,,,,,,"14000US34015501002",,,"2121689","143910",960,464,496,48.33,51.67
"34015501003","Census Tract 5010.03","Census Tract 5010.03, Gloucester County, New Jersey","nj","140","00","ACSSF","0002183",,,,,"34","015",,,,"501003",,,,,,,,,,,,,,,,,,,,,,,,,,,,,,,,,,,"14000US34015501003",,,"1950250","63956",761,286,475,37.58,62.42
"34015501101","Census Tract 5011.01","Census Tract 5011.01, Gloucester County, New Jersey","nj","140","00","ACSSF","0002184",,,,,"34","015",,,,"501101",,,,,,,,,,,,,,,,,,,,,,,,,,,,,,,,,,,"14000US34015501101",,,"3676328","55936",560,32,528,5.71,94.29
"34015501102","Census Tract 5011.02","Census Tract 5011.02, Gloucester County, New Jersey","nj","140","00","ACSSF","0002185",,,,,"34","015",,,,"501102",,,,,,,,,,,,,,,,,,,,,,,,,,,,,,,,,,,"14000US34015501102",,,"8761927","308432",1223,29,1194,2.37,97.63
"34015501103","Census Tract 5011.03","Census Tract 5011.03, Gloucester County, New Jersey","nj","140","00","ACSSF","0002186",,,,,"34","015",,,,"501103",,,,,,,,,,,,,,,,,,,,,,,,,,,,,,,,,,,"14000US34015501103",,,"10413762","147502",1167,74,1093,6.34,93.66
"34015501104","Census Tract 5011.04","Census Tract 5011.04, Gloucester County, New Jersey","nj","140","00","ACSSF","0002187",,,,,"34","015",,,,"501104",,,,,,,,,,,,,,,,,,,,,,,,,,,,,,,,,,,"14000US34015501104",,,"2763970","13185",598,13,585,2.17,97.83
"34015501105","Census Tract 5011.05","Census Tract 5011.05, Gloucester County, New Jersey","nj","140","00","ACSSF","0002188",,,,,"34","015",,,,"501105",,,,,,,,,,,,,,,,,,,,,,,,,,,,,,,,,,,"14000US34015501105",,,"3382459","0",573,57,516,9.95,90.05
"34015501106","Census Tract 5011.06","Census Tract 5011.06, Gloucester County, New Jersey","nj","140","00","ACSSF","0002189",,,,,"34","015",,,,"501106",,,,,,,,,,,,,,,,,,,,,,,,,,,,,,,,,,,"14000US34015501106",,,"13164009","62100",874,126,748,14.42,85.58
"34015501107","Census Tract 5011.07","Census Tract 5011.07, Gloucester County, New Jersey","nj","140","00","ACSSF","0002190",,,,,"34","015",,,,"501107",,,,,,,,,,,,,,,,,,,,,,,,,,,,,,,,,,,"14000US34015501107",,,"2725456","27770",818,73,745,8.92,91.08
"34015501201","Census Tract 5012.01","Census Tract 5012.01, Gloucester County, New Jersey","nj","140","00","ACSSF","0002191",,,,,"34","015",,,,"501201",,,,,,,,,,,,,,,,,,,,,,,,,,,,,,,,,,,"14000US34015501201",,,"7202012","81524",1473,0,1473,0,100
"34015501202","Census Tract 5012.02","Census Tract 5012.02, Gloucester County, New Jersey","nj","140","00","ACSSF","0002192",,,,,"34","015",,,,"501202",,,,,,,,,,,,,,,,,,,,,,,,,,,,,,,,,,,"14000US34015501202",,,"4209976","4584",1085,12,1073,1.11,98.89
"34015501203","Census Tract 5012.03","Census Tract 5012.03, Gloucester County, New Jersey","nj","140","00","ACSSF","0002193",,,,,"34","015",,,,"501203",,,,,,,,,,,,,,,,,,,,,,,,,,,,,,,,,,,"14000US34015501203",,,"2997630","133630",558,9,549,1.61,98.39
"34015501204","Census Tract 5012.04","Census Tract 5012.04, Gloucester County, New Jersey","nj","140","00","ACSSF","0002194",,,,,"34","015",,,,"501204",,,,,,,,,,,,,,,,,,,,,,,,,,,,,,,,,,,"14000US34015501204",,,"3321249","44249",757,7,750,0.92,99.08
"34015501205","Census Tract 5012.05","Census Tract 5012.05, Gloucester County, New Jersey","nj","140","00","ACSSF","0002195",,,,,"34","015",,,,"501205",,,,,,,,,,,,,,,,,,,,,,,,,,,,,,,,,,,"14000US34015501205",,,"7583468","14081",613,25,588,4.08,95.92
"34015501206","Census Tract 5012.06","Census Tract 5012.06, Gloucester County, New Jersey","nj","140","00","ACSSF","0002196",,,,,"34","015",,,,"501206",,,,,,,,,,,,,,,,,,,,,,,,,,,,,,,,,,,"14000US34015501206",,,"3778361","21824",621,82,539,13.2,86.8
"34015501208","Census Tract 5012.08","Census Tract 5012.08, Gloucester County, New Jersey","nj","140","00","ACSSF","0002197",,,,,"34","015",,,,"501208",,,,,,,,,,,,,,,,,,,,,,,,,,,,,,,,,,,"14000US34015501208",,,"6902433","91695",584,0,584,0,100
"34015501209","Census Tract 5012.09","Census Tract 5012.09, Gloucester County, New Jersey","nj","140","00","ACSSF","0002198",,,,,"34","015",,,,"501209",,,,,,,,,,,,,,,,,,,,,,,,,,,,,,,,,,,"14000US34015501209",,,"8839234","1996",1664,411,1253,24.7,75.3
"34015501210","Census Tract 5012.10","Census Tract 5012.10, Gloucester County, New Jersey","nj","140","00","ACSSF","0002199",,,,,"34","015",,,,"501210",,,,,,,,,,,,,,,,,,,,,,,,,,,,,,,,,,,"14000US34015501210",,,"3213230","52543",853,11,842,1.29,98.71
"34015501212","Census Tract 5012.12","Census Tract 5012.12, Gloucester County, New Jersey","nj","140","00","ACSSF","0002200",,,,,"34","015",,,,"501212",,,,,,,,,,,,,,,,,,,,,,,,,,,,,,,,,,,"14000US34015501212",,,"2809466","80811",778,51,727,6.56,93.44
"34015501213","Census Tract 5012.13","Census Tract 5012.13, Gloucester County, New Jersey","nj","140","00","ACSSF","0002201",,,,,"34","015",,,,"501213",,,,,,,,,,,,,,,,,,,,,,,,,,,,,,,,,,,"14000US34015501213",,,"4421620","7146",1127,134,993,11.89,88.11
"34015501301","Census Tract 5013.01","Census Tract 5013.01, Gloucester County, New Jersey","nj","140","00","ACSSF","0002202",,,,,"34","015",,,,"501301",,,,,,,,,,,,,,,,,,,,,,,,,,,,,,,,,,,"14000US34015501301",,,"2571817","17928",736,182,554,24.73,75.27
"34015501302","Census Tract 5013.02","Census Tract 5013.02, Gloucester County, New Jersey","nj","140","00","ACSSF","0002203",,,,,"34","015",,,,"501302",,,,,,,,,,,,,,,,,,,,,,,,,,,,,,,,,,,"14000US34015501302",,,"993751","0",573,62,511,10.82,89.18
"34015501303","Census Tract 5013.03","Census Tract 5013.03, Gloucester County, New Jersey","nj","140","00","ACSSF","0002204",,,,,"34","015",,,,"501303",,,,,,,,,,,,,,,,,,,,,,,,,,,,,,,,,,,"14000US34015501303",,,"2177321","90629",520,11,509,2.12,97.88
"34015501402","Census Tract 5014.02","Census Tract 5014.02, Gloucester County, New Jersey","nj","140","00","ACSSF","0002205",,,,,"34","015",,,,"501402",,,,,,,,,,,,,,,,,,,,,,,,,,,,,,,,,,,"14000US34015501402",,,"9924915","30135",557,100,457,17.95,82.05
"34015501403","Census Tract 5014.03","Census Tract 5014.03, Gloucester County, New Jersey","nj","140","00","ACSSF","0002206",,,,,"34","015",,,,"501403",,,,,,,,,,,,,,,,,,,,,,,,,,,,,,,,,,,"14000US34015501403",,,"5984860","14199",734,195,539,26.57,73.43
"34015501404","Census Tract 5014.04","Census Tract 5014.04, Gloucester County, New Jersey","nj","140","00","ACSSF","0002207",,,,,"34","015",,,,"501404",,,,,,,,,,,,,,,,,,,,,,,,,,,,,,,,,,,"14000US34015501404",,,"2000840","10545",144,6,138,4.17,95.83
"34015501405","Census Tract 5014.05","Census Tract 5014.05, Gloucester County, New Jersey","nj","140","00","ACSSF","0002208",,,,,"34","015",,,,"501405",,,,,,,,,,,,,,,,,,,,,,,,,,,,,,,,,,,"14000US34015501405",,,"3059813","43808",1085,252,833,23.23,76.77
"34015501406","Census Tract 5014.06","Census Tract 5014.06, Gloucester County, New Jersey","nj","140","00","ACSSF","0002209",,,,,"34","015",,,,"501406",,,,,,,,,,,,,,,,,,,,,,,,,,,,,,,,,,,"14000US34015501406",,,"3168729","0",1002,289,713,28.84,71.16
"34015501500","Census Tract 5015","Census Tract 5015, Gloucester County, New Jersey","nj","140","00","ACSSF","0002210",,,,,"34","015",,,,"501500",,,,,,,,,,,,,,,,,,,,,,,,,,,,,,,,,,,"14000US34015501500",,,"18323460","476619",1747,170,1577,9.73,90.27
"34015501603","Census Tract 5016.03","Census Tract 5016.03, Gloucester County, New Jersey","nj","140","00","ACSSF","0002211",,,,,"34","015",,,,"501603",,,,,,,,,,,,,,,,,,,,,,,,,,,,,,,,,,,"14000US34015501603",,,"6669589","1701",1141,229,912,20.07,79.93
"34015501604","Census Tract 5016.04","Census Tract 5016.04, Gloucester County, New Jersey","nj","140","00","ACSSF","0002212",,,,,"34","015",,,,"501604",,,,,,,,,,,,,,,,,,,,,,,,,,,,,,,,,,,"14000US34015501604",,,"9155358","5552",2014,90,1924,4.47,95.53
"34015501605","Census Tract 5016.05","Census Tract 5016.05, Gloucester County, New Jersey","nj","140","00","ACSSF","0002213",,,,,"34","015",,,,"501605",,,,,,,,,,,,,,,,,,,,,,,,,,,,,,,,,,,"14000US34015501605",,,"51605267","545088",873,52,821,5.96,94.04
"34015501606","Census Tract 5016.06","Census Tract 5016.06, Gloucester County, New Jersey","nj","140","00","ACSSF","0002214",,,,,"34","015",,,,"501606",,,,,,,,,,,,,,,,,,,,,,,,,,,,,,,,,,,"14000US34015501606",,,"24420012","701348",1487,187,1300,12.58,87.42
"34015501608","Census Tract 5016.08","Census Tract 5016.08, Gloucester County, New Jersey","nj","140","00","ACSSF","0002215",,,,,"34","015",,,,"501608",,,,,,,,,,,,,,,,,,,,,,,,,,,,,,,,,,,"14000US34015501608",,,"7231880","36987",1326,111,1215,8.37,91.63
"34015501609","Census Tract 5016.09","Census Tract 5016.09, Gloucester County, New Jersey","nj","140","00","ACSSF","0002216",,,,,"34","015",,,,"501609",,,,,,,,,,,,,,,,,,,,,,,,,,,,,,,,,,,"14000US34015501609",,,"21142674","26093",1722,157,1565,9.12,90.88
"34015501701","Census Tract 5017.01","Census Tract 5017.01, Gloucester County, New Jersey","nj","140","00","ACSSF","0002217",,,,,"34","015",,,,"501701",,,,,,,,,,,,,,,,,,,,,,,,,,,,,,,,,,,"14000US34015501701",,,"33519342","14451",964,0,964,0,100
"34015501702","Census Tract 5017.02","Census Tract 5017.02, Gloucester County, New Jersey","nj","140","00","ACSSF","0002218",,,,,"34","015",,,,"501702",,,,,,,,,,,,,,,,,,,,,,,,,,,,,,,,,,,"14000US34015501702",,,"51480682","434357",457,5,452,1.09,98.91
"34015501703","Census Tract 5017.03","Census Tract 5017.03, Gloucester County, New Jersey","nj","140","00","ACSSF","0002219",,,,,"34","015",,,,"501703",,,,,,,,,,,,,,,,,,,,,,,,,,,,,,,,,,,"14000US34015501703",,,"32071133","408809",899,166,733,18.46,81.54
"34015501704","Census Tract 5017.04","Census Tract 5017.04, Gloucester County, New Jersey","nj","140","00","ACSSF","0002220",,,,,"34","015",,,,"501704",,,,,,,,,,,,,,,,,,,,,,,,,,,,,,,,,,,"14000US34015501704",,,"27528727","584567",1085,118,967,10.88,89.12
"34015501800","Census Tract 5018","Census Tract 5018, Gloucester County, New Jersey","nj","140","00","ACSSF","0002221",,,,,"34","015",,,,"501800",,,,,,,,,,,,,,,,,,,,,,,,,,,,,,,,,,,"14000US34015501800",,,"4501732","7774",349,18,331,5.16,94.84
"34015501900","Census Tract 5019","Census Tract 5019, Gloucester County, New Jersey","nj","140","00","ACSSF","0002222",,,,,"34","015",,,,"501900",,,,,,,,,,,,,,,,,,,,,,,,,,,,,,,,,,,"14000US34015501900",,,"49614679","466654",734,37,697,5.04,94.96
"34015502001","Census Tract 5020.01","Census Tract 5020.01, Gloucester County, New Jersey","nj","140","00","ACSSF","0002223",,,,,"34","015",,,,"502001",,,,,,,,,,,,,,,,,,,,,,,,,,,,,,,,,,,"14000US34015502001",,,"17393967","18390",2027,0,2027,0,100
"34015502002","Census Tract 5020.02","Census Tract 5020.02, Gloucester County, New Jersey","nj","140","00","ACSSF","0002224",,,,,"34","015",,,,"502002",,,,,,,,,,,,,,,,,,,,,,,,,,,,,,,,,,,"14000US34015502002",,,"31638204","199616",1790,0,1790,0,100
"34015502100","Census Tract 5021","Census Tract 5021, Gloucester County, New Jersey","nj","140","00","ACSSF","0002225",,,,,"34","015",,,,"502100",,,,,,,,,,,,,,,,,,,,,,,,,,,,,,,,,,,"14000US34015502100",,,"41168461","154238",918,26,892,2.83,97.17
"34015502200","Census Tract 5022","Census Tract 5022, Gloucester County, New Jersey","nj","140","00","ACSSF","0002226",,,,,"34","015",,,,"502200",,,,,,,,,,,,,,,,,,,,,,,,,,,,,,,,,,,"14000US34015502200",,,"54572818","837039",3640,75,3565,2.06,97.94
"34015502300","Census Tract 5023","Census Tract 5023, Gloucester County, New Jersey","nj","140","00","ACSSF","0002227",,,,,"34","015",,,,"502300",,,,,,,,,,,,,,,,,,,,,,,,,,,,,,,,,,,"14000US34015502300",,,"1893893","91849",739,154,585,20.84,79.16
"34015502400","Census Tract 5024","Census Tract 5024, Gloucester County, New Jersey","nj","140","00","ACSSF","0002228",,,,,"34","015",,,,"502400",,,,,,,,,,,,,,,,,,,,,,,,,,,,,,,,,,,"14000US34015502400",,,"56803346","12083037",1473,32,1441,2.17,97.83
"34017000100","Census Tract 1","Census Tract 1, Hudson County, New Jersey","nj","140","00","ACSSF","0002229",,,,,"34","017",,,,"000100",,,,,,,,,,,,,,,,,,,,,,,,,,,,,,,,,,,"14000US34017000100",,,"516114","0",1415,173,1242,12.23,87.77
"34017000200","Census Tract 2","Census Tract 2, Hudson County, New Jersey","nj","140","00","ACSSF","0002230",,,,,"34","017",,,,"000200",,,,,,,,,,,,,,,,,,,,,,,,,,,,,,,,,,,"14000US34017000200",,,"262048","0",1302,444,858,34.1,65.9
"34017000300","Census Tract 3","Census Tract 3, Hudson County, New Jersey","nj","140","00","ACSSF","0002231",,,,,"34","017",,,,"000300",,,,,,,,,,,,,,,,,,,,,,,,,,,,,,,,,,,"14000US34017000300",,,"306909","0",787,136,651,17.28,82.72
"34017000400","Census Tract 4","Census Tract 4, Hudson County, New Jersey","nj","140","00","ACSSF","0002232",,,,,"34","017",,,,"000400",,,,,,,,,,,,,,,,,,,,,,,,,,,,,,,,,,,"14000US34017000400",,,"464661","0",911,316,595,34.69,65.31
"34017000500","Census Tract 5","Census Tract 5, Hudson County, New Jersey","nj","140","00","ACSSF","0002233",,,,,"34","017",,,,"000500",,,,,,,,,,,,,,,,,,,,,,,,,,,,,,,,,,,"14000US34017000500",,,"221479","0",1109,374,735,33.72,66.28
"34017000600","Census Tract 6","Census Tract 6, Hudson County, New Jersey","nj","140","00","ACSSF","0002234",,,,,"34","017",,,,"000600",,,,,,,,,,,,,,,,,,,,,,,,,,,,,,,,,,,"14000US34017000600",,,"321471","0",1155,245,910,21.21,78.79
"34017000700","Census Tract 7","Census Tract 7, Hudson County, New Jersey","nj","140","00","ACSSF","0002235",,,,,"34","017",,,,"000700",,,,,,,,,,,,,,,,,,,,,,,,,,,,,,,,,,,"14000US34017000700",,,"230570","0",681,199,482,29.22,70.78
"34017000800","Census Tract 8","Census Tract 8, Hudson County, New Jersey","nj","140","00","ACSSF","0002236",,,,,"34","017",,,,"000800",,,,,,,,,,,,,,,,,,,,,,,,,,,,,,,,,,,"14000US34017000800",,,"331648","0",575,140,435,24.35,75.65
"34017000902","Census Tract 9.02","Census Tract 9.02, Hudson County, New Jersey","nj","140","00","ACSSF","0002237",,,,,"34","017",,,,"000902",,,,,,,,,,,,,,,,,,,,,,,,,,,,,,,,,,,"14000US34017000902",,,"519397","0",867,177,690,20.42,79.58
"34017001000","Census Tract 10","Census Tract 10, Hudson County, New Jersey","nj","140","00","ACSSF","0002238",,,,,"34","017",,,,"001000",,,,,,,,,,,,,,,,,,,,,,,,,,,,,,,,,,,"14000US34017001000",,,"124237","0",373,57,316,15.28,84.72
"34017001100","Census Tract 11","Census Tract 11, Hudson County, New Jersey","nj","140","00","ACSSF","0002239",,,,,"34","017",,,,"001100",,,,,,,,,,,,,,,,,,,,,,,,,,,,,,,,,,,"14000US34017001100",,,"492170","48371",1145,267,878,23.32,76.68
"34017001201","Census Tract 12.01","Census Tract 12.01, Hudson County, New Jersey","nj","140","00","ACSSF","0002240",,,,,"34","017",,,,"001201",,,,,,,,,,,,,,,,,,,,,,,,,,,,,,,,,,,"14000US34017001201",,,"139358","0",474,188,286,39.66,60.34
"34017001202","Census Tract 12.02","Census Tract 12.02, Hudson County, New Jersey","nj","140","00","ACSSF","0002241",,,,,"34","017",,,,"001202",,,,,,,,,,,,,,,,,,,,,,,,,,,,,,,,,,,"14000US34017001202",,,"231662","0",176,53,123,30.11,69.89
"34017001300","Census Tract 13","Census Tract 13, Hudson County, New Jersey","nj","140","00","ACSSF","0002242",,,,,"34","017",,,,"001300",,,,,,,,,,,,,,,,,,,,,,,,,,,,,,,,,,,"14000US34017001300",,,"333335","0",620,239,381,38.55,61.45
"34017001400","Census Tract 14","Census Tract 14, Hudson County, New Jersey","nj","140","00","ACSSF","0002243",,,,,"34","017",,,,"001400",,,,,,,,,,,,,,,,,,,,,,,,,,,,,,,,,,,"14000US34017001400",,,"234502","0",841,215,626,25.56,74.44
"34017001701","Census Tract 17.01","Census Tract 17.01, Hudson County, New Jersey","nj","140","00","ACSSF","0002244",,,,,"34","017",,,,"001701",,,,,,,,,,,,,,,,,,,,,,,,,,,,,,,,,,,"14000US34017001701",,,"767531","46831",1194,266,928,22.28,77.72
"34017001800","Census Tract 18","Census Tract 18, Hudson County, New Jersey","nj","140","00","ACSSF","0002245",,,,,"34","017",,,,"001800",,,,,,,,,,,,,,,,,,,,,,,,,,,,,,,,,,,"14000US34017001800",,,"212933","0",918,495,423,53.92,46.08
"34017001900","Census Tract 19","Census Tract 19, Hudson County, New Jersey","nj","140","00","ACSSF","0002246",,,,,"34","017",,,,"001900",,,,,,,,,,,,,,,,,,,,,,,,,,,,,,,,,,,"14000US34017001900",,,"230989","0",142,19,123,13.38,86.62
"34017002000","Census Tract 20","Census Tract 20, Hudson County, New Jersey","nj","140","00","ACSSF","0002247",,,,,"34","017",,,,"002000",,,,,,,,,,,,,,,,,,,,,,,,,,,,,,,,,,,"14000US34017002000",,,"308862","0",539,258,281,47.87,52.13
"34017002200","Census Tract 22","Census Tract 22, Hudson County, New Jersey","nj","140","00","ACSSF","0002248",,,,,"34","017",,,,"002200",,,,,,,,,,,,,,,,,,,,,,,,,,,,,,,,,,,"14000US34017002200",,,"149269","0",231,1,230,0.43,99.57
"34017002300","Census Tract 23","Census Tract 23, Hudson County, New Jersey","nj","140","00","ACSSF","0002249",,,,,"34","017",,,,"002300",,,,,,,,,,,,,,,,,,,,,,,,,,,,,,,,,,,"14000US34017002300",,,"144800","0",250,6,244,2.4,97.6
"34017002400","Census Tract 24","Census Tract 24, Hudson County, New Jersey","nj","140","00","ACSSF","0002250",,,,,"34","017",,,,"002400",,,,,,,,,,,,,,,,,,,,,,,,,,,,,,,,,,,"14000US34017002400",,,"159733","0",424,1,423,0.24,99.76
"34017002700","Census Tract 27","Census Tract 27, Hudson County, New Jersey","nj","140","00","ACSSF","0002251",,,,,"34","017",,,,"002700",,,,,,,,,,,,,,,,,,,,,,,,,,,,,,,,,,,"14000US34017002700",,,"1091302","60214",1548,670,878,43.28,56.72
"34017002800","Census Tract 28","Census Tract 28, Hudson County, New Jersey","nj","140","00","ACSSF","0002252",,,,,"34","017",,,,"002800",,,,,,,,,,,,,,,,,,,,,,,,,,,,,,,,,,,"14000US34017002800",,,"295626","0",1033,206,827,19.94,80.06
"34017002900","Census Tract 29","Census Tract 29, Hudson County, New Jersey","nj","140","00","ACSSF","0002253",,,,,"34","017",,,,"002900",,,,,,,,,,,,,,,,,,,,,,,,,,,,,,,,,,,"14000US34017002900",,,"203303","0",661,105,556,15.89,84.11
"34017003000","Census Tract 30","Census Tract 30, Hudson County, New Jersey","nj","140","00","ACSSF","0002254",,,,,"34","017",,,,"003000",,,,,,,,,,,,,,,,,,,,,,,,,,,,,,,,,,,"14000US34017003000",,,"248321","0",430,133,297,30.93,69.07
"34017003100","Census Tract 31","Census Tract 31, Hudson County, New Jersey","nj","140","00","ACSSF","0002255",,,,,"34","017",,,,"003100",,,,,,,,,,,,,,,,,,,,,,,,,,,,,,,,,,,"14000US34017003100",,,"260423","0",937,301,636,32.12,67.88
"34017003500","Census Tract 35","Census Tract 35, Hudson County, New Jersey","nj","140","00","ACSSF","0002256",,,,,"34","017",,,,"003500",,,,,,,,,,,,,,,,,,,,,,,,,,,,,,,,,,,"14000US34017003500",,,"89372","0",320,82,238,25.62,74.38
"34017004000","Census Tract 40","Census Tract 40, Hudson County, New Jersey","nj","140","00","ACSSF","0002257",,,,,"34","017",,,,"004000",,,,,,,,,,,,,,,,,,,,,,,,,,,,,,,,,,,"14000US34017004000",,,"1564932","183672",898,71,827,7.91,92.09
"34017004101","Census Tract 41.01","Census Tract 41.01, Hudson County, New Jersey","nj","140","00","ACSSF","0002258",,,,,"34","017",,,,"004101",,,,,,,,,,,,,,,,,,,,,,,,,,,,,,,,,,,"14000US34017004101",,,"377048","0",2389,928,1461,38.84,61.16
"34017004102","Census Tract 41.02","Census Tract 41.02, Hudson County, New Jersey","nj","140","00","ACSSF","0002259",,,,,"34","017",,,,"004102",,,,,,,,,,,,,,,,,,,,,,,,,,,,,,,,,,,"14000US34017004102",,,"237077","0",645,86,559,13.33,86.67
"34017004200","Census Tract 42","Census Tract 42, Hudson County, New Jersey","nj","140","00","ACSSF","0002260",,,,,"34","017",,,,"004200",,,,,,,,,,,,,,,,,,,,,,,,,,,,,,,,,,,"14000US34017004200",,,"297680","0",1798,585,1213,32.54,67.46
"34017004300","Census Tract 43","Census Tract 43, Hudson County, New Jersey","nj","140","00","ACSSF","0002261",,,,,"34","017",,,,"004300",,,,,,,,,,,,,,,,,,,,,,,,,,,,,,,,,,,"14000US34017004300",,,"219063","0",458,6,452,1.31,98.69
"34017004400","Census Tract 44","Census Tract 44, Hudson County, New Jersey","nj","140","00","ACSSF","0002262",,,,,"34","017",,,,"004400",,,,,,,,,,,,,,,,,,,,,,,,,,,,,,,,,,,"14000US34017004400",,,"161415","0",821,363,458,44.21,55.79
"34017004500","Census Tract 45","Census Tract 45, Hudson County, New Jersey","nj","140","00","ACSSF","0002263",,,,,"34","017",,,,"004500",,,,,,,,,,,,,,,,,,,,,,,,,,,,,,,,,,,"14000US34017004500",,,"389229","0",866,417,449,48.15,51.85
"34017004600","Census Tract 46","Census Tract 46, Hudson County, New Jersey","nj","140","00","ACSSF","0002264",,,,,"34","017",,,,"004600",,,,,,,,,,,,,,,,,,,,,,,,,,,,,,,,,,,"14000US34017004600",,,"459146","0",669,131,538,19.58,80.42
"34017004700","Census Tract 47","Census Tract 47, Hudson County, New Jersey","nj","140","00","ACSSF","0002265",,,,,"34","017",,,,"004700",,,,,,,,,,,,,,,,,,,,,,,,,,,,,,,,,,,"14000US34017004700",,,"878537","0",511,210,301,41.1,58.9
"34017004800","Census Tract 48","Census Tract 48, Hudson County, New Jersey","nj","140","00","ACSSF","0002266",,,,,"34","017",,,,"004800",,,,,,,,,,,,,,,,,,,,,,,,,,,,,,,,,,,"14000US34017004800",,,"942351","305932",826,155,671,18.77,81.23
"34017004900","Census Tract 49","Census Tract 49, Hudson County, New Jersey","nj","140","00","ACSSF","0002267",,,,,"34","017",,,,"004900",,,,,,,,,,,,,,,,,,,,,,,,,,,,,,,,,,,"14000US34017004900",,,"369559","0",808,291,517,36.01,63.99
"34017005200","Census Tract 52","Census Tract 52, Hudson County, New Jersey","nj","140","00","ACSSF","0002268",,,,,"34","017",,,,"005200",,,,,,,,,,,,,,,,,,,,,,,,,,,,,,,,,,,"14000US34017005200",,,"376346","0",1173,703,470,59.93,40.07
"34017005300","Census Tract 53","Census Tract 53, Hudson County, New Jersey","nj","140","00","ACSSF","0002269",,,,,"34","017",,,,"005300",,,,,,,,,,,,,,,,,,,,,,,,,,,,,,,,,,,"14000US34017005300",,,"385159","0",966,300,666,31.06,68.94
"34017005400","Census Tract 54","Census Tract 54, Hudson County, New Jersey","nj","140","00","ACSSF","0002270",,,,,"34","017",,,,"005400",,,,,,,,,,,,,,,,,,,,,,,,,,,,,,,,,,,"14000US34017005400",,,"1470930","1425589",1935,256,1679,13.23,86.77
"34017005500","Census Tract 55","Census Tract 55, Hudson County, New Jersey","nj","140","00","ACSSF","0002271",,,,,"34","017",,,,"005500",,,,,,,,,,,,,,,,,,,,,,,,,,,,,,,,,,,"14000US34017005500",,,"216661","0",801,289,512,36.08,63.92
"34017005600","Census Tract 56","Census Tract 56, Hudson County, New Jersey","nj","140","00","ACSSF","0002272",,,,,"34","017",,,,"005600",,,,,,,,,,,,,,,,,,,,,,,,,,,,,,,,,,,"14000US34017005600",,,"230611","0",1045,149,896,14.26,85.74
"34017005801","Census Tract 58.01","Census Tract 58.01, Hudson County, New Jersey","nj","140","00","ACSSF","0002273",,,,,"34","017",,,,"005801",,,,,,,,,,,,,,,,,,,,,,,,,,,,,,,,,,,"14000US34017005801",,,"448252","0",1590,543,1047,34.15,65.85
"34017005802","Census Tract 58.02","Census Tract 58.02, Hudson County, New Jersey","nj","140","00","ACSSF","0002274",,,,,"34","017",,,,"005802",,,,,,,,,,,,,,,,,,,,,,,,,,,,,,,,,,,"14000US34017005802",,,"4842008","7997417",374,9,365,2.41,97.59
"34017005900","Census Tract 59","Census Tract 59, Hudson County, New Jersey","nj","140","00","ACSSF","0002275",,,,,"34","017",,,,"005900",,,,,,,,,,,,,,,,,,,,,,,,,,,,,,,,,,,"14000US34017005900",,,"623397","0",1497,193,1304,12.89,87.11
"34017006000","Census Tract 60","Census Tract 60, Hudson County, New Jersey","nj","140","00","ACSSF","0002276",,,,,"34","017",,,,"006000",,,,,,,,,,,,,,,,,,,,,,,,,,,,,,,,,,,"14000US34017006000",,,"379055","0",979,107,872,10.93,89.07
"34017006100","Census Tract 61","Census Tract 61, Hudson County, New Jersey","nj","140","00","ACSSF","0002277",,,,,"34","017",,,,"006100",,,,,,,,,,,,,,,,,,,,,,,,,,,,,,,,,,,"14000US34017006100",,,"775375","0",1540,262,1278,17.01,82.99
"34017006200","Census Tract 62","Census Tract 62, Hudson County, New Jersey","nj","140","00","ACSSF","0002278",,,,,"34","017",,,,"006200",,,,,,,,,,,,,,,,,,,,,,,,,,,,,,,,,,,"14000US34017006200",,,"269137","0",925,348,577,37.62,62.38
"34017006300","Census Tract 63","Census Tract 63, Hudson County, New Jersey","nj","140","00","ACSSF","0002279",,,,,"34","017",,,,"006300",,,,,,,,,,,,,,,,,,,,,,,,,,,,,,,,,,,"14000US34017006300",,,"677032","0",928,500,428,53.88,46.12
"34017006400","Census Tract 64","Census Tract 64, Hudson County, New Jersey","nj","140","00","ACSSF","0002280",,,,,"34","017",,,,"006400",,,,,,,,,,,,,,,,,,,,,,,,,,,,,,,,,,,"14000US34017006400",,,"218104","0",325,0,325,0,100
"34017006500","Census Tract 65","Census Tract 65, Hudson County, New Jersey","nj","140","00","ACSSF","0002281",,,,,"34","017",,,,"006500",,,,,,,,,,,,,,,,,,,,,,,,,,,,,,,,,,,"14000US34017006500",,,"373328","0",464,138,326,29.74,70.26
"34017006600","Census Tract 66","Census Tract 66, Hudson County, New Jersey","nj","140","00","ACSSF","0002282",,,,,"34","017",,,,"006600",,,,,,,,,,,,,,,,,,,,,,,,,,,,,,,,,,,"14000US34017006600",,,"346099","0",353,81,272,22.95,77.05
"34017006700","Census Tract 67","Census Tract 67, Hudson County, New Jersey","nj","140","00","ACSSF","0002283",,,,,"34","017",,,,"006700",,,,,,,,,,,,,,,,,,,,,,,,,,,,,,,,,,,"14000US34017006700",,,"737490","0",1014,552,462,54.44,45.56
"34017006800","Census Tract 68","Census Tract 68, Hudson County, New Jersey","nj","140","00","ACSSF","0002284",,,,,"34","017",,,,"006800",,,,,,,,,,,,,,,,,,,,,,,,,,,,,,,,,,,"14000US34017006800",,,"348015","0",1002,399,603,39.82,60.18
"34017006900","Census Tract 69","Census Tract 69, Hudson County, New Jersey","nj","140","00","ACSSF","0002285",,,,,"34","017",,,,"006900",,,,,,,,,,,,,,,,,,,,,,,,,,,,,,,,,,,"14000US34017006900",,,"3566503","280192",21,12,9,57.14,42.86
"34017007000","Census Tract 70","Census Tract 70, Hudson County, New Jersey","nj","140","00","ACSSF","0002286",,,,,"34","017",,,,"007000",,,,,,,,,,,,,,,,,,,,,,,,,,,,,,,,,,,"14000US34017007000",,,"251927","0",502,0,502,0,100
"34017007100","Census Tract 71","Census Tract 71, Hudson County, New Jersey","nj","140","00","ACSSF","0002287",,,,,"34","017",,,,"007100",,,,,,,,,,,,,,,,,,,,,,,,,,,,,,,,,,,"14000US34017007100",,,"340042","0",595,64,531,10.76,89.24
"34017007200","Census Tract 72","Census Tract 72, Hudson County, New Jersey","nj","140","00","ACSSF","0002288",,,,,"34","017",,,,"007200",,,,,,,,,,,,,,,,,,,,,,,,,,,,,,,,,,,"14000US34017007200",,,"298390","0",401,6,395,1.5,98.5
"34017007300","Census Tract 73","Census Tract 73, Hudson County, New Jersey","nj","140","00","ACSSF","0002289",,,,,"34","017",,,,"007300",,,,,,,,,,,,,,,,,,,,,,,,,,,,,,,,,,,"14000US34017007300",,,"599606","174540",260,0,260,0,100
"34017007400","Census Tract 74","Census Tract 74, Hudson County, New Jersey","nj","140","00","ACSSF","0002290",,,,,"34","017",,,,"007400",,,,,,,,,,,,,,,,,,,,,,,,,,,,,,,,,,,"14000US34017007400",,,"251648","611309",709,12,697,1.69,98.31
"34017007500","Census Tract 75","Census Tract 75, Hudson County, New Jersey","nj","140","00","ACSSF","0002291",,,,,"34","017",,,,"007500",,,,,,,,,,,,,,,,,,,,,,,,,,,,,,,,,,,"14000US34017007500",,,"302082","0",948,14,934,1.48,98.52
"34017007600","Census Tract 76","Census Tract 76, Hudson County, New Jersey","nj","140","00","ACSSF","0002292",,,,,"34","017",,,,"007600",,,,,,,,,,,,,,,,,,,,,,,,,,,,,,,,,,,"14000US34017007600",,,"553398","702436",769,26,743,3.38,96.62
"34017007700","Census Tract 77","Census Tract 77, Hudson County, New Jersey","nj","140","00","ACSSF","0002293",,,,,"34","017",,,,"007700",,,,,,,,,,,,,,,,,,,,,,,,,,,,,,,,,,,"14000US34017007700",,,"1003314","709815",929,0,929,0,100
"34017007800","Census Tract 78","Census Tract 78, Hudson County, New Jersey","nj","140","00","ACSSF","0002294",,,,,"34","017",,,,"007800",,,,,,,,,,,,,,,,,,,,,,,,,,,,,,,,,,,"14000US34017007800",,,"561162","0",210,108,102,51.43,48.57
"34017010100","Census Tract 101","Census Tract 101, Hudson County, New Jersey","nj","140","00","ACSSF","0002295",,,,,"34","017",,,,"010100",,,,,,,,,,,,,,,,,,,,,,,,,,,,,,,,,,,"14000US34017010100",,,"1062391","1067204",2052,317,1735,15.45,84.55
"34017010200","Census Tract 102","Census Tract 102, Hudson County, New Jersey","nj","140","00","ACSSF","0002296",,,,,"34","017",,,,"010200",,,,,,,,,,,,,,,,,,,,,,,,,,,,,,,,,,,"14000US34017010200",,,"298774","0",465,86,379,18.49,81.51
"34017010300","Census Tract 103","Census Tract 103, Hudson County, New Jersey","nj","140","00","ACSSF","0002297",,,,,"34","017",,,,"010300",,,,,,,,,,,,,,,,,,,,,,,,,,,,,,,,,,,"14000US34017010300",,,"969841","800711",859,315,544,36.67,63.33
"34017010400","Census Tract 104","Census Tract 104, Hudson County, New Jersey","nj","140","00","ACSSF","0002298",,,,,"34","017",,,,"010400",,,,,,,,,,,,,,,,,,,,,,,,,,,,,,,,,,,"14000US34017010400",,,"2235178","1545562",908,128,780,14.1,85.9
"34017010500","Census Tract 105","Census Tract 105, Hudson County, New Jersey","nj","140","00","ACSSF","0002299",,,,,"34","017",,,,"010500",,,,,,,,,,,,,,,,,,,,,,,,,,,,,,,,,,,"14000US34017010500",,,"981966","1371912",937,201,736,21.45,78.55
"34017010600","Census Tract 106","Census Tract 106, Hudson County, New Jersey","nj","140","00","ACSSF","0002300",,,,,"34","017",,,,"010600",,,,,,,,,,,,,,,,,,,,,,,,,,,,,,,,,,,"14000US34017010600",,,"678813","1081723",1921,544,1377,28.32,71.68
"34017010700","Census Tract 107","Census Tract 107, Hudson County, New Jersey","nj","140","00","ACSSF","0002301",,,,,"34","017",,,,"010700",,,,,,,,,,,,,,,,,,,,,,,,,,,,,,,,,,,"14000US34017010700",,,"384168","0",982,202,780,20.57,79.43
"34017010800","Census Tract 108","Census Tract 108, Hudson County, New Jersey","nj","140","00","ACSSF","0002302",,,,,"34","017",,,,"010800",,,,,,,,,,,,,,,,,,,,,,,,,,,,,,,,,,,"14000US34017010800",,,"4525306","3940491",751,94,657,12.52,87.48
"34017010900","Census Tract 109","Census Tract 109, Hudson County, New Jersey","nj","140","00","ACSSF","0002303",,,,,"34","017",,,,"010900",,,,,,,,,,,,,,,,,,,,,,,,,,,,,,,,,,,"14000US34017010900",,,"284012","0",402,112,290,27.86,72.14
"34017011000","Census Tract 110","Census Tract 110, Hudson County, New Jersey","nj","140","00","ACSSF","0002304",,,,,"34","017",,,,"011000",,,,,,,,,,,,,,,,,,,,,,,,,,,,,,,,,,,"14000US34017011000",,,"202587","0",430,114,316,26.51,73.49
"34017011100","Census Tract 111","Census Tract 111, Hudson County, New Jersey","nj","140","00","ACSSF","0002305",,,,,"34","017",,,,"011100",,,,,,,,,,,,,,,,,,,,,,,,,,,,,,,,,,,"14000US34017011100",,,"287713","313189",1200,352,848,29.33,70.67
"34017011200","Census Tract 112","Census Tract 112, Hudson County, New Jersey","nj","140","00","ACSSF","0002306",,,,,"34","017",,,,"011200",,,,,,,,,,,,,,,,,,,,,,,,,,,,,,,,,,,"14000US34017011200",,,"839427","1758891",1557,148,1409,9.51,90.49
"34017011300","Census Tract 113","Census Tract 113, Hudson County, New Jersey","nj","140","00","ACSSF","0002307",,,,,"34","017",,,,"011300",,,,,,,,,,,,,,,,,,,,,,,,,,,,,,,,,,,"14000US34017011300",,,"285817","0",569,144,425,25.31,74.69
"34017011400","Census Tract 114","Census Tract 114, Hudson County, New Jersey","nj","140","00","ACSSF","0002308",,,,,"34","017",,,,"011400",,,,,,,,,,,,,,,,,,,,,,,,,,,,,,,,,,,"14000US34017011400",,,"611110","41351",823,32,791,3.89,96.11
"34017011500","Census Tract 115","Census Tract 115, Hudson County, New Jersey","nj","140","00","ACSSF","0002309",,,,,"34","017",,,,"011500",,,,,,,,,,,,,,,,,,,,,,,,,,,,,,,,,,,"14000US34017011500",,,"967729","1500574",592,136,456,22.97,77.03
"34017011600","Census Tract 116","Census Tract 116, Hudson County, New Jersey","nj","140","00","ACSSF","0002310",,,,,"34","017",,,,"011600",,,,,,,,,,,,,,,,,,,,,,,,,,,,,,,,,,,"14000US34017011600",,,"462748","222963",850,212,638,24.94,75.06
"34017012300","Census Tract 123","Census Tract 123, Hudson County, New Jersey","nj","140","00","ACSSF","0002311",,,,,"34","017",,,,"012300",,,,,,,,,,,,,,,,,,,,,,,,,,,,,,,,,,,"14000US34017012300",,,"243496","0",485,77,408,15.88,84.12
"34017012400","Census Tract 124","Census Tract 124, Hudson County, New Jersey","nj","140","00","ACSSF","0002312",,,,,"34","017",,,,"012400",,,,,,,,,,,,,,,,,,,,,,,,,,,,,,,,,,,"14000US34017012400",,,"736543","41892",499,0,499,0,100
"34017012500","Census Tract 125","Census Tract 125, Hudson County, New Jersey","nj","140","00","ACSSF","0002313",,,,,"34","017",,,,"012500",,,,,,,,,,,,,,,,,,,,,,,,,,,,,,,,,,,"14000US34017012500",,,"879969","115096",740,90,650,12.16,87.84
"34017012600","Census Tract 126","Census Tract 126, Hudson County, New Jersey","nj","140","00","ACSSF","0002314",,,,,"34","017",,,,"012600",,,,,,,,,,,,,,,,,,,,,,,,,,,,,,,,,,,"14000US34017012600",,,"446913","0",793,143,650,18.03,81.97
"34017012700","Census Tract 127","Census Tract 127, Hudson County, New Jersey","nj","140","00","ACSSF","0002315",,,,,"34","017",,,,"012700",,,,,,,,,,,,,,,,,,,,,,,,,,,,,,,,,,,"14000US34017012700",,,"17406755","3435636",995,173,822,17.39,82.61
"34017012800","Census Tract 128","Census Tract 128, Hudson County, New Jersey","nj","140","00","ACSSF","0002316",,,,,"34","017",,,,"012800",,,,,,,,,,,,,,,,,,,,,,,,,,,,,,,,,,,"14000US34017012800",,,"1303715","4266",1129,147,982,13.02,86.98
"34017012900","Census Tract 129","Census Tract 129, Hudson County, New Jersey","nj","140","00","ACSSF","0002317",,,,,"34","017",,,,"012900",,,,,,,,,,,,,,,,,,,,,,,,,,,,,,,,,,,"14000US34017012900",,,"342422","0",1027,296,731,28.82,71.18
"34017013000","Census Tract 130","Census Tract 130, Hudson County, New Jersey","nj","140","00","ACSSF","0002318",,,,,"34","017",,,,"013000",,,,,,,,,,,,,,,,,,,,,,,,,,,,,,,,,,,"14000US34017013000",,,"284803","0",1055,85,970,8.06,91.94
"34017013100","Census Tract 131","Census Tract 131, Hudson County, New Jersey","nj","140","00","ACSSF","0002319",,,,,"34","017",,,,"013100",,,,,,,,,,,,,,,,,,,,,,,,,,,,,,,,,,,"14000US34017013100",,,"231153","20889",658,16,642,2.43,97.57
"34017013200","Census Tract 132","Census Tract 132, Hudson County, New Jersey","nj","140","00","ACSSF","0002320",,,,,"34","017",,,,"013200",,,,,,,,,,,,,,,,,,,,,,,,,,,,,,,,,,,"14000US34017013200",,,"298461","0",924,216,708,23.38,76.62
"34017013300","Census Tract 133","Census Tract 133, Hudson County, New Jersey","nj","140","00","ACSSF","0002321",,,,,"34","017",,,,"013300",,,,,,,,,,,,,,,,,,,,,,,,,,,,,,,,,,,"14000US34017013300",,,"732574","83240",468,136,332,29.06,70.94
"34017013400","Census Tract 134","Census Tract 134, Hudson County, New Jersey","nj","140","00","ACSSF","0002322",,,,,"34","017",,,,"013400",,,,,,,,,,,,,,,,,,,,,,,,,,,,,,,,,,,"14000US34017013400",,,"265535","56602",602,194,408,32.23,67.77
"34017013500","Census Tract 135","Census Tract 135, Hudson County, New Jersey","nj","140","00","ACSSF","0002323",,,,,"34","017",,,,"013500",,,,,,,,,,,,,,,,,,,,,,,,,,,,,,,,,,,"14000US34017013500",,,"546653","9247",1250,348,902,27.84,72.16
"34017013600","Census Tract 136","Census Tract 136, Hudson County, New Jersey","nj","140","00","ACSSF","0002324",,,,,"34","017",,,,"013600",,,,,,,,,,,,,,,,,,,,,,,,,,,,,,,,,,,"14000US34017013600",,,"130750","0",573,158,415,27.57,72.43
"34017013700","Census Tract 137","Census Tract 137, Hudson County, New Jersey","nj","140","00","ACSSF","0002325",,,,,"34","017",,,,"013700",,,,,,,,,,,,,,,,,,,,,,,,,,,,,,,,,,,"14000US34017013700",,,"202694","16289",513,78,435,15.2,84.8
"34017013800","Census Tract 138","Census Tract 138, Hudson County, New Jersey","nj","140","00","ACSSF","0002326",,,,,"34","017",,,,"013800",,,,,,,,,,,,,,,,,,,,,,,,,,,,,,,,,,,"14000US34017013800",,,"760251","128822",494,56,438,11.34,88.66
"34017013900","Census Tract 139","Census Tract 139, Hudson County, New Jersey","nj","140","00","ACSSF","0002327",,,,,"34","017",,,,"013900",,,,,,,,,,,,,,,,,,,,,,,,,,,,,,,,,,,"14000US34017013900",,,"1496541","147046",644,122,522,18.94,81.06
"34017014000","Census Tract 140","Census Tract 140, Hudson County, New Jersey","nj","140","00","ACSSF","0002328",,,,,"34","017",,,,"014000",,,,,,,,,,,,,,,,,,,,,,,,,,,,,,,,,,,"14000US34017014000",,,"361813","0",1124,404,720,35.94,64.06
"34017014101","Census Tract 141.01","Census Tract 141.01, Hudson County, New Jersey","nj","140","00","ACSSF","0002329",,,,,"34","017",,,,"014101",,,,,,,,,,,,,,,,,,,,,,,,,,,,,,,,,,,"14000US34017014101",,,"531594","717870",416,48,368,11.54,88.46
"34017014102","Census Tract 141.02","Census Tract 141.02, Hudson County, New Jersey","nj","140","00","ACSSF","0002330",,,,,"34","017",,,,"014102",,,,,,,,,,,,,,,,,,,,,,,,,,,,,,,,,,,"14000US34017014102",,,"931439","65555",715,0,715,0,100
"34017014200","Census Tract 142","Census Tract 142, Hudson County, New Jersey","nj","140","00","ACSSF","0002331",,,,,"34","017",,,,"014200",,,,,,,,,,,,,,,,,,,,,,,,,,,,,,,,,,,"14000US34017014200",,,"329769","0",1357,486,871,35.81,64.19
"34017014300","Census Tract 143","Census Tract 143, Hudson County, New Jersey","nj","140","00","ACSSF","0002332",,,,,"34","017",,,,"014300",,,,,,,,,,,,,,,,,,,,,,,,,,,,,,,,,,,"14000US34017014300",,,"410783","0",976,43,933,4.41,95.59
"34017014400","Census Tract 144","Census Tract 144, Hudson County, New Jersey","nj","140","00","ACSSF","0002333",,,,,"34","017",,,,"014400",,,,,,,,,,,,,,,,,,,,,,,,,,,,,,,,,,,"14000US34017014400",,,"766062","0",1706,211,1495,12.37,87.63
"34017014501","Census Tract 145.01","Census Tract 145.01, Hudson County, New Jersey","nj","140","00","ACSSF","0002334",,,,,"34","017",,,,"014501",,,,,,,,,,,,,,,,,,,,,,,,,,,,,,,,,,,"14000US34017014501",,,"462258","0",1786,840,946,47.03,52.97
"34017014502","Census Tract 145.02","Census Tract 145.02, Hudson County, New Jersey","nj","140","00","ACSSF","0002335",,,,,"34","017",,,,"014502",,,,,,,,,,,,,,,,,,,,,,,,,,,,,,,,,,,"14000US34017014502",,,"319879","0",575,147,428,25.57,74.43
"34017014600","Census Tract 146","Census Tract 146, Hudson County, New Jersey","nj","140","00","ACSSF","0002336",,,,,"34","017",,,,"014600",,,,,,,,,,,,,,,,,,,,,,,,,,,,,,,,,,,"14000US34017014600",,,"5210180","338848",776,171,605,22.04,77.96
"34017014700","Census Tract 147","Census Tract 147, Hudson County, New Jersey","nj","140","00","ACSSF","0002337",,,,,"34","017",,,,"014700",,,,,,,,,,,,,,,,,,,,,,,,,,,,,,,,,,,"14000US34017014700",,,"598416","0",1578,437,1141,27.69,72.31
"34017014800","Census Tract 148","Census Tract 148, Hudson County, New Jersey","nj","140","00","ACSSF","0002338",,,,,"34","017",,,,"014800",,,,,,,,,,,,,,,,,,,,,,,,,,,,,,,,,,,"14000US34017014800",,,"3176107","5972",1280,208,1072,16.25,83.75
"34017014900","Census Tract 149","Census Tract 149, Hudson County, New Jersey","nj","140","00","ACSSF","0002339",,,,,"34","017",,,,"014900",,,,,,,,,,,,,,,,,,,,,,,,,,,,,,,,,,,"14000US34017014900",,,"203394","0",724,196,528,27.07,72.93
"34017015001","Census Tract 150.01","Census Tract 150.01, Hudson County, New Jersey","nj","140","00","ACSSF","0002340",,,,,"34","017",,,,"015001",,,,,,,,,,,,,,,,,,,,,,,,,,,,,,,,,,,"14000US34017015001",,,"65847","124588",221,0,221,0,100
"34017015002","Census Tract 150.02","Census Tract 150.02, Hudson County, New Jersey","nj","140","00","ACSSF","0002341",,,,,"34","017",,,,"015002",,,,,,,,,,,,,,,,,,,,,,,,,,,,,,,,,,,"14000US34017015002",,,"264660","0",1230,499,731,40.57,59.43
"34017015100","Census Tract 151","Census Tract 151, Hudson County, New Jersey","nj","140","00","ACSSF","0002342",,,,,"34","017",,,,"015100",,,,,,,,,,,,,,,,,,,,,,,,,,,,,,,,,,,"14000US34017015100",,,"169399","0",605,248,357,40.99,59.01
"34017015201","Census Tract 152.01","Census Tract 152.01, Hudson County, New Jersey","nj","140","00","ACSSF","0002343",,,,,"34","017",,,,"015201",,,,,,,,,,,,,,,,,,,,,,,,,,,,,,,,,,,"14000US34017015201",,,"281655","402486",291,0,291,0,100
"34017015202","Census Tract 152.02","Census Tract 152.02, Hudson County, New Jersey","nj","140","00","ACSSF","0002344",,,,,"34","017",,,,"015202",,,,,,,,,,,,,,,,,,,,,,,,,,,,,,,,,,,"14000US34017015202",,,"256724","0",1151,301,850,26.15,73.85
"34017015300","Census Tract 153","Census Tract 153, Hudson County, New Jersey","nj","140","00","ACSSF","0002345",,,,,"34","017",,,,"015300",,,,,,,,,,,,,,,,,,,,,,,,,,,,,,,,,,,"14000US34017015300",,,"148313","0",981,592,389,60.35,39.65
"34017015500","Census Tract 155","Census Tract 155, Hudson County, New Jersey","nj","140","00","ACSSF","0002346",,,,,"34","017",,,,"015500",,,,,,,,,,,,,,,,,,,,,,,,,,,,,,,,,,,"14000US34017015500",,,"302309","0",1220,343,877,28.11,71.89
"34017015600","Census Tract 156","Census Tract 156, Hudson County, New Jersey","nj","140","00","ACSSF","0002347",,,,,"34","017",,,,"015600",,,,,,,,,,,,,,,,,,,,,,,,,,,,,,,,,,,"14000US34017015600",,,"128020","0",1047,401,646,38.3,61.7
"34017015700","Census Tract 157","Census Tract 157, Hudson County, New Jersey","nj","140","00","ACSSF","0002348",,,,,"34","017",,,,"015700",,,,,,,,,,,,,,,,,,,,,,,,,,,,,,,,,,,"14000US34017015700",,,"161711","0",865,203,662,23.47,76.53
"34017015801","Census Tract 158.01","Census Tract 158.01, Hudson County, New Jersey","nj","140","00","ACSSF","0002349",,,,,"34","017",,,,"015801",,,,,,,,,,,,,,,,,,,,,,,,,,,,,,,,,,,"14000US34017015801",,,"300208","461917",459,45,414,9.8,90.2
"34017015802","Census Tract 158.02","Census Tract 158.02, Hudson County, New Jersey","nj","140","00","ACSSF","0002350",,,,,"34","017",,,,"015802",,,,,,,,,,,,,,,,,,,,,,,,,,,,,,,,,,,"14000US34017015802",,,"237656","0",1077,258,819,23.96,76.04
"34017015900","Census Tract 159","Census Tract 159, Hudson County, New Jersey","nj","140","00","ACSSF","0002351",,,,,"34","017",,,,"015900",,,,,,,,,,,,,,,,,,,,,,,,,,,,,,,,,,,"14000US34017015900",,,"197552","0",1548,575,973,37.14,62.86
"34017016000","Census Tract 160","Census Tract 160, Hudson County, New Jersey","nj","140","00","ACSSF","0002352",,,,,"34","017",,,,"016000",,,,,,,,,,,,,,,,,,,,,,,,,,,,,,,,,,,"14000US34017016000",,,"221854","0",676,326,350,48.22,51.78
"34017016100","Census Tract 161","Census Tract 161, Hudson County, New Jersey","nj","140","00","ACSSF","0002353",,,,,"34","017",,,,"016100",,,,,,,,,,,,,,,,,,,,,,,,,,,,,,,,,,,"14000US34017016100",,,"122140","0",885,288,597,32.54,67.46
"34017016200","Census Tract 162","Census Tract 162, Hudson County, New Jersey","nj","140","00","ACSSF","0002354",,,,,"34","017",,,,"016200",,,,,,,,,,,,,,,,,,,,,,,,,,,,,,,,,,,"14000US34017016200",,,"228422","0",960,474,486,49.38,50.62
"34017016300","Census Tract 163","Census Tract 163, Hudson County, New Jersey","nj","140","00","ACSSF","0002355",,,,,"34","017",,,,"016300",,,,,,,,,,,,,,,,,,,,,,,,,,,,,,,,,,,"14000US34017016300",,,"166185","0",1020,395,625,38.73,61.27
"34017016400","Census Tract 164","Census Tract 164, Hudson County, New Jersey","nj","140","00","ACSSF","0002356",,,,,"34","017",,,,"016400",,,,,,,,,,,,,,,,,,,,,,,,,,,,,,,,,,,"14000US34017016400",,,"195361","0",654,191,463,29.2,70.8
"34017016500","Census Tract 165","Census Tract 165, Hudson County, New Jersey","nj","140","00","ACSSF","0002357",,,,,"34","017",,,,"016500",,,,,,,,,,,,,,,,,,,,,,,,,,,,,,,,,,,"14000US34017016500",,,"204736","0",931,156,775,16.76,83.24
"34017016600","Census Tract 166","Census Tract 166, Hudson County, New Jersey","nj","140","00","ACSSF","0002358",,,,,"34","017",,,,"016600",,,,,,,,,,,,,,,,,,,,,,,,,,,,,,,,,,,"14000US34017016600",,,"228071","0",871,322,549,36.97,63.03
"34017016700","Census Tract 167","Census Tract 167, Hudson County, New Jersey","nj","140","00","ACSSF","0002359",,,,,"34","017",,,,"016700",,,,,,,,,,,,,,,,,,,,,,,,,,,,,,,,,,,"14000US34017016700",,,"145111","0",340,126,214,37.06,62.94
"34017016800","Census Tract 168","Census Tract 168, Hudson County, New Jersey","nj","140","00","ACSSF","0002360",,,,,"34","017",,,,"016800",,,,,,,,,,,,,,,,,,,,,,,,,,,,,,,,,,,"14000US34017016800",,,"164709","0",816,263,553,32.23,67.77
"34017016900","Census Tract 169","Census Tract 169, Hudson County, New Jersey","nj","140","00","ACSSF","0002361",,,,,"34","017",,,,"016900",,,,,,,,,,,,,,,,,,,,,,,,,,,,,,,,,,,"14000US34017016900",,,"144606","0",707,252,455,35.64,64.36
"34017017000","Census Tract 170","Census Tract 170, Hudson County, New Jersey","nj","140","00","ACSSF","0002362",,,,,"34","017",,,,"017000",,,,,,,,,,,,,,,,,,,,,,,,,,,,,,,,,,,"14000US34017017000",,,"205798","0",1266,448,818,35.39,64.61
"34017017100","Census Tract 171","Census Tract 171, Hudson County, New Jersey","nj","140","00","ACSSF","0002363",,,,,"34","017",,,,"017100",,,,,,,,,,,,,,,,,,,,,,,,,,,,,,,,,,,"14000US34017017100",,,"339707","0",1074,352,722,32.77,67.23
"34017017200","Census Tract 172","Census Tract 172, Hudson County, New Jersey","nj","140","00","ACSSF","0002364",,,,,"34","017",,,,"017200",,,,,,,,,,,,,,,,,,,,,,,,,,,,,,,,,,,"14000US34017017200",,,"125563","0",652,263,389,40.34,59.66
"34017017300","Census Tract 173","Census Tract 173, Hudson County, New Jersey","nj","140","00","ACSSF","0002365",,,,,"34","017",,,,"017300",,,,,,,,,,,,,,,,,,,,,,,,,,,,,,,,,,,"14000US34017017300",,,"147811","0",527,172,355,32.64,67.36
"34017017400","Census Tract 174","Census Tract 174, Hudson County, New Jersey","nj","140","00","ACSSF","0002366",,,,,"34","017",,,,"017400",,,,,,,,,,,,,,,,,,,,,,,,,,,,,,,,,,,"14000US34017017400",,,"115742","0",763,184,579,24.12,75.88
"34017017500","Census Tract 175","Census Tract 175, Hudson County, New Jersey","nj","140","00","ACSSF","0002367",,,,,"34","017",,,,"017500",,,,,,,,,,,,,,,,,,,,,,,,,,,,,,,,,,,"14000US34017017500",,,"117987","0",1241,359,882,28.93,71.07
"34017017600","Census Tract 176","Census Tract 176, Hudson County, New Jersey","nj","140","00","ACSSF","0002368",,,,,"34","017",,,,"017600",,,,,,,,,,,,,,,,,,,,,,,,,,,,,,,,,,,"14000US34017017600",,,"130226","0",834,193,641,23.14,76.86
"34017017700","Census Tract 177","Census Tract 177, Hudson County, New Jersey","nj","140","00","ACSSF","0002369",,,,,"34","017",,,,"017700",,,,,,,,,,,,,,,,,,,,,,,,,,,,,,,,,,,"14000US34017017700",,,"131328","0",321,26,295,8.1,91.9
"34017017800","Census Tract 178","Census Tract 178, Hudson County, New Jersey","nj","140","00","ACSSF","0002370",,,,,"34","017",,,,"017800",,,,,,,,,,,,,,,,,,,,,,,,,,,,,,,,,,,"14000US34017017800",,,"419837","0",1499,319,1180,21.28,78.72
"34017017900","Census Tract 179","Census Tract 179, Hudson County, New Jersey","nj","140","00","ACSSF","0002371",,,,,"34","017",,,,"017900",,,,,,,,,,,,,,,,,,,,,,,,,,,,,,,,,,,"14000US34017017900",,,"1102846","1742136",556,12,544,2.16,97.84
"34017018000","Census Tract 180","Census Tract 180, Hudson County, New Jersey","nj","140","00","ACSSF","0002372",,,,,"34","017",,,,"018000",,,,,,,,,,,,,,,,,,,,,,,,,,,,,,,,,,,"14000US34017018000",,,"218045","0",600,149,451,24.83,75.17
"34017018100","Census Tract 181","Census Tract 181, Hudson County, New Jersey","nj","140","00","ACSSF","0002373",,,,,"34","017",,,,"018100",,,,,,,,,,,,,,,,,,,,,,,,,,,,,,,,,,,"14000US34017018100",,,"269433","8671",552,0,552,0,100
"34017018200","Census Tract 182","Census Tract 182, Hudson County, New Jersey","nj","140","00","ACSSF","0002374",,,,,"34","017",,,,"018200",,,,,,,,,,,,,,,,,,,,,,,,,,,,,,,,,,,"14000US34017018200",,,"430953","46534",667,143,524,21.44,78.56
"34017018301","Census Tract 183.01","Census Tract 183.01, Hudson County, New Jersey","nj","140","00","ACSSF","0002375",,,,,"34","017",,,,"018301",,,,,,,,,,,,,,,,,,,,,,,,,,,,,,,,,,,"14000US34017018301",,,"315004","1289753",585,13,572,2.22,97.78
"34017018302","Census Tract 183.02","Census Tract 183.02, Hudson County, New Jersey","nj","140","00","ACSSF","0002376",,,,,"34","017",,,,"018302",,,,,,,,,,,,,,,,,,,,,,,,,,,,,,,,,,,"14000US34017018302",,,"177208","652447",789,0,789,0,100
"34017018400","Census Tract 184","Census Tract 184, Hudson County, New Jersey","nj","140","00","ACSSF","0002377",,,,,"34","017",,,,"018400",,,,,,,,,,,,,,,,,,,,,,,,,,,,,,,,,,,"14000US34017018400",,,"564385","0",757,0,757,0,100
"34017018500","Census Tract 185","Census Tract 185, Hudson County, New Jersey","nj","140","00","ACSSF","0002378",,,,,"34","017",,,,"018500",,,,,,,,,,,,,,,,,,,,,,,,,,,,,,,,,,,"14000US34017018500",,,"360468","0",640,52,588,8.12,91.88
"34017018600","Census Tract 186","Census Tract 186, Hudson County, New Jersey","nj","140","00","ACSSF","0002379",,,,,"34","017",,,,"018600",,,,,,,,,,,,,,,,,,,,,,,,,,,,,,,,,,,"14000US34017018600",,,"94501","0",400,0,400,0,100
"34017018701","Census Tract 187.01","Census Tract 187.01, Hudson County, New Jersey","nj","140","00","ACSSF","0002380",,,,,"34","017",,,,"018701",,,,,,,,,,,,,,,,,,,,,,,,,,,,,,,,,,,"14000US34017018701",,,"292793","0",157,7,150,4.46,95.54
"34017018702","Census Tract 187.02","Census Tract 187.02, Hudson County, New Jersey","nj","140","00","ACSSF","0002381",,,,,"34","017",,,,"018702",,,,,,,,,,,,,,,,,,,,,,,,,,,,,,,,,,,"14000US34017018702",,,"164436","0",509,116,393,22.79,77.21
"34017018800","Census Tract 188","Census Tract 188, Hudson County, New Jersey","nj","140","00","ACSSF","0002382",,,,,"34","017",,,,"018800",,,,,,,,,,,,,,,,,,,,,,,,,,,,,,,,,,,"14000US34017018800",,,"166365","0",379,0,379,0,100
"34017018900","Census Tract 189","Census Tract 189, Hudson County, New Jersey","nj","140","00","ACSSF","0002383",,,,,"34","017",,,,"018900",,,,,,,,,,,,,,,,,,,,,,,,,,,,,,,,,,,"14000US34017018900",,,"196889","0",476,10,466,2.1,97.9
"34017019000","Census Tract 190","Census Tract 190, Hudson County, New Jersey","nj","140","00","ACSSF","0002384",,,,,"34","017",,,,"019000",,,,,,,,,,,,,,,,,,,,,,,,,,,,,,,,,,,"14000US34017019000",,,"221599","0",801,477,324,59.55,40.45
"34017019100","Census Tract 191","Census Tract 191, Hudson County, New Jersey","nj","140","00","ACSSF","0002385",,,,,"34","017",,,,"019100",,,,,,,,,,,,,,,,,,,,,,,,,,,,,,,,,,,"14000US34017019100",,,"152522","0",376,0,376,0,100
"34017019200","Census Tract 192","Census Tract 192, Hudson County, New Jersey","nj","140","00","ACSSF","0002386",,,,,"34","017",,,,"019200",,,,,,,,,,,,,,,,,,,,,,,,,,,,,,,,,,,"14000US34017019200",,,"274683","0",607,0,607,0,100
"34017019300","Census Tract 193","Census Tract 193, Hudson County, New Jersey","nj","140","00","ACSSF","0002387",,,,,"34","017",,,,"019300",,,,,,,,,,,,,,,,,,,,,,,,,,,,,,,,,,,"14000US34017019300",,,"148765","0",246,0,246,0,100
"34017019400","Census Tract 194","Census Tract 194, Hudson County, New Jersey","nj","140","00","ACSSF","0002388",,,,,"34","017",,,,"019400",,,,,,,,,,,,,,,,,,,,,,,,,,,,,,,,,,,"14000US34017019400",,,"108410","0",277,52,225,18.77,81.23
"34017019800","Census Tract 198","Census Tract 198, Hudson County, New Jersey","nj","140","00","ACSSF","0002389",,,,,"34","017",,,,"019800",,,,,,,,,,,,,,,,,,,,,,,,,,,,,,,,,,,"14000US34017019800",,,"4273674","473716",1487,0,1487,0,100
"34017019900","Census Tract 199","Census Tract 199, Hudson County, New Jersey","nj","140","00","ACSSF","0002390",,,,,"34","017",,,,"019900",,,,,,,,,,,,,,,,,,,,,,,,,,,,,,,,,,,"14000US34017019900",,,"5366299","501378",886,46,840,5.19,94.81
"34017020000","Census Tract 200","Census Tract 200, Hudson County, New Jersey","nj","140","00","ACSSF","0002391",,,,,"34","017",,,,"020000",,,,,,,,,,,,,,,,,,,,,,,,,,,,,,,,,,,"14000US34017020000",,,"1315392","0",784,54,730,6.89,93.11
"34017020100","Census Tract 201","Census Tract 201, Hudson County, New Jersey","nj","140","00","ACSSF","0002392",,,,,"34","017",,,,"020100",,,,,,,,,,,,,,,,,,,,,,,,,,,,,,,,,,,"14000US34017020100",,,"4134966","881946",395,52,343,13.16,86.84
"34017032400","Census Tract 324","Census Tract 324, Hudson County, New Jersey","nj","140","00","ACSSF","0002393",,,,,"34","017",,,,"032400",,,,,,,,,,,,,,,,,,,,,,,,,,,,,,,,,,,"14000US34017032400",,,"339144","0",1345,398,947,29.59,70.41
"34017980100","Census Tract 9801","Census Tract 9801, Hudson County, New Jersey","nj","140","00","ACSSF","0002394",,,,,"34","017",,,,"980100",,,,,,,,,,,,,,,,,,,,,,,,,,,,,,,,,,,"14000US34017980100",,,"2952505","4003633",0,0,0,,
"34019010100","Census Tract 101","Census Tract 101, Hunterdon County, New Jersey","nj","140","00","ACSSF","0002395",,,,,"34","019",,,,"010100",,,,,,,,,,,,,,,,,,,,,,,,,,,,,,,,,,,"14000US34019010100",,,"81961516","337423",1286,0,1286,0,100
"34019010200","Census Tract 102","Census Tract 102, Hunterdon County, New Jersey","nj","140","00","ACSSF","0002396",,,,,"34","019",,,,"010200",,,,,,,,,,,,,,,,,,,,,,,,,,,,,,,,,,,"14000US34019010200",,,"83876029","711517",1393,27,1366,1.94,98.06
"34019010300","Census Tract 103","Census Tract 103, Hunterdon County, New Jersey","nj","140","00","ACSSF","0002397",,,,,"34","019",,,,"010300",,,,,,,,,,,,,,,,,,,,,,,,,,,,,,,,,,,"14000US34019010300",,,"7907253","31702",493,40,453,8.11,91.89
"34019010400","Census Tract 104","Census Tract 104, Hunterdon County, New Jersey","nj","140","00","ACSSF","0002398",,,,,"34","019",,,,"010400",,,,,,,,,,,,,,,,,,,,,,,,,,,,,,,,,,,"14000US34019010400",,,"55975677","385595",1009,27,982,2.68,97.32
"34019010500","Census Tract 105","Census Tract 105, Hunterdon County, New Jersey","nj","140","00","ACSSF","0002399",,,,,"34","019",,,,"010500",,,,,,,,,,,,,,,,,,,,,,,,,,,,,,,,,,,"14000US34019010500",,,"60784407","1296856",1122,63,1059,5.61,94.39
"34019010600","Census Tract 106","Census Tract 106, Hunterdon County, New Jersey","nj","140","00","ACSSF","0002400",,,,,"34","019",,,,"010600",,,,,,,,,,,,,,,,,,,,,,,,,,,,,,,,,,,"14000US34019010600",,,"74372983","793160",1181,19,1162,1.61,98.39
"34019010701","Census Tract 107.01","Census Tract 107.01, Hunterdon County, New Jersey","nj","140","00","ACSSF","0002401",,,,,"34","019",,,,"010701",,,,,,,,,,,,,,,,,,,,,,,,,,,,,,,,,,,"14000US34019010701",,,"48601606","4825721",899,30,869,3.34,96.66
"34019010702","Census Tract 107.02","Census Tract 107.02, Hunterdon County, New Jersey","nj","140","00","ACSSF","0002402",,,,,"34","019",,,,"010702",,,,,,,,,,,,,,,,,,,,,,,,,,,,,,,,,,,"14000US34019010702",,,"59660440","363339",583,6,577,1.03,98.97
"34019010801","Census Tract 108.01","Census Tract 108.01, Hunterdon County, New Jersey","nj","140","00","ACSSF","0002403",,,,,"34","019",,,,"010801",,,,,,,,,,,,,,,,,,,,,,,,,,,,,,,,,,,"14000US34019010801",,,"3487392","237102",599,14,585,2.34,97.66
"34019010802","Census Tract 108.02","Census Tract 108.02, Hunterdon County, New Jersey","nj","140","00","ACSSF","0002404",,,,,"34","019",,,,"010802",,,,,,,,,,,,,,,,,,,,,,,,,,,,,,,,,,,"14000US34019010802",,,"2336246","821",396,37,359,9.34,90.66
"34019010900","Census Tract 109","Census Tract 109, Hunterdon County, New Jersey","nj","140","00","ACSSF","0002405",,,,,"34","019",,,,"010900",,,,,,,,,,,,,,,,,,,,,,,,,,,,,,,,,,,"14000US34019010900",,,"6193210","102515",767,188,579,24.51,75.49
"34019011001","Census Tract 110.01","Census Tract 110.01, Hunterdon County, New Jersey","nj","140","00","ACSSF","0002406",,,,,"34","019",,,,"011001",,,,,,,,,,,,,,,,,,,,,,,,,,,,,,,,,,,"14000US34019011001",,,"31646760","965764",1098,17,1081,1.55,98.45
"34019011002","Census Tract 110.02","Census Tract 110.02, Hunterdon County, New Jersey","nj","140","00","ACSSF","0002407",,,,,"34","019",,,,"011002",,,,,,,,,,,,,,,,,,,,,,,,,,,,,,,,,,,"14000US34019011002",,,"45712653","9395890",1126,62,1064,5.51,94.49
"34019011100","Census Tract 111","Census Tract 111, Hunterdon County, New Jersey","nj","140","00","ACSSF","0002408",,,,,"34","019",,,,"011100",,,,,,,,,,,,,,,,,,,,,,,,,,,,,,,,,,,"14000US34019011100",,,"36425608","378290",878,0,878,0,100
"34019011201","Census Tract 112.01","Census Tract 112.01, Hunterdon County, New Jersey","nj","140","00","ACSSF","0002409",,,,,"34","019",,,,"011201",,,,,,,,,,,,,,,,,,,,,,,,,,,,,,,,,,,"14000US34019011201",,,"58452283","180513",1521,0,1521,0,100
"34019011202","Census Tract 112.02","Census Tract 112.02, Hunterdon County, New Jersey","nj","140","00","ACSSF","0002410",,,,,"34","019",,,,"011202",,,,,,,,,,,,,,,,,,,,,,,,,,,,,,,,,,,"14000US34019011202",,,"28293323","146571",665,7,658,1.05,98.95
"34019011301","Census Tract 113.01","Census Tract 113.01, Hunterdon County, New Jersey","nj","140","00","ACSSF","0002411",,,,,"34","019",,,,"011301",,,,,,,,,,,,,,,,,,,,,,,,,,,,,,,,,,,"14000US34019011301",,,"43570238","309866",1452,33,1419,2.27,97.73
"34019011302","Census Tract 113.02","Census Tract 113.02, Hunterdon County, New Jersey","nj","140","00","ACSSF","0002412",,,,,"34","019",,,,"011302",,,,,,,,,,,,,,,,,,,,,,,,,,,,,,,,,,,"14000US34019011302",,,"35872680","75880",1752,267,1485,15.24,84.76
"34019011303","Census Tract 113.03","Census Tract 113.03, Hunterdon County, New Jersey","nj","140","00","ACSSF","0002413",,,,,"34","019",,,,"011303",,,,,,,,,,,,,,,,,,,,,,,,,,,,,,,,,,,"14000US34019011303",,,"6700175","31224",914,15,899,1.64,98.36
"34019011304","Census Tract 113.04","Census Tract 113.04, Hunterdon County, New Jersey","nj","140","00","ACSSF","0002414",,,,,"34","019",,,,"011304",,,,,,,,,,,,,,,,,,,,,,,,,,,,,,,,,,,"14000US34019011304",,,"10934102","28223",821,78,743,9.5,90.5
"34019011400","Census Tract 114","Census Tract 114, Hunterdon County, New Jersey","nj","140","00","ACSSF","0002415",,,,,"34","019",,,,"011400",,,,,,,,,,,,,,,,,,,,,,,,,,,,,,,,,,,"14000US34019011400",,,"2790694","0",976,369,607,37.81,62.19
"34019011500","Census Tract 115","Census Tract 115, Hunterdon County, New Jersey","nj","140","00","ACSSF","0002416",,,,,"34","019",,,,"011500",,,,,,,,,,,,,,,,,,,,,,,,,,,,,,,,,,,"14000US34019011500",,,"93586441","1836948",941,58,883,6.16,93.84
"34019011600","Census Tract 116","Census Tract 116, Hunterdon County, New Jersey","nj","140","00","ACSSF","0002417",,,,,"34","019",,,,"011600",,,,,,,,,,,,,,,,,,,,,,,,,,,,,,,,,,,"14000US34019011600",,,"96352442","1207843",887,41,846,4.62,95.38
"34019011700","Census Tract 117","Census Tract 117, Hunterdon County, New Jersey","nj","140","00","ACSSF","0002418",,,,,"34","019",,,,"011700",,,,,,,,,,,,,,,,,,,,,,,,,,,,,,,,,,,"14000US34019011700",,,"73697969","265484",558,11,547,1.97,98.03
"34019011800","Census Tract 118","Census Tract 118, Hunterdon County, New Jersey","nj","140","00","ACSSF","0002419",,,,,"34","019",,,,"011800",,,,,,,,,,,,,,,,,,,,,,,,,,,,,,,,,,,"14000US34019011800",,,"56064927","510284",574,0,574,0,100
"34019011900","Census Tract 119","Census Tract 119, Hunterdon County, New Jersey","nj","140","00","ACSSF","0002420",,,,,"34","019",,,,"011900",,,,,,,,,,,,,,,,,,,,,,,,,,,,,,,,,,,"14000US34019011900",,,"2808277","363990",324,18,306,5.56,94.44
"34021000100","Census Tract 1","Census Tract 1, Mercer County, New Jersey","nj","140","00","ACSSF","0002421",,,,,"34","021",,,,"000100",,,,,,,,,,,,,,,,,,,,,,,,,,,,,,,,,,,"14000US34021000100",,,"1151401","338579",892,298,594,33.41,66.59
"34021000200","Census Tract 2","Census Tract 2, Mercer County, New Jersey","nj","140","00","ACSSF","0002422",,,,,"34","021",,,,"000200",,,,,,,,,,,,,,,,,,,,,,,,,,,,,,,,,,,"14000US34021000200",,,"500237","0",1182,524,658,44.33,55.67
"34021000300","Census Tract 3","Census Tract 3, Mercer County, New Jersey","nj","140","00","ACSSF","0002423",,,,,"34","021",,,,"000300",,,,,,,,,,,,,,,,,,,,,,,,,,,,,,,,,,,"14000US34021000300",,,"647607","0",1242,348,894,28.02,71.98
"34021000400","Census Tract 4","Census Tract 4, Mercer County, New Jersey","nj","140","00","ACSSF","0002424",,,,,"34","021",,,,"000400",,,,,,,,,,,,,,,,,,,,,,,,,,,,,,,,,,,"14000US34021000400",,,"519752","0",1554,912,642,58.69,41.31
"34021000500","Census Tract 5","Census Tract 5, Mercer County, New Jersey","nj","140","00","ACSSF","0002425",,,,,"34","021",,,,"000500",,,,,,,,,,,,,,,,,,,,,,,,,,,,,,,,,,,"14000US34021000500",,,"407773","0",1614,578,1036,35.81,64.19
"34021000600","Census Tract 6","Census Tract 6, Mercer County, New Jersey","nj","140","00","ACSSF","0002426",,,,,"34","021",,,,"000600",,,,,,,,,,,,,,,,,,,,,,,,,,,,,,,,,,,"14000US34021000600",,,"630641","0",1025,289,736,28.2,71.8
"34021000700","Census Tract 7","Census Tract 7, Mercer County, New Jersey","nj","140","00","ACSSF","0002427",,,,,"34","021",,,,"000700",,,,,,,,,,,,,,,,,,,,,,,,,,,,,,,,,,,"14000US34021000700",,,"333070","0",996,286,710,28.71,71.29
"34021000800","Census Tract 8","Census Tract 8, Mercer County, New Jersey","nj","140","00","ACSSF","0002428",,,,,"34","021",,,,"000800",,,,,,,,,,,,,,,,,,,,,,,,,,,,,,,,,,,"14000US34021000800",,,"517419","0",536,211,325,39.37,60.63
"34021000900","Census Tract 9","Census Tract 9, Mercer County, New Jersey","nj","140","00","ACSSF","0002429",,,,,"34","021",,,,"000900",,,,,,,,,,,,,,,,,,,,,,,,,,,,,,,,,,,"14000US34021000900",,,"1338738","0",630,459,171,72.86,27.14
"34021001000","Census Tract 10","Census Tract 10, Mercer County, New Jersey","nj","140","00","ACSSF","0002430",,,,,"34","021",,,,"001000",,,,,,,,,,,,,,,,,,,,,,,,,,,,,,,,,,,"14000US34021001000",,,"884546","203483",679,199,480,29.31,70.69
"34021001101","Census Tract 11.01","Census Tract 11.01, Mercer County, New Jersey","nj","140","00","ACSSF","0002431",,,,,"34","021",,,,"001101",,,,,,,,,,,,,,,,,,,,,,,,,,,,,,,,,,,"14000US34021001101",,,"749833","365623",611,278,333,45.5,54.5
"34021001102","Census Tract 11.02","Census Tract 11.02, Mercer County, New Jersey","nj","140","00","ACSSF","0002432",,,,,"34","021",,,,"001102",,,,,,,,,,,,,,,,,,,,,,,,,,,,,,,,,,,"14000US34021001102",,,"559807","39423",1059,604,455,57.03,42.97
"34021001200","Census Tract 12","Census Tract 12, Mercer County, New Jersey","nj","140","00","ACSSF","0002433",,,,,"34","021",,,,"001200",,,,,,,,,,,,,,,,,,,,,,,,,,,,,,,,,,,"14000US34021001200",,,"1351485","561597",785,57,728,7.26,92.74
"34021001300","Census Tract 13","Census Tract 13, Mercer County, New Jersey","nj","140","00","ACSSF","0002434",,,,,"34","021",,,,"001300",,,,,,,,,,,,,,,,,,,,,,,,,,,,,,,,,,,"14000US34021001300",,,"2292663","23603",766,223,543,29.11,70.89
"34021001401","Census Tract 14.01","Census Tract 14.01, Mercer County, New Jersey","nj","140","00","ACSSF","0002435",,,,,"34","021",,,,"001401",,,,,,,,,,,,,,,,,,,,,,,,,,,,,,,,,,,"14000US34021001401",,,"941842","32893",1217,689,528,56.61,43.39
"34021001402","Census Tract 14.02","Census Tract 14.02, Mercer County, New Jersey","nj","140","00","ACSSF","0002436",,,,,"34","021",,,,"001402",,,,,,,,,,,,,,,,,,,,,,,,,,,,,,,,,,,"14000US34021001402",,,"368703","0",533,292,241,54.78,45.22
"34021001500","Census Tract 15","Census Tract 15, Mercer County, New Jersey","nj","140","00","ACSSF","0002437",,,,,"34","021",,,,"001500",,,,,,,,,,,,,,,,,,,,,,,,,,,,,,,,,,,"14000US34021001500",,,"627775","2393",781,466,315,59.67,40.33
"34021001600","Census Tract 16","Census Tract 16, Mercer County, New Jersey","nj","140","00","ACSSF","0002438",,,,,"34","021",,,,"001600",,,,,,,,,,,,,,,,,,,,,,,,,,,,,,,,,,,"14000US34021001600",,,"303130","8128",386,134,252,34.72,65.28
"34021001700","Census Tract 17","Census Tract 17, Mercer County, New Jersey","nj","140","00","ACSSF","0002439",,,,,"34","021",,,,"001700",,,,,,,,,,,,,,,,,,,,,,,,,,,,,,,,,,,"14000US34021001700",,,"995307","0",954,320,634,33.54,66.46
"34021001800","Census Tract 18","Census Tract 18, Mercer County, New Jersey","nj","140","00","ACSSF","0002440",,,,,"34","021",,,,"001800",,,,,,,,,,,,,,,,,,,,,,,,,,,,,,,,,,,"14000US34021001800",,,"1159611","10550",869,360,509,41.43,58.57
"34021001900","Census Tract 19","Census Tract 19, Mercer County, New Jersey","nj","140","00","ACSSF","0002441",,,,,"34","021",,,,"001900",,,,,,,,,,,,,,,,,,,,,,,,,,,,,,,,,,,"14000US34021001900",,,"695726","15677",556,339,217,60.97,39.03
"34021002000","Census Tract 20","Census Tract 20, Mercer County, New Jersey","nj","140","00","ACSSF","0002442",,,,,"34","021",,,,"002000",,,,,,,,,,,,,,,,,,,,,,,,,,,,,,,,,,,"14000US34021002000",,,"512398","8193",501,45,456,8.98,91.02
"34021002100","Census Tract 21","Census Tract 21, Mercer County, New Jersey","nj","140","00","ACSSF","0002443",,,,,"34","021",,,,"002100",,,,,,,,,,,,,,,,,,,,,,,,,,,,,,,,,,,"14000US34021002100",,,"933849","1829",907,327,580,36.05,63.95
"34021002200","Census Tract 22","Census Tract 22, Mercer County, New Jersey","nj","140","00","ACSSF","0002444",,,,,"34","021",,,,"002200",,,,,,,,,,,,,,,,,,,,,,,,,,,,,,,,,,,"14000US34021002200",,,"1163978","8770",1217,195,1022,16.02,83.98
"34021002400","Census Tract 24","Census Tract 24, Mercer County, New Jersey","nj","140","00","ACSSF","0002445",,,,,"34","021",,,,"002400",,,,,,,,,,,,,,,,,,,,,,,,,,,,,,,,,,,"14000US34021002400",,,"41134","0",0,0,0,,
"34021002500","Census Tract 25","Census Tract 25, Mercer County, New Jersey","nj","140","00","ACSSF","0002446",,,,,"34","021",,,,"002500",,,,,,,,,,,,,,,,,,,,,,,,,,,,,,,,,,,"14000US34021002500",,,"10231537","1528805",1132,88,1044,7.77,92.23
"34021002601","Census Tract 26.01","Census Tract 26.01, Mercer County, New Jersey","nj","140","00","ACSSF","0002447",,,,,"34","021",,,,"002601",,,,,,,,,,,,,,,,,,,,,,,,,,,,,,,,,,,"14000US34021002601",,,"1898399","0",1338,263,1075,19.66,80.34
"34021002602","Census Tract 26.02","Census Tract 26.02, Mercer County, New Jersey","nj","140","00","ACSSF","0002448",,,,,"34","021",,,,"002602",,,,,,,,,,,,,,,,,,,,,,,,,,,,,,,,,,,"14000US34021002602",,,"1931899","7108",741,114,627,15.38,84.62
"34021002701","Census Tract 27.01","Census Tract 27.01, Mercer County, New Jersey","nj","140","00","ACSSF","0002449",,,,,"34","021",,,,"002701",,,,,,,,,,,,,,,,,,,,,,,,,,,,,,,,,,,"14000US34021002701",,,"2557010","1675",922,134,788,14.53,85.47
"34021002702","Census Tract 27.02","Census Tract 27.02, Mercer County, New Jersey","nj","140","00","ACSSF","0002450",,,,,"34","021",,,,"002702",,,,,,,,,,,,,,,,,,,,,,,,,,,,,,,,,,,"14000US34021002702",,,"5399798","15413",753,138,615,18.33,81.67
"34021002800","Census Tract 28","Census Tract 28, Mercer County, New Jersey","nj","140","00","ACSSF","0002451",,,,,"34","021",,,,"002800",,,,,,,,,,,,,,,,,,,,,,,,,,,,,,,,,,,"14000US34021002800",,,"2317332","1972",2012,684,1328,34,66
"34021002902","Census Tract 29.02","Census Tract 29.02, Mercer County, New Jersey","nj","140","00","ACSSF","0002452",,,,,"34","021",,,,"002902",,,,,,,,,,,,,,,,,,,,,,,,,,,,,,,,,,,"14000US34021002902",,,"4962395","111085",951,127,824,13.35,86.65
"34021002903","Census Tract 29.03","Census Tract 29.03, Mercer County, New Jersey","nj","140","00","ACSSF","0002453",,,,,"34","021",,,,"002903",,,,,,,,,,,,,,,,,,,,,,,,,,,,,,,,,,,"14000US34021002903",,,"5577040","62121",642,65,577,10.12,89.88
"34021002904","Census Tract 29.04","Census Tract 29.04, Mercer County, New Jersey","nj","140","00","ACSSF","0002454",,,,,"34","021",,,,"002904",,,,,,,,,,,,,,,,,,,,,,,,,,,,,,,,,,,"14000US34021002904",,,"7597739","49442",898,119,779,13.25,86.75
"34021003001","Census Tract 30.01","Census Tract 30.01, Mercer County, New Jersey","nj","140","00","ACSSF","0002455",,,,,"34","021",,,,"003001",,,,,,,,,,,,,,,,,,,,,,,,,,,,,,,,,,,"14000US34021003001",,,"26068850","176741",1021,0,1021,0,100
"34021003002","Census Tract 30.02","Census Tract 30.02, Mercer County, New Jersey","nj","140","00","ACSSF","0002456",,,,,"34","021",,,,"003002",,,,,,,,,,,,,,,,,,,,,,,,,,,,,,,,,,,"14000US34021003002",,,"6002548","555",961,0,961,0,100
"34021003003","Census Tract 30.03","Census Tract 30.03, Mercer County, New Jersey","nj","140","00","ACSSF","0002457",,,,,"34","021",,,,"003003",,,,,,,,,,,,,,,,,,,,,,,,,,,,,,,,,,,"14000US34021003003",,,"7953705","78072",912,45,867,4.93,95.07
"34021003004","Census Tract 30.04","Census Tract 30.04, Mercer County, New Jersey","nj","140","00","ACSSF","0002458",,,,,"34","021",,,,"003004",,,,,,,,,,,,,,,,,,,,,,,,,,,,,,,,,,,"14000US34021003004",,,"4133284","0",866,154,712,17.78,82.22
"34021003006","Census Tract 30.06","Census Tract 30.06, Mercer County, New Jersey","nj","140","00","ACSSF","0002459",,,,,"34","021",,,,"003006",,,,,,,,,,,,,,,,,,,,,,,,,,,,,,,,,,,"14000US34021003006",,,"4843827","154145",1073,0,1073,0,100
"34021003007","Census Tract 30.07","Census Tract 30.07, Mercer County, New Jersey","nj","140","00","ACSSF","0002460",,,,,"34","021",,,,"003007",,,,,,,,,,,,,,,,,,,,,,,,,,,,,,,,,,,"14000US34021003007",,,"2042607","0",625,21,604,3.36,96.64
"34021003008","Census Tract 30.08","Census Tract 30.08, Mercer County, New Jersey","nj","140","00","ACSSF","0002461",,,,,"34","021",,,,"003008",,,,,,,,,,,,,,,,,,,,,,,,,,,,,,,,,,,"14000US34021003008",,,"4002807","0",846,50,796,5.91,94.09
"34021003009","Census Tract 30.09","Census Tract 30.09, Mercer County, New Jersey","nj","140","00","ACSSF","0002462",,,,,"34","021",,,,"003009",,,,,,,,,,,,,,,,,,,,,,,,,,,,,,,,,,,"14000US34021003009",,,"4623636","75545",785,17,768,2.17,97.83
"34021003100","Census Tract 31","Census Tract 31, Mercer County, New Jersey","nj","140","00","ACSSF","0002463",,,,,"34","021",,,,"003100",,,,,,,,,,,,,,,,,,,,,,,,,,,,,,,,,,,"14000US34021003100",,,"2997700","99908",898,44,854,4.9,95.1
"34021003201","Census Tract 32.01","Census Tract 32.01, Mercer County, New Jersey","nj","140","00","ACSSF","0002464",,,,,"34","021",,,,"003201",,,,,,,,,,,,,,,,,,,,,,,,,,,,,,,,,,,"14000US34021003201",,,"7430358","15969",1259,0,1259,0,100
"34021003202","Census Tract 32.02","Census Tract 32.02, Mercer County, New Jersey","nj","140","00","ACSSF","0002465",,,,,"34","021",,,,"003202",,,,,,,,,,,,,,,,,,,,,,,,,,,,,,,,,,,"14000US34021003202",,,"8576485","222954",891,0,891,0,100
"34021003301","Census Tract 33.01","Census Tract 33.01, Mercer County, New Jersey","nj","140","00","ACSSF","0002466",,,,,"34","021",,,,"003301",,,,,,,,,,,,,,,,,,,,,,,,,,,,,,,,,,,"14000US34021003301",,,"11932459","39541",1094,14,1080,1.28,98.72
"34021003302","Census Tract 33.02","Census Tract 33.02, Mercer County, New Jersey","nj","140","00","ACSSF","0002467",,,,,"34","021",,,,"003302",,,,,,,,,,,,,,,,,,,,,,,,,,,,,,,,,,,"14000US34021003302",,,"25330881","288962",1765,20,1745,1.13,98.87
"34021003400","Census Tract 34","Census Tract 34, Mercer County, New Jersey","nj","140","00","ACSSF","0002468",,,,,"34","021",,,,"003400",,,,,,,,,,,,,,,,,,,,,,,,,,,,,,,,,,,"14000US34021003400",,,"2212967","0",370,33,337,8.92,91.08
"34021003500","Census Tract 35","Census Tract 35, Mercer County, New Jersey","nj","140","00","ACSSF","0002469",,,,,"34","021",,,,"003500",,,,,,,,,,,,,,,,,,,,,,,,,,,,,,,,,,,"14000US34021003500",,,"5212071","0",1072,41,1031,3.82,96.18
"34021003601","Census Tract 36.01","Census Tract 36.01, Mercer County, New Jersey","nj","140","00","ACSSF","0002470",,,,,"34","021",,,,"003601",,,,,,,,,,,,,,,,,,,,,,,,,,,,,,,,,,,"14000US34021003601",,,"1593698","235",915,68,847,7.43,92.57
"34021003602","Census Tract 36.02","Census Tract 36.02, Mercer County, New Jersey","nj","140","00","ACSSF","0002471",,,,,"34","021",,,,"003602",,,,,,,,,,,,,,,,,,,,,,,,,,,,,,,,,,,"14000US34021003602",,,"1727091","0",581,139,442,23.92,76.08
"34021003703","Census Tract 37.03","Census Tract 37.03, Mercer County, New Jersey","nj","140","00","ACSSF","0002472",,,,,"34","021",,,,"003703",,,,,,,,,,,,,,,,,,,,,,,,,,,,,,,,,,,"14000US34021003703",,,"3739674","40259",685,0,685,0,100
"34021003704","Census Tract 37.04","Census Tract 37.04, Mercer County, New Jersey","nj","140","00","ACSSF","0002473",,,,,"34","021",,,,"003704",,,,,,,,,,,,,,,,,,,,,,,,,,,,,,,,,,,"14000US34021003704",,,"3502912","32453",472,31,441,6.57,93.43
"34021003705","Census Tract 37.05","Census Tract 37.05, Mercer County, New Jersey","nj","140","00","ACSSF","0002474",,,,,"34","021",,,,"003705",,,,,,,,,,,,,,,,,,,,,,,,,,,,,,,,,,,"14000US34021003705",,,"16315109","542238",886,154,732,17.38,82.62
"34021003706","Census Tract 37.06","Census Tract 37.06, Mercer County, New Jersey","nj","140","00","ACSSF","0002475",,,,,"34","021",,,,"003706",,,,,,,,,,,,,,,,,,,,,,,,,,,,,,,,,,,"14000US34021003706",,,"5070985","297753",616,87,529,14.12,85.88
"34021003800","Census Tract 38","Census Tract 38, Mercer County, New Jersey","nj","140","00","ACSSF","0002476",,,,,"34","021",,,,"003800",,,,,,,,,,,,,,,,,,,,,,,,,,,,,,,,,,,"14000US34021003800",,,"78840581","1576368",1301,0,1301,0,100
"34021003902","Census Tract 39.02","Census Tract 39.02, Mercer County, New Jersey","nj","140","00","ACSSF","0002477",,,,,"34","021",,,,"003902",,,,,,,,,,,,,,,,,,,,,,,,,,,,,,,,,,,"14000US34021003902",,,"1874277","0",490,45,445,9.18,90.82
"34021003903","Census Tract 39.03","Census Tract 39.03, Mercer County, New Jersey","nj","140","00","ACSSF","0002478",,,,,"34","021",,,,"003903",,,,,,,,,,,,,,,,,,,,,,,,,,,,,,,,,,,"14000US34021003903",,,"2488739","7537",557,12,545,2.15,97.85
"34021003904","Census Tract 39.04","Census Tract 39.04, Mercer County, New Jersey","nj","140","00","ACSSF","0002479",,,,,"34","021",,,,"003904",,,,,,,,,,,,,,,,,,,,,,,,,,,,,,,,,,,"14000US34021003904",,,"16061286","319910",1375,16,1359,1.16,98.84
"34021003905","Census Tract 39.05","Census Tract 39.05, Mercer County, New Jersey","nj","140","00","ACSSF","0002480",,,,,"34","021",,,,"003905",,,,,,,,,,,,,,,,,,,,,,,,,,,,,,,,,,,"14000US34021003905",,,"55491075","377999",1172,33,1139,2.82,97.18
"34021004000","Census Tract 40","Census Tract 40, Mercer County, New Jersey","nj","140","00","ACSSF","0002481",,,,,"34","021",,,,"004000",,,,,,,,,,,,,,,,,,,,,,,,,,,,,,,,,,,"14000US34021004000",,,"1713700","0",1047,0,1047,0,100
"34021004201","Census Tract 42.01","Census Tract 42.01, Mercer County, New Jersey","nj","140","00","ACSSF","0002482",,,,,"34","021",,,,"004201",,,,,,,,,,,,,,,,,,,,,,,,,,,,,,,,,,,"14000US34021004201",,,"11009939","21317",2009,17,1992,0.85,99.15
"34021004203","Census Tract 42.03","Census Tract 42.03, Mercer County, New Jersey","nj","140","00","ACSSF","0002483",,,,,"34","021",,,,"004203",,,,,,,,,,,,,,,,,,,,,,,,,,,,,,,,,,,"14000US34021004203",,,"16376187","158276",977,50,927,5.12,94.88
"34021004204","Census Tract 42.04","Census Tract 42.04, Mercer County, New Jersey","nj","140","00","ACSSF","0002484",,,,,"34","021",,,,"004204",,,,,,,,,,,,,,,,,,,,,,,,,,,,,,,,,,,"14000US34021004204",,,"14313211","1024820",1069,13,1056,1.22,98.78
"34021004301","Census Tract 43.01","Census Tract 43.01, Mercer County, New Jersey","nj","140","00","ACSSF","0002485",,,,,"34","021",,,,"004301",,,,,,,,,,,,,,,,,,,,,,,,,,,,,,,,,,,"14000US34021004301",,,"18083641","312855",2630,110,2520,4.18,95.82
"34021004304","Census Tract 43.04","Census Tract 43.04, Mercer County, New Jersey","nj","140","00","ACSSF","0002486",,,,,"34","021",,,,"004304",,,,,,,,,,,,,,,,,,,,,,,,,,,,,,,,,,,"14000US34021004304",,,"21309149","216356",1683,0,1683,0,100
"34021004306","Census Tract 43.06","Census Tract 43.06, Mercer County, New Jersey","nj","140","00","ACSSF","0002487",,,,,"34","021",,,,"004306",,,,,,,,,,,,,,,,,,,,,,,,,,,,,,,,,,,"14000US34021004306",,,"18353268","1260498",1549,22,1527,1.42,98.58
"34021004307","Census Tract 43.07","Census Tract 43.07, Mercer County, New Jersey","nj","140","00","ACSSF","0002488",,,,,"34","021",,,,"004307",,,,,,,,,,,,,,,,,,,,,,,,,,,,,,,,,,,"14000US34021004307",,,"8429613","32132",1389,0,1389,0,100
"34021004309","Census Tract 43.09","Census Tract 43.09, Mercer County, New Jersey","nj","140","00","ACSSF","0002489",,,,,"34","021",,,,"004309",,,,,,,,,,,,,,,,,,,,,,,,,,,,,,,,,,,"14000US34021004309",,,"34637511","243454",1124,12,1112,1.07,98.93
"34021004310","Census Tract 43.10","Census Tract 43.10, Mercer County, New Jersey","nj","140","00","ACSSF","0002490",,,,,"34","021",,,,"004310",,,,,,,,,,,,,,,,,,,,,,,,,,,,,,,,,,,"14000US34021004310",,,"18304134","118338",2454,0,2454,0,100
"34021004403","Census Tract 44.03","Census Tract 44.03, Mercer County, New Jersey","nj","140","00","ACSSF","0002491",,,,,"34","021",,,,"004403",,,,,,,,,,,,,,,,,,,,,,,,,,,,,,,,,,,"14000US34021004403",,,"3194264","85685",912,211,701,23.14,76.86
"34021004404","Census Tract 44.04","Census Tract 44.04, Mercer County, New Jersey","nj","140","00","ACSSF","0002492",,,,,"34","021",,,,"004404",,,,,,,,,,,,,,,,,,,,,,,,,,,,,,,,,,,"14000US34021004404",,,"3270276","102184",1684,177,1507,10.51,89.49
"34021004405","Census Tract 44.05","Census Tract 44.05, Mercer County, New Jersey","nj","140","00","ACSSF","0002493",,,,,"34","021",,,,"004405",,,,,,,,,,,,,,,,,,,,,,,,,,,,,,,,,,,"14000US34021004405",,,"23992535","104841",2110,134,1976,6.35,93.65
"34021004406","Census Tract 44.06","Census Tract 44.06, Mercer County, New Jersey","nj","140","00","ACSSF","0002494",,,,,"34","021",,,,"004406",,,,,,,,,,,,,,,,,,,,,,,,,,,,,,,,,,,"14000US34021004406",,,"7961024","18249",1014,177,837,17.46,82.54
"34021004407","Census Tract 44.07","Census Tract 44.07, Mercer County, New Jersey","nj","140","00","ACSSF","0002495",,,,,"34","021",,,,"004407",,,,,,,,,,,,,,,,,,,,,,,,,,,,,,,,,,,"14000US34021004407",,,"5095442","5387",1794,239,1555,13.32,86.68
"34021004501","Census Tract 45.01","Census Tract 45.01, Mercer County, New Jersey","nj","140","00","ACSSF","0002496",,,,,"34","021",,,,"004501",,,,,,,,,,,,,,,,,,,,,,,,,,,,,,,,,,,"14000US34021004501",,,"1707546","1249",340,15,325,4.41,95.59
"34021004502","Census Tract 45.02","Census Tract 45.02, Mercer County, New Jersey","nj","140","00","ACSSF","0002497",,,,,"34","021",,,,"004502",,,,,,,,,,,,,,,,,,,,,,,,,,,,,,,,,,,"14000US34021004502",,,"1358790","0",208,17,191,8.17,91.83
"34023000100","Census Tract 1","Census Tract 1, Middlesex County, New Jersey","nj","140","00","ACSSF","0002498",,,,,"34","023",,,,"000100",,,,,,,,,,,,,,,,,,,,,,,,,,,,,,,,,,,"14000US34023000100",,,"4723762","46648",1844,213,1631,11.55,88.45
"34023000200","Census Tract 2","Census Tract 2, Middlesex County, New Jersey","nj","140","00","ACSSF","0002499",,,,,"34","023",,,,"000200",,,,,,,,,,,,,,,,,,,,,,,,,,,,,,,,,,,"14000US34023000200",,,"4310874","9308",1284,69,1215,5.37,94.63
"34023000300","Census Tract 3","Census Tract 3, Middlesex County, New Jersey","nj","140","00","ACSSF","0002500",,,,,"34","023",,,,"000300",,,,,,,,,,,,,,,,,,,,,,,,,,,,,,,,,,,"14000US34023000300",,,"2751129","0",1858,236,1622,12.7,87.3
"34023000401","Census Tract 4.01","Census Tract 4.01, Middlesex County, New Jersey","nj","140","00","ACSSF","0002501",,,,,"34","023",,,,"000401",,,,,,,,,,,,,,,,,,,,,,,,,,,,,,,,,,,"14000US34023000401",,,"2232066","4973",808,24,784,2.97,97.03
"34023000403","Census Tract 4.03","Census Tract 4.03, Middlesex County, New Jersey","nj","140","00","ACSSF","0002502",,,,,"34","023",,,,"000403",,,,,,,,,,,,,,,,,,,,,,,,,,,,,,,,,,,"14000US34023000403",,,"2205921","8730",1413,44,1369,3.11,96.89
"34023000404","Census Tract 4.04","Census Tract 4.04, Middlesex County, New Jersey","nj","140","00","ACSSF","0002503",,,,,"34","023",,,,"000404",,,,,,,,,,,,,,,,,,,,,,,,,,,,,,,,,,,"14000US34023000404",,,"2455193","29771",843,189,654,22.42,77.58
"34023000501","Census Tract 5.01","Census Tract 5.01, Middlesex County, New Jersey","nj","140","00","ACSSF","0002504",,,,,"34","023",,,,"000501",,,,,,,,,,,,,,,,,,,,,,,,,,,,,,,,,,,"14000US34023000501",,,"2499633","0",914,116,798,12.69,87.31
"34023000502","Census Tract 5.02","Census Tract 5.02, Middlesex County, New Jersey","nj","140","00","ACSSF","0002505",,,,,"34","023",,,,"000502",,,,,,,,,,,,,,,,,,,,,,,,,,,,,,,,,,,"14000US34023000502",,,"2350420","42498",1231,131,1100,10.64,89.36
"34023000603","Census Tract 6.03","Census Tract 6.03, Middlesex County, New Jersey","nj","140","00","ACSSF","0002506",,,,,"34","023",,,,"000603",,,,,,,,,,,,,,,,,,,,,,,,,,,,,,,,,,,"14000US34023000603",,,"10652242","43267",414,0,414,0,100
"34023000606","Census Tract 6.06","Census Tract 6.06, Middlesex County, New Jersey","nj","140","00","ACSSF","0002507",,,,,"34","023",,,,"000606",,,,,,,,,,,,,,,,,,,,,,,,,,,,,,,,,,,"14000US34023000606",,,"5074633","820",1259,124,1135,9.85,90.15
"34023000608","Census Tract 6.08","Census Tract 6.08, Middlesex County, New Jersey","nj","140","00","ACSSF","0002508",,,,,"34","023",,,,"000608",,,,,,,,,,,,,,,,,,,,,,,,,,,,,,,,,,,"14000US34023000608",,,"716364","0",394,77,317,19.54,80.46
"34023000701","Census Tract 7.01","Census Tract 7.01, Middlesex County, New Jersey","nj","140","00","ACSSF","0002509",,,,,"34","023",,,,"000701",,,,,,,,,,,,,,,,,,,,,,,,,,,,,,,,,,,"14000US34023000701",,,"4303258","77372",645,0,645,0,100
"34023000702","Census Tract 7.02","Census Tract 7.02, Middlesex County, New Jersey","nj","140","00","ACSSF","0002510",,,,,"34","023",,,,"000702",,,,,,,,,,,,,,,,,,,,,,,,,,,,,,,,,,,"14000US34023000702",,,"7885052","89813",1000,0,1000,0,100
"34023000801","Census Tract 8.01","Census Tract 8.01, Middlesex County, New Jersey","nj","140","00","ACSSF","0002511",,,,,"34","023",,,,"000801",,,,,,,,,,,,,,,,,,,,,,,,,,,,,,,,,,,"14000US34023000801",,,"1842791","0",794,13,781,1.64,98.36
"34023000802","Census Tract 8.02","Census Tract 8.02, Middlesex County, New Jersey","nj","140","00","ACSSF","0002512",,,,,"34","023",,,,"000802",,,,,,,,,,,,,,,,,,,,,,,,,,,,,,,,,,,"14000US34023000802",,,"1674143","0",685,90,595,13.14,86.86
"34023000901","Census Tract 9.01","Census Tract 9.01, Middlesex County, New Jersey","nj","140","00","ACSSF","0002513",,,,,"34","023",,,,"000901",,,,,,,,,,,,,,,,,,,,,,,,,,,,,,,,,,,"14000US34023000901",,,"1397812","86747",608,14,594,2.3,97.7
"34023000902","Census Tract 9.02","Census Tract 9.02, Middlesex County, New Jersey","nj","140","00","ACSSF","0002514",,,,,"34","023",,,,"000902",,,,,,,,,,,,,,,,,,,,,,,,,,,,,,,,,,,"14000US34023000902",,,"2589350","1258",889,0,889,0,100
"34023001001","Census Tract 10.01","Census Tract 10.01, Middlesex County, New Jersey","nj","140","00","ACSSF","0002515",,,,,"34","023",,,,"001001",,,,,,,,,,,,,,,,,,,,,,,,,,,,,,,,,,,"14000US34023001001",,,"1887963","1490",577,0,577,0,100
"34023001002","Census Tract 10.02","Census Tract 10.02, Middlesex County, New Jersey","nj","140","00","ACSSF","0002516",,,,,"34","023",,,,"001002",,,,,,,,,,,,,,,,,,,,,,,,,,,,,,,,,,,"14000US34023001002",,,"12094845","935",1536,0,1536,0,100
"34023001100","Census Tract 11","Census Tract 11, Middlesex County, New Jersey","nj","140","00","ACSSF","0002517",,,,,"34","023",,,,"001100",,,,,,,,,,,,,,,,,,,,,,,,,,,,,,,,,,,"14000US34023001100",,,"2014470","14075",830,44,786,5.3,94.7
"34023001200","Census Tract 12","Census Tract 12, Middlesex County, New Jersey","nj","140","00","ACSSF","0002518",,,,,"34","023",,,,"001200",,,,,,,,,,,,,,,,,,,,,,,,,,,,,,,,,,,"14000US34023001200",,,"1296681","0",1129,207,922,18.33,81.67
"34023001300","Census Tract 13","Census Tract 13, Middlesex County, New Jersey","nj","140","00","ACSSF","0002519",,,,,"34","023",,,,"001300",,,,,,,,,,,,,,,,,,,,,,,,,,,,,,,,,,,"14000US34023001300",,,"1405416","5418",1053,144,909,13.68,86.32
"34023001409","Census Tract 14.09","Census Tract 14.09, Middlesex County, New Jersey","nj","140","00","ACSSF","0002520",,,,,"34","023",,,,"001409",,,,,,,,,,,,,,,,,,,,,,,,,,,,,,,,,,,"14000US34023001409",,,"2693909","378",613,60,553,9.79,90.21
"34023001410","Census Tract 14.10","Census Tract 14.10, Middlesex County, New Jersey","nj","140","00","ACSSF","0002521",,,,,"34","023",,,,"001410",,,,,,,,,,,,,,,,,,,,,,,,,,,,,,,,,,,"14000US34023001410",,,"1989399","0",747,28,719,3.75,96.25
"34023001411","Census Tract 14.11","Census Tract 14.11, Middlesex County, New Jersey","nj","140","00","ACSSF","0002522",,,,,"34","023",,,,"001411",,,,,,,,,,,,,,,,,,,,,,,,,,,,,,,,,,,"14000US34023001411",,,"2387775","0",696,21,675,3.02,96.98
"34023001412","Census Tract 14.12","Census Tract 14.12, Middlesex County, New Jersey","nj","140","00","ACSSF","0002523",,,,,"34","023",,,,"001412",,,,,,,,,,,,,,,,,,,,,,,,,,,,,,,,,,,"14000US34023001412",,,"4399226","7374",846,0,846,0,100
"34023001413","Census Tract 14.13","Census Tract 14.13, Middlesex County, New Jersey","nj","140","00","ACSSF","0002524",,,,,"34","023",,,,"001413",,,,,,,,,,,,,,,,,,,,,,,,,,,,,,,,,,,"14000US34023001413",,,"3392108","10258",1442,256,1186,17.75,82.25
"34023001414","Census Tract 14.14","Census Tract 14.14, Middlesex County, New Jersey","nj","140","00","ACSSF","0002525",,,,,"34","023",,,,"001414",,,,,,,,,,,,,,,,,,,,,,,,,,,,,,,,,,,"14000US34023001414",,,"3170905","0",1517,106,1411,6.99,93.01
"34023001415","Census Tract 14.15","Census Tract 14.15, Middlesex County, New Jersey","nj","140","00","ACSSF","0002526",,,,,"34","023",,,,"001415",,,,,,,,,,,,,,,,,,,,,,,,,,,,,,,,,,,"14000US34023001415",,,"5372214","2595",1104,10,1094,0.91,99.09
"34023001416","Census Tract 14.16","Census Tract 14.16, Middlesex County, New Jersey","nj","140","00","ACSSF","0002527",,,,,"34","023",,,,"001416",,,,,,,,,,,,,,,,,,,,,,,,,,,,,,,,,,,"14000US34023001416",,,"2577368","1336",2021,64,1957,3.17,96.83
"34023001417","Census Tract 14.17","Census Tract 14.17, Middlesex County, New Jersey","nj","140","00","ACSSF","0002528",,,,,"34","023",,,,"001417",,,,,,,,,,,,,,,,,,,,,,,,,,,,,,,,,,,"14000US34023001417",,,"1667918","0",433,13,420,3,97
"34023001502","Census Tract 15.02","Census Tract 15.02, Middlesex County, New Jersey","nj","140","00","ACSSF","0002529",,,,,"34","023",,,,"001502",,,,,,,,,,,,,,,,,,,,,,,,,,,,,,,,,,,"14000US34023001502",,,"3666062","64495",1675,143,1532,8.54,91.46
"34023001504","Census Tract 15.04","Census Tract 15.04, Middlesex County, New Jersey","nj","140","00","ACSSF","0002530",,,,,"34","023",,,,"001504",,,,,,,,,,,,,,,,,,,,,,,,,,,,,,,,,,,"14000US34023001504",,,"3625821","0",1449,36,1413,2.48,97.52
"34023001505","Census Tract 15.05","Census Tract 15.05, Middlesex County, New Jersey","nj","140","00","ACSSF","0002531",,,,,"34","023",,,,"001505",,,,,,,,,,,,,,,,,,,,,,,,,,,,,,,,,,,"14000US34023001505",,,"1732119","7265",569,4,565,0.7,99.3
"34023001506","Census Tract 15.06","Census Tract 15.06, Middlesex County, New Jersey","nj","140","00","ACSSF","0002532",,,,,"34","023",,,,"001506",,,,,,,,,,,,,,,,,,,,,,,,,,,,,,,,,,,"14000US34023001506",,,"3521268","15028",1545,96,1449,6.21,93.79
"34023001600","Census Tract 16","Census Tract 16, Middlesex County, New Jersey","nj","140","00","ACSSF","0002533",,,,,"34","023",,,,"001600",,,,,,,,,,,,,,,,,,,,,,,,,,,,,,,,,,,"14000US34023001600",,,"1421655","0",919,20,899,2.18,97.82
"34023001701","Census Tract 17.01","Census Tract 17.01, Middlesex County, New Jersey","nj","140","00","ACSSF","0002534",,,,,"34","023",,,,"001701",,,,,,,,,,,,,,,,,,,,,,,,,,,,,,,,,,,"14000US34023001701",,,"3783707","0",1003,69,934,6.88,93.12
"34023001702","Census Tract 17.02","Census Tract 17.02, Middlesex County, New Jersey","nj","140","00","ACSSF","0002535",,,,,"34","023",,,,"001702",,,,,,,,,,,,,,,,,,,,,,,,,,,,,,,,,,,"14000US34023001702",,,"1571305","0",597,25,572,4.19,95.81
"34023001803","Census Tract 18.03","Census Tract 18.03, Middlesex County, New Jersey","nj","140","00","ACSSF","0002536",,,,,"34","023",,,,"001803",,,,,,,,,,,,,,,,,,,,,,,,,,,,,,,,,,,"14000US34023001803",,,"2176244","19135",577,14,563,2.43,97.57
"34023001804","Census Tract 18.04","Census Tract 18.04, Middlesex County, New Jersey","nj","140","00","ACSSF","0002537",,,,,"34","023",,,,"001804",,,,,,,,,,,,,,,,,,,,,,,,,,,,,,,,,,,"14000US34023001804",,,"2097336","0",797,120,677,15.06,84.94
"34023001805","Census Tract 18.05","Census Tract 18.05, Middlesex County, New Jersey","nj","140","00","ACSSF","0002538",,,,,"34","023",,,,"001805",,,,,,,,,,,,,,,,,,,,,,,,,,,,,,,,,,,"14000US34023001805",,,"4079928","6158",1314,48,1266,3.65,96.35
"34023001901","Census Tract 19.01","Census Tract 19.01, Middlesex County, New Jersey","nj","140","00","ACSSF","0002539",,,,,"34","023",,,,"001901",,,,,,,,,,,,,,,,,,,,,,,,,,,,,,,,,,,"14000US34023001901",,,"2850475","35335",923,6,917,0.65,99.35
"34023001902","Census Tract 19.02","Census Tract 19.02, Middlesex County, New Jersey","nj","140","00","ACSSF","0002540",,,,,"34","023",,,,"001902",,,,,,,,,,,,,,,,,,,,,,,,,,,,,,,,,,,"14000US34023001902",,,"843766","0",439,0,439,0,100
"34023001903","Census Tract 19.03","Census Tract 19.03, Middlesex County, New Jersey","nj","140","00","ACSSF","0002541",,,,,"34","023",,,,"001903",,,,,,,,,,,,,,,,,,,,,,,,,,,,,,,,,,,"14000US34023001903",,,"1255412","0",629,0,629,0,100
"34023002000","Census Tract 20","Census Tract 20, Middlesex County, New Jersey","nj","140","00","ACSSF","0002542",,,,,"34","023",,,,"002000",,,,,,,,,,,,,,,,,,,,,,,,,,,,,,,,,,,"14000US34023002000",,,"2611991","5082",966,0,966,0,100
"34023002101","Census Tract 21.01","Census Tract 21.01, Middlesex County, New Jersey","nj","140","00","ACSSF","0002543",,,,,"34","023",,,,"002101",,,,,,,,,,,,,,,,,,,,,,,,,,,,,,,,,,,"14000US34023002101",,,"1241167","0",582,9,573,1.55,98.45
"34023002102","Census Tract 21.02","Census Tract 21.02, Middlesex County, New Jersey","nj","140","00","ACSSF","0002544",,,,,"34","023",,,,"002102",,,,,,,,,,,,,,,,,,,,,,,,,,,,,,,,,,,"14000US34023002102",,,"1849642","0",912,0,912,0,100
"34023002200","Census Tract 22","Census Tract 22, Middlesex County, New Jersey","nj","140","00","ACSSF","0002545",,,,,"34","023",,,,"002200",,,,,,,,,,,,,,,,,,,,,,,,,,,,,,,,,,,"14000US34023002200",,,"1676936","1241",879,0,879,0,100
"34023002301","Census Tract 23.01","Census Tract 23.01, Middlesex County, New Jersey","nj","140","00","ACSSF","0002546",,,,,"34","023",,,,"002301",,,,,,,,,,,,,,,,,,,,,,,,,,,,,,,,,,,"14000US34023002301",,,"1709039","0",652,0,652,0,100
"34023002302","Census Tract 23.02","Census Tract 23.02, Middlesex County, New Jersey","nj","140","00","ACSSF","0002547",,,,,"34","023",,,,"002302",,,,,,,,,,,,,,,,,,,,,,,,,,,,,,,,,,,"14000US34023002302",,,"1718222","0",714,0,714,0,100
"34023002401","Census Tract 24.01","Census Tract 24.01, Middlesex County, New Jersey","nj","140","00","ACSSF","0002548",,,,,"34","023",,,,"002401",,,,,,,,,,,,,,,,,,,,,,,,,,,,,,,,,,,"14000US34023002401",,,"2733247","647",1205,139,1066,11.54,88.46
"34023002402","Census Tract 24.02","Census Tract 24.02, Middlesex County, New Jersey","nj","140","00","ACSSF","0002549",,,,,"34","023",,,,"002402",,,,,,,,,,,,,,,,,,,,,,,,,,,,,,,,,,,"14000US34023002402",,,"2580526","8851",319,13,306,4.08,95.92
"34023002500","Census Tract 25","Census Tract 25, Middlesex County, New Jersey","nj","140","00","ACSSF","0002550",,,,,"34","023",,,,"002500",,,,,,,,,,,,,,,,,,,,,,,,,,,,,,,,,,,"14000US34023002500",,,"2442040","0",1206,117,1089,9.7,90.3
"34023002603","Census Tract 26.03","Census Tract 26.03, Middlesex County, New Jersey","nj","140","00","ACSSF","0002551",,,,,"34","023",,,,"002603",,,,,,,,,,,,,,,,,,,,,,,,,,,,,,,,,,,"14000US34023002603",,,"1901003","0",933,99,834,10.61,89.39
"34023002604","Census Tract 26.04","Census Tract 26.04, Middlesex County, New Jersey","nj","140","00","ACSSF","0002552",,,,,"34","023",,,,"002604",,,,,,,,,,,,,,,,,,,,,,,,,,,,,,,,,,,"14000US34023002604",,,"3171742","1380",1127,0,1127,0,100
"34023002605","Census Tract 26.05","Census Tract 26.05, Middlesex County, New Jersey","nj","140","00","ACSSF","0002553",,,,,"34","023",,,,"002605",,,,,,,,,,,,,,,,,,,,,,,,,,,,,,,,,,,"14000US34023002605",,,"1278629","0",517,12,505,2.32,97.68
"34023002701","Census Tract 27.01","Census Tract 27.01, Middlesex County, New Jersey","nj","140","00","ACSSF","0002554",,,,,"34","023",,,,"002701",,,,,,,,,,,,,,,,,,,,,,,,,,,,,,,,,,,"14000US34023002701",,,"2056773","0",1570,25,1545,1.59,98.41
"34023002703","Census Tract 27.03","Census Tract 27.03, Middlesex County, New Jersey","nj","140","00","ACSSF","0002555",,,,,"34","023",,,,"002703",,,,,,,,,,,,,,,,,,,,,,,,,,,,,,,,,,,"14000US34023002703",,,"2118399","0",1136,32,1104,2.82,97.18
"34023002805","Census Tract 28.05","Census Tract 28.05, Middlesex County, New Jersey","nj","140","00","ACSSF","0002556",,,,,"34","023",,,,"002805",,,,,,,,,,,,,,,,,,,,,,,,,,,,,,,,,,,"14000US34023002805",,,"1356258","0",466,0,466,0,100
"34023002901","Census Tract 29.01","Census Tract 29.01, Middlesex County, New Jersey","nj","140","00","ACSSF","0002557",,,,,"34","023",,,,"002901",,,,,,,,,,,,,,,,,,,,,,,,,,,,,,,,,,,"14000US34023002901",,,"2125046","20842",829,0,829,0,100
"34023002902","Census Tract 29.02","Census Tract 29.02, Middlesex County, New Jersey","nj","140","00","ACSSF","0002558",,,,,"34","023",,,,"002902",,,,,,,,,,,,,,,,,,,,,,,,,,,,,,,,,,,"14000US34023002902",,,"951994","0",721,154,567,21.36,78.64
"34023003001","Census Tract 30.01","Census Tract 30.01, Middlesex County, New Jersey","nj","140","00","ACSSF","0002559",,,,,"34","023",,,,"003001",,,,,,,,,,,,,,,,,,,,,,,,,,,,,,,,,,,"14000US34023003001",,,"1803502","5596",945,91,854,9.63,90.37
"34023003002","Census Tract 30.02","Census Tract 30.02, Middlesex County, New Jersey","nj","140","00","ACSSF","0002560",,,,,"34","023",,,,"003002",,,,,,,,,,,,,,,,,,,,,,,,,,,,,,,,,,,"14000US34023003002",,,"4044329","10275",1591,0,1591,0,100
"34023003101","Census Tract 31.01","Census Tract 31.01, Middlesex County, New Jersey","nj","140","00","ACSSF","0002561",,,,,"34","023",,,,"003101",,,,,,,,,,,,,,,,,,,,,,,,,,,,,,,,,,,"14000US34023003101",,,"1747357","1333",471,24,447,5.1,94.9
"34023003102","Census Tract 31.02","Census Tract 31.02, Middlesex County, New Jersey","nj","140","00","ACSSF","0002562",,,,,"34","023",,,,"003102",,,,,,,,,,,,,,,,,,,,,,,,,,,,,,,,,,,"14000US34023003102",,,"1529312","0",985,137,848,13.91,86.09
"34023003201","Census Tract 32.01","Census Tract 32.01, Middlesex County, New Jersey","nj","140","00","ACSSF","0002563",,,,,"34","023",,,,"003201",,,,,,,,,,,,,,,,,,,,,,,,,,,,,,,,,,,"14000US34023003201",,,"1293617","0",682,11,671,1.61,98.39
"34023003203","Census Tract 32.03","Census Tract 32.03, Middlesex County, New Jersey","nj","140","00","ACSSF","0002564",,,,,"34","023",,,,"003203",,,,,,,,,,,,,,,,,,,,,,,,,,,,,,,,,,,"14000US34023003203",,,"1197062","0",906,37,869,4.08,95.92
"34023003300","Census Tract 33","Census Tract 33, Middlesex County, New Jersey","nj","140","00","ACSSF","0002565",,,,,"34","023",,,,"003300",,,,,,,,,,,,,,,,,,,,,,,,,,,,,,,,,,,"14000US34023003300",,,"4142021","264486",1161,155,1006,13.35,86.65
"34023003401","Census Tract 34.01","Census Tract 34.01, Middlesex County, New Jersey","nj","140","00","ACSSF","0002566",,,,,"34","023",,,,"003401",,,,,,,,,,,,,,,,,,,,,,,,,,,,,,,,,,,"14000US34023003401",,,"5203499","1573638",725,0,725,0,100
"34023003500","Census Tract 35","Census Tract 35, Middlesex County, New Jersey","nj","140","00","ACSSF","0002567",,,,,"34","023",,,,"003500",,,,,,,,,,,,,,,,,,,,,,,,,,,,,,,,,,,"14000US34023003500",,,"2782505","78751",688,82,606,11.92,88.08
"34023003600","Census Tract 36","Census Tract 36, Middlesex County, New Jersey","nj","140","00","ACSSF","0002568",,,,,"34","023",,,,"003600",,,,,,,,,,,,,,,,,,,,,,,,,,,,,,,,,,,"14000US34023003600",,,"3832620","429112",1857,560,1297,30.16,69.84
"34023003700","Census Tract 37","Census Tract 37, Middlesex County, New Jersey","nj","140","00","ACSSF","0002569",,,,,"34","023",,,,"003700",,,,,,,,,,,,,,,,,,,,,,,,,,,,,,,,,,,"14000US34023003700",,,"1229516","7162",933,0,933,0,100
"34023003800","Census Tract 38","Census Tract 38, Middlesex County, New Jersey","nj","140","00","ACSSF","0002570",,,,,"34","023",,,,"003800",,,,,,,,,,,,,,,,,,,,,,,,,,,,,,,,,,,"14000US34023003800",,,"1854061","0",1781,446,1335,25.04,74.96
"34023004000","Census Tract 40","Census Tract 40, Middlesex County, New Jersey","nj","140","00","ACSSF","0002571",,,,,"34","023",,,,"004000",,,,,,,,,,,,,,,,,,,,,,,,,,,,,,,,,,,"14000US34023004000",,,"2084421","10003",960,57,903,5.94,94.06
"34023004100","Census Tract 41","Census Tract 41, Middlesex County, New Jersey","nj","140","00","ACSSF","0002572",,,,,"34","023",,,,"004100",,,,,,,,,,,,,,,,,,,,,,,,,,,,,,,,,,,"14000US34023004100",,,"544514","0",546,64,482,11.72,88.28
"34023004200","Census Tract 42","Census Tract 42, Middlesex County, New Jersey","nj","140","00","ACSSF","0002573",,,,,"34","023",,,,"004200",,,,,,,,,,,,,,,,,,,,,,,,,,,,,,,,,,,"14000US34023004200",,,"589568","0",881,146,735,16.57,83.43
"34023004300","Census Tract 43","Census Tract 43, Middlesex County, New Jersey","nj","140","00","ACSSF","0002574",,,,,"34","023",,,,"004300",,,,,,,,,,,,,,,,,,,,,,,,,,,,,,,,,,,"14000US34023004300",,,"639183","0",1065,326,739,30.61,69.39
"34023004400","Census Tract 44","Census Tract 44, Middlesex County, New Jersey","nj","140","00","ACSSF","0002575",,,,,"34","023",,,,"004400",,,,,,,,,,,,,,,,,,,,,,,,,,,,,,,,,,,"14000US34023004400",,,"472411","0",1245,263,982,21.12,78.88
"34023004500","Census Tract 45","Census Tract 45, Middlesex County, New Jersey","nj","140","00","ACSSF","0002576",,,,,"34","023",,,,"004500",,,,,,,,,,,,,,,,,,,,,,,,,,,,,,,,,,,"14000US34023004500",,,"3352417","1165893",2626,794,1832,30.24,69.76
"34023004600","Census Tract 46","Census Tract 46, Middlesex County, New Jersey","nj","140","00","ACSSF","0002577",,,,,"34","023",,,,"004600",,,,,,,,,,,,,,,,,,,,,,,,,,,,,,,,,,,"14000US34023004600",,,"735794","255495",1631,535,1096,32.8,67.2
"34023004700","Census Tract 47","Census Tract 47, Middlesex County, New Jersey","nj","140","00","ACSSF","0002578",,,,,"34","023",,,,"004700",,,,,,,,,,,,,,,,,,,,,,,,,,,,,,,,,,,"14000US34023004700",,,"648594","0",1194,281,913,23.53,76.47
"34023004800","Census Tract 48","Census Tract 48, Middlesex County, New Jersey","nj","140","00","ACSSF","0002579",,,,,"34","023",,,,"004800",,,,,,,,,,,,,,,,,,,,,,,,,,,,,,,,,,,"14000US34023004800",,,"1724462","694047",1314,505,809,38.43,61.57
"34023004900","Census Tract 49","Census Tract 49, Middlesex County, New Jersey","nj","140","00","ACSSF","0002580",,,,,"34","023",,,,"004900",,,,,,,,,,,,,,,,,,,,,,,,,,,,,,,,,,,"14000US34023004900",,,"586203","167137",1136,551,585,48.5,51.5
"34023005000","Census Tract 50","Census Tract 50, Middlesex County, New Jersey","nj","140","00","ACSSF","0002581",,,,,"34","023",,,,"005000",,,,,,,,,,,,,,,,,,,,,,,,,,,,,,,,,,,"14000US34023005000",,,"697208","987870",1313,218,1095,16.6,83.4
"34023005100","Census Tract 51","Census Tract 51, Middlesex County, New Jersey","nj","140","00","ACSSF","0002582",,,,,"34","023",,,,"005100",,,,,,,,,,,,,,,,,,,,,,,,,,,,,,,,,,,"14000US34023005100",,,"1631211","389513",288,45,243,15.62,84.38
"34023005200","Census Tract 52","Census Tract 52, Middlesex County, New Jersey","nj","140","00","ACSSF","0002583",,,,,"34","023",,,,"005200",,,,,,,,,,,,,,,,,,,,,,,,,,,,,,,,,,,"14000US34023005200",,,"548120","0",936,387,549,41.35,58.65
"34023005300","Census Tract 53","Census Tract 53, Middlesex County, New Jersey","nj","140","00","ACSSF","0002584",,,,,"34","023",,,,"005300",,,,,,,,,,,,,,,,,,,,,,,,,,,,,,,,,,,"14000US34023005300",,,"423510","0",1118,620,498,55.46,44.54
"34023005500","Census Tract 55","Census Tract 55, Middlesex County, New Jersey","nj","140","00","ACSSF","0002585",,,,,"34","023",,,,"005500",,,,,,,,,,,,,,,,,,,,,,,,,,,,,,,,,,,"14000US34023005500",,,"3062465","0",1192,530,662,44.46,55.54
"34023005601","Census Tract 56.01","Census Tract 56.01, Middlesex County, New Jersey","nj","140","00","ACSSF","0002586",,,,,"34","023",,,,"005601",,,,,,,,,,,,,,,,,,,,,,,,,,,,,,,,,,,"14000US34023005601",,,"783608","0",815,394,421,48.34,51.66
"34023005602","Census Tract 56.02","Census Tract 56.02, Middlesex County, New Jersey","nj","140","00","ACSSF","0002587",,,,,"34","023",,,,"005602",,,,,,,,,,,,,,,,,,,,,,,,,,,,,,,,,,,"14000US34023005602",,,"693787","0",2632,1075,1557,40.84,59.16
"34023005700","Census Tract 57","Census Tract 57, Middlesex County, New Jersey","nj","140","00","ACSSF","0002588",,,,,"34","023",,,,"005700",,,,,,,,,,,,,,,,,,,,,,,,,,,,,,,,,,,"14000US34023005700",,,"723125","0",1498,508,990,33.91,66.09
"34023005800","Census Tract 58","Census Tract 58, Middlesex County, New Jersey","nj","140","00","ACSSF","0002589",,,,,"34","023",,,,"005800",,,,,,,,,,,,,,,,,,,,,,,,,,,,,,,,,,,"14000US34023005800",,,"519419","0",1589,764,825,48.08,51.92
"34023006001","Census Tract 60.01","Census Tract 60.01, Middlesex County, New Jersey","nj","140","00","ACSSF","0002590",,,,,"34","023",,,,"006001",,,,,,,,,,,,,,,,,,,,,,,,,,,,,,,,,,,"14000US34023006001",,,"1932515","435484",499,8,491,1.6,98.4
"34023006002","Census Tract 60.02","Census Tract 60.02, Middlesex County, New Jersey","nj","140","00","ACSSF","0002591",,,,,"34","023",,,,"006002",,,,,,,,,,,,,,,,,,,,,,,,,,,,,,,,,,,"14000US34023006002",,,"2221844","275469",716,174,542,24.3,75.7
"34023006101","Census Tract 61.01","Census Tract 61.01, Middlesex County, New Jersey","nj","140","00","ACSSF","0002592",,,,,"34","023",,,,"006101",,,,,,,,,,,,,,,,,,,,,,,,,,,,,,,,,,,"14000US34023006101",,,"3298264","0",1422,369,1053,25.95,74.05
"34023006103","Census Tract 61.03","Census Tract 61.03, Middlesex County, New Jersey","nj","140","00","ACSSF","0002593",,,,,"34","023",,,,"006103",,,,,,,,,,,,,,,,,,,,,,,,,,,,,,,,,,,"14000US34023006103",,,"2845215","9920",1084,17,1067,1.57,98.43
"34023006104","Census Tract 61.04","Census Tract 61.04, Middlesex County, New Jersey","nj","140","00","ACSSF","0002594",,,,,"34","023",,,,"006104",,,,,,,,,,,,,,,,,,,,,,,,,,,,,,,,,,,"14000US34023006104",,,"3023284","0",859,8,851,0.93,99.07
"34023006203","Census Tract 62.03","Census Tract 62.03, Middlesex County, New Jersey","nj","140","00","ACSSF","0002595",,,,,"34","023",,,,"006203",,,,,,,,,,,,,,,,,,,,,,,,,,,,,,,,,,,"14000US34023006203",,,"8825350","251940",2372,416,1956,17.54,82.46
"34023006204","Census Tract 62.04","Census Tract 62.04, Middlesex County, New Jersey","nj","140","00","ACSSF","0002596",,,,,"34","023",,,,"006204",,,,,,,,,,,,,,,,,,,,,,,,,,,,,,,,,,,"14000US34023006204",,,"1170010","0",378,29,349,7.67,92.33
"34023006205","Census Tract 62.05","Census Tract 62.05, Middlesex County, New Jersey","nj","140","00","ACSSF","0002597",,,,,"34","023",,,,"006205",,,,,,,,,,,,,,,,,,,,,,,,,,,,,,,,,,,"14000US34023006205",,,"3828903","34049",1236,41,1195,3.32,96.68
"34023006206","Census Tract 62.06","Census Tract 62.06, Middlesex County, New Jersey","nj","140","00","ACSSF","0002598",,,,,"34","023",,,,"006206",,,,,,,,,,,,,,,,,,,,,,,,,,,,,,,,,,,"14000US34023006206",,,"4154016","405821",387,0,387,0,100
"34023006207","Census Tract 62.07","Census Tract 62.07, Middlesex County, New Jersey","nj","140","00","ACSSF","0002599",,,,,"34","023",,,,"006207",,,,,,,,,,,,,,,,,,,,,,,,,,,,,,,,,,,"14000US34023006207",,,"4017462","12954",1698,485,1213,28.56,71.44
"34023006300","Census Tract 63","Census Tract 63, Middlesex County, New Jersey","nj","140","00","ACSSF","0002600",,,,,"34","023",,,,"006300",,,,,,,,,,,,,,,,,,,,,,,,,,,,,,,,,,,"14000US34023006300",,,"4023814","106413",1590,190,1400,11.95,88.05
"34023006403","Census Tract 64.03","Census Tract 64.03, Middlesex County, New Jersey","nj","140","00","ACSSF","0002601",,,,,"34","023",,,,"006403",,,,,,,,,,,,,,,,,,,,,,,,,,,,,,,,,,,"14000US34023006403",,,"6127247","646478",633,6,627,0.95,99.05
"34023006500","Census Tract 65","Census Tract 65, Middlesex County, New Jersey","nj","140","00","ACSSF","0002602",,,,,"34","023",,,,"006500",,,,,,,,,,,,,,,,,,,,,,,,,,,,,,,,,,,"14000US34023006500",,,"5178980","530",1490,75,1415,5.03,94.97
"34023006601","Census Tract 66.01","Census Tract 66.01, Middlesex County, New Jersey","nj","140","00","ACSSF","0002603",,,,,"34","023",,,,"006601",,,,,,,,,,,,,,,,,,,,,,,,,,,,,,,,,,,"14000US34023006601",,,"10964209","484871",467,44,423,9.42,90.58
"34023006604","Census Tract 66.04","Census Tract 66.04, Middlesex County, New Jersey","nj","140","00","ACSSF","0002604",,,,,"34","023",,,,"006604",,,,,,,,,,,,,,,,,,,,,,,,,,,,,,,,,,,"14000US34023006604",,,"8423889","372",1265,17,1248,1.34,98.66
"34023006605","Census Tract 66.05","Census Tract 66.05, Middlesex County, New Jersey","nj","140","00","ACSSF","0002605",,,,,"34","023",,,,"006605",,,,,,,,,,,,,,,,,,,,,,,,,,,,,,,,,,,"14000US34023006605",,,"4846387","79472",978,6,972,0.61,99.39
"34023006606","Census Tract 66.06","Census Tract 66.06, Middlesex County, New Jersey","nj","140","00","ACSSF","0002606",,,,,"34","023",,,,"006606",,,,,,,,,,,,,,,,,,,,,,,,,,,,,,,,,,,"14000US34023006606",,,"2912009","0",688,5,683,0.73,99.27
"34023006607","Census Tract 66.07","Census Tract 66.07, Middlesex County, New Jersey","nj","140","00","ACSSF","0002607",,,,,"34","023",,,,"006607",,,,,,,,,,,,,,,,,,,,,,,,,,,,,,,,,,,"14000US34023006607",,,"2631656","0",507,22,485,4.34,95.66
"34023006608","Census Tract 66.08","Census Tract 66.08, Middlesex County, New Jersey","nj","140","00","ACSSF","0002608",,,,,"34","023",,,,"006608",,,,,,,,,,,,,,,,,,,,,,,,,,,,,,,,,,,"14000US34023006608",,,"2355461","849",632,31,601,4.91,95.09
"34023006701","Census Tract 67.01","Census Tract 67.01, Middlesex County, New Jersey","nj","140","00","ACSSF","0002609",,,,,"34","023",,,,"006701",,,,,,,,,,,,,,,,,,,,,,,,,,,,,,,,,,,"14000US34023006701",,,"3461700","97412",694,11,683,1.59,98.41
"34023006703","Census Tract 67.03","Census Tract 67.03, Middlesex County, New Jersey","nj","140","00","ACSSF","0002610",,,,,"34","023",,,,"006703",,,,,,,,,,,,,,,,,,,,,,,,,,,,,,,,,,,"14000US34023006703",,,"3526177","109478",1345,169,1176,12.57,87.43
"34023006800","Census Tract 68","Census Tract 68, Middlesex County, New Jersey","nj","140","00","ACSSF","0002611",,,,,"34","023",,,,"006800",,,,,,,,,,,,,,,,,,,,,,,,,,,,,,,,,,,"14000US34023006800",,,"2502459","137913",1246,124,1122,9.95,90.05
"34023006900","Census Tract 69","Census Tract 69, Middlesex County, New Jersey","nj","140","00","ACSSF","0002612",,,,,"34","023",,,,"006900",,,,,,,,,,,,,,,,,,,,,,,,,,,,,,,,,,,"14000US34023006900",,,"963760","84817",920,329,591,35.76,64.24
"34023007000","Census Tract 70","Census Tract 70, Middlesex County, New Jersey","nj","140","00","ACSSF","0002613",,,,,"34","023",,,,"007000",,,,,,,,,,,,,,,,,,,,,,,,,,,,,,,,,,,"14000US34023007000",,,"3746925","178290",1642,158,1484,9.62,90.38
"34023007101","Census Tract 71.01","Census Tract 71.01, Middlesex County, New Jersey","nj","140","00","ACSSF","0002614",,,,,"34","023",,,,"007101",,,,,,,,,,,,,,,,,,,,,,,,,,,,,,,,,,,"14000US34023007101",,,"4268058","693471",766,96,670,12.53,87.47
"34023007102","Census Tract 71.02","Census Tract 71.02, Middlesex County, New Jersey","nj","140","00","ACSSF","0002615",,,,,"34","023",,,,"007102",,,,,,,,,,,,,,,,,,,,,,,,,,,,,,,,,,,"14000US34023007102",,,"2186480","125193",1128,109,1019,9.66,90.34
"34023007103","Census Tract 71.03","Census Tract 71.03, Middlesex County, New Jersey","nj","140","00","ACSSF","0002616",,,,,"34","023",,,,"007103",,,,,,,,,,,,,,,,,,,,,,,,,,,,,,,,,,,"14000US34023007103",,,"8916458","540352",1550,275,1275,17.74,82.26
"34023007202","Census Tract 72.02","Census Tract 72.02, Middlesex County, New Jersey","nj","140","00","ACSSF","0002617",,,,,"34","023",,,,"007202",,,,,,,,,,,,,,,,,,,,,,,,,,,,,,,,,,,"14000US34023007202",,,"2711366","6269",812,38,774,4.68,95.32
"34023007203","Census Tract 72.03","Census Tract 72.03, Middlesex County, New Jersey","nj","140","00","ACSSF","0002618",,,,,"34","023",,,,"007203",,,,,,,,,,,,,,,,,,,,,,,,,,,,,,,,,,,"14000US34023007203",,,"2161941","86270",1209,208,1001,17.2,82.8
"34023007301","Census Tract 73.01","Census Tract 73.01, Middlesex County, New Jersey","nj","140","00","ACSSF","0002619",,,,,"34","023",,,,"007301",,,,,,,,,,,,,,,,,,,,,,,,,,,,,,,,,,,"14000US34023007301",,,"3030403","3662",570,20,550,3.51,96.49
"34023007303","Census Tract 73.03","Census Tract 73.03, Middlesex County, New Jersey","nj","140","00","ACSSF","0002620",,,,,"34","023",,,,"007303",,,,,,,,,,,,,,,,,,,,,,,,,,,,,,,,,,,"14000US34023007303",,,"984488","0",428,0,428,0,100
"34023007304","Census Tract 73.04","Census Tract 73.04, Middlesex County, New Jersey","nj","140","00","ACSSF","0002621",,,,,"34","023",,,,"007304",,,,,,,,,,,,,,,,,,,,,,,,,,,,,,,,,,,"14000US34023007304",,,"3057012","83810",1690,127,1563,7.51,92.49
"34023007402","Census Tract 74.02","Census Tract 74.02, Middlesex County, New Jersey","nj","140","00","ACSSF","0002622",,,,,"34","023",,,,"007402",,,,,,,,,,,,,,,,,,,,,,,,,,,,,,,,,,,"14000US34023007402",,,"4271701","3075230",662,36,626,5.44,94.56
"34023007500","Census Tract 75","Census Tract 75, Middlesex County, New Jersey","nj","140","00","ACSSF","0002623",,,,,"34","023",,,,"007500",,,,,,,,,,,,,,,,,,,,,,,,,,,,,,,,,,,"14000US34023007500",,,"2235926","1829569",591,25,566,4.23,95.77
"34023007600","Census Tract 76","Census Tract 76, Middlesex County, New Jersey","nj","140","00","ACSSF","0002624",,,,,"34","023",,,,"007600",,,,,,,,,,,,,,,,,,,,,,,,,,,,,,,,,,,"14000US34023007600",,,"1746799","1138316",1159,54,1105,4.66,95.34
"34023007702","Census Tract 77.02","Census Tract 77.02, Middlesex County, New Jersey","nj","140","00","ACSSF","0002625",,,,,"34","023",,,,"007702",,,,,,,,,,,,,,,,,,,,,,,,,,,,,,,,,,,"14000US34023007702",,,"27854147","122029",1376,74,1302,5.38,94.62
"34023007703","Census Tract 77.03","Census Tract 77.03, Middlesex County, New Jersey","nj","140","00","ACSSF","0002626",,,,,"34","023",,,,"007703",,,,,,,,,,,,,,,,,,,,,,,,,,,,,,,,,,,"14000US34023007703",,,"3308142","468930",864,0,864,0,100
"34023007704","Census Tract 77.04","Census Tract 77.04, Middlesex County, New Jersey","nj","140","00","ACSSF","0002627",,,,,"34","023",,,,"007704",,,,,,,,,,,,,,,,,,,,,,,,,,,,,,,,,,,"14000US34023007704",,,"1896495","0",559,18,541,3.22,96.78
"34023007801","Census Tract 78.01","Census Tract 78.01, Middlesex County, New Jersey","nj","140","00","ACSSF","0002628",,,,,"34","023",,,,"007801",,,,,,,,,,,,,,,,,,,,,,,,,,,,,,,,,,,"14000US34023007801",,,"14573178","282092",607,0,607,0,100
"34023007804","Census Tract 78.04","Census Tract 78.04, Middlesex County, New Jersey","nj","140","00","ACSSF","0002629",,,,,"34","023",,,,"007804",,,,,,,,,,,,,,,,,,,,,,,,,,,,,,,,,,,"14000US34023007804",,,"5272119","2950",931,61,870,6.55,93.45
"34023007805","Census Tract 78.05","Census Tract 78.05, Middlesex County, New Jersey","nj","140","00","ACSSF","0002630",,,,,"34","023",,,,"007805",,,,,,,,,,,,,,,,,,,,,,,,,,,,,,,,,,,"14000US34023007805",,,"1886033","0",1065,31,1034,2.91,97.09
"34023007806","Census Tract 78.06","Census Tract 78.06, Middlesex County, New Jersey","nj","140","00","ACSSF","0002631",,,,,"34","023",,,,"007806",,,,,,,,,,,,,,,,,,,,,,,,,,,,,,,,,,,"14000US34023007806",,,"2140745","0",758,0,758,0,100
"34023007905","Census Tract 79.05","Census Tract 79.05, Middlesex County, New Jersey","nj","140","00","ACSSF","0002632",,,,,"34","023",,,,"007905",,,,,,,,,,,,,,,,,,,,,,,,,,,,,,,,,,,"14000US34023007905",,,"1735990","0",413,43,370,10.41,89.59
"34023007906","Census Tract 79.06","Census Tract 79.06, Middlesex County, New Jersey","nj","140","00","ACSSF","0002633",,,,,"34","023",,,,"007906",,,,,,,,,,,,,,,,,,,,,,,,,,,,,,,,,,,"14000US34023007906",,,"1613162","0",315,54,261,17.14,82.86
"34023007907","Census Tract 79.07","Census Tract 79.07, Middlesex County, New Jersey","nj","140","00","ACSSF","0002634",,,,,"34","023",,,,"007907",,,,,,,,,,,,,,,,,,,,,,,,,,,,,,,,,,,"14000US34023007907",,,"2903152","1967",475,0,475,0,100
"34023007908","Census Tract 79.08","Census Tract 79.08, Middlesex County, New Jersey","nj","140","00","ACSSF","0002635",,,,,"34","023",,,,"007908",,,,,,,,,,,,,,,,,,,,,,,,,,,,,,,,,,,"14000US34023007908",,,"2587612","74961",1044,119,925,11.4,88.6
"34023007909","Census Tract 79.09","Census Tract 79.09, Middlesex County, New Jersey","nj","140","00","ACSSF","0002636",,,,,"34","023",,,,"007909",,,,,,,,,,,,,,,,,,,,,,,,,,,,,,,,,,,"14000US34023007909",,,"6477197","16797",955,0,955,0,100
"34023007910","Census Tract 79.10","Census Tract 79.10, Middlesex County, New Jersey","nj","140","00","ACSSF","0002637",,,,,"34","023",,,,"007910",,,,,,,,,,,,,,,,,,,,,,,,,,,,,,,,,,,"14000US34023007910",,,"6281621","101505",494,20,474,4.05,95.95
"34023007911","Census Tract 79.11","Census Tract 79.11, Middlesex County, New Jersey","nj","140","00","ACSSF","0002638",,,,,"34","023",,,,"007911",,,,,,,,,,,,,,,,,,,,,,,,,,,,,,,,,,,"14000US34023007911",,,"5803727","8685",754,0,754,0,100
"34023007912","Census Tract 79.12","Census Tract 79.12, Middlesex County, New Jersey","nj","140","00","ACSSF","0002639",,,,,"34","023",,,,"007912",,,,,,,,,,,,,,,,,,,,,,,,,,,,,,,,,,,"14000US34023007912",,,"6917191","3816",1213,0,1213,0,100
"34023008001","Census Tract 80.01","Census Tract 80.01, Middlesex County, New Jersey","nj","140","00","ACSSF","0002640",,,,,"34","023",,,,"008001",,,,,,,,,,,,,,,,,,,,,,,,,,,,,,,,,,,"14000US34023008001",,,"7638755","6026921",1302,1,1301,0.08,99.92
"34023008101","Census Tract 81.01","Census Tract 81.01, Middlesex County, New Jersey","nj","140","00","ACSSF","0002641",,,,,"34","023",,,,"008101",,,,,,,,,,,,,,,,,,,,,,,,,,,,,,,,,,,"14000US34023008101",,,"3870395","278703",764,76,688,9.95,90.05
"34023008102","Census Tract 81.02","Census Tract 81.02, Middlesex County, New Jersey","nj","140","00","ACSSF","0002642",,,,,"34","023",,,,"008102",,,,,,,,,,,,,,,,,,,,,,,,,,,,,,,,,,,"14000US34023008102",,,"2105615","757",904,44,860,4.87,95.13
"34023008103","Census Tract 81.03","Census Tract 81.03, Middlesex County, New Jersey","nj","140","00","ACSSF","0002643",,,,,"34","023",,,,"008103",,,,,,,,,,,,,,,,,,,,,,,,,,,,,,,,,,,"14000US34023008103",,,"2145336","126737",422,0,422,0,100
"34023008202","Census Tract 82.02","Census Tract 82.02, Middlesex County, New Jersey","nj","140","00","ACSSF","0002644",,,,,"34","023",,,,"008202",,,,,,,,,,,,,,,,,,,,,,,,,,,,,,,,,,,"14000US34023008202",,,"64366845","185144",3252,76,3176,2.34,97.66
"34023008204","Census Tract 82.04","Census Tract 82.04, Middlesex County, New Jersey","nj","140","00","ACSSF","0002645",,,,,"34","023",,,,"008204",,,,,,,,,,,,,,,,,,,,,,,,,,,,,,,,,,,"14000US34023008204",,,"5257275","40338",190,0,190,0,100
"34023008205","Census Tract 82.05","Census Tract 82.05, Middlesex County, New Jersey","nj","140","00","ACSSF","0002646",,,,,"34","023",,,,"008205",,,,,,,,,,,,,,,,,,,,,,,,,,,,,,,,,,,"14000US34023008205",,,"2681507","81769",21,0,21,0,100
"34023008206","Census Tract 82.06","Census Tract 82.06, Middlesex County, New Jersey","nj","140","00","ACSSF","0002647",,,,,"34","023",,,,"008206",,,,,,,,,,,,,,,,,,,,,,,,,,,,,,,,,,,"14000US34023008206",,,"5174928","67889",75,0,75,0,100
"34023008207","Census Tract 82.07","Census Tract 82.07, Middlesex County, New Jersey","nj","140","00","ACSSF","0002648",,,,,"34","023",,,,"008207",,,,,,,,,,,,,,,,,,,,,,,,,,,,,,,,,,,"14000US34023008207",,,"2572065","14565",64,0,64,0,100
"34023008208","Census Tract 82.08","Census Tract 82.08, Middlesex County, New Jersey","nj","140","00","ACSSF","0002649",,,,,"34","023",,,,"008208",,,,,,,,,,,,,,,,,,,,,,,,,,,,,,,,,,,"14000US34023008208",,,"25448185","243444",3386,177,3209,5.23,94.77
"34023008209","Census Tract 82.09","Census Tract 82.09, Middlesex County, New Jersey","nj","140","00","ACSSF","0002650",,,,,"34","023",,,,"008209",,,,,,,,,,,,,,,,,,,,,,,,,,,,,,,,,,,"14000US34023008209",,,"3125276","0",787,44,743,5.59,94.41
"34023008300","Census Tract 83","Census Tract 83, Middlesex County, New Jersey","nj","140","00","ACSSF","0002651",,,,,"34","023",,,,"008300",,,,,,,,,,,,,,,,,,,,,,,,,,,,,,,,,,,"14000US34023008300",,,"2285189","20293",1674,265,1409,15.83,84.17
"34023008403","Census Tract 84.03","Census Tract 84.03, Middlesex County, New Jersey","nj","140","00","ACSSF","0002652",,,,,"34","023",,,,"008403",,,,,,,,,,,,,,,,,,,,,,,,,,,,,,,,,,,"14000US34023008403",,,"8368606","6864",2090,327,1763,15.65,84.35
"34023008404","Census Tract 84.04","Census Tract 84.04, Middlesex County, New Jersey","nj","140","00","ACSSF","0002653",,,,,"34","023",,,,"008404",,,,,,,,,,,,,,,,,,,,,,,,,,,,,,,,,,,"14000US34023008404",,,"3904773","2621",862,100,762,11.6,88.4
"34023008405","Census Tract 84.05","Census Tract 84.05, Middlesex County, New Jersey","nj","140","00","ACSSF","0002654",,,,,"34","023",,,,"008405",,,,,,,,,,,,,,,,,,,,,,,,,,,,,,,,,,,"14000US34023008405",,,"4990770","4665",1234,18,1216,1.46,98.54
"34023008406","Census Tract 84.06","Census Tract 84.06, Middlesex County, New Jersey","nj","140","00","ACSSF","0002655",,,,,"34","023",,,,"008406",,,,,,,,,,,,,,,,,,,,,,,,,,,,,,,,,,,"14000US34023008406",,,"1972273","0",534,22,512,4.12,95.88
"34023008501","Census Tract 85.01","Census Tract 85.01, Middlesex County, New Jersey","nj","140","00","ACSSF","0002656",,,,,"34","023",,,,"008501",,,,,,,,,,,,,,,,,,,,,,,,,,,,,,,,,,,"14000US34023008501",,,"9761298","29186",1548,0,1548,0,100
"34023008502","Census Tract 85.02","Census Tract 85.02, Middlesex County, New Jersey","nj","140","00","ACSSF","0002657",,,,,"34","023",,,,"008502",,,,,,,,,,,,,,,,,,,,,,,,,,,,,,,,,,,"14000US34023008502",,,"54756847","791946",1074,10,1064,0.93,99.07
"34023008503","Census Tract 85.03","Census Tract 85.03, Middlesex County, New Jersey","nj","140","00","ACSSF","0002658",,,,,"34","023",,,,"008503",,,,,,,,,,,,,,,,,,,,,,,,,,,,,,,,,,,"14000US34023008503",,,"7351698","32943",2590,29,2561,1.12,98.88
"34023008504","Census Tract 85.04","Census Tract 85.04, Middlesex County, New Jersey","nj","140","00","ACSSF","0002659",,,,,"34","023",,,,"008504",,,,,,,,,,,,,,,,,,,,,,,,,,,,,,,,,,,"14000US34023008504",,,"14097123","160981",1569,148,1421,9.43,90.57
"34023008601","Census Tract 86.01","Census Tract 86.01, Middlesex County, New Jersey","nj","140","00","ACSSF","0002660",,,,,"34","023",,,,"008601",,,,,,,,,,,,,,,,,,,,,,,,,,,,,,,,,,,"14000US34023008601",,,"12066474","412234",1093,29,1064,2.65,97.35
"34023008602","Census Tract 86.02","Census Tract 86.02, Middlesex County, New Jersey","nj","140","00","ACSSF","0002661",,,,,"34","023",,,,"008602",,,,,,,,,,,,,,,,,,,,,,,,,,,,,,,,,,,"14000US34023008602",,,"7920075","240477",1444,38,1406,2.63,97.37
"34023008604","Census Tract 86.04","Census Tract 86.04, Middlesex County, New Jersey","nj","140","00","ACSSF","0002662",,,,,"34","023",,,,"008604",,,,,,,,,,,,,,,,,,,,,,,,,,,,,,,,,,,"14000US34023008604",,,"8305698","303423",1682,46,1636,2.73,97.27
"34023008605","Census Tract 86.05","Census Tract 86.05, Middlesex County, New Jersey","nj","140","00","ACSSF","0002663",,,,,"34","023",,,,"008605",,,,,,,,,,,,,,,,,,,,,,,,,,,,,,,,,,,"14000US34023008605",,,"1135998","5563",561,0,561,0,100
"34023008606","Census Tract 86.06","Census Tract 86.06, Middlesex County, New Jersey","nj","140","00","ACSSF","0002664",,,,,"34","023",,,,"008606",,,,,,,,,,,,,,,,,,,,,,,,,,,,,,,,,,,"14000US34023008606",,,"970224","7937",995,162,833,16.28,83.72
"34023008700","Census Tract 87","Census Tract 87, Middlesex County, New Jersey","nj","140","00","ACSSF","0002665",,,,,"34","023",,,,"008700",,,,,,,,,,,,,,,,,,,,,,,,,,,,,,,,,,,"14000US34023008700",,,"34403349","388831",795,0,795,0,100
"34023008800","Census Tract 88","Census Tract 88, Middlesex County, New Jersey","nj","140","00","ACSSF","0002666",,,,,"34","023",,,,"008800",,,,,,,,,,,,,,,,,,,,,,,,,,,,,,,,,,,"14000US34023008800",,,"8299967","136090",372,34,338,9.14,90.86
"34023008900","Census Tract 89","Census Tract 89, Middlesex County, New Jersey","nj","140","00","ACSSF","0002667",,,,,"34","023",,,,"008900",,,,,,,,,,,,,,,,,,,,,,,,,,,,,,,,,,,"14000US34023008900",,,"22743831","2736100",939,116,823,12.35,87.65
"34023009000","Census Tract 90","Census Tract 90, Middlesex County, New Jersey","nj","140","00","ACSSF","0002668",,,,,"34","023",,,,"009000",,,,,,,,,,,,,,,,,,,,,,,,,,,,,,,,,,,"14000US34023009000",,,"5707389","90884",824,196,628,23.79,76.21
"34023009100","Census Tract 91","Census Tract 91, Middlesex County, New Jersey","nj","140","00","ACSSF","0002669",,,,,"34","023",,,,"009100",,,,,,,,,,,,,,,,,,,,,,,,,,,,,,,,,,,"14000US34023009100",,,"3941197","1219263",821,145,676,17.66,82.34
"34023009200","Census Tract 92","Census Tract 92, Middlesex County, New Jersey","nj","140","00","ACSSF","0002670",,,,,"34","023",,,,"009200",,,,,,,,,,,,,,,,,,,,,,,,,,,,,,,,,,,"14000US34023009200",,,"9411228","2759793",834,58,776,6.95,93.05
"34023009300","Census Tract 93","Census Tract 93, Middlesex County, New Jersey","nj","140","00","ACSSF","0002671",,,,,"34","023",,,,"009300",,,,,,,,,,,,,,,,,,,,,,,,,,,,,,,,,,,"14000US34023009300",,,"1013220","248230",1255,293,962,23.35,76.65
"34023009400","Census Tract 94","Census Tract 94, Middlesex County, New Jersey","nj","140","00","ACSSF","0002672",,,,,"34","023",,,,"009400",,,,,,,,,,,,,,,,,,,,,,,,,,,,,,,,,,,"14000US34023009400",,,"5993111","65207",1255,380,875,30.28,69.72
"34025800100","Census Tract 8001","Census Tract 8001, Monmouth County, New Jersey","nj","140","00","ACSSF","0002673",,,,,"34","025",,,,"800100",,,,,,,,,,,,,,,,,,,,,,,,,,,,,,,,,,,"14000US34025800100",,,"1917097","1673187",396,20,376,5.05,94.95
"34025800200","Census Tract 8002","Census Tract 8002, Monmouth County, New Jersey","nj","140","00","ACSSF","0002674",,,,,"34","025",,,,"800200",,,,,,,,,,,,,,,,,,,,,,,,,,,,,,,,,,,"14000US34025800200",,,"3273925","8543208",759,28,731,3.69,96.31
"34025800400","Census Tract 8004","Census Tract 8004, Monmouth County, New Jersey","nj","140","00","ACSSF","0002675",,,,,"34","025",,,,"800400",,,,,,,,,,,,,,,,,,,,,,,,,,,,,,,,,,,"14000US34025800400",,,"5285162","6946240",668,17,651,2.54,97.46
"34025800500","Census Tract 8005","Census Tract 8005, Monmouth County, New Jersey","nj","140","00","ACSSF","0002676",,,,,"34","025",,,,"800500",,,,,,,,,,,,,,,,,,,,,,,,,,,,,,,,,,,"14000US34025800500",,,"4599795","8816958",1053,75,978,7.12,92.88
"34025800601","Census Tract 8006.01","Census Tract 8006.01, Monmouth County, New Jersey","nj","140","00","ACSSF","0002677",,,,,"34","025",,,,"800601",,,,,,,,,,,,,,,,,,,,,,,,,,,,,,,,,,,"14000US34025800601",,,"3325445","4921867",1168,107,1061,9.16,90.84
"34025800602","Census Tract 8006.02","Census Tract 8006.02, Monmouth County, New Jersey","nj","140","00","ACSSF","0002678",,,,,"34","025",,,,"800602",,,,,,,,,,,,,,,,,,,,,,,,,,,,,,,,,,,"14000US34025800602",,,"2214518","1528",724,56,668,7.73,92.27
"34025800701","Census Tract 8007.01","Census Tract 8007.01, Monmouth County, New Jersey","nj","140","00","ACSSF","0002679",,,,,"34","025",,,,"800701",,,,,,,,,,,,,,,,,,,,,,,,,,,,,,,,,,,"14000US34025800701",,,"3019057","4680",1234,0,1234,0,100
"34025800702","Census Tract 8007.02","Census Tract 8007.02, Monmouth County, New Jersey","nj","140","00","ACSSF","0002680",,,,,"34","025",,,,"800702",,,,,,,,,,,,,,,,,,,,,,,,,,,,,,,,,,,"14000US34025800702",,,"3698329","4315",827,15,812,1.81,98.19
"34025800800","Census Tract 8008","Census Tract 8008, Monmouth County, New Jersey","nj","140","00","ACSSF","0002681",,,,,"34","025",,,,"800800",,,,,,,,,,,,,,,,,,,,,,,,,,,,,,,,,,,"14000US34025800800",,,"5560937","5114",1354,125,1229,9.23,90.77
"34025800900","Census Tract 8009","Census Tract 8009, Monmouth County, New Jersey","nj","140","00","ACSSF","0002682",,,,,"34","025",,,,"800900",,,,,,,,,,,,,,,,,,,,,,,,,,,,,,,,,,,"14000US34025800900",,,"21705691","3648195",1066,46,1020,4.32,95.68
"34025801000","Census Tract 8010","Census Tract 8010, Monmouth County, New Jersey","nj","140","00","ACSSF","0002683",,,,,"34","025",,,,"801000",,,,,,,,,,,,,,,,,,,,,,,,,,,,,,,,,,,"14000US34025801000",,,"6489461","46841",869,16,853,1.84,98.16
"34025801100","Census Tract 8011","Census Tract 8011, Monmouth County, New Jersey","nj","140","00","ACSSF","0002684",,,,,"34","025",,,,"801100",,,,,,,,,,,,,,,,,,,,,,,,,,,,,,,,,,,"14000US34025801100",,,"9669175","18918",987,9,978,0.91,99.09
"34025801200","Census Tract 8012","Census Tract 8012, Monmouth County, New Jersey","nj","140","00","ACSSF","0002685",,,,,"34","025",,,,"801200",,,,,,,,,,,,,,,,,,,,,,,,,,,,,,,,,,,"14000US34025801200",,,"6399125","14101",947,36,911,3.8,96.2
"34025801300","Census Tract 8013","Census Tract 8013, Monmouth County, New Jersey","nj","140","00","ACSSF","0002686",,,,,"34","025",,,,"801300",,,,,,,,,,,,,,,,,,,,,,,,,,,,,,,,,,,"14000US34025801300",,,"8237210","678454",1142,41,1101,3.59,96.41
"34025801400","Census Tract 8014","Census Tract 8014, Monmouth County, New Jersey","nj","140","00","ACSSF","0002687",,,,,"34","025",,,,"801400",,,,,,,,,,,,,,,,,,,,,,,,,,,,,,,,,,,"14000US34025801400",,,"3710165","510998",851,12,839,1.41,98.59
"34025801500","Census Tract 8015","Census Tract 8015, Monmouth County, New Jersey","nj","140","00","ACSSF","0002688",,,,,"34","025",,,,"801500",,,,,,,,,,,,,,,,,,,,,,,,,,,,,,,,,,,"14000US34025801500",,,"14453819","554883",1598,0,1598,0,100
"34025801600","Census Tract 8016","Census Tract 8016, Monmouth County, New Jersey","nj","140","00","ACSSF","0002689",,,,,"34","025",,,,"801600",,,,,,,,,,,,,,,,,,,,,,,,,,,,,,,,,,,"14000US34025801600",,,"1710511","5503954",1113,421,692,37.83,62.17
"34025801700","Census Tract 8017","Census Tract 8017, Monmouth County, New Jersey","nj","140","00","ACSSF","0002690",,,,,"34","025",,,,"801700",,,,,,,,,,,,,,,,,,,,,,,,,,,,,,,,,,,"14000US34025801700",,,"1066779","35191008",934,489,445,52.36,47.64
"34025801800","Census Tract 8018","Census Tract 8018, Monmouth County, New Jersey","nj","140","00","ACSSF","0002691",,,,,"34","025",,,,"801800",,,,,,,,,,,,,,,,,,,,,,,,,,,,,,,,,,,"14000US34025801800",,,"4614224","259883",1213,356,857,29.35,70.65
"34025801900","Census Tract 8019","Census Tract 8019, Monmouth County, New Jersey","nj","140","00","ACSSF","0002692",,,,,"34","025",,,,"801900",,,,,,,,,,,,,,,,,,,,,,,,,,,,,,,,,,,"14000US34025801900",,,"1350054","24427",655,36,619,5.5,94.5
"34025802000","Census Tract 8020","Census Tract 8020, Monmouth County, New Jersey","nj","140","00","ACSSF","0002693",,,,,"34","025",,,,"802000",,,,,,,,,,,,,,,,,,,,,,,,,,,,,,,,,,,"14000US34025802000",,,"2228724","166113",671,224,447,33.38,66.62
"34025802100","Census Tract 8021","Census Tract 8021, Monmouth County, New Jersey","nj","140","00","ACSSF","0002694",,,,,"34","025",,,,"802100",,,,,,,,,,,,,,,,,,,,,,,,,,,,,,,,,,,"14000US34025802100",,,"5197040","105462",1325,45,1280,3.4,96.6
"34025802200","Census Tract 8022","Census Tract 8022, Monmouth County, New Jersey","nj","140","00","ACSSF","0002695",,,,,"34","025",,,,"802200",,,,,,,,,,,,,,,,,,,,,,,,,,,,,,,,,,,"14000US34025802200",,,"2157682","146654",721,0,721,0,100
"34025802300","Census Tract 8023","Census Tract 8023, Monmouth County, New Jersey","nj","140","00","ACSSF","0002696",,,,,"34","025",,,,"802300",,,,,,,,,,,,,,,,,,,,,,,,,,,,,,,,,,,"14000US34025802300",,,"3324432","4729",976,99,877,10.14,89.86
"34025802400","Census Tract 8024","Census Tract 8024, Monmouth County, New Jersey","nj","140","00","ACSSF","0002697",,,,,"34","025",,,,"802400",,,,,,,,,,,,,,,,,,,,,,,,,,,,,,,,,,,"14000US34025802400",,,"3745686","1103",1173,134,1039,11.42,88.58
"34025802500","Census Tract 8025","Census Tract 8025, Monmouth County, New Jersey","nj","140","00","ACSSF","0002698",,,,,"34","025",,,,"802500",,,,,,,,,,,,,,,,,,,,,,,,,,,,,,,,,,,"14000US34025802500",,,"2346642","5639158",570,68,502,11.93,88.07
"34025802600","Census Tract 8026","Census Tract 8026, Monmouth County, New Jersey","nj","140","00","ACSSF","0002699",,,,,"34","025",,,,"802600",,,,,,,,,,,,,,,,,,,,,,,,,,,,,,,,,,,"14000US34025802600",,,"3042174","63862",947,60,887,6.34,93.66
"34025802700","Census Tract 8027","Census Tract 8027, Monmouth County, New Jersey","nj","140","00","ACSSF","0002700",,,,,"34","025",,,,"802700",,,,,,,,,,,,,,,,,,,,,,,,,,,,,,,,,,,"14000US34025802700",,,"3146573","237673",786,0,786,0,100
"34025802800","Census Tract 8028","Census Tract 8028, Monmouth County, New Jersey","nj","140","00","ACSSF","0002701",,,,,"34","025",,,,"802800",,,,,,,,,,,,,,,,,,,,,,,,,,,,,,,,,,,"14000US34025802800",,,"3052530","0",957,47,910,4.91,95.09
"34025802900","Census Tract 8029","Census Tract 8029, Monmouth County, New Jersey","nj","140","00","ACSSF","0002702",,,,,"34","025",,,,"802900",,,,,,,,,,,,,,,,,,,,,,,,,,,,,,,,,,,"14000US34025802900",,,"2510468","90587",388,27,361,6.96,93.04
"34025803000","Census Tract 8030","Census Tract 8030, Monmouth County, New Jersey","nj","140","00","ACSSF","0002703",,,,,"34","025",,,,"803000",,,,,,,,,,,,,,,,,,,,,,,,,,,,,,,,,,,"14000US34025803000",,,"3558564","263753",1191,195,996,16.37,83.63
"34025803100","Census Tract 8031","Census Tract 8031, Monmouth County, New Jersey","nj","140","00","ACSSF","0002704",,,,,"34","025",,,,"803100",,,,,,,,,,,,,,,,,,,,,,,,,,,,,,,,,,,"14000US34025803100",,,"2310028","103190",761,28,733,3.68,96.32
"34025803201","Census Tract 8032.01","Census Tract 8032.01, Monmouth County, New Jersey","nj","140","00","ACSSF","0002705",,,,,"34","025",,,,"803201",,,,,,,,,,,,,,,,,,,,,,,,,,,,,,,,,,,"14000US34025803201",,,"3898579","7289",870,46,824,5.29,94.71
"34025803202","Census Tract 8032.02","Census Tract 8032.02, Monmouth County, New Jersey","nj","140","00","ACSSF","0002706",,,,,"34","025",,,,"803202",,,,,,,,,,,,,,,,,,,,,,,,,,,,,,,,,,,"14000US34025803202",,,"12245105","12912",1489,54,1435,3.63,96.37
"34025803300","Census Tract 8033","Census Tract 8033, Monmouth County, New Jersey","nj","140","00","ACSSF","0002707",,,,,"34","025",,,,"803300",,,,,,,,,,,,,,,,,,,,,,,,,,,,,,,,,,,"14000US34025803300",,,"30078274","511296",1389,105,1284,7.56,92.44
"34025803400","Census Tract 8034","Census Tract 8034, Monmouth County, New Jersey","nj","140","00","ACSSF","0002708",,,,,"34","025",,,,"803400",,,,,,,,,,,,,,,,,,,,,,,,,,,,,,,,,,,"14000US34025803400",,,"1704599","146233",1470,414,1056,28.16,71.84
"34025803500","Census Tract 8035","Census Tract 8035, Monmouth County, New Jersey","nj","140","00","ACSSF","0002709",,,,,"34","025",,,,"803500",,,,,,,,,,,,,,,,,,,,,,,,,,,,,,,,,,,"14000US34025803500",,,"968314","0",420,40,380,9.52,90.48
"34025803600","Census Tract 8036","Census Tract 8036, Monmouth County, New Jersey","nj","140","00","ACSSF","0002710",,,,,"34","025",,,,"803600",,,,,,,,,,,,,,,,,,,,,,,,,,,,,,,,,,,"14000US34025803600",,,"1848335","916587",605,0,605,0,100
"34025803700","Census Tract 8037","Census Tract 8037, Monmouth County, New Jersey","nj","140","00","ACSSF","0002711",,,,,"34","025",,,,"803700",,,,,,,,,,,,,,,,,,,,,,,,,,,,,,,,,,,"14000US34025803700",,,"4127084","1342611",2023,93,1930,4.6,95.4
"34025803800","Census Tract 8038","Census Tract 8038, Monmouth County, New Jersey","nj","140","00","ACSSF","0002712",,,,,"34","025",,,,"803800",,,,,,,,,,,,,,,,,,,,,,,,,,,,,,,,,,,"14000US34025803800",,,"9102406","3173614",1096,0,1096,0,100
"34025803900","Census Tract 8039","Census Tract 8039, Monmouth County, New Jersey","nj","140","00","ACSSF","0002713",,,,,"34","025",,,,"803900",,,,,,,,,,,,,,,,,,,,,,,,,,,,,,,,,,,"14000US34025803900",,,"4020064","2124519",1147,51,1096,4.45,95.55
"34025804100","Census Tract 8041","Census Tract 8041, Monmouth County, New Jersey","nj","140","00","ACSSF","0002714",,,,,"34","025",,,,"804100",,,,,,,,,,,,,,,,,,,,,,,,,,,,,,,,,,,"14000US34025804100",,,"2698714","2669732",583,0,583,0,100
"34025804200","Census Tract 8042","Census Tract 8042, Monmouth County, New Jersey","nj","140","00","ACSSF","0002715",,,,,"34","025",,,,"804200",,,,,,,,,,,,,,,,,,,,,,,,,,,,,,,,,,,"14000US34025804200",,,"7024087","1573093",1587,14,1573,0.88,99.12
"34025804500","Census Tract 8045","Census Tract 8045, Monmouth County, New Jersey","nj","140","00","ACSSF","0002716",,,,,"34","025",,,,"804500",,,,,,,,,,,,,,,,,,,,,,,,,,,,,,,,,,,"14000US34025804500",,,"7317527","97147",1041,58,983,5.57,94.43
"34025804600","Census Tract 8046","Census Tract 8046, Monmouth County, New Jersey","nj","140","00","ACSSF","0002717",,,,,"34","025",,,,"804600",,,,,,,,,,,,,,,,,,,,,,,,,,,,,,,,,,,"14000US34025804600",,,"7729265","61381",702,26,676,3.7,96.3
"34025804700","Census Tract 8047","Census Tract 8047, Monmouth County, New Jersey","nj","140","00","ACSSF","0002718",,,,,"34","025",,,,"804700",,,,,,,,,,,,,,,,,,,,,,,,,,,,,,,,,,,"14000US34025804700",,,"2154215","12029",4,0,4,0,100
"34025804800","Census Tract 8048","Census Tract 8048, Monmouth County, New Jersey","nj","140","00","ACSSF","0002719",,,,,"34","025",,,,"804800",,,,,,,,,,,,,,,,,,,,,,,,,,,,,,,,,,,"14000US34025804800",,,"23887298","175445",1372,150,1222,10.93,89.07
"34025805001","Census Tract 8050.01","Census Tract 8050.01, Monmouth County, New Jersey","nj","140","00","ACSSF","0002720",,,,,"34","025",,,,"805001",,,,,,,,,,,,,,,,,,,,,,,,,,,,,,,,,,,"14000US34025805001",,,"2586712","29000",839,28,811,3.34,96.66
"34025805100","Census Tract 8051","Census Tract 8051, Monmouth County, New Jersey","nj","140","00","ACSSF","0002721",,,,,"34","025",,,,"805100",,,,,,,,,,,,,,,,,,,,,,,,,,,,,,,,,,,"14000US34025805100",,,"7568497","61183",928,189,739,20.37,79.63
"34025805300","Census Tract 8053","Census Tract 8053, Monmouth County, New Jersey","nj","140","00","ACSSF","0002722",,,,,"34","025",,,,"805300",,,,,,,,,,,,,,,,,,,,,,,,,,,,,,,,,,,"14000US34025805300",,,"6398635","1495448",1154,171,983,14.82,85.18
"34025805400","Census Tract 8054","Census Tract 8054, Monmouth County, New Jersey","nj","140","00","ACSSF","0002723",,,,,"34","025",,,,"805400",,,,,,,,,,,,,,,,,,,,,,,,,,,,,,,,,,,"14000US34025805400",,,"2108711","843794",918,320,598,34.86,65.14
"34025805500","Census Tract 8055","Census Tract 8055, Monmouth County, New Jersey","nj","140","00","ACSSF","0002724",,,,,"34","025",,,,"805500",,,,,,,,,,,,,,,,,,,,,,,,,,,,,,,,,,,"14000US34025805500",,,"1593076","304474",823,148,675,17.98,82.02
"34025805600","Census Tract 8056","Census Tract 8056, Monmouth County, New Jersey","nj","140","00","ACSSF","0002725",,,,,"34","025",,,,"805600",,,,,,,,,,,,,,,,,,,,,,,,,,,,,,,,,,,"14000US34025805600",,,"611362","5719",651,276,375,42.4,57.6
"34025805700","Census Tract 8057","Census Tract 8057, Monmouth County, New Jersey","nj","140","00","ACSSF","0002726",,,,,"34","025",,,,"805700",,,,,,,,,,,,,,,,,,,,,,,,,,,,,,,,,,,"14000US34025805700",,,"1022872","0",904,315,589,34.85,65.15
"34025805800","Census Tract 8058","Census Tract 8058, Monmouth County, New Jersey","nj","140","00","ACSSF","0002727",,,,,"34","025",,,,"805800",,,,,,,,,,,,,,,,,,,,,,,,,,,,,,,,,,,"14000US34025805800",,,"1279835","502270",889,382,507,42.97,57.03
"34025805900","Census Tract 8059","Census Tract 8059, Monmouth County, New Jersey","nj","140","00","ACSSF","0002728",,,,,"34","025",,,,"805900",,,,,,,,,,,,,,,,,,,,,,,,,,,,,,,,,,,"14000US34025805900",,,"1461912","0",1444,361,1083,25,75
"34025806000","Census Tract 8060","Census Tract 8060, Monmouth County, New Jersey","nj","140","00","ACSSF","0002729",,,,,"34","025",,,,"806000",,,,,,,,,,,,,,,,,,,,,,,,,,,,,,,,,,,"14000US34025806000",,,"1882127","782055",424,1,423,0.24,99.76
"34025806100","Census Tract 8061","Census Tract 8061, Monmouth County, New Jersey","nj","140","00","ACSSF","0002730",,,,,"34","025",,,,"806100",,,,,,,,,,,,,,,,,,,,,,,,,,,,,,,,,,,"14000US34025806100",,,"3312121","573681",731,126,605,17.24,82.76
"34025806201","Census Tract 8062.01","Census Tract 8062.01, Monmouth County, New Jersey","nj","140","00","ACSSF","0002731",,,,,"34","025",,,,"806201",,,,,,,,,,,,,,,,,,,,,,,,,,,,,,,,,,,"14000US34025806201",,,"3066993","4547",603,70,533,11.61,88.39
"34025806202","Census Tract 8062.02","Census Tract 8062.02, Monmouth County, New Jersey","nj","140","00","ACSSF","0002732",,,,,"34","025",,,,"806202",,,,,,,,,,,,,,,,,,,,,,,,,,,,,,,,,,,"14000US34025806202",,,"4329975","88670",1002,11,991,1.1,98.9
"34025806300","Census Tract 8063","Census Tract 8063, Monmouth County, New Jersey","nj","140","00","ACSSF","0002733",,,,,"34","025",,,,"806300",,,,,,,,,,,,,,,,,,,,,,,,,,,,,,,,,,,"14000US34025806300",,,"3582809","86145",575,67,508,11.65,88.35
"34025806400","Census Tract 8064","Census Tract 8064, Monmouth County, New Jersey","nj","140","00","ACSSF","0002734",,,,,"34","025",,,,"806400",,,,,,,,,,,,,,,,,,,,,,,,,,,,,,,,,,,"14000US34025806400",,,"5503460","8162",1041,20,1021,1.92,98.08
"34025806501","Census Tract 8065.01","Census Tract 8065.01, Monmouth County, New Jersey","nj","140","00","ACSSF","0002735",,,,,"34","025",,,,"806501",,,,,,,,,,,,,,,,,,,,,,,,,,,,,,,,,,,"14000US34025806501",,,"3186947","63894",914,284,630,31.07,68.93
"34025806502","Census Tract 8065.02","Census Tract 8065.02, Monmouth County, New Jersey","nj","140","00","ACSSF","0002736",,,,,"34","025",,,,"806502",,,,,,,,,,,,,,,,,,,,,,,,,,,,,,,,,,,"14000US34025806502",,,"3480439","11288",646,178,468,27.55,72.45
"34025806503","Census Tract 8065.03","Census Tract 8065.03, Monmouth County, New Jersey","nj","140","00","ACSSF","0002737",,,,,"34","025",,,,"806503",,,,,,,,,,,,,,,,,,,,,,,,,,,,,,,,,,,"14000US34025806503",,,"4117237","17198",749,0,749,0,100
"34025806504","Census Tract 8065.04","Census Tract 8065.04, Monmouth County, New Jersey","nj","140","00","ACSSF","0002738",,,,,"34","025",,,,"806504",,,,,,,,,,,,,,,,,,,,,,,,,,,,,,,,,,,"14000US34025806504",,,"3114652","4403",457,0,457,0,100
"34025806600","Census Tract 8066","Census Tract 8066, Monmouth County, New Jersey","nj","140","00","ACSSF","0002739",,,,,"34","025",,,,"806600",,,,,,,,,,,,,,,,,,,,,,,,,,,,,,,,,,,"14000US34025806600",,,"5159987","132083",994,175,819,17.61,82.39
"34025807003","Census Tract 8070.03","Census Tract 8070.03, Monmouth County, New Jersey","nj","140","00","ACSSF","0002740",,,,,"34","025",,,,"807003",,,,,,,,,,,,,,,,,,,,,,,,,,,,,,,,,,,"14000US34025807003",,,"1270846","199289",756,311,445,41.14,58.86
"34025807004","Census Tract 8070.04","Census Tract 8070.04, Monmouth County, New Jersey","nj","140","00","ACSSF","0002741",,,,,"34","025",,,,"807004",,,,,,,,,,,,,,,,,,,,,,,,,,,,,,,,,,,"14000US34025807004",,,"580110","195246",302,170,132,56.29,43.71
"34025807100","Census Tract 8071","Census Tract 8071, Monmouth County, New Jersey","nj","140","00","ACSSF","0002742",,,,,"34","025",,,,"807100",,,,,,,,,,,,,,,,,,,,,,,,,,,,,,,,,,,"14000US34025807100",,,"921997","72277",348,111,237,31.9,68.1
"34025807200","Census Tract 8072","Census Tract 8072, Monmouth County, New Jersey","nj","140","00","ACSSF","0002743",,,,,"34","025",,,,"807200",,,,,,,,,,,,,,,,,,,,,,,,,,,,,,,,,,,"14000US34025807200",,,"375479","0",810,609,201,75.19,24.81
"34025807300","Census Tract 8073","Census Tract 8073, Monmouth County, New Jersey","nj","140","00","ACSSF","0002744",,,,,"34","025",,,,"807300",,,,,,,,,,,,,,,,,,,,,,,,,,,,,,,,,,,"14000US34025807300",,,"552623","0",1236,472,764,38.19,61.81
"34025807400","Census Tract 8074","Census Tract 8074, Monmouth County, New Jersey","nj","140","00","ACSSF","0002745",,,,,"34","025",,,,"807400",,,,,,,,,,,,,,,,,,,,,,,,,,,,,,,,,,,"14000US34025807400",,,"963456","144136",111,24,87,21.62,78.38
"34025807500","Census Tract 8075","Census Tract 8075, Monmouth County, New Jersey","nj","140","00","ACSSF","0002746",,,,,"34","025",,,,"807500",,,,,,,,,,,,,,,,,,,,,,,,,,,,,,,,,,,"14000US34025807500",,,"1028209","10145",840,49,791,5.83,94.17
"34025807600","Census Tract 8076","Census Tract 8076, Monmouth County, New Jersey","nj","140","00","ACSSF","0002747",,,,,"34","025",,,,"807600",,,,,,,,,,,,,,,,,,,,,,,,,,,,,,,,,,,"14000US34025807600",,,"1169519","6905",779,290,489,37.23,62.77
"34025807700","Census Tract 8077","Census Tract 8077, Monmouth County, New Jersey","nj","140","00","ACSSF","0002748",,,,,"34","025",,,,"807700",,,,,,,,,,,,,,,,,,,,,,,,,,,,,,,,,,,"14000US34025807700",,,"3736510","672",785,169,616,21.53,78.47
"34025807800","Census Tract 8078","Census Tract 8078, Monmouth County, New Jersey","nj","140","00","ACSSF","0002749",,,,,"34","025",,,,"807800",,,,,,,,,,,,,,,,,,,,,,,,,,,,,,,,,,,"14000US34025807800",,,"3522942","831",745,0,745,0,100
"34025807900","Census Tract 8079","Census Tract 8079, Monmouth County, New Jersey","nj","140","00","ACSSF","0002750",,,,,"34","025",,,,"807900",,,,,,,,,,,,,,,,,,,,,,,,,,,,,,,,,,,"14000US34025807900",,,"4740230","19475",429,31,398,7.23,92.77
"34025808001","Census Tract 8080.01","Census Tract 8080.01, Monmouth County, New Jersey","nj","140","00","ACSSF","0002751",,,,,"34","025",,,,"808001",,,,,,,,,,,,,,,,,,,,,,,,,,,,,,,,,,,"14000US34025808001",,,"2625033","1624470",643,60,583,9.33,90.67
"34025808002","Census Tract 8080.02","Census Tract 8080.02, Monmouth County, New Jersey","nj","140","00","ACSSF","0002752",,,,,"34","025",,,,"808002",,,,,,,,,,,,,,,,,,,,,,,,,,,,,,,,,,,"14000US34025808002",,,"3262450","48932",361,10,351,2.77,97.23
"34025808100","Census Tract 8081","Census Tract 8081, Monmouth County, New Jersey","nj","140","00","ACSSF","0002753",,,,,"34","025",,,,"808100",,,,,,,,,,,,,,,,,,,,,,,,,,,,,,,,,,,"14000US34025808100",,,"2320999","1056",992,299,693,30.14,69.86
"34025808200","Census Tract 8082","Census Tract 8082, Monmouth County, New Jersey","nj","140","00","ACSSF","0002754",,,,,"34","025",,,,"808200",,,,,,,,,,,,,,,,,,,,,,,,,,,,,,,,,,,"14000US34025808200",,,"1581066","54178",593,67,526,11.3,88.7
"34025808300","Census Tract 8083","Census Tract 8083, Monmouth County, New Jersey","nj","140","00","ACSSF","0002755",,,,,"34","025",,,,"808300",,,,,,,,,,,,,,,,,,,,,,,,,,,,,,,,,,,"14000US34025808300",,,"1102174","298587",273,29,244,10.62,89.38
"34025808401","Census Tract 8084.01","Census Tract 8084.01, Monmouth County, New Jersey","nj","140","00","ACSSF","0002756",,,,,"34","025",,,,"808401",,,,,,,,,,,,,,,,,,,,,,,,,,,,,,,,,,,"14000US34025808401",,,"1224323","376765",163,8,155,4.91,95.09
"34025808402","Census Tract 8084.02","Census Tract 8084.02, Monmouth County, New Jersey","nj","140","00","ACSSF","0002757",,,,,"34","025",,,,"808402",,,,,,,,,,,,,,,,,,,,,,,,,,,,,,,,,,,"14000US34025808402",,,"1482617","1099332",572,142,430,24.83,75.17
"34025808500","Census Tract 8085","Census Tract 8085, Monmouth County, New Jersey","nj","140","00","ACSSF","0002758",,,,,"34","025",,,,"808500",,,,,,,,,,,,,,,,,,,,,,,,,,,,,,,,,,,"14000US34025808500",,,"6847235","502771",1112,16,1096,1.44,98.56
"34025808600","Census Tract 8086","Census Tract 8086, Monmouth County, New Jersey","nj","140","00","ACSSF","0002759",,,,,"34","025",,,,"808600",,,,,,,,,,,,,,,,,,,,,,,,,,,,,,,,,,,"14000US34025808600",,,"36398514","689104",1616,330,1286,20.42,79.58
"34025808701","Census Tract 8087.01","Census Tract 8087.01, Monmouth County, New Jersey","nj","140","00","ACSSF","0002760",,,,,"34","025",,,,"808701",,,,,,,,,,,,,,,,,,,,,,,,,,,,,,,,,,,"14000US34025808701",,,"14648573","208700",862,33,829,3.83,96.17
"34025808702","Census Tract 8087.02","Census Tract 8087.02, Monmouth County, New Jersey","nj","140","00","ACSSF","0002761",,,,,"34","025",,,,"808702",,,,,,,,,,,,,,,,,,,,,,,,,,,,,,,,,,,"14000US34025808702",,,"17517859","1231411",850,31,819,3.65,96.35
"34025808800","Census Tract 8088","Census Tract 8088, Monmouth County, New Jersey","nj","140","00","ACSSF","0002762",,,,,"34","025",,,,"808800",,,,,,,,,,,,,,,,,,,,,,,,,,,,,,,,,,,"14000US34025808800",,,"3994406","38153",898,9,889,1,99
"34025808900","Census Tract 8089","Census Tract 8089, Monmouth County, New Jersey","nj","140","00","ACSSF","0002763",,,,,"34","025",,,,"808900",,,,,,,,,,,,,,,,,,,,,,,,,,,,,,,,,,,"14000US34025808900",,,"3353378","76426",596,0,596,0,100
"34025809000","Census Tract 8090","Census Tract 8090, Monmouth County, New Jersey","nj","140","00","ACSSF","0002764",,,,,"34","025",,,,"809000",,,,,,,,,,,,,,,,,,,,,,,,,,,,,,,,,,,"14000US34025809000",,,"651943","19864",303,59,244,19.47,80.53
"34025809100","Census Tract 8091","Census Tract 8091, Monmouth County, New Jersey","nj","140","00","ACSSF","0002765",,,,,"34","025",,,,"809100",,,,,,,,,,,,,,,,,,,,,,,,,,,,,,,,,,,"14000US34025809100",,,"3451115","1069371",566,75,491,13.25,86.75
"34025809200","Census Tract 8092","Census Tract 8092, Monmouth County, New Jersey","nj","140","00","ACSSF","0002766",,,,,"34","025",,,,"809200",,,,,,,,,,,,,,,,,,,,,,,,,,,,,,,,,,,"14000US34025809200",,,"2746249","1026298",272,5,267,1.84,98.16
"34025809301","Census Tract 8093.01","Census Tract 8093.01, Monmouth County, New Jersey","nj","140","00","ACSSF","0002767",,,,,"34","025",,,,"809301",,,,,,,,,,,,,,,,,,,,,,,,,,,,,,,,,,,"14000US34025809301",,,"1670111","9867",630,0,630,0,100
"34025809302","Census Tract 8093.02","Census Tract 8093.02, Monmouth County, New Jersey","nj","140","00","ACSSF","0002768",,,,,"34","025",,,,"809302",,,,,,,,,,,,,,,,,,,,,,,,,,,,,,,,,,,"14000US34025809302",,,"1903517","2956908",411,19,392,4.62,95.38
"34025809400","Census Tract 8094","Census Tract 8094, Monmouth County, New Jersey","nj","140","00","ACSSF","0002769",,,,,"34","025",,,,"809400",,,,,,,,,,,,,,,,,,,,,,,,,,,,,,,,,,,"14000US34025809400",,,"4546761","1588243",1053,0,1053,0,100
"34025809501","Census Tract 8095.01","Census Tract 8095.01, Monmouth County, New Jersey","nj","140","00","ACSSF","0002770",,,,,"34","025",,,,"809501",,,,,,,,,,,,,,,,,,,,,,,,,,,,,,,,,,,"14000US34025809501",,,"28375647","88014",2439,59,2380,2.42,97.58
"34025809502","Census Tract 8095.02","Census Tract 8095.02, Monmouth County, New Jersey","nj","140","00","ACSSF","0002771",,,,,"34","025",,,,"809502",,,,,,,,,,,,,,,,,,,,,,,,,,,,,,,,,,,"14000US34025809502",,,"13662225","64172",1897,21,1876,1.11,98.89
"34025809600","Census Tract 8096","Census Tract 8096, Monmouth County, New Jersey","nj","140","00","ACSSF","0002772",,,,,"34","025",,,,"809600",,,,,,,,,,,,,,,,,,,,,,,,,,,,,,,,,,,"14000US34025809600",,,"9513025","16528",1767,0,1767,0,100
"34025809701","Census Tract 8097.01","Census Tract 8097.01, Monmouth County, New Jersey","nj","140","00","ACSSF","0002773",,,,,"34","025",,,,"809701",,,,,,,,,,,,,,,,,,,,,,,,,,,,,,,,,,,"14000US34025809701",,,"14076319","43341",1499,30,1469,2,98
"34025809703","Census Tract 8097.03","Census Tract 8097.03, Monmouth County, New Jersey","nj","140","00","ACSSF","0002774",,,,,"34","025",,,,"809703",,,,,,,,,,,,,,,,,,,,,,,,,,,,,,,,,,,"14000US34025809703",,,"4811034","29589",907,0,907,0,100
"34025809704","Census Tract 8097.04","Census Tract 8097.04, Monmouth County, New Jersey","nj","140","00","ACSSF","0002775",,,,,"34","025",,,,"809704",,,,,,,,,,,,,,,,,,,,,,,,,,,,,,,,,,,"14000US34025809704",,,"8142023","30338",1676,64,1612,3.82,96.18
"34025809901","Census Tract 8099.01","Census Tract 8099.01, Monmouth County, New Jersey","nj","140","00","ACSSF","0002776",,,,,"34","025",,,,"809901",,,,,,,,,,,,,,,,,,,,,,,,,,,,,,,,,,,"14000US34025809901",,,"23080728","327365",1249,123,1126,9.85,90.15
"34025809902","Census Tract 8099.02","Census Tract 8099.02, Monmouth County, New Jersey","nj","140","00","ACSSF","0002777",,,,,"34","025",,,,"809902",,,,,,,,,,,,,,,,,,,,,,,,,,,,,,,,,,,"14000US34025809902",,,"37725826","2353379",1202,65,1137,5.41,94.59
"34025809903","Census Tract 8099.03","Census Tract 8099.03, Monmouth County, New Jersey","nj","140","00","ACSSF","0002778",,,,,"34","025",,,,"809903",,,,,,,,,,,,,,,,,,,,,,,,,,,,,,,,,,,"14000US34025809903",,,"18744436","106862",97,0,97,0,100
"34025810001","Census Tract 8100.01","Census Tract 8100.01, Monmouth County, New Jersey","nj","140","00","ACSSF","0002779",,,,,"34","025",,,,"810001",,,,,,,,,,,,,,,,,,,,,,,,,,,,,,,,,,,"14000US34025810001",,,"7173229","52370",1471,61,1410,4.15,95.85
"34025810002","Census Tract 8100.02","Census Tract 8100.02, Monmouth County, New Jersey","nj","140","00","ACSSF","0002780",,,,,"34","025",,,,"810002",,,,,,,,,,,,,,,,,,,,,,,,,,,,,,,,,,,"14000US34025810002",,,"2890474","14361",368,98,270,26.63,73.37
"34025810003","Census Tract 8100.03","Census Tract 8100.03, Monmouth County, New Jersey","nj","140","00","ACSSF","0002781",,,,,"34","025",,,,"810003",,,,,,,,,,,,,,,,,,,,,,,,,,,,,,,,,,,"14000US34025810003",,,"5361069","1031",1273,32,1241,2.51,97.49
"34025810004","Census Tract 8100.04","Census Tract 8100.04, Monmouth County, New Jersey","nj","140","00","ACSSF","0002782",,,,,"34","025",,,,"810004",,,,,,,,,,,,,,,,,,,,,,,,,,,,,,,,,,,"14000US34025810004",,,"5982529","48211",1055,0,1055,0,100
"34025810101","Census Tract 8101.01","Census Tract 8101.01, Monmouth County, New Jersey","nj","140","00","ACSSF","0002783",,,,,"34","025",,,,"810101",,,,,,,,,,,,,,,,,,,,,,,,,,,,,,,,,,,"14000US34025810101",,,"4614967","7262",989,47,942,4.75,95.25
"34025810102","Census Tract 8101.02","Census Tract 8101.02, Monmouth County, New Jersey","nj","140","00","ACSSF","0002784",,,,,"34","025",,,,"810102",,,,,,,,,,,,,,,,,,,,,,,,,,,,,,,,,,,"14000US34025810102",,,"7272818","22015",868,0,868,0,100
"34025810200","Census Tract 8102","Census Tract 8102, Monmouth County, New Jersey","nj","140","00","ACSSF","0002785",,,,,"34","025",,,,"810200",,,,,,,,,,,,,,,,,,,,,,,,,,,,,,,,,,,"14000US34025810200",,,"46090578","456024",3218,114,3104,3.54,96.46
"34025810300","Census Tract 8103","Census Tract 8103, Monmouth County, New Jersey","nj","140","00","ACSSF","0002786",,,,,"34","025",,,,"810300",,,,,,,,,,,,,,,,,,,,,,,,,,,,,,,,,,,"14000US34025810300",,,"1475864","43341",499,39,460,7.82,92.18
"34025810401","Census Tract 8104.01","Census Tract 8104.01, Monmouth County, New Jersey","nj","140","00","ACSSF","0002787",,,,,"34","025",,,,"810401",,,,,,,,,,,,,,,,,,,,,,,,,,,,,,,,,,,"14000US34025810401",,,"11471405","119107",951,123,828,12.93,87.07
"34025810402","Census Tract 8104.02","Census Tract 8104.02, Monmouth County, New Jersey","nj","140","00","ACSSF","0002788",,,,,"34","025",,,,"810402",,,,,,,,,,,,,,,,,,,,,,,,,,,,,,,,,,,"14000US34025810402",,,"12538755","28947",1877,54,1823,2.88,97.12
"34025810501","Census Tract 8105.01","Census Tract 8105.01, Monmouth County, New Jersey","nj","140","00","ACSSF","0002789",,,,,"34","025",,,,"810501",,,,,,,,,,,,,,,,,,,,,,,,,,,,,,,,,,,"14000US34025810501",,,"8633489","55344",894,64,830,7.16,92.84
"34025810502","Census Tract 8105.02","Census Tract 8105.02, Monmouth County, New Jersey","nj","140","00","ACSSF","0002790",,,,,"34","025",,,,"810502",,,,,,,,,,,,,,,,,,,,,,,,,,,,,,,,,,,"14000US34025810502",,,"10890855","18781",2002,14,1988,0.7,99.3
"34025810503","Census Tract 8105.03","Census Tract 8105.03, Monmouth County, New Jersey","nj","140","00","ACSSF","0002791",,,,,"34","025",,,,"810503",,,,,,,,,,,,,,,,,,,,,,,,,,,,,,,,,,,"14000US34025810503",,,"6101690","72370",627,33,594,5.26,94.74
"34025810600","Census Tract 8106","Census Tract 8106, Monmouth County, New Jersey","nj","140","00","ACSSF","0002792",,,,,"34","025",,,,"810600",,,,,,,,,,,,,,,,,,,,,,,,,,,,,,,,,,,"14000US34025810600",,,"50475276","300129",1132,140,992,12.37,87.63
"34025810700","Census Tract 8107","Census Tract 8107, Monmouth County, New Jersey","nj","140","00","ACSSF","0002793",,,,,"34","025",,,,"810700",,,,,,,,,,,,,,,,,,,,,,,,,,,,,,,,,,,"14000US34025810700",,,"1172844","0",334,18,316,5.39,94.61
"34025810800","Census Tract 8108","Census Tract 8108, Monmouth County, New Jersey","nj","140","00","ACSSF","0002794",,,,,"34","025",,,,"810800",,,,,,,,,,,,,,,,,,,,,,,,,,,,,,,,,,,"14000US34025810800",,,"1156959","0",993,321,672,32.33,67.67
"34025810900","Census Tract 8109","Census Tract 8109, Monmouth County, New Jersey","nj","140","00","ACSSF","0002795",,,,,"34","025",,,,"810900",,,,,,,,,,,,,,,,,,,,,,,,,,,,,,,,,,,"14000US34025810900",,,"1483938","4392",695,136,559,19.57,80.43
"34025811000","Census Tract 8110","Census Tract 8110, Monmouth County, New Jersey","nj","140","00","ACSSF","0002796",,,,,"34","025",,,,"811000",,,,,,,,,,,,,,,,,,,,,,,,,,,,,,,,,,,"14000US34025811000",,,"1190728","0",949,246,703,25.92,74.08
"34025811101","Census Tract 8111.01","Census Tract 8111.01, Monmouth County, New Jersey","nj","140","00","ACSSF","0002797",,,,,"34","025",,,,"811101",,,,,,,,,,,,,,,,,,,,,,,,,,,,,,,,,,,"14000US34025811101",,,"7367880","87071",1008,43,965,4.27,95.73
"34025811102","Census Tract 8111.02","Census Tract 8111.02, Monmouth County, New Jersey","nj","140","00","ACSSF","0002798",,,,,"34","025",,,,"811102",,,,,,,,,,,,,,,,,,,,,,,,,,,,,,,,,,,"14000US34025811102",,,"48951391","288659",1606,208,1398,12.95,87.05
"34025811200","Census Tract 8112","Census Tract 8112, Monmouth County, New Jersey","nj","140","00","ACSSF","0002799",,,,,"34","025",,,,"811200",,,,,,,,,,,,,,,,,,,,,,,,,,,,,,,,,,,"14000US34025811200",,,"33593920","1440216",1443,127,1316,8.8,91.2
"34025811301","Census Tract 8113.01","Census Tract 8113.01, Monmouth County, New Jersey","nj","140","00","ACSSF","0002800",,,,,"34","025",,,,"811301",,,,,,,,,,,,,,,,,,,,,,,,,,,,,,,,,,,"14000US34025811301",,,"9046111","41376",1308,88,1220,6.73,93.27
"34025811303","Census Tract 8113.03","Census Tract 8113.03, Monmouth County, New Jersey","nj","140","00","ACSSF","0002801",,,,,"34","025",,,,"811303",,,,,,,,,,,,,,,,,,,,,,,,,,,,,,,,,,,"14000US34025811303",,,"4458495","64590",1006,92,914,9.15,90.85
"34025811304","Census Tract 8113.04","Census Tract 8113.04, Monmouth County, New Jersey","nj","140","00","ACSSF","0002802",,,,,"34","025",,,,"811304",,,,,,,,,,,,,,,,,,,,,,,,,,,,,,,,,,,"14000US34025811304",,,"6456439","105542",709,25,684,3.53,96.47
"34025811401","Census Tract 8114.01","Census Tract 8114.01, Monmouth County, New Jersey","nj","140","00","ACSSF","0002803",,,,,"34","025",,,,"811401",,,,,,,,,,,,,,,,,,,,,,,,,,,,,,,,,,,"14000US34025811401",,,"4150240","6912",1445,34,1411,2.35,97.65
"34025811402","Census Tract 8114.02","Census Tract 8114.02, Monmouth County, New Jersey","nj","140","00","ACSSF","0002804",,,,,"34","025",,,,"811402",,,,,,,,,,,,,,,,,,,,,,,,,,,,,,,,,,,"14000US34025811402",,,"2919457","20031",908,91,817,10.02,89.98
"34025811501","Census Tract 8115.01","Census Tract 8115.01, Monmouth County, New Jersey","nj","140","00","ACSSF","0002805",,,,,"34","025",,,,"811501",,,,,,,,,,,,,,,,,,,,,,,,,,,,,,,,,,,"14000US34025811501",,,"6793318","61450",1505,11,1494,0.73,99.27
"34025811502","Census Tract 8115.02","Census Tract 8115.02, Monmouth County, New Jersey","nj","140","00","ACSSF","0002806",,,,,"34","025",,,,"811502",,,,,,,,,,,,,,,,,,,,,,,,,,,,,,,,,,,"14000US34025811502",,,"32363375","323660",976,64,912,6.56,93.44
"34025811600","Census Tract 8116","Census Tract 8116, Monmouth County, New Jersey","nj","140","00","ACSSF","0002807",,,,,"34","025",,,,"811600",,,,,,,,,,,,,,,,,,,,,,,,,,,,,,,,,,,"14000US34025811600",,,"1347872","0",338,85,253,25.15,74.85
"34025811900","Census Tract 8119","Census Tract 8119, Monmouth County, New Jersey","nj","140","00","ACSSF","0002808",,,,,"34","025",,,,"811900",,,,,,,,,,,,,,,,,,,,,,,,,,,,,,,,,,,"14000US34025811900",,,"120371741","2310463",1538,32,1506,2.08,97.92
"34025812000","Census Tract 8120","Census Tract 8120, Monmouth County, New Jersey","nj","140","00","ACSSF","0002809",,,,,"34","025",,,,"812000",,,,,,,,,,,,,,,,,,,,,,,,,,,,,,,,,,,"14000US34025812000",,,"1544107","64010",413,7,406,1.69,98.31
"34025812100","Census Tract 8121","Census Tract 8121, Monmouth County, New Jersey","nj","140","00","ACSSF","0002810",,,,,"34","025",,,,"812100",,,,,,,,,,,,,,,,,,,,,,,,,,,,,,,,,,,"14000US34025812100",,,"9550368","21333299",157,23,134,14.65,85.35
"34025812200","Census Tract 8122","Census Tract 8122, Monmouth County, New Jersey","nj","140","00","ACSSF","0002811",,,,,"34","025",,,,"812200",,,,,,,,,,,,,,,,,,,,,,,,,,,,,,,,,,,"14000US34025812200",,,"5780471","148218",454,0,454,0,100
"34025812300","Census Tract 8123","Census Tract 8123, Monmouth County, New Jersey","nj","140","00","ACSSF","0002812",,,,,"34","025",,,,"812300",,,,,,,,,,,,,,,,,,,,,,,,,,,,,,,,,,,"14000US34025812300",,,"5852458","74918",1186,84,1102,7.08,92.92
"34025812400","Census Tract 8124","Census Tract 8124, Monmouth County, New Jersey","nj","140","00","ACSSF","0002813",,,,,"34","025",,,,"812400",,,,,,,,,,,,,,,,,,,,,,,,,,,,,,,,,,,"14000US34025812400",,,"4798641","703614",280,31,249,11.07,88.93
"34025812501","Census Tract 8125.01","Census Tract 8125.01, Monmouth County, New Jersey","nj","140","00","ACSSF","0002814",,,,,"34","025",,,,"812501",,,,,,,,,,,,,,,,,,,,,,,,,,,,,,,,,,,"14000US34025812501",,,"49022764","333225",1263,62,1201,4.91,95.09
"34025812502","Census Tract 8125.02","Census Tract 8125.02, Monmouth County, New Jersey","nj","140","00","ACSSF","0002815",,,,,"34","025",,,,"812502",,,,,,,,,,,,,,,,,,,,,,,,,,,,,,,,,,,"14000US34025812502",,,"50802506","1192748",1272,63,1209,4.95,95.05
"34025990000","Census Tract 9900","Census Tract 9900, Monmouth County, New Jersey","nj","140","00","ACSSF","0002816",,,,,"34","025",,,,"990000",,,,,,,,,,,,,,,,,,,,,,,,,,,,,,,,,,,"14000US34025990000",,,"0","362507355",0,0,0,,
"34027040101","Census Tract 401.01","Census Tract 401.01, Morris County, New Jersey","nj","140","00","ACSSF","0002817",,,,,"34","027",,,,"040101",,,,,,,,,,,,,,,,,,,,,,,,,,,,,,,,,,,"14000US34027040101",,,"7575228","835626",893,90,803,10.08,89.92
"34027040102","Census Tract 401.02","Census Tract 401.02, Morris County, New Jersey","nj","140","00","ACSSF","0002818",,,,,"34","027",,,,"040102",,,,,,,,,,,,,,,,,,,,,,,,,,,,,,,,,,,"14000US34027040102",,,"8994949","500579",1067,0,1067,0,100
"34027040200","Census Tract 402","Census Tract 402, Morris County, New Jersey","nj","140","00","ACSSF","0002819",,,,,"34","027",,,,"040200",,,,,,,,,,,,,,,,,,,,,,,,,,,,,,,,,,,"14000US34027040200",,,"7245521","759076",1626,206,1420,12.67,87.33
"34027040300","Census Tract 403","Census Tract 403, Morris County, New Jersey","nj","140","00","ACSSF","0002820",,,,,"34","027",,,,"040300",,,,,,,,,,,,,,,,,,,,,,,,,,,,,,,,,,,"14000US34027040300",,,"10331650","75472",1269,0,1269,0,100
"34027040400","Census Tract 404","Census Tract 404, Morris County, New Jersey","nj","140","00","ACSSF","0002821",,,,,"34","027",,,,"040400",,,,,,,,,,,,,,,,,,,,,,,,,,,,,,,,,,,"14000US34027040400",,,"5247885","105561",796,117,679,14.7,85.3
"34027040500","Census Tract 405","Census Tract 405, Morris County, New Jersey","nj","140","00","ACSSF","0002822",,,,,"34","027",,,,"040500",,,,,,,,,,,,,,,,,,,,,,,,,,,,,,,,,,,"14000US34027040500",,,"1643123","11515",758,0,758,0,100
"34027040600","Census Tract 406","Census Tract 406, Morris County, New Jersey","nj","140","00","ACSSF","0002823",,,,,"34","027",,,,"040600",,,,,,,,,,,,,,,,,,,,,,,,,,,,,,,,,,,"14000US34027040600",,,"3624121","58723",663,38,625,5.73,94.27
"34027040701","Census Tract 407.01","Census Tract 407.01, Morris County, New Jersey","nj","140","00","ACSSF","0002824",,,,,"34","027",,,,"040701",,,,,,,,,,,,,,,,,,,,,,,,,,,,,,,,,,,"14000US34027040701",,,"21893700","1939188",1382,29,1353,2.1,97.9
"34027040702","Census Tract 407.02","Census Tract 407.02, Morris County, New Jersey","nj","140","00","ACSSF","0002825",,,,,"34","027",,,,"040702",,,,,,,,,,,,,,,,,,,,,,,,,,,,,,,,,,,"14000US34027040702",,,"24755581","1233748",1163,42,1121,3.61,96.39
"34027040801","Census Tract 408.01","Census Tract 408.01, Morris County, New Jersey","nj","140","00","ACSSF","0002826",,,,,"34","027",,,,"040801",,,,,,,,,,,,,,,,,,,,,,,,,,,,,,,,,,,"14000US34027040801",,,"22067726","708105",1323,137,1186,10.36,89.64
"34027040803","Census Tract 408.03","Census Tract 408.03, Morris County, New Jersey","nj","140","00","ACSSF","0002827",,,,,"34","027",,,,"040803",,,,,,,,,,,,,,,,,,,,,,,,,,,,,,,,,,,"14000US34027040803",,,"10420678","391384",1579,0,1579,0,100
"34027040804","Census Tract 408.04","Census Tract 408.04, Morris County, New Jersey","nj","140","00","ACSSF","0002828",,,,,"34","027",,,,"040804",,,,,,,,,,,,,,,,,,,,,,,,,,,,,,,,,,,"14000US34027040804",,,"5264935","62594",694,12,682,1.73,98.27
"34027040805","Census Tract 408.05","Census Tract 408.05, Morris County, New Jersey","nj","140","00","ACSSF","0002829",,,,,"34","027",,,,"040805",,,,,,,,,,,,,,,,,,,,,,,,,,,,,,,,,,,"14000US34027040805",,,"10393726","205566",1432,0,1432,0,100
"34027040900","Census Tract 409","Census Tract 409, Morris County, New Jersey","nj","140","00","ACSSF","0002830",,,,,"34","027",,,,"040900",,,,,,,,,,,,,,,,,,,,,,,,,,,,,,,,,,,"14000US34027040900",,,"21011023","998899",920,23,897,2.5,97.5
"34027041000","Census Tract 410","Census Tract 410, Morris County, New Jersey","nj","140","00","ACSSF","0002831",,,,,"34","027",,,,"041000",,,,,,,,,,,,,,,,,,,,,,,,,,,,,,,,,,,"14000US34027041000",,,"4012301","348895",883,49,834,5.55,94.45
"34027041100","Census Tract 411","Census Tract 411, Morris County, New Jersey","nj","140","00","ACSSF","0002832",,,,,"34","027",,,,"041100",,,,,,,,,,,,,,,,,,,,,,,,,,,,,,,,,,,"14000US34027041100",,,"2036501","62955",907,0,907,0,100
"34027041200","Census Tract 412","Census Tract 412, Morris County, New Jersey","nj","140","00","ACSSF","0002833",,,,,"34","027",,,,"041200",,,,,,,,,,,,,,,,,,,,,,,,,,,,,,,,,,,"14000US34027041200",,,"6838657","687220",1305,13,1292,1,99
"34027041300","Census Tract 413","Census Tract 413, Morris County, New Jersey","nj","140","00","ACSSF","0002834",,,,,"34","027",,,,"041300",,,,,,,,,,,,,,,,,,,,,,,,,,,,,,,,,,,"14000US34027041300",,,"12427391","979598",935,124,811,13.26,86.74
"34027041400","Census Tract 414","Census Tract 414, Morris County, New Jersey","nj","140","00","ACSSF","0002835",,,,,"34","027",,,,"041400",,,,,,,,,,,,,,,,,,,,,,,,,,,,,,,,,,,"14000US34027041400",,,"6174486","599006",1169,0,1169,0,100
"34027041500","Census Tract 415","Census Tract 415, Morris County, New Jersey","nj","140","00","ACSSF","0002836",,,,,"34","027",,,,"041500",,,,,,,,,,,,,,,,,,,,,,,,,,,,,,,,,,,"14000US34027041500",,,"12440629","372329",1330,0,1330,0,100
"34027041601","Census Tract 416.01","Census Tract 416.01, Morris County, New Jersey","nj","140","00","ACSSF","0002837",,,,,"34","027",,,,"041601",,,,,,,,,,,,,,,,,,,,,,,,,,,,,,,,,,,"14000US34027041601",,,"10065506","118450",1470,0,1470,0,100
"34027041602","Census Tract 416.02","Census Tract 416.02, Morris County, New Jersey","nj","140","00","ACSSF","0002838",,,,,"34","027",,,,"041602",,,,,,,,,,,,,,,,,,,,,,,,,,,,,,,,,,,"14000US34027041602",,,"4371023","280055",696,32,664,4.6,95.4
"34027041603","Census Tract 416.03","Census Tract 416.03, Morris County, New Jersey","nj","140","00","ACSSF","0002839",,,,,"34","027",,,,"041603",,,,,,,,,,,,,,,,,,,,,,,,,,,,,,,,,,,"14000US34027041603",,,"4445540","1643379",694,10,684,1.44,98.56
"34027041604","Census Tract 416.04","Census Tract 416.04, Morris County, New Jersey","nj","140","00","ACSSF","0002840",,,,,"34","027",,,,"041604",,,,,,,,,,,,,,,,,,,,,,,,,,,,,,,,,,,"14000US34027041604",,,"5644443","41357",1046,11,1035,1.05,98.95
"34027041701","Census Tract 417.01","Census Tract 417.01, Morris County, New Jersey","nj","140","00","ACSSF","0002841",,,,,"34","027",,,,"041701",,,,,,,,,,,,,,,,,,,,,,,,,,,,,,,,,,,"14000US34027041701",,,"1594378","0",1043,22,1021,2.11,97.89
"34027041702","Census Tract 417.02","Census Tract 417.02, Morris County, New Jersey","nj","140","00","ACSSF","0002842",,,,,"34","027",,,,"041702",,,,,,,,,,,,,,,,,,,,,,,,,,,,,,,,,,,"14000US34027041702",,,"1143170","63500",579,52,527,8.98,91.02
"34027041704","Census Tract 417.04","Census Tract 417.04, Morris County, New Jersey","nj","140","00","ACSSF","0002843",,,,,"34","027",,,,"041704",,,,,,,,,,,,,,,,,,,,,,,,,,,,,,,,,,,"14000US34027041704",,,"5116747","278204",832,8,824,0.96,99.04
"34027041705","Census Tract 417.05","Census Tract 417.05, Morris County, New Jersey","nj","140","00","ACSSF","0002844",,,,,"34","027",,,,"041705",,,,,,,,,,,,,,,,,,,,,,,,,,,,,,,,,,,"14000US34027041705",,,"1597742","0",221,0,221,0,100
"34027041706","Census Tract 417.06","Census Tract 417.06, Morris County, New Jersey","nj","140","00","ACSSF","0002845",,,,,"34","027",,,,"041706",,,,,,,,,,,,,,,,,,,,,,,,,,,,,,,,,,,"14000US34027041706",,,"5007742","1453872",1036,0,1036,0,100
"34027041801","Census Tract 418.01","Census Tract 418.01, Morris County, New Jersey","nj","140","00","ACSSF","0002846",,,,,"34","027",,,,"041801",,,,,,,,,,,,,,,,,,,,,,,,,,,,,,,,,,,"14000US34027041801",,,"1294385","801",493,28,465,5.68,94.32
"34027041802","Census Tract 418.02","Census Tract 418.02, Morris County, New Jersey","nj","140","00","ACSSF","0002847",,,,,"34","027",,,,"041802",,,,,,,,,,,,,,,,,,,,,,,,,,,,,,,,,,,"14000US34027041802",,,"4478916","708434",930,49,881,5.27,94.73
"34027041803","Census Tract 418.03","Census Tract 418.03, Morris County, New Jersey","nj","140","00","ACSSF","0002848",,,,,"34","027",,,,"041803",,,,,,,,,,,,,,,,,,,,,,,,,,,,,,,,,,,"14000US34027041803",,,"16120381","186341",1105,28,1077,2.53,97.47
"34027041901","Census Tract 419.01","Census Tract 419.01, Morris County, New Jersey","nj","140","00","ACSSF","0002849",,,,,"34","027",,,,"041901",,,,,,,,,,,,,,,,,,,,,,,,,,,,,,,,,,,"14000US34027041901",,,"9949139","306796",1274,0,1274,0,100
"34027041902","Census Tract 419.02","Census Tract 419.02, Morris County, New Jersey","nj","140","00","ACSSF","0002850",,,,,"34","027",,,,"041902",,,,,,,,,,,,,,,,,,,,,,,,,,,,,,,,,,,"14000US34027041902",,,"10446550","277780",852,51,801,5.99,94.01
"34027042000","Census Tract 420","Census Tract 420, Morris County, New Jersey","nj","140","00","ACSSF","0002851",,,,,"34","027",,,,"042000",,,,,,,,,,,,,,,,,,,,,,,,,,,,,,,,,,,"14000US34027042000",,,"9631980","403101",844,0,844,0,100
"34027042100","Census Tract 421","Census Tract 421, Morris County, New Jersey","nj","140","00","ACSSF","0002852",,,,,"34","027",,,,"042100",,,,,,,,,,,,,,,,,,,,,,,,,,,,,,,,,,,"14000US34027042100",,,"9335537","96948",911,0,911,0,100
"34027042200","Census Tract 422","Census Tract 422, Morris County, New Jersey","nj","140","00","ACSSF","0002853",,,,,"34","027",,,,"042200",,,,,,,,,,,,,,,,,,,,,,,,,,,,,,,,,,,"14000US34027042200",,,"8266367","94472",1304,20,1284,1.53,98.47
"34027042301","Census Tract 423.01","Census Tract 423.01, Morris County, New Jersey","nj","140","00","ACSSF","0002854",,,,,"34","027",,,,"042301",,,,,,,,,,,,,,,,,,,,,,,,,,,,,,,,,,,"14000US34027042301",,,"1580241","16834",510,0,510,0,100
"34027042302","Census Tract 423.02","Census Tract 423.02, Morris County, New Jersey","nj","140","00","ACSSF","0002855",,,,,"34","027",,,,"042302",,,,,,,,,,,,,,,,,,,,,,,,,,,,,,,,,,,"14000US34027042302",,,"5033338","74794",647,7,640,1.08,98.92
"34027042500","Census Tract 425","Census Tract 425, Morris County, New Jersey","nj","140","00","ACSSF","0002856",,,,,"34","027",,,,"042500",,,,,,,,,,,,,,,,,,,,,,,,,,,,,,,,,,,"14000US34027042500",,,"3035381","1816",746,0,746,0,100
"34027042600","Census Tract 426","Census Tract 426, Morris County, New Jersey","nj","140","00","ACSSF","0002857",,,,,"34","027",,,,"042600",,,,,,,,,,,,,,,,,,,,,,,,,,,,,,,,,,,"14000US34027042600",,,"15890970","430396",1168,75,1093,6.42,93.58
"34027042700","Census Tract 427","Census Tract 427, Morris County, New Jersey","nj","140","00","ACSSF","0002858",,,,,"34","027",,,,"042700",,,,,,,,,,,,,,,,,,,,,,,,,,,,,,,,,,,"14000US34027042700",,,"3175820","58980",1352,5,1347,0.37,99.63
"34027042800","Census Tract 428","Census Tract 428, Morris County, New Jersey","nj","140","00","ACSSF","0002859",,,,,"34","027",,,,"042800",,,,,,,,,,,,,,,,,,,,,,,,,,,,,,,,,,,"14000US34027042800",,,"2903148","35191",1493,0,1493,0,100
"34027042900","Census Tract 429","Census Tract 429, Morris County, New Jersey","nj","140","00","ACSSF","0002860",,,,,"34","027",,,,"042900",,,,,,,,,,,,,,,,,,,,,,,,,,,,,,,,,,,"14000US34027042900",,,"2066395","10617",890,27,863,3.03,96.97
"34027043000","Census Tract 430","Census Tract 430, Morris County, New Jersey","nj","140","00","ACSSF","0002861",,,,,"34","027",,,,"043000",,,,,,,,,,,,,,,,,,,,,,,,,,,,,,,,,,,"14000US34027043000",,,"2868111","2182",1143,36,1107,3.15,96.85
"34027043100","Census Tract 431","Census Tract 431, Morris County, New Jersey","nj","140","00","ACSSF","0002862",,,,,"34","027",,,,"043100",,,,,,,,,,,,,,,,,,,,,,,,,,,,,,,,,,,"14000US34027043100",,,"3001242","4054",1079,105,974,9.73,90.27
"34027043200","Census Tract 432","Census Tract 432, Morris County, New Jersey","nj","140","00","ACSSF","0002863",,,,,"34","027",,,,"043200",,,,,,,,,,,,,,,,,,,,,,,,,,,,,,,,,,,"14000US34027043200",,,"3235870","15647",772,78,694,10.1,89.9
"34027043301","Census Tract 433.01","Census Tract 433.01, Morris County, New Jersey","nj","140","00","ACSSF","0002864",,,,,"34","027",,,,"043301",,,,,,,,,,,,,,,,,,,,,,,,,,,,,,,,,,,"14000US34027043301",,,"4143539","22599",680,37,643,5.44,94.56
"34027043302","Census Tract 433.02","Census Tract 433.02, Morris County, New Jersey","nj","140","00","ACSSF","0002865",,,,,"34","027",,,,"043302",,,,,,,,,,,,,,,,,,,,,,,,,,,,,,,,,,,"14000US34027043302",,,"4535788","40394",606,113,493,18.65,81.35
"34027043303","Census Tract 433.03","Census Tract 433.03, Morris County, New Jersey","nj","140","00","ACSSF","0002866",,,,,"34","027",,,,"043303",,,,,,,,,,,,,,,,,,,,,,,,,,,,,,,,,,,"14000US34027043303",,,"7414823","105150",698,0,698,0,100
"34027043401","Census Tract 434.01","Census Tract 434.01, Morris County, New Jersey","nj","140","00","ACSSF","0002867",,,,,"34","027",,,,"043401",,,,,,,,,,,,,,,,,,,,,,,,,,,,,,,,,,,"14000US34027043401",,,"7908426","30963",1260,18,1242,1.43,98.57
"34027043402","Census Tract 434.02","Census Tract 434.02, Morris County, New Jersey","nj","140","00","ACSSF","0002868",,,,,"34","027",,,,"043402",,,,,,,,,,,,,,,,,,,,,,,,,,,,,,,,,,,"14000US34027043402",,,"16613910","141140",1133,108,1025,9.53,90.47
"34027043500","Census Tract 435","Census Tract 435, Morris County, New Jersey","nj","140","00","ACSSF","0002869",,,,,"34","027",,,,"043500",,,,,,,,,,,,,,,,,,,,,,,,,,,,,,,,,,,"14000US34027043500",,,"1121636","97987",786,69,717,8.78,91.22
"34027043600","Census Tract 436","Census Tract 436, Morris County, New Jersey","nj","140","00","ACSSF","0002870",,,,,"34","027",,,,"043600",,,,,,,,,,,,,,,,,,,,,,,,,,,,,,,,,,,"14000US34027043600",,,"2101807","11645",691,35,656,5.07,94.93
"34027043700","Census Tract 437","Census Tract 437, Morris County, New Jersey","nj","140","00","ACSSF","0002871",,,,,"34","027",,,,"043700",,,,,,,,,,,,,,,,,,,,,,,,,,,,,,,,,,,"14000US34027043700",,,"2171697","19316",495,30,465,6.06,93.94
"34027043800","Census Tract 438","Census Tract 438, Morris County, New Jersey","nj","140","00","ACSSF","0002872",,,,,"34","027",,,,"043800",,,,,,,,,,,,,,,,,,,,,,,,,,,,,,,,,,,"14000US34027043800",,,"2139534","124261",662,66,596,9.97,90.03
"34027043900","Census Tract 439","Census Tract 439, Morris County, New Jersey","nj","140","00","ACSSF","0002873",,,,,"34","027",,,,"043900",,,,,,,,,,,,,,,,,,,,,,,,,,,,,,,,,,,"14000US34027043900",,,"4772035","60355",1270,0,1270,0,100
"34027044000","Census Tract 440","Census Tract 440, Morris County, New Jersey","nj","140","00","ACSSF","0002874",,,,,"34","027",,,,"044000",,,,,,,,,,,,,,,,,,,,,,,,,,,,,,,,,,,"14000US34027044000",,,"18526659","857806",1692,36,1656,2.13,97.87
"34027044101","Census Tract 441.01","Census Tract 441.01, Morris County, New Jersey","nj","140","00","ACSSF","0002875",,,,,"34","027",,,,"044101",,,,,,,,,,,,,,,,,,,,,,,,,,,,,,,,,,,"14000US34027044101",,,"7964012","139432",689,0,689,0,100
"34027044102","Census Tract 441.02","Census Tract 441.02, Morris County, New Jersey","nj","140","00","ACSSF","0002876",,,,,"34","027",,,,"044102",,,,,,,,,,,,,,,,,,,,,,,,,,,,,,,,,,,"14000US34027044102",,,"22551423","567690",1221,48,1173,3.93,96.07
"34027044200","Census Tract 442","Census Tract 442, Morris County, New Jersey","nj","140","00","ACSSF","0002877",,,,,"34","027",,,,"044200",,,,,,,,,,,,,,,,,,,,,,,,,,,,,,,,,,,"14000US34027044200",,,"51919158","1356789",776,20,756,2.58,97.42
"34027044300","Census Tract 443","Census Tract 443, Morris County, New Jersey","nj","140","00","ACSSF","0002878",,,,,"34","027",,,,"044300",,,,,,,,,,,,,,,,,,,,,,,,,,,,,,,,,,,"14000US34027044300",,,"5371562","120927",1408,84,1324,5.97,94.03
"34027044401","Census Tract 444.01","Census Tract 444.01, Morris County, New Jersey","nj","140","00","ACSSF","0002879",,,,,"34","027",,,,"044401",,,,,,,,,,,,,,,,,,,,,,,,,,,,,,,,,,,"14000US34027044401",,,"85505413","9209201",889,20,869,2.25,97.75
"34027044403","Census Tract 444.03","Census Tract 444.03, Morris County, New Jersey","nj","140","00","ACSSF","0002880",,,,,"34","027",,,,"044403",,,,,,,,,,,,,,,,,,,,,,,,,,,,,,,,,,,"14000US34027044403",,,"7650226","1230407",1164,55,1109,4.73,95.27
"34027044404","Census Tract 444.04","Census Tract 444.04, Morris County, New Jersey","nj","140","00","ACSSF","0002881",,,,,"34","027",,,,"044404",,,,,,,,,,,,,,,,,,,,,,,,,,,,,,,,,,,"14000US34027044404",,,"2621800","23140",989,40,949,4.04,95.96
"34027044501","Census Tract 445.01","Census Tract 445.01, Morris County, New Jersey","nj","140","00","ACSSF","0002882",,,,,"34","027",,,,"044501",,,,,,,,,,,,,,,,,,,,,,,,,,,,,,,,,,,"14000US34027044501",,,"9296899","344251",1032,247,785,23.93,76.07
"34027044502","Census Tract 445.02","Census Tract 445.02, Morris County, New Jersey","nj","140","00","ACSSF","0002883",,,,,"34","027",,,,"044502",,,,,,,,,,,,,,,,,,,,,,,,,,,,,,,,,,,"14000US34027044502",,,"2953875","18812",1026,51,975,4.97,95.03
"34027044601","Census Tract 446.01","Census Tract 446.01, Morris County, New Jersey","nj","140","00","ACSSF","0002884",,,,,"34","027",,,,"044601",,,,,,,,,,,,,,,,,,,,,,,,,,,,,,,,,,,"14000US34027044601",,,"17510705","1042432",1089,49,1040,4.5,95.5
"34027044602","Census Tract 446.02","Census Tract 446.02, Morris County, New Jersey","nj","140","00","ACSSF","0002885",,,,,"34","027",,,,"044602",,,,,,,,,,,,,,,,,,,,,,,,,,,,,,,,,,,"14000US34027044602",,,"42879358","2804633",1112,0,1112,0,100
"34027044701","Census Tract 447.01","Census Tract 447.01, Morris County, New Jersey","nj","140","00","ACSSF","0002886",,,,,"34","027",,,,"044701",,,,,,,,,,,,,,,,,,,,,,,,,,,,,,,,,,,"14000US34027044701",,,"6474834","3382703",653,71,582,10.87,89.13
"34027044702","Census Tract 447.02","Census Tract 447.02, Morris County, New Jersey","nj","140","00","ACSSF","0002887",,,,,"34","027",,,,"044702",,,,,,,,,,,,,,,,,,,,,,,,,,,,,,,,,,,"14000US34027044702",,,"33719854","2967233",1568,152,1416,9.69,90.31
"34027044800","Census Tract 448","Census Tract 448, Morris County, New Jersey","nj","140","00","ACSSF","0002888",,,,,"34","027",,,,"044800",,,,,,,,,,,,,,,,,,,,,,,,,,,,,,,,,,,"14000US34027044800",,,"2139319","23119",1448,286,1162,19.75,80.25
"34027044900","Census Tract 449","Census Tract 449, Morris County, New Jersey","nj","140","00","ACSSF","0002889",,,,,"34","027",,,,"044900",,,,,,,,,,,,,,,,,,,,,,,,,,,,,,,,,,,"14000US34027044900",,,"2303247","22198",1341,156,1185,11.63,88.37
"34027045000","Census Tract 450","Census Tract 450, Morris County, New Jersey","nj","140","00","ACSSF","0002890",,,,,"34","027",,,,"045000",,,,,,,,,,,,,,,,,,,,,,,,,,,,,,,,,,,"14000US34027045000",,,"2487417","89014",1171,258,913,22.03,77.97
"34027045100","Census Tract 451","Census Tract 451, Morris County, New Jersey","nj","140","00","ACSSF","0002891",,,,,"34","027",,,,"045100",,,,,,,,,,,,,,,,,,,,,,,,,,,,,,,,,,,"14000US34027045100",,,"5355742","155567",1657,107,1550,6.46,93.54
"34027045200","Census Tract 452","Census Tract 452, Morris County, New Jersey","nj","140","00","ACSSF","0002892",,,,,"34","027",,,,"045200",,,,,,,,,,,,,,,,,,,,,,,,,,,,,,,,,,,"14000US34027045200",,,"7611717","150202",634,55,579,8.68,91.32
"34027045300","Census Tract 453","Census Tract 453, Morris County, New Jersey","nj","140","00","ACSSF","0002893",,,,,"34","027",,,,"045300",,,,,,,,,,,,,,,,,,,,,,,,,,,,,,,,,,,"14000US34027045300",,,"19607386","1324121",814,14,800,1.72,98.28
"34027045401","Census Tract 454.01","Census Tract 454.01, Morris County, New Jersey","nj","140","00","ACSSF","0002894",,,,,"34","027",,,,"045401",,,,,,,,,,,,,,,,,,,,,,,,,,,,,,,,,,,"14000US34027045401",,,"5542644","1684461",999,0,999,0,100
"34027045402","Census Tract 454.02","Census Tract 454.02, Morris County, New Jersey","nj","140","00","ACSSF","0002895",,,,,"34","027",,,,"045402",,,,,,,,,,,,,,,,,,,,,,,,,,,,,,,,,,,"14000US34027045402",,,"8262561","1295709",1078,295,783,27.37,72.63
"34027045501","Census Tract 455.01","Census Tract 455.01, Morris County, New Jersey","nj","140","00","ACSSF","0002896",,,,,"34","027",,,,"045501",,,,,,,,,,,,,,,,,,,,,,,,,,,,,,,,,,,"14000US34027045501",,,"7865936","104341",973,11,962,1.13,98.87
"34027045502","Census Tract 455.02","Census Tract 455.02, Morris County, New Jersey","nj","140","00","ACSSF","0002897",,,,,"34","027",,,,"045502",,,,,,,,,,,,,,,,,,,,,,,,,,,,,,,,,,,"14000US34027045502",,,"18270302","201157",1976,101,1875,5.11,94.89
"34027045602","Census Tract 456.02","Census Tract 456.02, Morris County, New Jersey","nj","140","00","ACSSF","0002898",,,,,"34","027",,,,"045602",,,,,,,,,,,,,,,,,,,,,,,,,,,,,,,,,,,"14000US34027045602",,,"384029","0",417,162,255,38.85,61.15
"34027045603","Census Tract 456.03","Census Tract 456.03, Morris County, New Jersey","nj","140","00","ACSSF","0002899",,,,,"34","027",,,,"045603",,,,,,,,,,,,,,,,,,,,,,,,,,,,,,,,,,,"14000US34027045603",,,"3503171","8402",923,91,832,9.86,90.14
"34027045701","Census Tract 457.01","Census Tract 457.01, Morris County, New Jersey","nj","140","00","ACSSF","0002900",,,,,"34","027",,,,"045701",,,,,,,,,,,,,,,,,,,,,,,,,,,,,,,,,,,"14000US34027045701",,,"20187639","163793",1519,32,1487,2.11,97.89
"34027045703","Census Tract 457.03","Census Tract 457.03, Morris County, New Jersey","nj","140","00","ACSSF","0002901",,,,,"34","027",,,,"045703",,,,,,,,,,,,,,,,,,,,,,,,,,,,,,,,,,,"14000US34027045703",,,"4912402","7107",1065,36,1029,3.38,96.62
"34027045704","Census Tract 457.04","Census Tract 457.04, Morris County, New Jersey","nj","140","00","ACSSF","0002902",,,,,"34","027",,,,"045704",,,,,,,,,,,,,,,,,,,,,,,,,,,,,,,,,,,"14000US34027045704",,,"11004485","325038",1269,0,1269,0,100
"34027045804","Census Tract 458.04","Census Tract 458.04, Morris County, New Jersey","nj","140","00","ACSSF","0002903",,,,,"34","027",,,,"045804",,,,,,,,,,,,,,,,,,,,,,,,,,,,,,,,,,,"14000US34027045804",,,"46059244","593903",1482,0,1482,0,100
"34027045901","Census Tract 459.01","Census Tract 459.01, Morris County, New Jersey","nj","140","00","ACSSF","0002904",,,,,"34","027",,,,"045901",,,,,,,,,,,,,,,,,,,,,,,,,,,,,,,,,,,"14000US34027045901",,,"4123961","4041",381,15,366,3.94,96.06
"34027045902","Census Tract 459.02","Census Tract 459.02, Morris County, New Jersey","nj","140","00","ACSSF","0002905",,,,,"34","027",,,,"045902",,,,,,,,,,,,,,,,,,,,,,,,,,,,,,,,,,,"14000US34027045902",,,"75451258","218596",1952,19,1933,0.97,99.03
"34027046000","Census Tract 460","Census Tract 460, Morris County, New Jersey","nj","140","00","ACSSF","0002906",,,,,"34","027",,,,"046000",,,,,,,,,,,,,,,,,,,,,,,,,,,,,,,,,,,"14000US34027046000",,,"2156665","331439",485,73,412,15.05,84.95
"34027046103","Census Tract 461.03","Census Tract 461.03, Morris County, New Jersey","nj","140","00","ACSSF","0002907",,,,,"34","027",,,,"046103",,,,,,,,,,,,,,,,,,,,,,,,,,,,,,,,,,,"14000US34027046103",,,"6691934","41748",1051,99,952,9.42,90.58
"34027046104","Census Tract 461.04","Census Tract 461.04, Morris County, New Jersey","nj","140","00","ACSSF","0002908",,,,,"34","027",,,,"046104",,,,,,,,,,,,,,,,,,,,,,,,,,,,,,,,,,,"14000US34027046104",,,"23562708","143935",1544,54,1490,3.5,96.5
"34027046105","Census Tract 461.05","Census Tract 461.05, Morris County, New Jersey","nj","140","00","ACSSF","0002909",,,,,"34","027",,,,"046105",,,,,,,,,,,,,,,,,,,,,,,,,,,,,,,,,,,"14000US34027046105",,,"6222626","2404402",1915,327,1588,17.08,82.92
"34027046106","Census Tract 461.06","Census Tract 461.06, Morris County, New Jersey","nj","140","00","ACSSF","0002910",,,,,"34","027",,,,"046106",,,,,,,,,,,,,,,,,,,,,,,,,,,,,,,,,,,"14000US34027046106",,,"40231487","1624040",2232,58,2174,2.6,97.4
"34027046201","Census Tract 462.01","Census Tract 462.01, Morris County, New Jersey","nj","140","00","ACSSF","0002911",,,,,"34","027",,,,"046201",,,,,,,,,,,,,,,,,,,,,,,,,,,,,,,,,,,"14000US34027046201",,,"16468067","54849",1416,0,1416,0,100
"34027046202","Census Tract 462.02","Census Tract 462.02, Morris County, New Jersey","nj","140","00","ACSSF","0002912",,,,,"34","027",,,,"046202",,,,,,,,,,,,,,,,,,,,,,,,,,,,,,,,,,,"14000US34027046202",,,"19541434","152241",921,0,921,0,100
"34027046297","Census Tract 462.97","Census Tract 462.97, Morris County, New Jersey","nj","140","00","ACSSF","0002913",,,,,"34","027",,,,"046297",,,,,,,,,,,,,,,,,,,,,,,,,,,,,,,,,,,"14000US34027046297",,,"33855754","223948",904,0,904,0,100
"34027046298","Census Tract 462.98","Census Tract 462.98, Morris County, New Jersey","nj","140","00","ACSSF","0002914",,,,,"34","027",,,,"046298",,,,,,,,,,,,,,,,,,,,,,,,,,,,,,,,,,,"14000US34027046298",,,"45597382","383198",1337,20,1317,1.5,98.5
"34027046300","Census Tract 463","Census Tract 463, Morris County, New Jersey","nj","140","00","ACSSF","0002915",,,,,"34","027",,,,"046300",,,,,,,,,,,,,,,,,,,,,,,,,,,,,,,,,,,"14000US34027046300",,,"14525859","166974",1320,0,1320,0,100
"34027046400","Census Tract 464","Census Tract 464, Morris County, New Jersey","nj","140","00","ACSSF","0002916",,,,,"34","027",,,,"046400",,,,,,,,,,,,,,,,,,,,,,,,,,,,,,,,,,,"14000US34027046400",,,"15359990","130000",1214,36,1178,2.97,97.03
"34029710100","Census Tract 7101","Census Tract 7101, Ocean County, New Jersey","nj","140","00","ACSSF","0002917",,,,,"34","029",,,,"710100",,,,,,,,,,,,,,,,,,,,,,,,,,,,,,,,,,,"14000US34029710100",,,"3682908","1822858",687,24,663,3.49,96.51
"34029711100","Census Tract 7111","Census Tract 7111, Ocean County, New Jersey","nj","140","00","ACSSF","0002918",,,,,"34","029",,,,"711100",,,,,,,,,,,,,,,,,,,,,,,,,,,,,,,,,,,"14000US34029711100",,,"2096060","389644",794,103,691,12.97,87.03
"34029711200","Census Tract 7112","Census Tract 7112, Ocean County, New Jersey","nj","140","00","ACSSF","0002919",,,,,"34","029",,,,"711200",,,,,,,,,,,,,,,,,,,,,,,,,,,,,,,,,,,"14000US34029711200",,,"2029964","381756",1026,71,955,6.92,93.08
"34029711300","Census Tract 7113","Census Tract 7113, Ocean County, New Jersey","nj","140","00","ACSSF","0002920",,,,,"34","029",,,,"711300",,,,,,,,,,,,,,,,,,,,,,,,,,,,,,,,,,,"14000US34029711300",,,"1837249","14525",903,11,892,1.22,98.78
"34029711400","Census Tract 7114","Census Tract 7114, Ocean County, New Jersey","nj","140","00","ACSSF","0002921",,,,,"34","029",,,,"711400",,,,,,,,,,,,,,,,,,,,,,,,,,,,,,,,,,,"14000US34029711400",,,"3080285","960632",1019,64,955,6.28,93.72
"34029712000","Census Tract 7120","Census Tract 7120, Ocean County, New Jersey","nj","140","00","ACSSF","0002922",,,,,"34","029",,,,"712000",,,,,,,,,,,,,,,,,,,,,,,,,,,,,,,,,,,"14000US34029712000",,,"2516730","3014586",185,0,185,0,100
"34029713000","Census Tract 7130","Census Tract 7130, Ocean County, New Jersey","nj","140","00","ACSSF","0002923",,,,,"34","029",,,,"713000",,,,,,,,,,,,,,,,,,,,,,,,,,,,,,,,,,,"14000US34029713000",,,"2866441","28086",924,75,849,8.12,91.88
"34029713100","Census Tract 7131","Census Tract 7131, Ocean County, New Jersey","nj","140","00","ACSSF","0002924",,,,,"34","029",,,,"713100",,,,,,,,,,,,,,,,,,,,,,,,,,,,,,,,,,,"14000US34029713100",,,"4314582","287956",1412,7,1405,0.5,99.5
"34029713201","Census Tract 7132.01","Census Tract 7132.01, Ocean County, New Jersey","nj","140","00","ACSSF","0002925",,,,,"34","029",,,,"713201",,,,,,,,,,,,,,,,,,,,,,,,,,,,,,,,,,,"14000US34029713201",,,"4288578","886672",399,0,399,0,100
"34029713202","Census Tract 7132.02","Census Tract 7132.02, Ocean County, New Jersey","nj","140","00","ACSSF","0002926",,,,,"34","029",,,,"713202",,,,,,,,,,,,,,,,,,,,,,,,,,,,,,,,,,,"14000US34029713202",,,"2811163","0",795,13,782,1.64,98.36
"34029713203","Census Tract 7132.03","Census Tract 7132.03, Ocean County, New Jersey","nj","140","00","ACSSF","0002927",,,,,"34","029",,,,"713203",,,,,,,,,,,,,,,,,,,,,,,,,,,,,,,,,,,"14000US34029713203",,,"3624454","21777",870,112,758,12.87,87.13
"34029713300","Census Tract 7133","Census Tract 7133, Ocean County, New Jersey","nj","140","00","ACSSF","0002928",,,,,"34","029",,,,"713300",,,,,,,,,,,,,,,,,,,,,,,,,,,,,,,,,,,"14000US34029713300",,,"2736521","26291",450,95,355,21.11,78.89
"34029713401","Census Tract 7134.01","Census Tract 7134.01, Ocean County, New Jersey","nj","140","00","ACSSF","0002929",,,,,"34","029",,,,"713401",,,,,,,,,,,,,,,,,,,,,,,,,,,,,,,,,,,"14000US34029713401",,,"3497319","0",1086,206,880,18.97,81.03
"34029713402","Census Tract 7134.02","Census Tract 7134.02, Ocean County, New Jersey","nj","140","00","ACSSF","0002930",,,,,"34","029",,,,"713402",,,,,,,,,,,,,,,,,,,,,,,,,,,,,,,,,,,"14000US34029713402",,,"4975120","154227",461,19,442,4.12,95.88
"34029713500","Census Tract 7135","Census Tract 7135, Ocean County, New Jersey","nj","140","00","ACSSF","0002931",,,,,"34","029",,,,"713500",,,,,,,,,,,,,,,,,,,,,,,,,,,,,,,,,,,"14000US34029713500",,,"3333437","556314",440,0,440,0,100
"34029713600","Census Tract 7136","Census Tract 7136, Ocean County, New Jersey","nj","140","00","ACSSF","0002932",,,,,"34","029",,,,"713600",,,,,,,,,,,,,,,,,,,,,,,,,,,,,,,,,,,"14000US34029713600",,,"2255549","32178",721,6,715,0.83,99.17
"34029713700","Census Tract 7137","Census Tract 7137, Ocean County, New Jersey","nj","140","00","ACSSF","0002933",,,,,"34","029",,,,"713700",,,,,,,,,,,,,,,,,,,,,,,,,,,,,,,,,,,"14000US34029713700",,,"2045098","2421092",361,20,341,5.54,94.46
"34029713800","Census Tract 7138","Census Tract 7138, Ocean County, New Jersey","nj","140","00","ACSSF","0002934",,,,,"34","029",,,,"713800",,,,,,,,,,,,,,,,,,,,,,,,,,,,,,,,,,,"14000US34029713800",,,"6947272","4268255",654,68,586,10.4,89.6
"34029713900","Census Tract 7139","Census Tract 7139, Ocean County, New Jersey","nj","140","00","ACSSF","0002935",,,,,"34","029",,,,"713900",,,,,,,,,,,,,,,,,,,,,,,,,,,,,,,,,,,"14000US34029713900",,,"3954193","732513",1747,375,1372,21.47,78.53
"34029714000","Census Tract 7140","Census Tract 7140, Ocean County, New Jersey","nj","140","00","ACSSF","0002936",,,,,"34","029",,,,"714000",,,,,,,,,,,,,,,,,,,,,,,,,,,,,,,,,,,"14000US34029714000",,,"3683869","212551",1320,81,1239,6.14,93.86
"34029714100","Census Tract 7141","Census Tract 7141, Ocean County, New Jersey","nj","140","00","ACSSF","0002937",,,,,"34","029",,,,"714100",,,,,,,,,,,,,,,,,,,,,,,,,,,,,,,,,,,"14000US34029714100",,,"3413435","364794",310,124,186,40,60
"34029714200","Census Tract 7142","Census Tract 7142, Ocean County, New Jersey","nj","140","00","ACSSF","0002938",,,,,"34","029",,,,"714200",,,,,,,,,,,,,,,,,,,,,,,,,,,,,,,,,,,"14000US34029714200",,,"5933887","1294247",1769,57,1712,3.22,96.78
"34029714300","Census Tract 7143","Census Tract 7143, Ocean County, New Jersey","nj","140","00","ACSSF","0002939",,,,,"34","029",,,,"714300",,,,,,,,,,,,,,,,,,,,,,,,,,,,,,,,,,,"14000US34029714300",,,"4140144","2978264",685,42,643,6.13,93.87
"34029714400","Census Tract 7144","Census Tract 7144, Ocean County, New Jersey","nj","140","00","ACSSF","0002940",,,,,"34","029",,,,"714400",,,,,,,,,,,,,,,,,,,,,,,,,,,,,,,,,,,"14000US34029714400",,,"1565537","3921105",38,0,38,0,100
"34029715000","Census Tract 7150","Census Tract 7150, Ocean County, New Jersey","nj","140","00","ACSSF","0002941",,,,,"34","029",,,,"715000",,,,,,,,,,,,,,,,,,,,,,,,,,,,,,,,,,,"14000US34029715000",,,"13152279","276532",4585,1038,3547,22.64,77.36
"34029715200","Census Tract 7152","Census Tract 7152, Ocean County, New Jersey","nj","140","00","ACSSF","0002942",,,,,"34","029",,,,"715200",,,,,,,,,,,,,,,,,,,,,,,,,,,,,,,,,,,"14000US34029715200",,,"3544017","31818",6565,2296,4269,34.97,65.03
"34029715301","Census Tract 7153.01","Census Tract 7153.01, Ocean County, New Jersey","nj","140","00","ACSSF","0002943",,,,,"34","029",,,,"715301",,,,,,,,,,,,,,,,,,,,,,,,,,,,,,,,,,,"14000US34029715301",,,"1850055","0",4245,1874,2371,44.15,55.85
"34029715302","Census Tract 7153.02","Census Tract 7153.02, Ocean County, New Jersey","nj","140","00","ACSSF","0002944",,,,,"34","029",,,,"715302",,,,,,,,,,,,,,,,,,,,,,,,,,,,,,,,,,,"14000US34029715302",,,"960898","0",3432,1894,1538,55.19,44.81
"34029715401","Census Tract 7154.01","Census Tract 7154.01, Ocean County, New Jersey","nj","140","00","ACSSF","0002945",,,,,"34","029",,,,"715401",,,,,,,,,,,,,,,,,,,,,,,,,,,,,,,,,,,"14000US34029715401",,,"4806970","14570",2684,827,1857,30.81,69.19
"34029715402","Census Tract 7154.02","Census Tract 7154.02, Ocean County, New Jersey","nj","140","00","ACSSF","0002946",,,,,"34","029",,,,"715402",,,,,,,,,,,,,,,,,,,,,,,,,,,,,,,,,,,"14000US34029715402",,,"1046204","163588",2948,1617,1331,54.85,45.15
"34029715500","Census Tract 7155","Census Tract 7155, Ocean County, New Jersey","nj","140","00","ACSSF","0002947",,,,,"34","029",,,,"715500",,,,,,,,,,,,,,,,,,,,,,,,,,,,,,,,,,,"14000US34029715500",,,"6532797","220458",7659,1439,6220,18.79,81.21
"34029715600","Census Tract 7156","Census Tract 7156, Ocean County, New Jersey","nj","140","00","ACSSF","0002948",,,,,"34","029",,,,"715600",,,,,,,,,,,,,,,,,,,,,,,,,,,,,,,,,,,"14000US34029715600",,,"2354770","0",4696,1755,2941,37.37,62.63
"34029715700","Census Tract 7157","Census Tract 7157, Ocean County, New Jersey","nj","140","00","ACSSF","0002949",,,,,"34","029",,,,"715700",,,,,,,,,,,,,,,,,,,,,,,,,,,,,,,,,,,"14000US34029715700",,,"7977051","0",5220,1748,3472,33.49,66.51
"34029715800","Census Tract 7158","Census Tract 7158, Ocean County, New Jersey","nj","140","00","ACSSF","0002950",,,,,"34","029",,,,"715800",,,,,,,,,,,,,,,,,,,,,,,,,,,,,,,,,,,"14000US34029715800",,,"12610495","97131",4632,1159,3473,25.02,74.98
"34029715901","Census Tract 7159.01","Census Tract 7159.01, Ocean County, New Jersey","nj","140","00","ACSSF","0002951",,,,,"34","029",,,,"715901",,,,,,,,,,,,,,,,,,,,,,,,,,,,,,,,,,,"14000US34029715901",,,"1281417","0",586,101,485,17.24,82.76
"34029715902","Census Tract 7159.02","Census Tract 7159.02, Ocean County, New Jersey","nj","140","00","ACSSF","0002952",,,,,"34","029",,,,"715902",,,,,,,,,,,,,,,,,,,,,,,,,,,,,,,,,,,"14000US34029715902",,,"3377179","201835",277,0,277,0,100
"34029716000","Census Tract 7160","Census Tract 7160, Ocean County, New Jersey","nj","140","00","ACSSF","0002953",,,,,"34","029",,,,"716000",,,,,,,,,,,,,,,,,,,,,,,,,,,,,,,,,,,"14000US34029716000",,,"4428464","25347",32,0,32,0,100
"34029717001","Census Tract 7170.01","Census Tract 7170.01, Ocean County, New Jersey","nj","140","00","ACSSF","0002954",,,,,"34","029",,,,"717001",,,,,,,,,,,,,,,,,,,,,,,,,,,,,,,,,,,"14000US34029717001",,,"2709637","0",760,173,587,22.76,77.24
"34029717002","Census Tract 7170.02","Census Tract 7170.02, Ocean County, New Jersey","nj","140","00","ACSSF","0002955",,,,,"34","029",,,,"717002",,,,,,,,,,,,,,,,,,,,,,,,,,,,,,,,,,,"14000US34029717002",,,"3270788","6135",1271,147,1124,11.57,88.43
"34029717101","Census Tract 7171.01","Census Tract 7171.01, Ocean County, New Jersey","nj","140","00","ACSSF","0002956",,,,,"34","029",,,,"717101",,,,,,,,,,,,,,,,,,,,,,,,,,,,,,,,,,,"14000US34029717101",,,"14342784","19261",2269,127,2142,5.6,94.4
"34029717102","Census Tract 7171.02","Census Tract 7171.02, Ocean County, New Jersey","nj","140","00","ACSSF","0002957",,,,,"34","029",,,,"717102",,,,,,,,,,,,,,,,,,,,,,,,,,,,,,,,,,,"14000US34029717102",,,"7790861","114291",730,29,701,3.97,96.03
"34029717200","Census Tract 7172","Census Tract 7172, Ocean County, New Jersey","nj","140","00","ACSSF","0002958",,,,,"34","029",,,,"717200",,,,,,,,,,,,,,,,,,,,,,,,,,,,,,,,,,,"14000US34029717200",,,"40038841","184599",1797,43,1754,2.39,97.61
"34029717300","Census Tract 7173","Census Tract 7173, Ocean County, New Jersey","nj","140","00","ACSSF","0002959",,,,,"34","029",,,,"717300",,,,,,,,,,,,,,,,,,,,,,,,,,,,,,,,,,,"14000US34029717300",,,"42965897","848479",1438,39,1399,2.71,97.29
"34029717400","Census Tract 7174","Census Tract 7174, Ocean County, New Jersey","nj","140","00","ACSSF","0002960",,,,,"34","029",,,,"717400",,,,,,,,,,,,,,,,,,,,,,,,,,,,,,,,,,,"14000US34029717400",,,"94154061","1803429",1257,42,1215,3.34,96.66
"34029717501","Census Tract 7175.01","Census Tract 7175.01, Ocean County, New Jersey","nj","140","00","ACSSF","0002961",,,,,"34","029",,,,"717501",,,,,,,,,,,,,,,,,,,,,,,,,,,,,,,,,,,"14000US34029717501",,,"7657897","0",1925,230,1695,11.95,88.05
"34029717502","Census Tract 7175.02","Census Tract 7175.02, Ocean County, New Jersey","nj","140","00","ACSSF","0002962",,,,,"34","029",,,,"717502",,,,,,,,,,,,,,,,,,,,,,,,,,,,,,,,,,,"14000US34029717502",,,"18749523","301305",1440,0,1440,0,100
"34029718000","Census Tract 7180","Census Tract 7180, Ocean County, New Jersey","nj","140","00","ACSSF","0002963",,,,,"34","029",,,,"718000",,,,,,,,,,,,,,,,,,,,,,,,,,,,,,,,,,,"14000US34029718000",,,"53907669","520164",1859,67,1792,3.6,96.4
"34029720001","Census Tract 7200.01","Census Tract 7200.01, Ocean County, New Jersey","nj","140","00","ACSSF","0002964",,,,,"34","029",,,,"720001",,,,,,,,,,,,,,,,,,,,,,,,,,,,,,,,,,,"14000US34029720001",,,"35058350","124019",627,0,627,0,100
"34029720101","Census Tract 7201.01","Census Tract 7201.01, Ocean County, New Jersey","nj","140","00","ACSSF","0002965",,,,,"34","029",,,,"720101",,,,,,,,,,,,,,,,,,,,,,,,,,,,,,,,,,,"14000US34029720101",,,"62049080","995645",915,353,562,38.58,61.42
"34029720102","Census Tract 7201.02","Census Tract 7201.02, Ocean County, New Jersey","nj","140","00","ACSSF","0002966",,,,,"34","029",,,,"720102",,,,,,,,,,,,,,,,,,,,,,,,,,,,,,,,,,,"14000US34029720102",,,"6772337","164989",0,0,0,,
"34029720103","Census Tract 7201.03","Census Tract 7201.03, Ocean County, New Jersey","nj","140","00","ACSSF","0002967",,,,,"34","029",,,,"720103",,,,,,,,,,,,,,,,,,,,,,,,,,,,,,,,,,,"14000US34029720103",,,"8054690","47591",0,0,0,,
"34029720202","Census Tract 7202.02","Census Tract 7202.02, Ocean County, New Jersey","nj","140","00","ACSSF","0002968",,,,,"34","029",,,,"720202",,,,,,,,,,,,,,,,,,,,,,,,,,,,,,,,,,,"14000US34029720202",,,"7489854","194848",198,28,170,14.14,85.86
"34029720203","Census Tract 7202.03","Census Tract 7202.03, Ocean County, New Jersey","nj","140","00","ACSSF","0002969",,,,,"34","029",,,,"720203",,,,,,,,,,,,,,,,,,,,,,,,,,,,,,,,,,,"14000US34029720203",,,"3820349","91379",794,64,730,8.06,91.94
"34029720204","Census Tract 7202.04","Census Tract 7202.04, Ocean County, New Jersey","nj","140","00","ACSSF","0002970",,,,,"34","029",,,,"720204",,,,,,,,,,,,,,,,,,,,,,,,,,,,,,,,,,,"14000US34029720204",,,"3680602","351",1396,47,1349,3.37,96.63
"34029720205","Census Tract 7202.05","Census Tract 7202.05, Ocean County, New Jersey","nj","140","00","ACSSF","0002971",,,,,"34","029",,,,"720205",,,,,,,,,,,,,,,,,,,,,,,,,,,,,,,,,,,"14000US34029720205",,,"6676501","18482",70,0,70,0,100
"34029720206","Census Tract 7202.06","Census Tract 7202.06, Ocean County, New Jersey","nj","140","00","ACSSF","0002972",,,,,"34","029",,,,"720206",,,,,,,,,,,,,,,,,,,,,,,,,,,,,,,,,,,"14000US34029720206",,,"8857727","38410",319,19,300,5.96,94.04
"34029721000","Census Tract 7210","Census Tract 7210, Ocean County, New Jersey","nj","140","00","ACSSF","0002973",,,,,"34","029",,,,"721000",,,,,,,,,,,,,,,,,,,,,,,,,,,,,,,,,,,"14000US34029721000",,,"2260503","240040",713,107,606,15.01,84.99
"34029722001","Census Tract 7220.01","Census Tract 7220.01, Ocean County, New Jersey","nj","140","00","ACSSF","0002974",,,,,"34","029",,,,"722001",,,,,,,,,,,,,,,,,,,,,,,,,,,,,,,,,,,"14000US34029722001",,,"4963687","0",1043,13,1030,1.25,98.75
"34029722002","Census Tract 7220.02","Census Tract 7220.02, Ocean County, New Jersey","nj","140","00","ACSSF","0002975",,,,,"34","029",,,,"722002",,,,,,,,,,,,,,,,,,,,,,,,,,,,,,,,,,,"14000US34029722002",,,"10591296","58165",1778,153,1625,8.61,91.39
"34029722100","Census Tract 7221","Census Tract 7221, Ocean County, New Jersey","nj","140","00","ACSSF","0002976",,,,,"34","029",,,,"722100",,,,,,,,,,,,,,,,,,,,,,,,,,,,,,,,,,,"14000US34029722100",,,"12614519","1943",828,83,745,10.02,89.98
"34029722200","Census Tract 7222","Census Tract 7222, Ocean County, New Jersey","nj","140","00","ACSSF","0002977",,,,,"34","029",,,,"722200",,,,,,,,,,,,,,,,,,,,,,,,,,,,,,,,,,,"14000US34029722200",,,"3459859","110965",110,0,110,0,100
"34029722300","Census Tract 7223","Census Tract 7223, Ocean County, New Jersey","nj","140","00","ACSSF","0002978",,,,,"34","029",,,,"722300",,,,,,,,,,,,,,,,,,,,,,,,,,,,,,,,,,,"14000US34029722300",,,"11077075","53600",1032,0,1032,0,100
"34029722401","Census Tract 7224.01","Census Tract 7224.01, Ocean County, New Jersey","nj","140","00","ACSSF","0002979",,,,,"34","029",,,,"722401",,,,,,,,,,,,,,,,,,,,,,,,,,,,,,,,,,,"14000US34029722401",,,"3284321","3433950",1126,156,970,13.85,86.15
"34029722402","Census Tract 7224.02","Census Tract 7224.02, Ocean County, New Jersey","nj","140","00","ACSSF","0002980",,,,,"34","029",,,,"722402",,,,,,,,,,,,,,,,,,,,,,,,,,,,,,,,,,,"14000US34029722402",,,"2497316","1068378",745,29,716,3.89,96.11
"34029722500","Census Tract 7225","Census Tract 7225, Ocean County, New Jersey","nj","140","00","ACSSF","0002981",,,,,"34","029",,,,"722500",,,,,,,,,,,,,,,,,,,,,,,,,,,,,,,,,,,"14000US34029722500",,,"2381830","8505563",111,20,91,18.02,81.98
"34029722600","Census Tract 7226","Census Tract 7226, Ocean County, New Jersey","nj","140","00","ACSSF","0002982",,,,,"34","029",,,,"722600",,,,,,,,,,,,,,,,,,,,,,,,,,,,,,,,,,,"14000US34029722600",,,"5573058","6746282",588,0,588,0,100
"34029722701","Census Tract 7227.01","Census Tract 7227.01, Ocean County, New Jersey","nj","140","00","ACSSF","0002983",,,,,"34","029",,,,"722701",,,,,,,,,,,,,,,,,,,,,,,,,,,,,,,,,,,"14000US34029722701",,,"6013606","32406",1113,26,1087,2.34,97.66
"34029722702","Census Tract 7227.02","Census Tract 7227.02, Ocean County, New Jersey","nj","140","00","ACSSF","0002984",,,,,"34","029",,,,"722702",,,,,,,,,,,,,,,,,,,,,,,,,,,,,,,,,,,"14000US34029722702",,,"2706994","0",956,75,881,7.85,92.15
"34029722800","Census Tract 7228","Census Tract 7228, Ocean County, New Jersey","nj","140","00","ACSSF","0002985",,,,,"34","029",,,,"722800",,,,,,,,,,,,,,,,,,,,,,,,,,,,,,,,,,,"14000US34029722800",,,"3019997","0",891,54,837,6.06,93.94
"34029722900","Census Tract 7229","Census Tract 7229, Ocean County, New Jersey","nj","140","00","ACSSF","0002986",,,,,"34","029",,,,"722900",,,,,,,,,,,,,,,,,,,,,,,,,,,,,,,,,,,"14000US34029722900",,,"3041223","0",1306,280,1026,21.44,78.56
"34029723000","Census Tract 7230","Census Tract 7230, Ocean County, New Jersey","nj","140","00","ACSSF","0002987",,,,,"34","029",,,,"723000",,,,,,,,,,,,,,,,,,,,,,,,,,,,,,,,,,,"14000US34029723000",,,"13329789","223484",1295,129,1166,9.96,90.04
"34029723100","Census Tract 7231","Census Tract 7231, Ocean County, New Jersey","nj","140","00","ACSSF","0002988",,,,,"34","029",,,,"723100",,,,,,,,,,,,,,,,,,,,,,,,,,,,,,,,,,,"14000US34029723100",,,"3707977","39058",765,0,765,0,100
"34029723200","Census Tract 7232","Census Tract 7232, Ocean County, New Jersey","nj","140","00","ACSSF","0002989",,,,,"34","029",,,,"723200",,,,,,,,,,,,,,,,,,,,,,,,,,,,,,,,,,,"14000US34029723200",,,"5084281","62828",1409,158,1251,11.21,88.79
"34029723300","Census Tract 7233","Census Tract 7233, Ocean County, New Jersey","nj","140","00","ACSSF","0002990",,,,,"34","029",,,,"723300",,,,,,,,,,,,,,,,,,,,,,,,,,,,,,,,,,,"14000US34029723300",,,"4316961","27483",2146,281,1865,13.09,86.91
"34029723400","Census Tract 7234","Census Tract 7234, Ocean County, New Jersey","nj","140","00","ACSSF","0002991",,,,,"34","029",,,,"723400",,,,,,,,,,,,,,,,,,,,,,,,,,,,,,,,,,,"14000US34029723400",,,"2036111","3626287",567,0,567,0,100
"34029723500","Census Tract 7235","Census Tract 7235, Ocean County, New Jersey","nj","140","00","ACSSF","0002992",,,,,"34","029",,,,"723500",,,,,,,,,,,,,,,,,,,,,,,,,,,,,,,,,,,"14000US34029723500",,,"1698569","3113387",456,40,416,8.77,91.23
"34029723600","Census Tract 7236","Census Tract 7236, Ocean County, New Jersey","nj","140","00","ACSSF","0002993",,,,,"34","029",,,,"723600",,,,,,,,,,,,,,,,,,,,,,,,,,,,,,,,,,,"14000US34029723600",,,"2094642","1583629",508,16,492,3.15,96.85
"34029724000","Census Tract 7240","Census Tract 7240, Ocean County, New Jersey","nj","140","00","ACSSF","0002994",,,,,"34","029",,,,"724000",,,,,,,,,,,,,,,,,,,,,,,,,,,,,,,,,,,"14000US34029724000",,,"2997902","132406",1167,317,850,27.16,72.84
"34029725001","Census Tract 7250.01","Census Tract 7250.01, Ocean County, New Jersey","nj","140","00","ACSSF","0002995",,,,,"34","029",,,,"725001",,,,,,,,,,,,,,,,,,,,,,,,,,,,,,,,,,,"14000US34029725001",,,"3785681","1325",684,45,639,6.58,93.42
"34029725002","Census Tract 7250.02","Census Tract 7250.02, Ocean County, New Jersey","nj","140","00","ACSSF","0002996",,,,,"34","029",,,,"725002",,,,,,,,,,,,,,,,,,,,,,,,,,,,,,,,,,,"14000US34029725002",,,"2283967","0",1424,252,1172,17.7,82.3
"34029725100","Census Tract 7251","Census Tract 7251, Ocean County, New Jersey","nj","140","00","ACSSF","0002997",,,,,"34","029",,,,"725100",,,,,,,,,,,,,,,,,,,,,,,,,,,,,,,,,,,"14000US34029725100",,,"1086664","0",535,80,455,14.95,85.05
"34029726000","Census Tract 7260","Census Tract 7260, Ocean County, New Jersey","nj","140","00","ACSSF","0002998",,,,,"34","029",,,,"726000",,,,,,,,,,,,,,,,,,,,,,,,,,,,,,,,,,,"14000US34029726000",,,"1577078","800218",238,0,238,0,100
"34029727001","Census Tract 7270.01","Census Tract 7270.01, Ocean County, New Jersey","nj","140","00","ACSSF","0002999",,,,,"34","029",,,,"727001",,,,,,,,,,,,,,,,,,,,,,,,,,,,,,,,,,,"14000US34029727001",,,"2113182","3901317",163,34,129,20.86,79.14
"34029727002","Census Tract 7270.02","Census Tract 7270.02, Ocean County, New Jersey","nj","140","00","ACSSF","0003000",,,,,"34","029",,,,"727002",,,,,,,,,,,,,,,,,,,,,,,,,,,,,,,,,,,"14000US34029727002",,,"1610458","1886993",77,0,77,0,100
"34029728000","Census Tract 7280","Census Tract 7280, Ocean County, New Jersey","nj","140","00","ACSSF","0003001",,,,,"34","029",,,,"728000",,,,,,,,,,,,,,,,,,,,,,,,,,,,,,,,,,,"14000US34029728000",,,"4158926","7344016",863,322,541,37.31,62.69
"34029729000","Census Tract 7290","Census Tract 7290, Ocean County, New Jersey","nj","140","00","ACSSF","0003002",,,,,"34","029",,,,"729000",,,,,,,,,,,,,,,,,,,,,,,,,,,,,,,,,,,"14000US34029729000",,,"1165291","790613",305,87,218,28.52,71.48
"34029730000","Census Tract 7300","Census Tract 7300, Ocean County, New Jersey","nj","140","00","ACSSF","0003003",,,,,"34","029",,,,"730000",,,,,,,,,,,,,,,,,,,,,,,,,,,,,,,,,,,"14000US34029730000",,,"1647761","13686",418,50,368,11.96,88.04
"34029731001","Census Tract 7310.01","Census Tract 7310.01, Ocean County, New Jersey","nj","140","00","ACSSF","0003004",,,,,"34","029",,,,"731001",,,,,,,,,,,,,,,,,,,,,,,,,,,,,,,,,,,"14000US34029731001",,,"6942459","8322446",465,0,465,0,100
"34029731002","Census Tract 7310.02","Census Tract 7310.02, Ocean County, New Jersey","nj","140","00","ACSSF","0003005",,,,,"34","029",,,,"731002",,,,,,,,,,,,,,,,,,,,,,,,,,,,,,,,,,,"14000US34029731002",,,"8044038","10296928",791,98,693,12.39,87.61
"34029731101","Census Tract 7311.01","Census Tract 7311.01, Ocean County, New Jersey","nj","140","00","ACSSF","0003006",,,,,"34","029",,,,"731101",,,,,,,,,,,,,,,,,,,,,,,,,,,,,,,,,,,"14000US34029731101",,,"3167841","1417096",979,252,727,25.74,74.26
"34029731102","Census Tract 7311.02","Census Tract 7311.02, Ocean County, New Jersey","nj","140","00","ACSSF","0003007",,,,,"34","029",,,,"731102",,,,,,,,,,,,,,,,,,,,,,,,,,,,,,,,,,,"14000US34029731102",,,"8932100","19801",1651,357,1294,21.62,78.38
"34029731103","Census Tract 7311.03","Census Tract 7311.03, Ocean County, New Jersey","nj","140","00","ACSSF","0003008",,,,,"34","029",,,,"731103",,,,,,,,,,,,,,,,,,,,,,,,,,,,,,,,,,,"14000US34029731103",,,"13623559","147353",1122,29,1093,2.58,97.42
"34029731201","Census Tract 7312.01","Census Tract 7312.01, Ocean County, New Jersey","nj","140","00","ACSSF","0003009",,,,,"34","029",,,,"731201",,,,,,,,,,,,,,,,,,,,,,,,,,,,,,,,,,,"14000US34029731201",,,"3578108","58480",25,25,0,100,0
"34029731202","Census Tract 7312.02","Census Tract 7312.02, Ocean County, New Jersey","nj","140","00","ACSSF","0003010",,,,,"34","029",,,,"731202",,,,,,,,,,,,,,,,,,,,,,,,,,,,,,,,,,,"14000US34029731202",,,"4749407","4014",9,0,9,0,100
"34029731203","Census Tract 7312.03","Census Tract 7312.03, Ocean County, New Jersey","nj","140","00","ACSSF","0003011",,,,,"34","029",,,,"731203",,,,,,,,,,,,,,,,,,,,,,,,,,,,,,,,,,,"14000US34029731203",,,"5710604","27621",24,0,24,0,100
"34029731204","Census Tract 7312.04","Census Tract 7312.04, Ocean County, New Jersey","nj","140","00","ACSSF","0003012",,,,,"34","029",,,,"731204",,,,,,,,,,,,,,,,,,,,,,,,,,,,,,,,,,,"14000US34029731204",,,"41121231","211890",0,0,0,,
"34029731205","Census Tract 7312.05","Census Tract 7312.05, Ocean County, New Jersey","nj","140","00","ACSSF","0003013",,,,,"34","029",,,,"731205",,,,,,,,,,,,,,,,,,,,,,,,,,,,,,,,,,,"14000US34029731205",,,"4198547","69316",256,26,230,10.16,89.84
"34029731206","Census Tract 7312.06","Census Tract 7312.06, Ocean County, New Jersey","nj","140","00","ACSSF","0003014",,,,,"34","029",,,,"731206",,,,,,,,,,,,,,,,,,,,,,,,,,,,,,,,,,,"14000US34029731206",,,"1729458","84544",6,0,6,0,100
"34029732001","Census Tract 7320.01","Census Tract 7320.01, Ocean County, New Jersey","nj","140","00","ACSSF","0003015",,,,,"34","029",,,,"732001",,,,,,,,,,,,,,,,,,,,,,,,,,,,,,,,,,,"14000US34029732001",,,"182479171","1022085",1237,8,1229,0.65,99.35
"34029732002","Census Tract 7320.02","Census Tract 7320.02, Ocean County, New Jersey","nj","140","00","ACSSF","0003016",,,,,"34","029",,,,"732002",,,,,,,,,,,,,,,,,,,,,,,,,,,,,,,,,,,"14000US34029732002",,,"12680904","700995",2005,468,1537,23.34,76.66
"34029732101","Census Tract 7321.01","Census Tract 7321.01, Ocean County, New Jersey","nj","140","00","ACSSF","0003017",,,,,"34","029",,,,"732101",,,,,,,,,,,,,,,,,,,,,,,,,,,,,,,,,,,"14000US34029732101",,,"8559180","2926492",1103,169,934,15.32,84.68
"34029732103","Census Tract 7321.03","Census Tract 7321.03, Ocean County, New Jersey","nj","140","00","ACSSF","0003018",,,,,"34","029",,,,"732103",,,,,,,,,,,,,,,,,,,,,,,,,,,,,,,,,,,"14000US34029732103",,,"6112800","2079520",409,19,390,4.65,95.35
"34029732104","Census Tract 7321.04","Census Tract 7321.04, Ocean County, New Jersey","nj","140","00","ACSSF","0003019",,,,,"34","029",,,,"732104",,,,,,,,,,,,,,,,,,,,,,,,,,,,,,,,,,,"14000US34029732104",,,"5779480","32505118",810,10,800,1.23,98.77
"34029733000","Census Tract 7330","Census Tract 7330, Ocean County, New Jersey","nj","140","00","ACSSF","0003020",,,,,"34","029",,,,"733000",,,,,,,,,,,,,,,,,,,,,,,,,,,,,,,,,,,"14000US34029733000",,,"52194809","21321086",1222,71,1151,5.81,94.19
"34029734001","Census Tract 7340.01","Census Tract 7340.01, Ocean County, New Jersey","nj","140","00","ACSSF","0003021",,,,,"34","029",,,,"734001",,,,,,,,,,,,,,,,,,,,,,,,,,,,,,,,,,,"14000US34029734001",,,"57435117","323109",758,18,740,2.37,97.63
"34029734002","Census Tract 7340.02","Census Tract 7340.02, Ocean County, New Jersey","nj","140","00","ACSSF","0003022",,,,,"34","029",,,,"734002",,,,,,,,,,,,,,,,,,,,,,,,,,,,,,,,,,,"14000US34029734002",,,"11097623","5633573",1699,256,1443,15.07,84.93
"34029734003","Census Tract 7340.03","Census Tract 7340.03, Ocean County, New Jersey","nj","140","00","ACSSF","0003023",,,,,"34","029",,,,"734003",,,,,,,,,,,,,,,,,,,,,,,,,,,,,,,,,,,"14000US34029734003",,,"19535778","10629641",2330,389,1941,16.7,83.3
"34029735001","Census Tract 7350.01","Census Tract 7350.01, Ocean County, New Jersey","nj","140","00","ACSSF","0003024",,,,,"34","029",,,,"735001",,,,,,,,,,,,,,,,,,,,,,,,,,,,,,,,,,,"14000US34029735001",,,"4206747","36983",1535,106,1429,6.91,93.09
"34029735002","Census Tract 7350.02","Census Tract 7350.02, Ocean County, New Jersey","nj","140","00","ACSSF","0003025",,,,,"34","029",,,,"735002",,,,,,,,,,,,,,,,,,,,,,,,,,,,,,,,,,,"14000US34029735002",,,"50044383","294696",2038,223,1815,10.94,89.06
"34029735101","Census Tract 7351.01","Census Tract 7351.01, Ocean County, New Jersey","nj","140","00","ACSSF","0003026",,,,,"34","029",,,,"735101",,,,,,,,,,,,,,,,,,,,,,,,,,,,,,,,,,,"14000US34029735101",,,"9107786","33470",535,227,308,42.43,57.57
"34029735103","Census Tract 7351.03","Census Tract 7351.03, Ocean County, New Jersey","nj","140","00","ACSSF","0003027",,,,,"34","029",,,,"735103",,,,,,,,,,,,,,,,,,,,,,,,,,,,,,,,,,,"14000US34029735103",,,"16958811","6839394",382,46,336,12.04,87.96
"34029735104","Census Tract 7351.04","Census Tract 7351.04, Ocean County, New Jersey","nj","140","00","ACSSF","0003028",,,,,"34","029",,,,"735104",,,,,,,,,,,,,,,,,,,,,,,,,,,,,,,,,,,"14000US34029735104",,,"39107143","15061248",941,29,912,3.08,96.92
"34029736001","Census Tract 7360.01","Census Tract 7360.01, Ocean County, New Jersey","nj","140","00","ACSSF","0003029",,,,,"34","029",,,,"736001",,,,,,,,,,,,,,,,,,,,,,,,,,,,,,,,,,,"14000US34029736001",,,"56615228","13207419",434,0,434,0,100
"34029736002","Census Tract 7360.02","Census Tract 7360.02, Ocean County, New Jersey","nj","140","00","ACSSF","0003030",,,,,"34","029",,,,"736002",,,,,,,,,,,,,,,,,,,,,,,,,,,,,,,,,,,"14000US34029736002",,,"41704544","7408588",316,0,316,0,100
"34029736101","Census Tract 7361.01","Census Tract 7361.01, Ocean County, New Jersey","nj","140","00","ACSSF","0003031",,,,,"34","029",,,,"736101",,,,,,,,,,,,,,,,,,,,,,,,,,,,,,,,,,,"14000US34029736101",,,"26591974","1034787",1322,43,1279,3.25,96.75
"34029736102","Census Tract 7361.02","Census Tract 7361.02, Ocean County, New Jersey","nj","140","00","ACSSF","0003032",,,,,"34","029",,,,"736102",,,,,,,,,,,,,,,,,,,,,,,,,,,,,,,,,,,"14000US34029736102",,,"11670566","1806225",1725,437,1288,25.33,74.67
"34029736105","Census Tract 7361.05","Census Tract 7361.05, Ocean County, New Jersey","nj","140","00","ACSSF","0003033",,,,,"34","029",,,,"736105",,,,,,,,,,,,,,,,,,,,,,,,,,,,,,,,,,,"14000US34029736105",,,"6716046","4942616",445,0,445,0,100
"34029737000","Census Tract 7370","Census Tract 7370, Ocean County, New Jersey","nj","140","00","ACSSF","0003034",,,,,"34","029",,,,"737000",,,,,,,,,,,,,,,,,,,,,,,,,,,,,,,,,,,"14000US34029737000",,,"8708424","1160052",646,2,644,0.31,99.69
"34029738001","Census Tract 7380.01","Census Tract 7380.01, Ocean County, New Jersey","nj","140","00","ACSSF","0003035",,,,,"34","029",,,,"738001",,,,,,,,,,,,,,,,,,,,,,,,,,,,,,,,,,,"14000US34029738001",,,"5681089","29552330",39,0,39,0,100
"34029738002","Census Tract 7380.02","Census Tract 7380.02, Ocean County, New Jersey","nj","140","00","ACSSF","0003036",,,,,"34","029",,,,"738002",,,,,,,,,,,,,,,,,,,,,,,,,,,,,,,,,,,"14000US34029738002",,,"5531044","10184645",108,9,99,8.33,91.67
"34029738100","Census Tract 7381","Census Tract 7381, Ocean County, New Jersey","nj","140","00","ACSSF","0003037",,,,,"34","029",,,,"738100",,,,,,,,,,,,,,,,,,,,,,,,,,,,,,,,,,,"14000US34029738100",,,"9492060","23159789",92,1,91,1.09,98.91
"34029739000","Census Tract 7390","Census Tract 7390, Ocean County, New Jersey","nj","140","00","ACSSF","0003038",,,,,"34","029",,,,"739000",,,,,,,,,,,,,,,,,,,,,,,,,,,,,,,,,,,"14000US34029739000",,,"3776351","3910511",180,32,148,17.78,82.22
"34029739100","Census Tract 7391","Census Tract 7391, Ocean County, New Jersey","nj","140","00","ACSSF","0003039",,,,,"34","029",,,,"739100",,,,,,,,,,,,,,,,,,,,,,,,,,,,,,,,,,,"14000US34029739100",,,"141096176","1942067",0,0,0,,
"34029980000","Census Tract 9800","Census Tract 9800, Ocean County, New Jersey","nj","140","00","ACSSF","0003040",,,,,"34","029",,,,"980000",,,,,,,,,,,,,,,,,,,,,,,,,,,,,,,,,,,"14000US34029980000",,,"9970856","19287109",0,0,0,,
"34029980100","Census Tract 9801","Census Tract 9801, Ocean County, New Jersey","nj","140","00","ACSSF","0003041",,,,,"34","029",,,,"980100",,,,,,,,,,,,,,,,,,,,,,,,,,,,,,,,,,,"14000US34029980100",,,"21018074","45922013",0,0,0,,
"34029990000","Census Tract 9900","Census Tract 9900, Ocean County, New Jersey","nj","140","00","ACSSF","0003042",,,,,"34","029",,,,"990000",,,,,,,,,,,,,,,,,,,,,,,,,,,,,,,,,,,"14000US34029990000",,,"0","383306698",0,0,0,,
"34031116500","Census Tract 1165","Census Tract 1165, Passaic County, New Jersey","nj","140","00","ACSSF","0003043",,,,,"34","031",,,,"116500",,,,,,,,,,,,,,,,,,,,,,,,,,,,,,,,,,,"14000US34031116500",,,"22793673","1156235",1649,401,1248,24.32,75.68
"34031124200","Census Tract 1242","Census Tract 1242, Passaic County, New Jersey","nj","140","00","ACSSF","0003044",,,,,"34","031",,,,"124200",,,,,,,,,,,,,,,,,,,,,,,,,,,,,,,,,,,"14000US34031124200",,,"3389831","0",1603,23,1580,1.43,98.57
"34031124311","Census Tract 1243.11","Census Tract 1243.11, Passaic County, New Jersey","nj","140","00","ACSSF","0003045",,,,,"34","031",,,,"124311",,,,,,,,,,,,,,,,,,,,,,,,,,,,,,,,,,,"14000US34031124311",,,"2569032","0",697,0,697,0,100
"34031124312","Census Tract 1243.12","Census Tract 1243.12, Passaic County, New Jersey","nj","140","00","ACSSF","0003046",,,,,"34","031",,,,"124312",,,,,,,,,,,,,,,,,,,,,,,,,,,,,,,,,,,"14000US34031124312",,,"2650218","13035",437,54,383,12.36,87.64
"34031124321","Census Tract 1243.21","Census Tract 1243.21, Passaic County, New Jersey","nj","140","00","ACSSF","0003047",,,,,"34","031",,,,"124321",,,,,,,,,,,,,,,,,,,,,,,,,,,,,,,,,,,"14000US34031124321",,,"2388479","0",931,132,799,14.18,85.82
"34031124322","Census Tract 1243.22","Census Tract 1243.22, Passaic County, New Jersey","nj","140","00","ACSSF","0003048",,,,,"34","031",,,,"124322",,,,,,,,,,,,,,,,,,,,,,,,,,,,,,,,,,,"14000US34031124322",,,"2371061","1700",794,87,707,10.96,89.04
"34031124323","Census Tract 1243.23","Census Tract 1243.23, Passaic County, New Jersey","nj","140","00","ACSSF","0003049",,,,,"34","031",,,,"124323",,,,,,,,,,,,,,,,,,,,,,,,,,,,,,,,,,,"14000US34031124323",,,"775000","0",482,106,376,21.99,78.01
"34031124401","Census Tract 1244.01","Census Tract 1244.01, Passaic County, New Jersey","nj","140","00","ACSSF","0003050",,,,,"34","031",,,,"124401",,,,,,,,,,,,,,,,,,,,,,,,,,,,,,,,,,,"14000US34031124401",,,"2949864","0",2030,157,1873,7.73,92.27
"34031124402","Census Tract 1244.02","Census Tract 1244.02, Passaic County, New Jersey","nj","140","00","ACSSF","0003051",,,,,"34","031",,,,"124402",,,,,,,,,,,,,,,,,,,,,,,,,,,,,,,,,,,"14000US34031124402",,,"3614514","151322",1068,216,852,20.22,79.78
"34031124500","Census Tract 1245","Census Tract 1245, Passaic County, New Jersey","nj","140","00","ACSSF","0003052",,,,,"34","031",,,,"124500",,,,,,,,,,,,,,,,,,,,,,,,,,,,,,,,,,,"14000US34031124500",,,"1699725","6501",966,100,866,10.35,89.65
"34031124601","Census Tract 1246.01","Census Tract 1246.01, Passaic County, New Jersey","nj","140","00","ACSSF","0003053",,,,,"34","031",,,,"124601",,,,,,,,,,,,,,,,,,,,,,,,,,,,,,,,,,,"14000US34031124601",,,"1006992","0",905,275,630,30.39,69.61
"34031124602","Census Tract 1246.02","Census Tract 1246.02, Passaic County, New Jersey","nj","140","00","ACSSF","0003054",,,,,"34","031",,,,"124602",,,,,,,,,,,,,,,,,,,,,,,,,,,,,,,,,,,"14000US34031124602",,,"1240494","9117",1248,210,1038,16.83,83.17
"34031124700","Census Tract 1247","Census Tract 1247, Passaic County, New Jersey","nj","140","00","ACSSF","0003055",,,,,"34","031",,,,"124700",,,,,,,,,,,,,,,,,,,,,,,,,,,,,,,,,,,"14000US34031124700",,,"1535406","136538",1395,263,1132,18.85,81.15
"34031124800","Census Tract 1248","Census Tract 1248, Passaic County, New Jersey","nj","140","00","ACSSF","0003056",,,,,"34","031",,,,"124800",,,,,,,,,,,,,,,,,,,,,,,,,,,,,,,,,,,"14000US34031124800",,,"1004092","0",1000,119,881,11.9,88.1
"34031124900","Census Tract 1249","Census Tract 1249, Passaic County, New Jersey","nj","140","00","ACSSF","0003057",,,,,"34","031",,,,"124900",,,,,,,,,,,,,,,,,,,,,,,,,,,,,,,,,,,"14000US34031124900",,,"730194","0",1221,209,1012,17.12,82.88
"34031125000","Census Tract 1250","Census Tract 1250, Passaic County, New Jersey","nj","140","00","ACSSF","0003058",,,,,"34","031",,,,"125000",,,,,,,,,,,,,,,,,,,,,,,,,,,,,,,,,,,"14000US34031125000",,,"851788","75552",1432,258,1174,18.02,81.98
"34031125100","Census Tract 1251","Census Tract 1251, Passaic County, New Jersey","nj","140","00","ACSSF","0003059",,,,,"34","031",,,,"125100",,,,,,,,,,,,,,,,,,,,,,,,,,,,,,,,,,,"14000US34031125100",,,"415448","12368",959,349,610,36.39,63.61
"34031133701","Census Tract 1337.01","Census Tract 1337.01, Passaic County, New Jersey","nj","140","00","ACSSF","0003060",,,,,"34","031",,,,"133701",,,,,,,,,,,,,,,,,,,,,,,,,,,,,,,,,,,"14000US34031133701",,,"1058456","0",1298,394,904,30.35,69.65
"34031133702","Census Tract 1337.02","Census Tract 1337.02, Passaic County, New Jersey","nj","140","00","ACSSF","0003061",,,,,"34","031",,,,"133702",,,,,,,,,,,,,,,,,,,,,,,,,,,,,,,,,,,"14000US34031133702",,,"2087999","2104",546,69,477,12.64,87.36
"34031143200","Census Tract 1432","Census Tract 1432, Passaic County, New Jersey","nj","140","00","ACSSF","0003062",,,,,"34","031",,,,"143200",,,,,,,,,,,,,,,,,,,,,,,,,,,,,,,,,,,"14000US34031143200",,,"3873957","5983",1261,32,1229,2.54,97.46
"34031143300","Census Tract 1433","Census Tract 1433, Passaic County, New Jersey","nj","140","00","ACSSF","0003063",,,,,"34","031",,,,"143300",,,,,,,,,,,,,,,,,,,,,,,,,,,,,,,,,,,"14000US34031143300",,,"1696657","0",1091,47,1044,4.31,95.69
"34031143400","Census Tract 1434","Census Tract 1434, Passaic County, New Jersey","nj","140","00","ACSSF","0003064",,,,,"34","031",,,,"143400",,,,,,,,,,,,,,,,,,,,,,,,,,,,,,,,,,,"14000US34031143400",,,"3026511","71189",1607,106,1501,6.6,93.4
"34031154001","Census Tract 1540.01","Census Tract 1540.01, Passaic County, New Jersey","nj","140","00","ACSSF","0003065",,,,,"34","031",,,,"154001",,,,,,,,,,,,,,,,,,,,,,,,,,,,,,,,,,,"14000US34031154001",,,"4334588","59693",840,34,806,4.05,95.95
"34031154002","Census Tract 1540.02","Census Tract 1540.02, Passaic County, New Jersey","nj","140","00","ACSSF","0003066",,,,,"34","031",,,,"154002",,,,,,,,,,,,,,,,,,,,,,,,,,,,,,,,,,,"14000US34031154002",,,"2909099","128860",1635,0,1635,0,100
"34031163500","Census Tract 1635","Census Tract 1635, Passaic County, New Jersey","nj","140","00","ACSSF","0003067",,,,,"34","031",,,,"163500",,,,,,,,,,,,,,,,,,,,,,,,,,,,,,,,,,,"14000US34031163500",,,"8969934","165696",1521,142,1379,9.34,90.66
"34031175200","Census Tract 1752","Census Tract 1752, Passaic County, New Jersey","nj","140","00","ACSSF","0003068",,,,,"34","031",,,,"175200",,,,,,,,,,,,,,,,,,,,,,,,,,,,,,,,,,,"14000US34031175200",,,"468099","68886",1968,993,975,50.46,49.54
"34031175301","Census Tract 1753.01","Census Tract 1753.01, Passaic County, New Jersey","nj","140","00","ACSSF","0003069",,,,,"34","031",,,,"175301",,,,,,,,,,,,,,,,,,,,,,,,,,,,,,,,,,,"14000US34031175301",,,"216394","0",1167,660,507,56.56,43.44
"34031175302","Census Tract 1753.02","Census Tract 1753.02, Passaic County, New Jersey","nj","140","00","ACSSF","0003070",,,,,"34","031",,,,"175302",,,,,,,,,,,,,,,,,,,,,,,,,,,,,,,,,,,"14000US34031175302",,,"515902","0",1670,819,851,49.04,50.96
"34031175401","Census Tract 1754.01","Census Tract 1754.01, Passaic County, New Jersey","nj","140","00","ACSSF","0003071",,,,,"34","031",,,,"175401",,,,,,,,,,,,,,,,,,,,,,,,,,,,,,,,,,,"14000US34031175401",,,"513105","0",1635,687,948,42.02,57.98
"34031175402","Census Tract 1754.02","Census Tract 1754.02, Passaic County, New Jersey","nj","140","00","ACSSF","0003072",,,,,"34","031",,,,"175402",,,,,,,,,,,,,,,,,,,,,,,,,,,,,,,,,,,"14000US34031175402",,,"538959","4283",1755,985,770,56.13,43.87
"34031175500","Census Tract 1755","Census Tract 1755, Passaic County, New Jersey","nj","140","00","ACSSF","0003073",,,,,"34","031",,,,"175500",,,,,,,,,,,,,,,,,,,,,,,,,,,,,,,,,,,"14000US34031175500",,,"623395","0",2072,1078,994,52.03,47.97
"34031175601","Census Tract 1756.01","Census Tract 1756.01, Passaic County, New Jersey","nj","140","00","ACSSF","0003074",,,,,"34","031",,,,"175601",,,,,,,,,,,,,,,,,,,,,,,,,,,,,,,,,,,"14000US34031175601",,,"691517","8014",1175,85,1090,7.23,92.77
"34031175602","Census Tract 1756.02","Census Tract 1756.02, Passaic County, New Jersey","nj","140","00","ACSSF","0003075",,,,,"34","031",,,,"175602",,,,,,,,,,,,,,,,,,,,,,,,,,,,,,,,,,,"14000US34031175602",,,"1124808","0",1770,813,957,45.93,54.07
"34031175701","Census Tract 1757.01","Census Tract 1757.01, Passaic County, New Jersey","nj","140","00","ACSSF","0003076",,,,,"34","031",,,,"175701",,,,,,,,,,,,,,,,,,,,,,,,,,,,,,,,,,,"14000US34031175701",,,"890982","105896",1490,354,1136,23.76,76.24
"34031175703","Census Tract 1757.03","Census Tract 1757.03, Passaic County, New Jersey","nj","140","00","ACSSF","0003077",,,,,"34","031",,,,"175703",,,,,,,,,,,,,,,,,,,,,,,,,,,,,,,,,,,"14000US34031175703",,,"603976","0",1312,149,1163,11.36,88.64
"34031175704","Census Tract 1757.04","Census Tract 1757.04, Passaic County, New Jersey","nj","140","00","ACSSF","0003078",,,,,"34","031",,,,"175704",,,,,,,,,,,,,,,,,,,,,,,,,,,,,,,,,,,"14000US34031175704",,,"617536","0",1500,184,1316,12.27,87.73
"34031175801","Census Tract 1758.01","Census Tract 1758.01, Passaic County, New Jersey","nj","140","00","ACSSF","0003079",,,,,"34","031",,,,"175801",,,,,,,,,,,,,,,,,,,,,,,,,,,,,,,,,,,"14000US34031175801",,,"374480","0",1149,611,538,53.18,46.82
"34031175802","Census Tract 1758.02","Census Tract 1758.02, Passaic County, New Jersey","nj","140","00","ACSSF","0003080",,,,,"34","031",,,,"175802",,,,,,,,,,,,,,,,,,,,,,,,,,,,,,,,,,,"14000US34031175802",,,"369763","0",2282,1349,933,59.11,40.89
"34031175900","Census Tract 1759","Census Tract 1759, Passaic County, New Jersey","nj","140","00","ACSSF","0003081",,,,,"34","031",,,,"175900",,,,,,,,,,,,,,,,,,,,,,,,,,,,,,,,,,,"14000US34031175900",,,"565370","92722",1324,940,384,71,29
"34031180100","Census Tract 1801","Census Tract 1801, Passaic County, New Jersey","nj","140","00","ACSSF","0003082",,,,,"34","031",,,,"180100",,,,,,,,,,,,,,,,,,,,,,,,,,,,,,,,,,,"14000US34031180100",,,"1505218","90566",1778,244,1534,13.72,86.28
"34031180201","Census Tract 1802.01","Census Tract 1802.01, Passaic County, New Jersey","nj","140","00","ACSSF","0003083",,,,,"34","031",,,,"180201",,,,,,,,,,,,,,,,,,,,,,,,,,,,,,,,,,,"14000US34031180201",,,"532375","0",1127,374,753,33.19,66.81
"34031180202","Census Tract 1802.02","Census Tract 1802.02, Passaic County, New Jersey","nj","140","00","ACSSF","0003084",,,,,"34","031",,,,"180202",,,,,,,,,,,,,,,,,,,,,,,,,,,,,,,,,,,"14000US34031180202",,,"493661","23361",2378,1080,1298,45.42,54.58
"34031180300","Census Tract 1803","Census Tract 1803, Passaic County, New Jersey","nj","140","00","ACSSF","0003085",,,,,"34","031",,,,"180300",,,,,,,,,,,,,,,,,,,,,,,,,,,,,,,,,,,"14000US34031180300",,,"719568","0",1932,904,1028,46.79,53.21
"34031180600","Census Tract 1806","Census Tract 1806, Passaic County, New Jersey","nj","140","00","ACSSF","0003086",,,,,"34","031",,,,"180600",,,,,,,,,,,,,,,,,,,,,,,,,,,,,,,,,,,"14000US34031180600",,,"396248","0",1448,565,883,39.02,60.98
"34031180700","Census Tract 1807","Census Tract 1807, Passaic County, New Jersey","nj","140","00","ACSSF","0003087",,,,,"34","031",,,,"180700",,,,,,,,,,,,,,,,,,,,,,,,,,,,,,,,,,,"14000US34031180700",,,"311467","37526",794,256,538,32.24,67.76
"34031180800","Census Tract 1808","Census Tract 1808, Passaic County, New Jersey","nj","140","00","ACSSF","0003088",,,,,"34","031",,,,"180800",,,,,,,,,,,,,,,,,,,,,,,,,,,,,,,,,,,"14000US34031180800",,,"638623","43916",972,576,396,59.26,40.74
"34031180900","Census Tract 1809","Census Tract 1809, Passaic County, New Jersey","nj","140","00","ACSSF","0003089",,,,,"34","031",,,,"180900",,,,,,,,,,,,,,,,,,,,,,,,,,,,,,,,,,,"14000US34031180900",,,"589293","21983",1226,738,488,60.2,39.8
"34031181000","Census Tract 1810","Census Tract 1810, Passaic County, New Jersey","nj","140","00","ACSSF","0003090",,,,,"34","031",,,,"181000",,,,,,,,,,,,,,,,,,,,,,,,,,,,,,,,,,,"14000US34031181000",,,"825889","96952",1209,325,884,26.88,73.12
"34031181100","Census Tract 1811","Census Tract 1811, Passaic County, New Jersey","nj","140","00","ACSSF","0003091",,,,,"34","031",,,,"181100",,,,,,,,,,,,,,,,,,,,,,,,,,,,,,,,,,,"14000US34031181100",,,"761992","31527",1953,496,1457,25.4,74.6
"34031181200","Census Tract 1812","Census Tract 1812, Passaic County, New Jersey","nj","140","00","ACSSF","0003092",,,,,"34","031",,,,"181200",,,,,,,,,,,,,,,,,,,,,,,,,,,,,,,,,,,"14000US34031181200",,,"401624","0",1490,486,1004,32.62,67.38
"34031181300","Census Tract 1813","Census Tract 1813, Passaic County, New Jersey","nj","140","00","ACSSF","0003093",,,,,"34","031",,,,"181300",,,,,,,,,,,,,,,,,,,,,,,,,,,,,,,,,,,"14000US34031181300",,,"449281","0",1427,464,963,32.52,67.48
"34031181400","Census Tract 1814","Census Tract 1814, Passaic County, New Jersey","nj","140","00","ACSSF","0003094",,,,,"34","031",,,,"181400",,,,,,,,,,,,,,,,,,,,,,,,,,,,,,,,,,,"14000US34031181400",,,"344554","0",768,200,568,26.04,73.96
"34031181500","Census Tract 1815","Census Tract 1815, Passaic County, New Jersey","nj","140","00","ACSSF","0003095",,,,,"34","031",,,,"181500",,,,,,,,,,,,,,,,,,,,,,,,,,,,,,,,,,,"14000US34031181500",,,"348819","0",1117,633,484,56.67,43.33
"34031181702","Census Tract 1817.02","Census Tract 1817.02, Passaic County, New Jersey","nj","140","00","ACSSF","0003096",,,,,"34","031",,,,"181702",,,,,,,,,,,,,,,,,,,,,,,,,,,,,,,,,,,"14000US34031181702",,,"219351","0",491,343,148,69.86,30.14
"34031181800","Census Tract 1818","Census Tract 1818, Passaic County, New Jersey","nj","140","00","ACSSF","0003097",,,,,"34","031",,,,"181800",,,,,,,,,,,,,,,,,,,,,,,,,,,,,,,,,,,"14000US34031181800",,,"421768","22980",601,339,262,56.41,43.59
"34031181900","Census Tract 1819","Census Tract 1819, Passaic County, New Jersey","nj","140","00","ACSSF","0003098",,,,,"34","031",,,,"181900",,,,,,,,,,,,,,,,,,,,,,,,,,,,,,,,,,,"14000US34031181900",,,"953843","59756",833,211,622,25.33,74.67
"34031182000","Census Tract 1820","Census Tract 1820, Passaic County, New Jersey","nj","140","00","ACSSF","0003099",,,,,"34","031",,,,"182000",,,,,,,,,,,,,,,,,,,,,,,,,,,,,,,,,,,"14000US34031182000",,,"249925","0",769,366,403,47.59,52.41
"34031182100","Census Tract 1821","Census Tract 1821, Passaic County, New Jersey","nj","140","00","ACSSF","0003100",,,,,"34","031",,,,"182100",,,,,,,,,,,,,,,,,,,,,,,,,,,,,,,,,,,"14000US34031182100",,,"1104119","0",740,267,473,36.08,63.92
"34031182200","Census Tract 1822","Census Tract 1822, Passaic County, New Jersey","nj","140","00","ACSSF","0003101",,,,,"34","031",,,,"182200",,,,,,,,,,,,,,,,,,,,,,,,,,,,,,,,,,,"14000US34031182200",,,"393783","0",898,378,520,42.09,57.91
"34031182301","Census Tract 1823.01","Census Tract 1823.01, Passaic County, New Jersey","nj","140","00","ACSSF","0003102",,,,,"34","031",,,,"182301",,,,,,,,,,,,,,,,,,,,,,,,,,,,,,,,,,,"14000US34031182301",,,"218524","0",495,188,307,37.98,62.02
"34031182302","Census Tract 1823.02","Census Tract 1823.02, Passaic County, New Jersey","nj","140","00","ACSSF","0003103",,,,,"34","031",,,,"182302",,,,,,,,,,,,,,,,,,,,,,,,,,,,,,,,,,,"14000US34031182302",,,"437690","0",1850,675,1175,36.49,63.51
"34031182400","Census Tract 1824","Census Tract 1824, Passaic County, New Jersey","nj","140","00","ACSSF","0003104",,,,,"34","031",,,,"182400",,,,,,,,,,,,,,,,,,,,,,,,,,,,,,,,,,,"14000US34031182400",,,"644625","0",1312,466,846,35.52,64.48
"34031182500","Census Tract 1825","Census Tract 1825, Passaic County, New Jersey","nj","140","00","ACSSF","0003105",,,,,"34","031",,,,"182500",,,,,,,,,,,,,,,,,,,,,,,,,,,,,,,,,,,"14000US34031182500",,,"1522624","101896",1411,329,1082,23.32,76.68
"34031182600","Census Tract 1826","Census Tract 1826, Passaic County, New Jersey","nj","140","00","ACSSF","0003106",,,,,"34","031",,,,"182600",,,,,,,,,,,,,,,,,,,,,,,,,,,,,,,,,,,"14000US34031182600",,,"1796716","157335",929,141,788,15.18,84.82
"34031182700","Census Tract 1827","Census Tract 1827, Passaic County, New Jersey","nj","140","00","ACSSF","0003107",,,,,"34","031",,,,"182700",,,,,,,,,,,,,,,,,,,,,,,,,,,,,,,,,,,"14000US34031182700",,,"528020","0",1652,601,1051,36.38,63.62
"34031182800","Census Tract 1828","Census Tract 1828, Passaic County, New Jersey","nj","140","00","ACSSF","0003108",,,,,"34","031",,,,"182800",,,,,,,,,,,,,,,,,,,,,,,,,,,,,,,,,,,"14000US34031182800",,,"615613","0",900,322,578,35.78,64.22
"34031182900","Census Tract 1829","Census Tract 1829, Passaic County, New Jersey","nj","140","00","ACSSF","0003109",,,,,"34","031",,,,"182900",,,,,,,,,,,,,,,,,,,,,,,,,,,,,,,,,,,"14000US34031182900",,,"428448","0",717,338,379,47.14,52.86
"34031183000","Census Tract 1830","Census Tract 1830, Passaic County, New Jersey","nj","140","00","ACSSF","0003110",,,,,"34","031",,,,"183000",,,,,,,,,,,,,,,,,,,,,,,,,,,,,,,,,,,"14000US34031183000",,,"871672","0",1921,815,1106,42.43,57.57
"34031183101","Census Tract 1831.01","Census Tract 1831.01, Passaic County, New Jersey","nj","140","00","ACSSF","0003111",,,,,"34","031",,,,"183101",,,,,,,,,,,,,,,,,,,,,,,,,,,,,,,,,,,"14000US34031183101",,,"697454","0",549,74,475,13.48,86.52
"34031183102","Census Tract 1831.02","Census Tract 1831.02, Passaic County, New Jersey","nj","140","00","ACSSF","0003112",,,,,"34","031",,,,"183102",,,,,,,,,,,,,,,,,,,,,,,,,,,,,,,,,,,"14000US34031183102",,,"1027751","0",1495,636,859,42.54,57.46
"34031183200","Census Tract 1832","Census Tract 1832, Passaic County, New Jersey","nj","140","00","ACSSF","0003113",,,,,"34","031",,,,"183200",,,,,,,,,,,,,,,,,,,,,,,,,,,,,,,,,,,"14000US34031183200",,,"801078","20349",504,333,171,66.07,33.93
"34031196401","Census Tract 1964.01","Census Tract 1964.01, Passaic County, New Jersey","nj","140","00","ACSSF","0003114",,,,,"34","031",,,,"196401",,,,,,,,,,,,,,,,,,,,,,,,,,,,,,,,,,,"14000US34031196401",,,"2564184","76034",889,28,861,3.15,96.85
"34031196402","Census Tract 1964.02","Census Tract 1964.02, Passaic County, New Jersey","nj","140","00","ACSSF","0003115",,,,,"34","031",,,,"196402",,,,,,,,,,,,,,,,,,,,,,,,,,,,,,,,,,,"14000US34031196402",,,"4912409","633268",1159,197,962,17,83
"34031203600","Census Tract 2036","Census Tract 2036, Passaic County, New Jersey","nj","140","00","ACSSF","0003116",,,,,"34","031",,,,"203600",,,,,,,,,,,,,,,,,,,,,,,,,,,,,,,,,,,"14000US34031203600",,,"1204997","13446",1744,540,1204,30.96,69.04
"34031216701","Census Tract 2167.01","Census Tract 2167.01, Passaic County, New Jersey","nj","140","00","ACSSF","0003117",,,,,"34","031",,,,"216701",,,,,,,,,,,,,,,,,,,,,,,,,,,,,,,,,,,"14000US34031216701",,,"38272032","1783316",1597,5,1592,0.31,99.69
"34031216702","Census Tract 2167.02","Census Tract 2167.02, Passaic County, New Jersey","nj","140","00","ACSSF","0003118",,,,,"34","031",,,,"216702",,,,,,,,,,,,,,,,,,,,,,,,,,,,,,,,,,,"14000US34031216702",,,"28001485","5740747",1309,0,1309,0,100
"34031223801","Census Tract 2238.01","Census Tract 2238.01, Passaic County, New Jersey","nj","140","00","ACSSF","0003119",,,,,"34","031",,,,"223801",,,,,,,,,,,,,,,,,,,,,,,,,,,,,,,,,,,"14000US34031223801",,,"1505971","79304",548,52,496,9.49,90.51
"34031223802","Census Tract 2238.02","Census Tract 2238.02, Passaic County, New Jersey","nj","140","00","ACSSF","0003120",,,,,"34","031",,,,"223802",,,,,,,,,,,,,,,,,,,,,,,,,,,,,,,,,,,"14000US34031223802",,,"7993043","117548",1313,85,1228,6.47,93.53
"34031223900","Census Tract 2239","Census Tract 2239, Passaic County, New Jersey","nj","140","00","ACSSF","0003121",,,,,"34","031",,,,"223900",,,,,,,,,,,,,,,,,,,,,,,,,,,,,,,,,,,"14000US34031223900",,,"861549","1233",0,0,0,,
"34031236601","Census Tract 2366.01","Census Tract 2366.01, Passaic County, New Jersey","nj","140","00","ACSSF","0003122",,,,,"34","031",,,,"236601",,,,,,,,,,,,,,,,,,,,,,,,,,,,,,,,,,,"14000US34031236601",,,"4125904","150984",1031,111,920,10.77,89.23
"34031236602","Census Tract 2366.02","Census Tract 2366.02, Passaic County, New Jersey","nj","140","00","ACSSF","0003123",,,,,"34","031",,,,"236602",,,,,,,,,,,,,,,,,,,,,,,,,,,,,,,,,,,"14000US34031236602",,,"16763849","3112810",1246,0,1246,0,100
"34031246001","Census Tract 2460.01","Census Tract 2460.01, Passaic County, New Jersey","nj","140","00","ACSSF","0003124",,,,,"34","031",,,,"246001",,,,,,,,,,,,,,,,,,,,,,,,,,,,,,,,,,,"14000US34031246001",,,"11708543","105868",803,62,741,7.72,92.28
"34031246002","Census Tract 2460.02","Census Tract 2460.02, Passaic County, New Jersey","nj","140","00","ACSSF","0003125",,,,,"34","031",,,,"246002",,,,,,,,,,,,,,,,,,,,,,,,,,,,,,,,,,,"14000US34031246002",,,"3607309","795741",440,0,440,0,100
"34031246003","Census Tract 2460.03","Census Tract 2460.03, Passaic County, New Jersey","nj","140","00","ACSSF","0003126",,,,,"34","031",,,,"246003",,,,,,,,,,,,,,,,,,,,,,,,,,,,,,,,,,,"14000US34031246003",,,"6580969","1795588",1268,11,1257,0.87,99.13
"34031246101","Census Tract 2461.01","Census Tract 2461.01, Passaic County, New Jersey","nj","140","00","ACSSF","0003127",,,,,"34","031",,,,"246101",,,,,,,,,,,,,,,,,,,,,,,,,,,,,,,,,,,"14000US34031246101",,,"6037569","20881",1327,0,1327,0,100
"34031246102","Census Tract 2461.02","Census Tract 2461.02, Passaic County, New Jersey","nj","140","00","ACSSF","0003128",,,,,"34","031",,,,"246102",,,,,,,,,,,,,,,,,,,,,,,,,,,,,,,,,,,"14000US34031246102",,,"649014","1391",482,8,474,1.66,98.34
"34031246103","Census Tract 2461.03","Census Tract 2461.03, Passaic County, New Jersey","nj","140","00","ACSSF","0003129",,,,,"34","031",,,,"246103",,,,,,,,,,,,,,,,,,,,,,,,,,,,,,,,,,,"14000US34031246103",,,"5520294","42887",1264,130,1134,10.28,89.72
"34031246104","Census Tract 2461.04","Census Tract 2461.04, Passaic County, New Jersey","nj","140","00","ACSSF","0003130",,,,,"34","031",,,,"246104",,,,,,,,,,,,,,,,,,,,,,,,,,,,,,,,,,,"14000US34031246104",,,"3426207","8930",539,0,539,0,100
"34031246201","Census Tract 2462.01","Census Tract 2462.01, Passaic County, New Jersey","nj","140","00","ACSSF","0003131",,,,,"34","031",,,,"246201",,,,,,,,,,,,,,,,,,,,,,,,,,,,,,,,,,,"14000US34031246201",,,"5289699","52868",1509,0,1509,0,100
"34031246202","Census Tract 2462.02","Census Tract 2462.02, Passaic County, New Jersey","nj","140","00","ACSSF","0003132",,,,,"34","031",,,,"246202",,,,,,,,,,,,,,,,,,,,,,,,,,,,,,,,,,,"14000US34031246202",,,"3761247","331919",1334,58,1276,4.35,95.65
"34031246203","Census Tract 2462.03","Census Tract 2462.03, Passaic County, New Jersey","nj","140","00","ACSSF","0003133",,,,,"34","031",,,,"246203",,,,,,,,,,,,,,,,,,,,,,,,,,,,,,,,,,,"14000US34031246203",,,"4758468","37100",789,0,789,0,100
"34031246300","Census Tract 2463","Census Tract 2463, Passaic County, New Jersey","nj","140","00","ACSSF","0003134",,,,,"34","031",,,,"246300",,,,,,,,,,,,,,,,,,,,,,,,,,,,,,,,,,,"14000US34031246300",,,"10100082","480508",1094,280,814,25.59,74.41
"34031256801","Census Tract 2568.01","Census Tract 2568.01, Passaic County, New Jersey","nj","140","00","ACSSF","0003135",,,,,"34","031",,,,"256801",,,,,,,,,,,,,,,,,,,,,,,,,,,,,,,,,,,"14000US34031256801",,,"15682958","1789456",1330,162,1168,12.18,87.82
"34031256802","Census Tract 2568.02","Census Tract 2568.02, Passaic County, New Jersey","nj","140","00","ACSSF","0003136",,,,,"34","031",,,,"256802",,,,,,,,,,,,,,,,,,,,,,,,,,,,,,,,,,,"14000US34031256802",,,"49366557","3626239",515,0,515,0,100
"34031256803","Census Tract 2568.03","Census Tract 2568.03, Passaic County, New Jersey","nj","140","00","ACSSF","0003137",,,,,"34","031",,,,"256803",,,,,,,,,,,,,,,,,,,,,,,,,,,,,,,,,,,"14000US34031256803",,,"14231776","740595",855,0,855,0,100
"34031256804","Census Tract 2568.04","Census Tract 2568.04, Passaic County, New Jersey","nj","140","00","ACSSF","0003138",,,,,"34","031",,,,"256804",,,,,,,,,,,,,,,,,,,,,,,,,,,,,,,,,,,"14000US34031256804",,,"29792621","809082",1422,29,1393,2.04,97.96
"34031256805","Census Tract 2568.05","Census Tract 2568.05, Passaic County, New Jersey","nj","140","00","ACSSF","0003139",,,,,"34","031",,,,"256805",,,,,,,,,,,,,,,,,,,,,,,,,,,,,,,,,,,"14000US34031256805",,,"87589155","6310961",1355,49,1306,3.62,96.38
"34031264101","Census Tract 2641.01","Census Tract 2641.01, Passaic County, New Jersey","nj","140","00","ACSSF","0003140",,,,,"34","031",,,,"264101",,,,,,,,,,,,,,,,,,,,,,,,,,,,,,,,,,,"14000US34031264101",,,"1576459","94254",1576,476,1100,30.2,69.8
"34031264102","Census Tract 2641.02","Census Tract 2641.02, Passaic County, New Jersey","nj","140","00","ACSSF","0003141",,,,,"34","031",,,,"264102",,,,,,,,,,,,,,,,,,,,,,,,,,,,,,,,,,,"14000US34031264102",,,"6035521","266250",1087,246,841,22.63,77.37
"34031264200","Census Tract 2642","Census Tract 2642, Passaic County, New Jersey","nj","140","00","ACSSF","0003142",,,,,"34","031",,,,"264200",,,,,,,,,,,,,,,,,,,,,,,,,,,,,,,,,,,"14000US34031264200",,,"538505","54552",1461,726,735,49.69,50.31
"34033020100","Census Tract 201","Census Tract 201, Salem County, New Jersey","nj","140","00","ACSSF","0003143",,,,,"34","033",,,,"020100",,,,,,,,,,,,,,,,,,,,,,,,,,,,,,,,,,,"14000US34033020100",,,"50487848","3096677",364,36,328,9.89,90.11
"34033020200","Census Tract 202","Census Tract 202, Salem County, New Jersey","nj","140","00","ACSSF","0003144",,,,,"34","033",,,,"020200",,,,,,,,,,,,,,,,,,,,,,,,,,,,,,,,,,,"14000US34033020200",,,"951186","0",522,235,287,45.02,54.98
"34033020300","Census Tract 203","Census Tract 203, Salem County, New Jersey","nj","140","00","ACSSF","0003145",,,,,"34","033",,,,"020300",,,,,,,,,,,,,,,,,,,,,,,,,,,,,,,,,,,"14000US34033020300",,,"1360742","0",733,376,357,51.3,48.7
"34033020400","Census Tract 204","Census Tract 204, Salem County, New Jersey","nj","140","00","ACSSF","0003146",,,,,"34","033",,,,"020400",,,,,,,,,,,,,,,,,,,,,,,,,,,,,,,,,,,"14000US34033020400",,,"5676738","373717",357,0,357,0,100
"34033020500","Census Tract 205","Census Tract 205, Salem County, New Jersey","nj","140","00","ACSSF","0003147",,,,,"34","033",,,,"020500",,,,,,,,,,,,,,,,,,,,,,,,,,,,,,,,,,,"14000US34033020500",,,"2898858","0",518,163,355,31.47,68.53
"34033020600","Census Tract 206","Census Tract 206, Salem County, New Jersey","nj","140","00","ACSSF","0003148",,,,,"34","033",,,,"020600",,,,,,,,,,,,,,,,,,,,,,,,,,,,,,,,,,,"14000US34033020600",,,"35225912","1871876",505,51,454,10.1,89.9
"34033020700","Census Tract 207","Census Tract 207, Salem County, New Jersey","nj","140","00","ACSSF","0003149",,,,,"34","033",,,,"020700",,,,,,,,,,,,,,,,,,,,,,,,,,,,,,,,,,,"14000US34033020700",,,"90480215","605548",730,224,506,30.68,69.32
"34033020800","Census Tract 208","Census Tract 208, Salem County, New Jersey","nj","140","00","ACSSF","0003150",,,,,"34","033",,,,"020800",,,,,,,,,,,,,,,,,,,,,,,,,,,,,,,,,,,"14000US34033020800",,,"4078940","104738",761,120,641,15.77,84.23
"34033020900","Census Tract 209","Census Tract 209, Salem County, New Jersey","nj","140","00","ACSSF","0003151",,,,,"34","033",,,,"020900",,,,,,,,,,,,,,,,,,,,,,,,,,,,,,,,,,,"14000US34033020900",,,"104225487","375019",696,119,577,17.1,82.9
"34033021000","Census Tract 210","Census Tract 210, Salem County, New Jersey","nj","140","00","ACSSF","0003152",,,,,"34","033",,,,"021000",,,,,,,,,,,,,,,,,,,,,,,,,,,,,,,,,,,"14000US34033021000",,,"2314651","51777",361,84,277,23.27,76.73
"34033021101","Census Tract 211.01","Census Tract 211.01, Salem County, New Jersey","nj","140","00","ACSSF","0003153",,,,,"34","033",,,,"021101",,,,,,,,,,,,,,,,,,,,,,,,,,,,,,,,,,,"14000US34033021101",,,"49483696","691768",948,33,915,3.48,96.52
"34033021102","Census Tract 211.02","Census Tract 211.02, Salem County, New Jersey","nj","140","00","ACSSF","0003154",,,,,"34","033",,,,"021102",,,,,,,,,,,,,,,,,,,,,,,,,,,,,,,,,,,"14000US34033021102",,,"66803858","1518956",810,136,674,16.79,83.21
"34033021201","Census Tract 212.01","Census Tract 212.01, Salem County, New Jersey","nj","140","00","ACSSF","0003155",,,,,"34","033",,,,"021201",,,,,,,,,,,,,,,,,,,,,,,,,,,,,,,,,,,"14000US34033021201",,,"85009102","1130455",716,15,701,2.09,97.91
"34033021202","Census Tract 212.02","Census Tract 212.02, Salem County, New Jersey","nj","140","00","ACSSF","0003156",,,,,"34","033",,,,"021202",,,,,,,,,,,,,,,,,,,,,,,,,,,,,,,,,,,"14000US34033021202",,,"61623447","1245025",515,39,476,7.57,92.43
"34033021300","Census Tract 213","Census Tract 213, Salem County, New Jersey","nj","140","00","ACSSF","0003157",,,,,"34","033",,,,"021300",,,,,,,,,,,,,,,,,,,,,,,,,,,,,,,,,,,"14000US34033021300",,,"89450825","10416501",256,46,210,17.97,82.03
"34033021400","Census Tract 214","Census Tract 214, Salem County, New Jersey","nj","140","00","ACSSF","0003158",,,,,"34","033",,,,"021400",,,,,,,,,,,,,,,,,,,,,,,,,,,,,,,,,,,"14000US34033021400",,,"8705644","662034",639,124,515,19.41,80.59
"34033021500","Census Tract 215","Census Tract 215, Salem County, New Jersey","nj","140","00","ACSSF","0003159",,,,,"34","033",,,,"021500",,,,,,,,,,,,,,,,,,,,,,,,,,,,,,,,,,,"14000US34033021500",,,"4873920","184268",469,48,421,10.23,89.77
"34033021600","Census Tract 216","Census Tract 216, Salem County, New Jersey","nj","140","00","ACSSF","0003160",,,,,"34","033",,,,"021600",,,,,,,,,,,,,,,,,,,,,,,,,,,,,,,,,,,"14000US34033021600",,,"27213486","3960173",1269,205,1064,16.15,83.85
"34033021700","Census Tract 217","Census Tract 217, Salem County, New Jersey","nj","140","00","ACSSF","0003161",,,,,"34","033",,,,"021700",,,,,,,,,,,,,,,,,,,,,,,,,,,,,,,,,,,"14000US34033021700",,,"14285446","3775384",281,55,226,19.57,80.43
"34033021900","Census Tract 219","Census Tract 219, Salem County, New Jersey","nj","140","00","ACSSF","0003162",,,,,"34","033",,,,"021900",,,,,,,,,,,,,,,,,,,,,,,,,,,,,,,,,,,"14000US34033021900",,,"1603855","176172",459,270,189,58.82,41.18
"34033022000","Census Tract 220","Census Tract 220, Salem County, New Jersey","nj","140","00","ACSSF","0003163",,,,,"34","033",,,,"022000",,,,,,,,,,,,,,,,,,,,,,,,,,,,,,,,,,,"14000US34033022000",,,"1879864","0",614,402,212,65.47,34.53
"34033022100","Census Tract 221","Census Tract 221, Salem County, New Jersey","nj","140","00","ACSSF","0003164",,,,,"34","033",,,,"022100",,,,,,,,,,,,,,,,,,,,,,,,,,,,,,,,,,,"14000US34033022100",,,"2588336","1040205",439,177,262,40.32,59.68
"34033022201","Census Tract 222.01","Census Tract 222.01, Salem County, New Jersey","nj","140","00","ACSSF","0003165",,,,,"34","033",,,,"022201",,,,,,,,,,,,,,,,,,,,,,,,,,,,,,,,,,,"14000US34033022201",,,"117349916","16487668",361,7,354,1.94,98.06
"34033022202","Census Tract 222.02","Census Tract 222.02, Salem County, New Jersey","nj","140","00","ACSSF","0003166",,,,,"34","033",,,,"022202",,,,,,,,,,,,,,,,,,,,,,,,,,,,,,,,,,,"14000US34033022202",,,"30901781","3656526",223,20,203,8.97,91.03
"34033990000","Census Tract 9900","Census Tract 9900, Salem County, New Jersey","nj","140","00","ACSSF","0003167",,,,,"34","033",,,,"990000",,,,,,,,,,,,,,,,,,,,,,,,,,,,,,,,,,,"14000US34033990000",,,"0","54006606",0,0,0,,
"34035050100","Census Tract 501","Census Tract 501, Somerset County, New Jersey","nj","140","00","ACSSF","0003168",,,,,"34","035",,,,"050100",,,,,,,,,,,,,,,,,,,,,,,,,,,,,,,,,,,"14000US34035050100",,,"1334090","7870",705,24,681,3.4,96.6
"34035050200","Census Tract 502","Census Tract 502, Somerset County, New Jersey","nj","140","00","ACSSF","0003169",,,,,"34","035",,,,"050200",,,,,,,,,,,,,,,,,,,,,,,,,,,,,,,,,,,"14000US34035050200",,,"930916","457",852,0,852,0,100
"34035050300","Census Tract 503","Census Tract 503, Somerset County, New Jersey","nj","140","00","ACSSF","0003170",,,,,"34","035",,,,"050300",,,,,,,,,,,,,,,,,,,,,,,,,,,,,,,,,,,"14000US34035050300",,,"1613076","0",661,64,597,9.68,90.32
"34035050400","Census Tract 504","Census Tract 504, Somerset County, New Jersey","nj","140","00","ACSSF","0003171",,,,,"34","035",,,,"050400",,,,,,,,,,,,,,,,,,,,,,,,,,,,,,,,,,,"14000US34035050400",,,"2177510","62928",422,63,359,14.93,85.07
"34035050500","Census Tract 505","Census Tract 505, Somerset County, New Jersey","nj","140","00","ACSSF","0003172",,,,,"34","035",,,,"050500",,,,,,,,,,,,,,,,,,,,,,,,,,,,,,,,,,,"14000US34035050500",,,"1168081","18063",778,89,689,11.44,88.56
"34035050600","Census Tract 506","Census Tract 506, Somerset County, New Jersey","nj","140","00","ACSSF","0003173",,,,,"34","035",,,,"050600",,,,,,,,,,,,,,,,,,,,,,,,,,,,,,,,,,,"14000US34035050600",,,"3990767","88606",722,0,722,0,100
"34035050701","Census Tract 507.01","Census Tract 507.01, Somerset County, New Jersey","nj","140","00","ACSSF","0003174",,,,,"34","035",,,,"050701",,,,,,,,,,,,,,,,,,,,,,,,,,,,,,,,,,,"14000US34035050701",,,"5426166","259395",1011,27,984,2.67,97.33
"34035050703","Census Tract 507.03","Census Tract 507.03, Somerset County, New Jersey","nj","140","00","ACSSF","0003175",,,,,"34","035",,,,"050703",,,,,,,,,,,,,,,,,,,,,,,,,,,,,,,,,,,"14000US34035050703",,,"5508892","6107",1178,44,1134,3.74,96.26
"34035050704","Census Tract 507.04","Census Tract 507.04, Somerset County, New Jersey","nj","140","00","ACSSF","0003176",,,,,"34","035",,,,"050704",,,,,,,,,,,,,,,,,,,,,,,,,,,,,,,,,,,"14000US34035050704",,,"4821536","84853",1622,72,1550,4.44,95.56
"34035050801","Census Tract 508.01","Census Tract 508.01, Somerset County, New Jersey","nj","140","00","ACSSF","0003177",,,,,"34","035",,,,"050801",,,,,,,,,,,,,,,,,,,,,,,,,,,,,,,,,,,"14000US34035050801",,,"8664950","52907",1008,0,1008,0,100
"34035050802","Census Tract 508.02","Census Tract 508.02, Somerset County, New Jersey","nj","140","00","ACSSF","0003178",,,,,"34","035",,,,"050802",,,,,,,,,,,,,,,,,,,,,,,,,,,,,,,,,,,"14000US34035050802",,,"8957534","7955",1026,0,1026,0,100
"34035050901","Census Tract 509.01","Census Tract 509.01, Somerset County, New Jersey","nj","140","00","ACSSF","0003179",,,,,"34","035",,,,"050901",,,,,,,,,,,,,,,,,,,,,,,,,,,,,,,,,,,"14000US34035050901",,,"9621905","54073",902,27,875,2.99,97.01
"34035050902","Census Tract 509.02","Census Tract 509.02, Somerset County, New Jersey","nj","140","00","ACSSF","0003180",,,,,"34","035",,,,"050902",,,,,,,,,,,,,,,,,,,,,,,,,,,,,,,,,,,"14000US34035050902",,,"13947088","58900",825,0,825,0,100
"34035050903","Census Tract 509.03","Census Tract 509.03, Somerset County, New Jersey","nj","140","00","ACSSF","0003181",,,,,"34","035",,,,"050903",,,,,,,,,,,,,,,,,,,,,,,,,,,,,,,,,,,"14000US34035050903",,,"14243572","79407",1245,103,1142,8.27,91.73
"34035051000","Census Tract 510","Census Tract 510, Somerset County, New Jersey","nj","140","00","ACSSF","0003182",,,,,"34","035",,,,"051000",,,,,,,,,,,,,,,,,,,,,,,,,,,,,,,,,,,"14000US34035051000",,,"11399372","620006",1415,48,1367,3.39,96.61
"34035051100","Census Tract 511","Census Tract 511, Somerset County, New Jersey","nj","140","00","ACSSF","0003183",,,,,"34","035",,,,"051100",,,,,,,,,,,,,,,,,,,,,,,,,,,,,,,,,,,"14000US34035051100",,,"949199","3700",729,165,564,22.63,77.37
"34035051200","Census Tract 512","Census Tract 512, Somerset County, New Jersey","nj","140","00","ACSSF","0003184",,,,,"34","035",,,,"051200",,,,,,,,,,,,,,,,,,,,,,,,,,,,,,,,,,,"14000US34035051200",,,"1634765","81880",1146,0,1146,0,100
"34035051300","Census Tract 513","Census Tract 513, Somerset County, New Jersey","nj","140","00","ACSSF","0003185",,,,,"34","035",,,,"051300",,,,,,,,,,,,,,,,,,,,,,,,,,,,,,,,,,,"14000US34035051300",,,"1718776","1862",404,16,388,3.96,96.04
"34035051400","Census Tract 514","Census Tract 514, Somerset County, New Jersey","nj","140","00","ACSSF","0003186",,,,,"34","035",,,,"051400",,,,,,,,,,,,,,,,,,,,,,,,,,,,,,,,,,,"14000US34035051400",,,"2806990","121740",804,13,791,1.62,98.38
"34035051500","Census Tract 515","Census Tract 515, Somerset County, New Jersey","nj","140","00","ACSSF","0003187",,,,,"34","035",,,,"051500",,,,,,,,,,,,,,,,,,,,,,,,,,,,,,,,,,,"14000US34035051500",,,"884074","2528",740,312,428,42.16,57.84
"34035051600","Census Tract 516","Census Tract 516, Somerset County, New Jersey","nj","140","00","ACSSF","0003188",,,,,"34","035",,,,"051600",,,,,,,,,,,,,,,,,,,,,,,,,,,,,,,,,,,"14000US34035051600",,,"2423634","102704",732,56,676,7.65,92.35
"34035051700","Census Tract 517","Census Tract 517, Somerset County, New Jersey","nj","140","00","ACSSF","0003189",,,,,"34","035",,,,"051700",,,,,,,,,,,,,,,,,,,,,,,,,,,,,,,,,,,"14000US34035051700",,,"900413","0",1377,143,1234,10.38,89.62
"34035051800","Census Tract 518","Census Tract 518, Somerset County, New Jersey","nj","140","00","ACSSF","0003190",,,,,"34","035",,,,"051800",,,,,,,,,,,,,,,,,,,,,,,,,,,,,,,,,,,"14000US34035051800",,,"1556799","25390",914,291,623,31.84,68.16
"34035051900","Census Tract 519","Census Tract 519, Somerset County, New Jersey","nj","140","00","ACSSF","0003191",,,,,"34","035",,,,"051900",,,,,,,,,,,,,,,,,,,,,,,,,,,,,,,,,,,"14000US34035051900",,,"2105334","8716",787,0,787,0,100
"34035052001","Census Tract 520.01","Census Tract 520.01, Somerset County, New Jersey","nj","140","00","ACSSF","0003192",,,,,"34","035",,,,"052001",,,,,,,,,,,,,,,,,,,,,,,,,,,,,,,,,,,"14000US34035052001",,,"1542007","0",1075,108,967,10.05,89.95
"34035052002","Census Tract 520.02","Census Tract 520.02, Somerset County, New Jersey","nj","140","00","ACSSF","0003193",,,,,"34","035",,,,"052002",,,,,,,,,,,,,,,,,,,,,,,,,,,,,,,,,,,"14000US34035052002",,,"1166742","0",759,52,707,6.85,93.15
"34035052100","Census Tract 521","Census Tract 521, Somerset County, New Jersey","nj","140","00","ACSSF","0003194",,,,,"34","035",,,,"052100",,,,,,,,,,,,,,,,,,,,,,,,,,,,,,,,,,,"14000US34035052100",,,"11415196","19554",1621,89,1532,5.49,94.51
"34035052201","Census Tract 522.01","Census Tract 522.01, Somerset County, New Jersey","nj","140","00","ACSSF","0003195",,,,,"34","035",,,,"052201",,,,,,,,,,,,,,,,,,,,,,,,,,,,,,,,,,,"14000US34035052201",,,"19557513","103789",1073,11,1062,1.03,98.97
"34035052203","Census Tract 522.03","Census Tract 522.03, Somerset County, New Jersey","nj","140","00","ACSSF","0003196",,,,,"34","035",,,,"052203",,,,,,,,,,,,,,,,,,,,,,,,,,,,,,,,,,,"14000US34035052203",,,"14319502","14132",1289,21,1268,1.63,98.37
"34035052204","Census Tract 522.04","Census Tract 522.04, Somerset County, New Jersey","nj","140","00","ACSSF","0003197",,,,,"34","035",,,,"052204",,,,,,,,,,,,,,,,,,,,,,,,,,,,,,,,,,,"14000US34035052204",,,"16798228","66137",1227,80,1147,6.52,93.48
"34035052300","Census Tract 523","Census Tract 523, Somerset County, New Jersey","nj","140","00","ACSSF","0003198",,,,,"34","035",,,,"052300",,,,,,,,,,,,,,,,,,,,,,,,,,,,,,,,,,,"14000US34035052300",,,"15580580","71737",1318,43,1275,3.26,96.74
"34035052400","Census Tract 524","Census Tract 524, Somerset County, New Jersey","nj","140","00","ACSSF","0003199",,,,,"34","035",,,,"052400",,,,,,,,,,,,,,,,,,,,,,,,,,,,,,,,,,,"14000US34035052400",,,"15651376","126195",1371,0,1371,0,100
"34035052601","Census Tract 526.01","Census Tract 526.01, Somerset County, New Jersey","nj","140","00","ACSSF","0003200",,,,,"34","035",,,,"052601",,,,,,,,,,,,,,,,,,,,,,,,,,,,,,,,,,,"14000US34035052601",,,"27272120","52535",2638,18,2620,0.68,99.32
"34035052603","Census Tract 526.03","Census Tract 526.03, Somerset County, New Jersey","nj","140","00","ACSSF","0003201",,,,,"34","035",,,,"052603",,,,,,,,,,,,,,,,,,,,,,,,,,,,,,,,,,,"14000US34035052603",,,"7259763","94166",796,71,725,8.92,91.08
"34035052700","Census Tract 527","Census Tract 527, Somerset County, New Jersey","nj","140","00","ACSSF","0003202",,,,,"34","035",,,,"052700",,,,,,,,,,,,,,,,,,,,,,,,,,,,,,,,,,,"14000US34035052700",,,"33243864","193274",1969,38,1931,1.93,98.07
"34035052800","Census Tract 528","Census Tract 528, Somerset County, New Jersey","nj","140","00","ACSSF","0003203",,,,,"34","035",,,,"052800",,,,,,,,,,,,,,,,,,,,,,,,,,,,,,,,,,,"14000US34035052800",,,"14817953","110143",650,23,627,3.54,96.46
"34035052901","Census Tract 529.01","Census Tract 529.01, Somerset County, New Jersey","nj","140","00","ACSSF","0003204",,,,,"34","035",,,,"052901",,,,,,,,,,,,,,,,,,,,,,,,,,,,,,,,,,,"14000US34035052901",,,"12565301","223979",177,13,164,7.34,92.66
"34035052903","Census Tract 529.03","Census Tract 529.03, Somerset County, New Jersey","nj","140","00","ACSSF","0003205",,,,,"34","035",,,,"052903",,,,,,,,,,,,,,,,,,,,,,,,,,,,,,,,,,,"14000US34035052903",,,"3723250","19766",846,60,786,7.09,92.91
"34035052904","Census Tract 529.04","Census Tract 529.04, Somerset County, New Jersey","nj","140","00","ACSSF","0003206",,,,,"34","035",,,,"052904",,,,,,,,,,,,,,,,,,,,,,,,,,,,,,,,,,,"14000US34035052904",,,"63928987","648720",382,26,356,6.81,93.19
"34035053000","Census Tract 530","Census Tract 530, Somerset County, New Jersey","nj","140","00","ACSSF","0003207",,,,,"34","035",,,,"053000",,,,,,,,,,,,,,,,,,,,,,,,,,,,,,,,,,,"14000US34035053000",,,"1669693","246557",1082,0,1082,0,100
"34035053102","Census Tract 531.02","Census Tract 531.02, Somerset County, New Jersey","nj","140","00","ACSSF","0003208",,,,,"34","035",,,,"053102",,,,,,,,,,,,,,,,,,,,,,,,,,,,,,,,,,,"14000US34035053102",,,"1631296","151761",731,71,660,9.71,90.29
"34035053103","Census Tract 531.03","Census Tract 531.03, Somerset County, New Jersey","nj","140","00","ACSSF","0003209",,,,,"34","035",,,,"053103",,,,,,,,,,,,,,,,,,,,,,,,,,,,,,,,,,,"14000US34035053103",,,"4047078","0",1242,162,1080,13.04,86.96
"34035053105","Census Tract 531.05","Census Tract 531.05, Somerset County, New Jersey","nj","140","00","ACSSF","0003210",,,,,"34","035",,,,"053105",,,,,,,,,,,,,,,,,,,,,,,,,,,,,,,,,,,"14000US34035053105",,,"5299207","192973",1444,0,1444,0,100
"34035053200","Census Tract 532","Census Tract 532, Somerset County, New Jersey","nj","140","00","ACSSF","0003211",,,,,"34","035",,,,"053200",,,,,,,,,,,,,,,,,,,,,,,,,,,,,,,,,,,"14000US34035053200",,,"3145759","0",1150,106,1044,9.22,90.78
"34035053300","Census Tract 533","Census Tract 533, Somerset County, New Jersey","nj","140","00","ACSSF","0003212",,,,,"34","035",,,,"053300",,,,,,,,,,,,,,,,,,,,,,,,,,,,,,,,,,,"14000US34035053300",,,"2365913","0",1517,260,1257,17.14,82.86
"34035053402","Census Tract 534.02","Census Tract 534.02, Somerset County, New Jersey","nj","140","00","ACSSF","0003213",,,,,"34","035",,,,"053402",,,,,,,,,,,,,,,,,,,,,,,,,,,,,,,,,,,"14000US34035053402",,,"32917428","612480",1323,0,1323,0,100
"34035053403","Census Tract 534.03","Census Tract 534.03, Somerset County, New Jersey","nj","140","00","ACSSF","0003214",,,,,"34","035",,,,"053403",,,,,,,,,,,,,,,,,,,,,,,,,,,,,,,,,,,"14000US34035053403",,,"2128969","4064",853,43,810,5.04,94.96
"34035053404","Census Tract 534.04","Census Tract 534.04, Somerset County, New Jersey","nj","140","00","ACSSF","0003215",,,,,"34","035",,,,"053404",,,,,,,,,,,,,,,,,,,,,,,,,,,,,,,,,,,"14000US34035053404",,,"35091591","259191",2488,13,2475,0.52,99.48
"34035053501","Census Tract 535.01","Census Tract 535.01, Somerset County, New Jersey","nj","140","00","ACSSF","0003216",,,,,"34","035",,,,"053501",,,,,,,,,,,,,,,,,,,,,,,,,,,,,,,,,,,"14000US34035053501",,,"18914775","509036",610,14,596,2.3,97.7
"34035053602","Census Tract 536.02","Census Tract 536.02, Somerset County, New Jersey","nj","140","00","ACSSF","0003217",,,,,"34","035",,,,"053602",,,,,,,,,,,,,,,,,,,,,,,,,,,,,,,,,,,"14000US34035053602",,,"27282748","338637",1491,157,1334,10.53,89.47
"34035053603","Census Tract 536.03","Census Tract 536.03, Somerset County, New Jersey","nj","140","00","ACSSF","0003218",,,,,"34","035",,,,"053603",,,,,,,,,,,,,,,,,,,,,,,,,,,,,,,,,,,"14000US34035053603",,,"11342979","102712",1116,0,1116,0,100
"34035053604","Census Tract 536.04","Census Tract 536.04, Somerset County, New Jersey","nj","140","00","ACSSF","0003219",,,,,"34","035",,,,"053604",,,,,,,,,,,,,,,,,,,,,,,,,,,,,,,,,,,"14000US34035053604",,,"13363103","148972",643,7,636,1.09,98.91
"34035053703","Census Tract 537.03","Census Tract 537.03, Somerset County, New Jersey","nj","140","00","ACSSF","0003220",,,,,"34","035",,,,"053703",,,,,,,,,,,,,,,,,,,,,,,,,,,,,,,,,,,"14000US34035053703",,,"53298616","262999",803,29,774,3.61,96.39
"34035053704","Census Tract 537.04","Census Tract 537.04, Somerset County, New Jersey","nj","140","00","ACSSF","0003221",,,,,"34","035",,,,"053704",,,,,,,,,,,,,,,,,,,,,,,,,,,,,,,,,,,"14000US34035053704",,,"5013207","16315",688,0,688,0,100
"34035053705","Census Tract 537.05","Census Tract 537.05, Somerset County, New Jersey","nj","140","00","ACSSF","0003222",,,,,"34","035",,,,"053705",,,,,,,,,,,,,,,,,,,,,,,,,,,,,,,,,,,"14000US34035053705",,,"3224997","17855",1198,0,1198,0,100
"34035053706","Census Tract 537.06","Census Tract 537.06, Somerset County, New Jersey","nj","140","00","ACSSF","0003223",,,,,"34","035",,,,"053706",,,,,,,,,,,,,,,,,,,,,,,,,,,,,,,,,,,"14000US34035053706",,,"12326124","102810",1350,9,1341,0.67,99.33
"34035053707","Census Tract 537.07","Census Tract 537.07, Somerset County, New Jersey","nj","140","00","ACSSF","0003224",,,,,"34","035",,,,"053707",,,,,,,,,,,,,,,,,,,,,,,,,,,,,,,,,,,"14000US34035053707",,,"15391468","228792",836,0,836,0,100
"34035053801","Census Tract 538.01","Census Tract 538.01, Somerset County, New Jersey","nj","140","00","ACSSF","0003225",,,,,"34","035",,,,"053801",,,,,,,,,,,,,,,,,,,,,,,,,,,,,,,,,,,"14000US34035053801",,,"1762709","52339",149,0,149,0,100
"34035053803","Census Tract 538.03","Census Tract 538.03, Somerset County, New Jersey","nj","140","00","ACSSF","0003226",,,,,"34","035",,,,"053803",,,,,,,,,,,,,,,,,,,,,,,,,,,,,,,,,,,"14000US34035053803",,,"25231626","136240",2219,112,2107,5.05,94.95
"34035053804","Census Tract 538.04","Census Tract 538.04, Somerset County, New Jersey","nj","140","00","ACSSF","0003227",,,,,"34","035",,,,"053804",,,,,,,,,,,,,,,,,,,,,,,,,,,,,,,,,,,"14000US34035053804",,,"10097664","317791",1334,102,1232,7.65,92.35
"34035053805","Census Tract 538.05","Census Tract 538.05, Somerset County, New Jersey","nj","140","00","ACSSF","0003228",,,,,"34","035",,,,"053805",,,,,,,,,,,,,,,,,,,,,,,,,,,,,,,,,,,"14000US34035053805",,,"16866178","177932",698,0,698,0,100
"34035053901","Census Tract 539.01","Census Tract 539.01, Somerset County, New Jersey","nj","140","00","ACSSF","0003229",,,,,"34","035",,,,"053901",,,,,,,,,,,,,,,,,,,,,,,,,,,,,,,,,,,"14000US34035053901",,,"1581982","8439",138,0,138,0,100
"34035053904","Census Tract 539.04","Census Tract 539.04, Somerset County, New Jersey","nj","140","00","ACSSF","0003230",,,,,"34","035",,,,"053904",,,,,,,,,,,,,,,,,,,,,,,,,,,,,,,,,,,"14000US34035053904",,,"11155574","148007",983,0,983,0,100
"34035053905","Census Tract 539.05","Census Tract 539.05, Somerset County, New Jersey","nj","140","00","ACSSF","0003231",,,,,"34","035",,,,"053905",,,,,,,,,,,,,,,,,,,,,,,,,,,,,,,,,,,"14000US34035053905",,,"8691204","67229",1770,29,1741,1.64,98.36
"34035054100","Census Tract 541","Census Tract 541, Somerset County, New Jersey","nj","140","00","ACSSF","0003232",,,,,"34","035",,,,"054100",,,,,,,,,,,,,,,,,,,,,,,,,,,,,,,,,,,"14000US34035054100",,,"12498288","55503",2174,58,2116,2.67,97.33
"34035054201","Census Tract 542.01","Census Tract 542.01, Somerset County, New Jersey","nj","140","00","ACSSF","0003233",,,,,"34","035",,,,"054201",,,,,,,,,,,,,,,,,,,,,,,,,,,,,,,,,,,"14000US34035054201",,,"21194745","86426",1796,165,1631,9.19,90.81
"34035054202","Census Tract 542.02","Census Tract 542.02, Somerset County, New Jersey","nj","140","00","ACSSF","0003234",,,,,"34","035",,,,"054202",,,,,,,,,,,,,,,,,,,,,,,,,,,,,,,,,,,"14000US34035054202",,,"42615218","149047",1474,44,1430,2.99,97.01
"34035054300","Census Tract 543","Census Tract 543, Somerset County, New Jersey","nj","140","00","ACSSF","0003235",,,,,"34","035",,,,"054300",,,,,,,,,,,,,,,,,,,,,,,,,,,,,,,,,,,"14000US34035054300",,,"14038478","120777",1180,0,1180,0,100
"34037371000","Census Tract 3710","Census Tract 3710, Sussex County, New Jersey","nj","140","00","ACSSF","0003236",,,,,"34","037",,,,"371000",,,,,,,,,,,,,,,,,,,,,,,,,,,,,,,,,,,"14000US34037371000",,,"117147401","3618805",714,8,706,1.12,98.88
"34037371100","Census Tract 3711","Census Tract 3711, Sussex County, New Jersey","nj","140","00","ACSSF","0003237",,,,,"34","037",,,,"371100",,,,,,,,,,,,,,,,,,,,,,,,,,,,,,,,,,,"14000US34037371100",,,"86983373","691066",860,70,790,8.14,91.86
"34037371200","Census Tract 3712","Census Tract 3712, Sussex County, New Jersey","nj","140","00","ACSSF","0003238",,,,,"34","037",,,,"371200",,,,,,,,,,,,,,,,,,,,,,,,,,,,,,,,,,,"14000US34037371200",,,"1536014","79446",296,72,224,24.32,75.68
"34037371300","Census Tract 3713","Census Tract 3713, Sussex County, New Jersey","nj","140","00","ACSSF","0003239",,,,,"34","037",,,,"371300",,,,,,,,,,,,,,,,,,,,,,,,,,,,,,,,,,,"14000US34037371300",,,"32333586","496389",633,50,583,7.9,92.1
"34037371400","Census Tract 3714","Census Tract 3714, Sussex County, New Jersey","nj","140","00","ACSSF","0003240",,,,,"34","037",,,,"371400",,,,,,,,,,,,,,,,,,,,,,,,,,,,,,,,,,,"14000US34037371400",,,"26575450","236148",608,5,603,0.82,99.18
"34037371502","Census Tract 3715.02","Census Tract 3715.02, Sussex County, New Jersey","nj","140","00","ACSSF","0003241",,,,,"34","037",,,,"371502",,,,,,,,,,,,,,,,,,,,,,,,,,,,,,,,,,,"14000US34037371502",,,"37372629","3918820",840,21,819,2.5,97.5
"34037371503","Census Tract 3715.03","Census Tract 3715.03, Sussex County, New Jersey","nj","140","00","ACSSF","0003242",,,,,"34","037",,,,"371503",,,,,,,,,,,,,,,,,,,,,,,,,,,,,,,,,,,"14000US34037371503",,,"34599228","493899",608,0,608,0,100
"34037371600","Census Tract 3716","Census Tract 3716, Sussex County, New Jersey","nj","140","00","ACSSF","0003243",,,,,"34","037",,,,"371600",,,,,,,,,,,,,,,,,,,,,,,,,,,,,,,,,,,"14000US34037371600",,,"25451115","383138",463,48,415,10.37,89.63
"34037371700","Census Tract 3717","Census Tract 3717, Sussex County, New Jersey","nj","140","00","ACSSF","0003244",,,,,"34","037",,,,"371700",,,,,,,,,,,,,,,,,,,,,,,,,,,,,,,,,,,"14000US34037371700",,,"18772395","559606",1212,25,1187,2.06,97.94
"34037371800","Census Tract 3718","Census Tract 3718, Sussex County, New Jersey","nj","140","00","ACSSF","0003245",,,,,"34","037",,,,"371800",,,,,,,,,,,,,,,,,,,,,,,,,,,,,,,,,,,"14000US34037371800",,,"85912632","1192997",1511,48,1463,3.18,96.82
"34037371900","Census Tract 3719","Census Tract 3719, Sussex County, New Jersey","nj","140","00","ACSSF","0003246",,,,,"34","037",,,,"371900",,,,,,,,,,,,,,,,,,,,,,,,,,,,,,,,,,,"14000US34037371900",,,"169819715","3570480",351,0,351,0,100
"34037372000","Census Tract 3720","Census Tract 3720, Sussex County, New Jersey","nj","140","00","ACSSF","0003247",,,,,"34","037",,,,"372000",,,,,,,,,,,,,,,,,,,,,,,,,,,,,,,,,,,"14000US34037372000",,,"39425153","1622726",500,43,457,8.6,91.4
"34037372100","Census Tract 3721","Census Tract 3721, Sussex County, New Jersey","nj","140","00","ACSSF","0003248",,,,,"34","037",,,,"372100",,,,,,,,,,,,,,,,,,,,,,,,,,,,,,,,,,,"14000US34037372100",,,"24207352","740187",291,35,256,12.03,87.97
"34037372200","Census Tract 3722","Census Tract 3722, Sussex County, New Jersey","nj","140","00","ACSSF","0003249",,,,,"34","037",,,,"372200",,,,,,,,,,,,,,,,,,,,,,,,,,,,,,,,,,,"14000US34037372200",,,"21711938","3381769",376,0,376,0,100
"34037372300","Census Tract 3723","Census Tract 3723, Sussex County, New Jersey","nj","140","00","ACSSF","0003250",,,,,"34","037",,,,"372300",,,,,,,,,,,,,,,,,,,,,,,,,,,,,,,,,,,"14000US34037372300",,,"67562395","311241",881,110,771,12.49,87.51
"34037372400","Census Tract 3724","Census Tract 3724, Sussex County, New Jersey","nj","140","00","ACSSF","0003251",,,,,"34","037",,,,"372400",,,,,,,,,,,,,,,,,,,,,,,,,,,,,,,,,,,"14000US34037372400",,,"46317861","225998",461,38,423,8.24,91.76
"34037372500","Census Tract 3725","Census Tract 3725, Sussex County, New Jersey","nj","140","00","ACSSF","0003252",,,,,"34","037",,,,"372500",,,,,,,,,,,,,,,,,,,,,,,,,,,,,,,,,,,"14000US34037372500",,,"22072023","80357",700,0,700,0,100
"34037372600","Census Tract 3726","Census Tract 3726, Sussex County, New Jersey","nj","140","00","ACSSF","0003253",,,,,"34","037",,,,"372600",,,,,,,,,,,,,,,,,,,,,,,,,,,,,,,,,,,"14000US34037372600",,,"60767339","1637962",851,0,851,0,100
"34037372700","Census Tract 3727","Census Tract 3727, Sussex County, New Jersey","nj","140","00","ACSSF","0003254",,,,,"34","037",,,,"372700",,,,,,,,,,,,,,,,,,,,,,,,,,,,,,,,,,,"14000US34037372700",,,"2964811","61923",625,41,584,6.56,93.44
"34037372800","Census Tract 3728","Census Tract 3728, Sussex County, New Jersey","nj","140","00","ACSSF","0003255",,,,,"34","037",,,,"372800",,,,,,,,,,,,,,,,,,,,,,,,,,,,,,,,,,,"14000US34037372800",,,"4687084","160363",302,37,265,12.25,87.75
"34037372900","Census Tract 3729","Census Tract 3729, Sussex County, New Jersey","nj","140","00","ACSSF","0003256",,,,,"34","037",,,,"372900",,,,,,,,,,,,,,,,,,,,,,,,,,,,,,,,,,,"14000US34037372900",,,"6595123","24757",743,56,687,7.54,92.46
"34037373000","Census Tract 3730","Census Tract 3730, Sussex County, New Jersey","nj","140","00","ACSSF","0003257",,,,,"34","037",,,,"373000",,,,,,,,,,,,,,,,,,,,,,,,,,,,,,,,,,,"14000US34037373000",,,"5707301","112705",445,85,360,19.1,80.9
"34037373100","Census Tract 3731","Census Tract 3731, Sussex County, New Jersey","nj","140","00","ACSSF","0003258",,,,,"34","037",,,,"373100",,,,,,,,,,,,,,,,,,,,,,,,,,,,,,,,,,,"14000US34037373100",,,"45230358","860142",1748,54,1694,3.09,96.91
"34037373200","Census Tract 3732","Census Tract 3732, Sussex County, New Jersey","nj","140","00","ACSSF","0003259",,,,,"34","037",,,,"373200",,,,,,,,,,,,,,,,,,,,,,,,,,,,,,,,,,,"14000US34037373200",,,"32174226","1265020",845,27,818,3.2,96.8
"34037373300","Census Tract 3733","Census Tract 3733, Sussex County, New Jersey","nj","140","00","ACSSF","0003260",,,,,"34","037",,,,"373300",,,,,,,,,,,,,,,,,,,,,,,,,,,,,,,,,,,"14000US34037373300",,,"10819666","220860",866,9,857,1.04,98.96
"34037373400","Census Tract 3734","Census Tract 3734, Sussex County, New Jersey","nj","140","00","ACSSF","0003261",,,,,"34","037",,,,"373400",,,,,,,,,,,,,,,,,,,,,,,,,,,,,,,,,,,"14000US34037373400",,,"7050647","2875454",1330,18,1312,1.35,98.65
"34037373500","Census Tract 3735","Census Tract 3735, Sussex County, New Jersey","nj","140","00","ACSSF","0003262",,,,,"34","037",,,,"373500",,,,,,,,,,,,,,,,,,,,,,,,,,,,,,,,,,,"14000US34037373500",,,"23260347","885495",478,0,478,0,100
"34037373600","Census Tract 3736","Census Tract 3736, Sussex County, New Jersey","nj","140","00","ACSSF","0003263",,,,,"34","037",,,,"373600",,,,,,,,,,,,,,,,,,,,,,,,,,,,,,,,,,,"14000US34037373600",,,"32144486","1090919",693,7,686,1.01,98.99
"34037373700","Census Tract 3737","Census Tract 3737, Sussex County, New Jersey","nj","140","00","ACSSF","0003264",,,,,"34","037",,,,"373700",,,,,,,,,,,,,,,,,,,,,,,,,,,,,,,,,,,"14000US34037373700",,,"3820499","38566",617,252,365,40.84,59.16
"34037373800","Census Tract 3738","Census Tract 3738, Sussex County, New Jersey","nj","140","00","ACSSF","0003265",,,,,"34","037",,,,"373800",,,,,,,,,,,,,,,,,,,,,,,,,,,,,,,,,,,"14000US34037373800",,,"4882120","17862",671,19,652,2.83,97.17
"34037373900","Census Tract 3739","Census Tract 3739, Sussex County, New Jersey","nj","140","00","ACSSF","0003266",,,,,"34","037",,,,"373900",,,,,,,,,,,,,,,,,,,,,,,,,,,,,,,,,,,"14000US34037373900",,,"69719336","3446085",723,96,627,13.28,86.72
"34037374000","Census Tract 3740","Census Tract 3740, Sussex County, New Jersey","nj","140","00","ACSSF","0003267",,,,,"34","037",,,,"374000",,,,,,,,,,,,,,,,,,,,,,,,,,,,,,,,,,,"14000US34037374000",,,"45687477","711575",778,140,638,17.99,82.01
"34037374100","Census Tract 3741","Census Tract 3741, Sussex County, New Jersey","nj","140","00","ACSSF","0003268",,,,,"34","037",,,,"374100",,,,,,,,,,,,,,,,,,,,,,,,,,,,,,,,,,,"14000US34037374100",,,"41526880","705908",865,108,757,12.49,87.51
"34037374200","Census Tract 3742","Census Tract 3742, Sussex County, New Jersey","nj","140","00","ACSSF","0003269",,,,,"34","037",,,,"374200",,,,,,,,,,,,,,,,,,,,,,,,,,,,,,,,,,,"14000US34037374200",,,"19920248","1296709",443,15,428,3.39,96.61
"34037374300","Census Tract 3743","Census Tract 3743, Sussex County, New Jersey","nj","140","00","ACSSF","0003270",,,,,"34","037",,,,"374300",,,,,,,,,,,,,,,,,,,,,,,,,,,,,,,,,,,"14000US34037374300",,,"16333250","1148151",629,0,629,0,100
"34037374400","Census Tract 3744","Census Tract 3744, Sussex County, New Jersey","nj","140","00","ACSSF","0003271",,,,,"34","037",,,,"374400",,,,,,,,,,,,,,,,,,,,,,,,,,,,,,,,,,,"14000US34037374400",,,"19292367","669797",472,8,464,1.69,98.31
"34037374500","Census Tract 3745","Census Tract 3745, Sussex County, New Jersey","nj","140","00","ACSSF","0003272",,,,,"34","037",,,,"374500",,,,,,,,,,,,,,,,,,,,,,,,,,,,,,,,,,,"14000US34037374500",,,"17112898","977568",304,0,304,0,100
"34037374600","Census Tract 3746","Census Tract 3746, Sussex County, New Jersey","nj","140","00","ACSSF","0003273",,,,,"34","037",,,,"374600",,,,,,,,,,,,,,,,,,,,,,,,,,,,,,,,,,,"14000US34037374600",,,"4759611","662690",835,32,803,3.83,96.17
"34037374700","Census Tract 3747","Census Tract 3747, Sussex County, New Jersey","nj","140","00","ACSSF","0003274",,,,,"34","037",,,,"374700",,,,,,,,,,,,,,,,,,,,,,,,,,,,,,,,,,,"14000US34037374700",,,"3701872","2409637",711,23,688,3.23,96.77
"34037374800","Census Tract 3748","Census Tract 3748, Sussex County, New Jersey","nj","140","00","ACSSF","0003275",,,,,"34","037",,,,"374800",,,,,,,,,,,,,,,,,,,,,,,,,,,,,,,,,,,"14000US34037374800",,,"5541896","424758",686,20,666,2.92,97.08
"34037374900","Census Tract 3749","Census Tract 3749, Sussex County, New Jersey","nj","140","00","ACSSF","0003276",,,,,"34","037",,,,"374900",,,,,,,,,,,,,,,,,,,,,,,,,,,,,,,,,,,"14000US34037374900",,,"1979625","0",855,92,763,10.76,89.24
"34039030200","Census Tract 302","Census Tract 302, Union County, New Jersey","nj","140","00","ACSSF","0003277",,,,,"34","039",,,,"030200",,,,,,,,,,,,,,,,,,,,,,,,,,,,,,,,,,,"14000US34039030200",,,"396855","0",1074,317,757,29.52,70.48
"34039030400","Census Tract 304","Census Tract 304, Union County, New Jersey","nj","140","00","ACSSF","0003278",,,,,"34","039",,,,"030400",,,,,,,,,,,,,,,,,,,,,,,,,,,,,,,,,,,"14000US34039030400",,,"538486","0",1957,701,1256,35.82,64.18
"34039030500","Census Tract 305","Census Tract 305, Union County, New Jersey","nj","140","00","ACSSF","0003279",,,,,"34","039",,,,"030500",,,,,,,,,,,,,,,,,,,,,,,,,,,,,,,,,,,"14000US34039030500",,,"943692","39077",1501,324,1177,21.59,78.41
"34039030600","Census Tract 306","Census Tract 306, Union County, New Jersey","nj","140","00","ACSSF","0003280",,,,,"34","039",,,,"030600",,,,,,,,,,,,,,,,,,,,,,,,,,,,,,,,,,,"14000US34039030600",,,"1688960","234422",875,254,621,29.03,70.97
"34039030701","Census Tract 307.01","Census Tract 307.01, Union County, New Jersey","nj","140","00","ACSSF","0003281",,,,,"34","039",,,,"030701",,,,,,,,,,,,,,,,,,,,,,,,,,,,,,,,,,,"14000US34039030701",,,"324112","0",435,88,347,20.23,79.77
"34039030702","Census Tract 307.02","Census Tract 307.02, Union County, New Jersey","nj","140","00","ACSSF","0003282",,,,,"34","039",,,,"030702",,,,,,,,,,,,,,,,,,,,,,,,,,,,,,,,,,,"14000US34039030702",,,"779315","2296",2439,354,2085,14.51,85.49
"34039030802","Census Tract 308.02","Census Tract 308.02, Union County, New Jersey","nj","140","00","ACSSF","0003283",,,,,"34","039",,,,"030802",,,,,,,,,,,,,,,,,,,,,,,,,,,,,,,,,,,"14000US34039030802",,,"601392","19398",719,263,456,36.58,63.42
"34039030900","Census Tract 309","Census Tract 309, Union County, New Jersey","nj","140","00","ACSSF","0003284",,,,,"34","039",,,,"030900",,,,,,,,,,,,,,,,,,,,,,,,,,,,,,,,,,,"14000US34039030900",,,"760387","20306",1829,320,1509,17.5,82.5
"34039031000","Census Tract 310","Census Tract 310, Union County, New Jersey","nj","140","00","ACSSF","0003285",,,,,"34","039",,,,"031000",,,,,,,,,,,,,,,,,,,,,,,,,,,,,,,,,,,"14000US34039031000",,,"280707","0",1283,464,819,36.17,63.83
"34039031100","Census Tract 311","Census Tract 311, Union County, New Jersey","nj","140","00","ACSSF","0003286",,,,,"34","039",,,,"031100",,,,,,,,,,,,,,,,,,,,,,,,,,,,,,,,,,,"14000US34039031100",,,"603713","8074",1510,798,712,52.85,47.15
"34039031200","Census Tract 312","Census Tract 312, Union County, New Jersey","nj","140","00","ACSSF","0003287",,,,,"34","039",,,,"031200",,,,,,,,,,,,,,,,,,,,,,,,,,,,,,,,,,,"14000US34039031200",,,"866687","0",1864,461,1403,24.73,75.27
"34039031300","Census Tract 313","Census Tract 313, Union County, New Jersey","nj","140","00","ACSSF","0003288",,,,,"34","039",,,,"031300",,,,,,,,,,,,,,,,,,,,,,,,,,,,,,,,,,,"14000US34039031300",,,"1275338","0",2190,292,1898,13.33,86.67
"34039031400","Census Tract 314","Census Tract 314, Union County, New Jersey","nj","140","00","ACSSF","0003289",,,,,"34","039",,,,"031400",,,,,,,,,,,,,,,,,,,,,,,,,,,,,,,,,,,"14000US34039031400",,,"498555","0",1364,452,912,33.14,66.86
"34039031500","Census Tract 315","Census Tract 315, Union County, New Jersey","nj","140","00","ACSSF","0003290",,,,,"34","039",,,,"031500",,,,,,,,,,,,,,,,,,,,,,,,,,,,,,,,,,,"14000US34039031500",,,"845980","0",1126,148,978,13.14,86.86
"34039031601","Census Tract 316.01","Census Tract 316.01, Union County, New Jersey","nj","140","00","ACSSF","0003291",,,,,"34","039",,,,"031601",,,,,,,,,,,,,,,,,,,,,,,,,,,,,,,,,,,"14000US34039031601",,,"482171","0",791,264,527,33.38,66.62
"34039031602","Census Tract 316.02","Census Tract 316.02, Union County, New Jersey","nj","140","00","ACSSF","0003292",,,,,"34","039",,,,"031602",,,,,,,,,,,,,,,,,,,,,,,,,,,,,,,,,,,"14000US34039031602",,,"860078","0",1225,347,878,28.33,71.67
"34039031700","Census Tract 317","Census Tract 317, Union County, New Jersey","nj","140","00","ACSSF","0003293",,,,,"34","039",,,,"031700",,,,,,,,,,,,,,,,,,,,,,,,,,,,,,,,,,,"14000US34039031700",,,"758872","6220",1269,547,722,43.1,56.9
"34039031801","Census Tract 318.01","Census Tract 318.01, Union County, New Jersey","nj","140","00","ACSSF","0003294",,,,,"34","039",,,,"031801",,,,,,,,,,,,,,,,,,,,,,,,,,,,,,,,,,,"14000US34039031801",,,"570315","0",1635,533,1102,32.6,67.4
"34039031802","Census Tract 318.02","Census Tract 318.02, Union County, New Jersey","nj","140","00","ACSSF","0003295",,,,,"34","039",,,,"031802",,,,,,,,,,,,,,,,,,,,,,,,,,,,,,,,,,,"14000US34039031802",,,"282443","5894",672,96,576,14.29,85.71
"34039031903","Census Tract 319.03","Census Tract 319.03, Union County, New Jersey","nj","140","00","ACSSF","0003296",,,,,"34","039",,,,"031903",,,,,,,,,,,,,,,,,,,,,,,,,,,,,,,,,,,"14000US34039031903",,,"517208","0",1501,642,859,42.77,57.23
"34039031904","Census Tract 319.04","Census Tract 319.04, Union County, New Jersey","nj","140","00","ACSSF","0003297",,,,,"34","039",,,,"031904",,,,,,,,,,,,,,,,,,,,,,,,,,,,,,,,,,,"14000US34039031904",,,"288073","2947",549,250,299,45.54,54.46
"34039032001","Census Tract 320.01","Census Tract 320.01, Union County, New Jersey","nj","140","00","ACSSF","0003298",,,,,"34","039",,,,"032001",,,,,,,,,,,,,,,,,,,,,,,,,,,,,,,,,,,"14000US34039032001",,,"700713","0",1890,344,1546,18.2,81.8
"34039032002","Census Tract 320.02","Census Tract 320.02, Union County, New Jersey","nj","140","00","ACSSF","0003299",,,,,"34","039",,,,"032002",,,,,,,,,,,,,,,,,,,,,,,,,,,,,,,,,,,"14000US34039032002",,,"487015","0",793,125,668,15.76,84.24
"34039032100","Census Tract 321","Census Tract 321, Union County, New Jersey","nj","140","00","ACSSF","0003300",,,,,"34","039",,,,"032100",,,,,,,,,,,,,,,,,,,,,,,,,,,,,,,,,,,"14000US34039032100",,,"1606410","0",1649,19,1630,1.15,98.85
"34039032200","Census Tract 322","Census Tract 322, Union County, New Jersey","nj","140","00","ACSSF","0003301",,,,,"34","039",,,,"032200",,,,,,,,,,,,,,,,,,,,,,,,,,,,,,,,,,,"14000US34039032200",,,"1042522","0",1038,174,864,16.76,83.24
"34039032300","Census Tract 323","Census Tract 323, Union County, New Jersey","nj","140","00","ACSSF","0003302",,,,,"34","039",,,,"032300",,,,,,,,,,,,,,,,,,,,,,,,,,,,,,,,,,,"14000US34039032300",,,"2082087","0",659,38,621,5.77,94.23
"34039032400","Census Tract 324","Census Tract 324, Union County, New Jersey","nj","140","00","ACSSF","0003303",,,,,"34","039",,,,"032400",,,,,,,,,,,,,,,,,,,,,,,,,,,,,,,,,,,"14000US34039032400",,,"1761315","17996",1640,416,1224,25.37,74.63
"34039032500","Census Tract 325","Census Tract 325, Union County, New Jersey","nj","140","00","ACSSF","0003304",,,,,"34","039",,,,"032500",,,,,,,,,,,,,,,,,,,,,,,,,,,,,,,,,,,"14000US34039032500",,,"2279887","20911",1183,199,984,16.82,83.18
"34039032600","Census Tract 326","Census Tract 326, Union County, New Jersey","nj","140","00","ACSSF","0003305",,,,,"34","039",,,,"032600",,,,,,,,,,,,,,,,,,,,,,,,,,,,,,,,,,,"14000US34039032600",,,"1482342","0",1108,84,1024,7.58,92.42
"34039032700","Census Tract 327","Census Tract 327, Union County, New Jersey","nj","140","00","ACSSF","0003306",,,,,"34","039",,,,"032700",,,,,,,,,,,,,,,,,,,,,,,,,,,,,,,,,,,"14000US34039032700",,,"3123866","0",1205,8,1197,0.66,99.34
"34039032800","Census Tract 328","Census Tract 328, Union County, New Jersey","nj","140","00","ACSSF","0003307",,,,,"34","039",,,,"032800",,,,,,,,,,,,,,,,,,,,,,,,,,,,,,,,,,,"14000US34039032800",,,"1174765","0",735,167,568,22.72,77.28
"34039032901","Census Tract 329.01","Census Tract 329.01, Union County, New Jersey","nj","140","00","ACSSF","0003308",,,,,"34","039",,,,"032901",,,,,,,,,,,,,,,,,,,,,,,,,,,,,,,,,,,"14000US34039032901",,,"1489040","0",741,18,723,2.43,97.57
"34039032902","Census Tract 329.02","Census Tract 329.02, Union County, New Jersey","nj","140","00","ACSSF","0003309",,,,,"34","039",,,,"032902",,,,,,,,,,,,,,,,,,,,,,,,,,,,,,,,,,,"14000US34039032902",,,"1776284","0",874,68,806,7.78,92.22
"34039033000","Census Tract 330","Census Tract 330, Union County, New Jersey","nj","140","00","ACSSF","0003310",,,,,"34","039",,,,"033000",,,,,,,,,,,,,,,,,,,,,,,,,,,,,,,,,,,"14000US34039033000",,,"3958241","8573",966,53,913,5.49,94.51
"34039033100","Census Tract 331","Census Tract 331, Union County, New Jersey","nj","140","00","ACSSF","0003311",,,,,"34","039",,,,"033100",,,,,,,,,,,,,,,,,,,,,,,,,,,,,,,,,,,"14000US34039033100",,,"1637416","0",1064,87,977,8.18,91.82
"34039033200","Census Tract 332","Census Tract 332, Union County, New Jersey","nj","140","00","ACSSF","0003312",,,,,"34","039",,,,"033200",,,,,,,,,,,,,,,,,,,,,,,,,,,,,,,,,,,"14000US34039033200",,,"2483032","43580",877,44,833,5.02,94.98
"34039033300","Census Tract 333","Census Tract 333, Union County, New Jersey","nj","140","00","ACSSF","0003313",,,,,"34","039",,,,"033300",,,,,,,,,,,,,,,,,,,,,,,,,,,,,,,,,,,"14000US34039033300",,,"1051076","0",774,88,686,11.37,88.63
"34039033400","Census Tract 334","Census Tract 334, Union County, New Jersey","nj","140","00","ACSSF","0003314",,,,,"34","039",,,,"033400",,,,,,,,,,,,,,,,,,,,,,,,,,,,,,,,,,,"14000US34039033400",,,"1234455","0",728,0,728,0,100
"34039033500","Census Tract 335","Census Tract 335, Union County, New Jersey","nj","140","00","ACSSF","0003315",,,,,"34","039",,,,"033500",,,,,,,,,,,,,,,,,,,,,,,,,,,,,,,,,,,"14000US34039033500",,,"4030955","29553",1192,58,1134,4.87,95.13
"34039033600","Census Tract 336","Census Tract 336, Union County, New Jersey","nj","140","00","ACSSF","0003316",,,,,"34","039",,,,"033600",,,,,,,,,,,,,,,,,,,,,,,,,,,,,,,,,,,"14000US34039033600",,,"5559874","10391",1762,280,1482,15.89,84.11
"34039033700","Census Tract 337","Census Tract 337, Union County, New Jersey","nj","140","00","ACSSF","0003317",,,,,"34","039",,,,"033700",,,,,,,,,,,,,,,,,,,,,,,,,,,,,,,,,,,"14000US34039033700",,,"999501","0",1151,67,1084,5.82,94.18
"34039033800","Census Tract 338","Census Tract 338, Union County, New Jersey","nj","140","00","ACSSF","0003318",,,,,"34","039",,,,"033800",,,,,,,,,,,,,,,,,,,,,,,,,,,,,,,,,,,"14000US34039033800",,,"1327714","0",1155,22,1133,1.9,98.1
"34039033900","Census Tract 339","Census Tract 339, Union County, New Jersey","nj","140","00","ACSSF","0003319",,,,,"34","039",,,,"033900",,,,,,,,,,,,,,,,,,,,,,,,,,,,,,,,,,,"14000US34039033900",,,"844237","0",696,83,613,11.93,88.07
"34039034000","Census Tract 340","Census Tract 340, Union County, New Jersey","nj","140","00","ACSSF","0003320",,,,,"34","039",,,,"034000",,,,,,,,,,,,,,,,,,,,,,,,,,,,,,,,,,,"14000US34039034000",,,"1491350","0",1215,279,936,22.96,77.04
"34039034100","Census Tract 341","Census Tract 341, Union County, New Jersey","nj","140","00","ACSSF","0003321",,,,,"34","039",,,,"034100",,,,,,,,,,,,,,,,,,,,,,,,,,,,,,,,,,,"14000US34039034100",,,"1556596","32524",886,319,567,36,64
"34039034200","Census Tract 342","Census Tract 342, Union County, New Jersey","nj","140","00","ACSSF","0003322",,,,,"34","039",,,,"034200",,,,,,,,,,,,,,,,,,,,,,,,,,,,,,,,,,,"14000US34039034200",,,"1053590","0",825,26,799,3.15,96.85
"34039034300","Census Tract 343","Census Tract 343, Union County, New Jersey","nj","140","00","ACSSF","0003323",,,,,"34","039",,,,"034300",,,,,,,,,,,,,,,,,,,,,,,,,,,,,,,,,,,"14000US34039034300",,,"1523970","0",744,52,692,6.99,93.01
"34039034400","Census Tract 344","Census Tract 344, Union County, New Jersey","nj","140","00","ACSSF","0003324",,,,,"34","039",,,,"034400",,,,,,,,,,,,,,,,,,,,,,,,,,,,,,,,,,,"14000US34039034400",,,"1199139","0",938,169,769,18.02,81.98
"34039034500","Census Tract 345","Census Tract 345, Union County, New Jersey","nj","140","00","ACSSF","0003325",,,,,"34","039",,,,"034500",,,,,,,,,,,,,,,,,,,,,,,,,,,,,,,,,,,"14000US34039034500",,,"985278","0",810,99,711,12.22,87.78
"34039034600","Census Tract 346","Census Tract 346, Union County, New Jersey","nj","140","00","ACSSF","0003326",,,,,"34","039",,,,"034600",,,,,,,,,,,,,,,,,,,,,,,,,,,,,,,,,,,"14000US34039034600",,,"781047","0",1162,330,832,28.4,71.6
"34039034700","Census Tract 347","Census Tract 347, Union County, New Jersey","nj","140","00","ACSSF","0003327",,,,,"34","039",,,,"034700",,,,,,,,,,,,,,,,,,,,,,,,,,,,,,,,,,,"14000US34039034700",,,"808242","0",904,90,814,9.96,90.04
"34039034800","Census Tract 348","Census Tract 348, Union County, New Jersey","nj","140","00","ACSSF","0003328",,,,,"34","039",,,,"034800",,,,,,,,,,,,,,,,,,,,,,,,,,,,,,,,,,,"14000US34039034800",,,"1447722","0",880,11,869,1.25,98.75
"34039034900","Census Tract 349","Census Tract 349, Union County, New Jersey","nj","140","00","ACSSF","0003329",,,,,"34","039",,,,"034900",,,,,,,,,,,,,,,,,,,,,,,,,,,,,,,,,,,"14000US34039034900",,,"1712234","0",1251,40,1211,3.2,96.8
"34039035000","Census Tract 350","Census Tract 350, Union County, New Jersey","nj","140","00","ACSSF","0003330",,,,,"34","039",,,,"035000",,,,,,,,,,,,,,,,,,,,,,,,,,,,,,,,,,,"14000US34039035000",,,"1367774","0",633,21,612,3.32,96.68
"34039035100","Census Tract 351","Census Tract 351, Union County, New Jersey","nj","140","00","ACSSF","0003331",,,,,"34","039",,,,"035100",,,,,,,,,,,,,,,,,,,,,,,,,,,,,,,,,,,"14000US34039035100",,,"867766","0",945,192,753,20.32,79.68
"34039035200","Census Tract 352","Census Tract 352, Union County, New Jersey","nj","140","00","ACSSF","0003332",,,,,"34","039",,,,"035200",,,,,,,,,,,,,,,,,,,,,,,,,,,,,,,,,,,"14000US34039035200",,,"1831447","0",671,47,624,7,93
"34039035300","Census Tract 353","Census Tract 353, Union County, New Jersey","nj","140","00","ACSSF","0003333",,,,,"34","039",,,,"035300",,,,,,,,,,,,,,,,,,,,,,,,,,,,,,,,,,,"14000US34039035300",,,"1108585","9016",1042,334,708,32.05,67.95
"34039035400","Census Tract 354","Census Tract 354, Union County, New Jersey","nj","140","00","ACSSF","0003334",,,,,"34","039",,,,"035400",,,,,,,,,,,,,,,,,,,,,,,,,,,,,,,,,,,"14000US34039035400",,,"16770692","1873147",589,62,527,10.53,89.47
"34039035500","Census Tract 355","Census Tract 355, Union County, New Jersey","nj","140","00","ACSSF","0003335",,,,,"34","039",,,,"035500",,,,,,,,,,,,,,,,,,,,,,,,,,,,,,,,,,,"14000US34039035500",,,"2048215","85581",1693,348,1345,20.56,79.44
"34039035600","Census Tract 356","Census Tract 356, Union County, New Jersey","nj","140","00","ACSSF","0003336",,,,,"34","039",,,,"035600",,,,,,,,,,,,,,,,,,,,,,,,,,,,,,,,,,,"14000US34039035600",,,"1483424","55223",614,14,600,2.28,97.72
"34039035700","Census Tract 357","Census Tract 357, Union County, New Jersey","nj","140","00","ACSSF","0003337",,,,,"34","039",,,,"035700",,,,,,,,,,,,,,,,,,,,,,,,,,,,,,,,,,,"14000US34039035700",,,"1770113","35487",803,60,743,7.47,92.53
"34039035800","Census Tract 358","Census Tract 358, Union County, New Jersey","nj","140","00","ACSSF","0003338",,,,,"34","039",,,,"035800",,,,,,,,,,,,,,,,,,,,,,,,,,,,,,,,,,,"14000US34039035800",,,"2025275","93618",963,164,799,17.03,82.97
"34039035900","Census Tract 359","Census Tract 359, Union County, New Jersey","nj","140","00","ACSSF","0003339",,,,,"34","039",,,,"035900",,,,,,,,,,,,,,,,,,,,,,,,,,,,,,,,,,,"14000US34039035900",,,"774797","0",915,59,856,6.45,93.55
"34039036000","Census Tract 360","Census Tract 360, Union County, New Jersey","nj","140","00","ACSSF","0003340",,,,,"34","039",,,,"036000",,,,,,,,,,,,,,,,,,,,,,,,,,,,,,,,,,,"14000US34039036000",,,"1989182","106041",951,0,951,0,100
"34039036100","Census Tract 361","Census Tract 361, Union County, New Jersey","nj","140","00","ACSSF","0003341",,,,,"34","039",,,,"036100",,,,,,,,,,,,,,,,,,,,,,,,,,,,,,,,,,,"14000US34039036100",,,"469196","0",268,37,231,13.81,86.19
"34039036200","Census Tract 362","Census Tract 362, Union County, New Jersey","nj","140","00","ACSSF","0003342",,,,,"34","039",,,,"036200",,,,,,,,,,,,,,,,,,,,,,,,,,,,,,,,,,,"14000US34039036200",,,"3909120","287280",1415,74,1341,5.23,94.77
"34039036301","Census Tract 363.01","Census Tract 363.01, Union County, New Jersey","nj","140","00","ACSSF","0003343",,,,,"34","039",,,,"036301",,,,,,,,,,,,,,,,,,,,,,,,,,,,,,,,,,,"14000US34039036301",,,"3619490","178961",746,28,718,3.75,96.25
"34039036302","Census Tract 363.02","Census Tract 363.02, Union County, New Jersey","nj","140","00","ACSSF","0003344",,,,,"34","039",,,,"036302",,,,,,,,,,,,,,,,,,,,,,,,,,,,,,,,,,,"14000US34039036302",,,"3538987","0",701,115,586,16.41,83.59
"34039036400","Census Tract 364","Census Tract 364, Union County, New Jersey","nj","140","00","ACSSF","0003345",,,,,"34","039",,,,"036400",,,,,,,,,,,,,,,,,,,,,,,,,,,,,,,,,,,"14000US34039036400",,,"4962700","41815",2491,15,2476,0.6,99.4
"34039036500","Census Tract 365","Census Tract 365, Union County, New Jersey","nj","140","00","ACSSF","0003346",,,,,"34","039",,,,"036500",,,,,,,,,,,,,,,,,,,,,,,,,,,,,,,,,,,"14000US34039036500",,,"3302807","1827",1855,46,1809,2.48,97.52
"34039036600","Census Tract 366","Census Tract 366, Union County, New Jersey","nj","140","00","ACSSF","0003347",,,,,"34","039",,,,"036600",,,,,,,,,,,,,,,,,,,,,,,,,,,,,,,,,,,"14000US34039036600",,,"2309040","790",995,17,978,1.71,98.29
"34039036700","Census Tract 367","Census Tract 367, Union County, New Jersey","nj","140","00","ACSSF","0003348",,,,,"34","039",,,,"036700",,,,,,,,,,,,,,,,,,,,,,,,,,,,,,,,,,,"14000US34039036700",,,"2397871","0",1528,123,1405,8.05,91.95
"34039036800","Census Tract 368","Census Tract 368, Union County, New Jersey","nj","140","00","ACSSF","0003349",,,,,"34","039",,,,"036800",,,,,,,,,,,,,,,,,,,,,,,,,,,,,,,,,,,"14000US34039036800",,,"4442989","4366",1885,0,1885,0,100
"34039036900","Census Tract 369","Census Tract 369, Union County, New Jersey","nj","140","00","ACSSF","0003350",,,,,"34","039",,,,"036900",,,,,,,,,,,,,,,,,,,,,,,,,,,,,,,,,,,"14000US34039036900",,,"1684494","0",841,89,752,10.58,89.42
"34039037000","Census Tract 370","Census Tract 370, Union County, New Jersey","nj","140","00","ACSSF","0003351",,,,,"34","039",,,,"037000",,,,,,,,,,,,,,,,,,,,,,,,,,,,,,,,,,,"14000US34039037000",,,"2961425","13985",1476,0,1476,0,100
"34039037100","Census Tract 371","Census Tract 371, Union County, New Jersey","nj","140","00","ACSSF","0003352",,,,,"34","039",,,,"037100",,,,,,,,,,,,,,,,,,,,,,,,,,,,,,,,,,,"14000US34039037100",,,"2927059","59640",1088,0,1088,0,100
"34039037200","Census Tract 372","Census Tract 372, Union County, New Jersey","nj","140","00","ACSSF","0003353",,,,,"34","039",,,,"037200",,,,,,,,,,,,,,,,,,,,,,,,,,,,,,,,,,,"14000US34039037200",,,"1992503","5664",888,76,812,8.56,91.44
"34039037300","Census Tract 373","Census Tract 373, Union County, New Jersey","nj","140","00","ACSSF","0003354",,,,,"34","039",,,,"037300",,,,,,,,,,,,,,,,,,,,,,,,,,,,,,,,,,,"14000US34039037300",,,"2789543","19990",1054,0,1054,0,100
"34039037400","Census Tract 374","Census Tract 374, Union County, New Jersey","nj","140","00","ACSSF","0003355",,,,,"34","039",,,,"037400",,,,,,,,,,,,,,,,,,,,,,,,,,,,,,,,,,,"14000US34039037400",,,"1852226","0",1122,0,1122,0,100
"34039037500","Census Tract 375","Census Tract 375, Union County, New Jersey","nj","140","00","ACSSF","0003356",,,,,"34","039",,,,"037500",,,,,,,,,,,,,,,,,,,,,,,,,,,,,,,,,,,"14000US34039037500",,,"3156605","24771",1218,14,1204,1.15,98.85
"34039037601","Census Tract 376.01","Census Tract 376.01, Union County, New Jersey","nj","140","00","ACSSF","0003357",,,,,"34","039",,,,"037601",,,,,,,,,,,,,,,,,,,,,,,,,,,,,,,,,,,"14000US34039037601",,,"5580480","17095",850,0,850,0,100
"34039037602","Census Tract 376.02","Census Tract 376.02, Union County, New Jersey","nj","140","00","ACSSF","0003358",,,,,"34","039",,,,"037602",,,,,,,,,,,,,,,,,,,,,,,,,,,,,,,,,,,"14000US34039037602",,,"4619196","770",1448,82,1366,5.66,94.34
"34039037700","Census Tract 377","Census Tract 377, Union County, New Jersey","nj","140","00","ACSSF","0003359",,,,,"34","039",,,,"037700",,,,,,,,,,,,,,,,,,,,,,,,,,,,,,,,,,,"14000US34039037700",,,"4336244","29771",1437,8,1429,0.56,99.44
"34039037800","Census Tract 378","Census Tract 378, Union County, New Jersey","nj","140","00","ACSSF","0003360",,,,,"34","039",,,,"037800",,,,,,,,,,,,,,,,,,,,,,,,,,,,,,,,,,,"14000US34039037800",,,"3802284","31427",1614,19,1595,1.18,98.82
"34039037900","Census Tract 379","Census Tract 379, Union County, New Jersey","nj","140","00","ACSSF","0003361",,,,,"34","039",,,,"037900",,,,,,,,,,,,,,,,,,,,,,,,,,,,,,,,,,,"14000US34039037900",,,"4917626","53002",1731,56,1675,3.24,96.76
"34039038000","Census Tract 380","Census Tract 380, Union County, New Jersey","nj","140","00","ACSSF","0003362",,,,,"34","039",,,,"038000",,,,,,,,,,,,,,,,,,,,,,,,,,,,,,,,,,,"14000US34039038000",,,"2468339","17043",1363,68,1295,4.99,95.01
"34039038101","Census Tract 381.01","Census Tract 381.01, Union County, New Jersey","nj","140","00","ACSSF","0003363",,,,,"34","039",,,,"038101",,,,,,,,,,,,,,,,,,,,,,,,,,,,,,,,,,,"14000US34039038101",,,"3518526","2675",1096,0,1096,0,100
"34039038102","Census Tract 381.02","Census Tract 381.02, Union County, New Jersey","nj","140","00","ACSSF","0003364",,,,,"34","039",,,,"038102",,,,,,,,,,,,,,,,,,,,,,,,,,,,,,,,,,,"14000US34039038102",,,"6034128","52087",2406,24,2382,1,99
"34039038201","Census Tract 382.01","Census Tract 382.01, Union County, New Jersey","nj","140","00","ACSSF","0003365",,,,,"34","039",,,,"038201",,,,,,,,,,,,,,,,,,,,,,,,,,,,,,,,,,,"14000US34039038201",,,"9580138","18906",1518,10,1508,0.66,99.34
"34039038202","Census Tract 382.02","Census Tract 382.02, Union County, New Jersey","nj","140","00","ACSSF","0003366",,,,,"34","039",,,,"038202",,,,,,,,,,,,,,,,,,,,,,,,,,,,,,,,,,,"14000US34039038202",,,"6528346","78433",1824,0,1824,0,100
"34039038300","Census Tract 383","Census Tract 383, Union County, New Jersey","nj","140","00","ACSSF","0003367",,,,,"34","039",,,,"038300",,,,,,,,,,,,,,,,,,,,,,,,,,,,,,,,,,,"14000US34039038300",,,"10350639","117410",1503,22,1481,1.46,98.54
"34039038400","Census Tract 384","Census Tract 384, Union County, New Jersey","nj","140","00","ACSSF","0003368",,,,,"34","039",,,,"038400",,,,,,,,,,,,,,,,,,,,,,,,,,,,,,,,,,,"14000US34039038400",,,"4556520","14207",1375,0,1375,0,100
"34039038500","Census Tract 385","Census Tract 385, Union County, New Jersey","nj","140","00","ACSSF","0003369",,,,,"34","039",,,,"038500",,,,,,,,,,,,,,,,,,,,,,,,,,,,,,,,,,,"14000US34039038500",,,"3169518","3706",1359,0,1359,0,100
"34039038601","Census Tract 386.01","Census Tract 386.01, Union County, New Jersey","nj","140","00","ACSSF","0003370",,,,,"34","039",,,,"038601",,,,,,,,,,,,,,,,,,,,,,,,,,,,,,,,,,,"14000US34039038601",,,"7830647","65700",1653,40,1613,2.42,97.58
"34039038602","Census Tract 386.02","Census Tract 386.02, Union County, New Jersey","nj","140","00","ACSSF","0003371",,,,,"34","039",,,,"038602",,,,,,,,,,,,,,,,,,,,,,,,,,,,,,,,,,,"14000US34039038602",,,"7806964","9921",1083,14,1069,1.29,98.71
"34039038700","Census Tract 387","Census Tract 387, Union County, New Jersey","nj","140","00","ACSSF","0003372",,,,,"34","039",,,,"038700",,,,,,,,,,,,,,,,,,,,,,,,,,,,,,,,,,,"14000US34039038700",,,"3469669","0",2112,27,2085,1.28,98.72
"34039038800","Census Tract 388","Census Tract 388, Union County, New Jersey","nj","140","00","ACSSF","0003373",,,,,"34","039",,,,"038800",,,,,,,,,,,,,,,,,,,,,,,,,,,,,,,,,,,"14000US34039038800",,,"1584903","0",983,199,784,20.24,79.76
"34039038900","Census Tract 389","Census Tract 389, Union County, New Jersey","nj","140","00","ACSSF","0003374",,,,,"34","039",,,,"038900",,,,,,,,,,,,,,,,,,,,,,,,,,,,,,,,,,,"14000US34039038900",,,"1105234","0",1888,674,1214,35.7,64.3
"34039039000","Census Tract 390","Census Tract 390, Union County, New Jersey","nj","140","00","ACSSF","0003375",,,,,"34","039",,,,"039000",,,,,,,,,,,,,,,,,,,,,,,,,,,,,,,,,,,"14000US34039039000",,,"1001033","0",840,172,668,20.48,79.52
"34039039100","Census Tract 391","Census Tract 391, Union County, New Jersey","nj","140","00","ACSSF","0003376",,,,,"34","039",,,,"039100",,,,,,,,,,,,,,,,,,,,,,,,,,,,,,,,,,,"14000US34039039100",,,"2223665","9135",557,20,537,3.59,96.41
"34039039200","Census Tract 392","Census Tract 392, Union County, New Jersey","nj","140","00","ACSSF","0003377",,,,,"34","039",,,,"039200",,,,,,,,,,,,,,,,,,,,,,,,,,,,,,,,,,,"14000US34039039200",,,"1308388","0",1537,637,900,41.44,58.56
"34039039300","Census Tract 393","Census Tract 393, Union County, New Jersey","nj","140","00","ACSSF","0003378",,,,,"34","039",,,,"039300",,,,,,,,,,,,,,,,,,,,,,,,,,,,,,,,,,,"14000US34039039300",,,"912311","0",1787,796,991,44.54,55.46
"34039039400","Census Tract 394","Census Tract 394, Union County, New Jersey","nj","140","00","ACSSF","0003379",,,,,"34","039",,,,"039400",,,,,,,,,,,,,,,,,,,,,,,,,,,,,,,,,,,"14000US34039039400",,,"1733134","3273",1149,177,972,15.4,84.6
"34039039500","Census Tract 395","Census Tract 395, Union County, New Jersey","nj","140","00","ACSSF","0003380",,,,,"34","039",,,,"039500",,,,,,,,,,,,,,,,,,,,,,,,,,,,,,,,,,,"14000US34039039500",,,"1459217","0",1686,309,1377,18.33,81.67
"34039039600","Census Tract 396","Census Tract 396, Union County, New Jersey","nj","140","00","ACSSF","0003381",,,,,"34","039",,,,"039600",,,,,,,,,,,,,,,,,,,,,,,,,,,,,,,,,,,"14000US34039039600",,,"1538879","0",923,41,882,4.44,95.56
"34039039700","Census Tract 397","Census Tract 397, Union County, New Jersey","nj","140","00","ACSSF","0003382",,,,,"34","039",,,,"039700",,,,,,,,,,,,,,,,,,,,,,,,,,,,,,,,,,,"14000US34039039700",,,"2567721","11747",1000,255,745,25.5,74.5
"34039039800","Census Tract 398","Census Tract 398, Union County, New Jersey","nj","140","00","ACSSF","0003383",,,,,"34","039",,,,"039800",,,,,,,,,,,,,,,,,,,,,,,,,,,,,,,,,,,"14000US34039039800",,,"14277034","3112581",1544,740,804,47.93,52.07
"34039039900","Census Tract 399","Census Tract 399, Union County, New Jersey","nj","140","00","ACSSF","0003384",,,,,"34","039",,,,"039900",,,,,,,,,,,,,,,,,,,,,,,,,,,,,,,,,,,"14000US34039039900",,,"670963","8371",195,64,131,32.82,67.18
"34041030600","Census Tract 306","Census Tract 306, Warren County, New Jersey","nj","140","00","ACSSF","0003385",,,,,"34","041",,,,"030600",,,,,,,,,,,,,,,,,,,,,,,,,,,,,,,,,,,"14000US34041030600",,,"2425878","81012",656,197,459,30.03,69.97
"34041030700","Census Tract 307","Census Tract 307, Warren County, New Jersey","nj","140","00","ACSSF","0003386",,,,,"34","041",,,,"030700",,,,,,,,,,,,,,,,,,,,,,,,,,,,,,,,,,,"14000US34041030700",,,"1229810","27061",1004,231,773,23.01,76.99
"34041030800","Census Tract 308","Census Tract 308, Warren County, New Jersey","nj","140","00","ACSSF","0003387",,,,,"34","041",,,,"030800",,,,,,,,,,,,,,,,,,,,,,,,,,,,,,,,,,,"14000US34041030800",,,"2790435","9426",747,77,670,10.31,89.69
"34041030900","Census Tract 309","Census Tract 309, Warren County, New Jersey","nj","140","00","ACSSF","0003388",,,,,"34","041",,,,"030900",,,,,,,,,,,,,,,,,,,,,,,,,,,,,,,,,,,"14000US34041030900",,,"1820195","196868",916,555,361,60.59,39.41
"34041031101","Census Tract 311.01","Census Tract 311.01, Warren County, New Jersey","nj","140","00","ACSSF","0003389",,,,,"34","041",,,,"031101",,,,,,,,,,,,,,,,,,,,,,,,,,,,,,,,,,,"14000US34041031101",,,"131068990","5166325",1052,27,1025,2.57,97.43
"34041031102","Census Tract 311.02","Census Tract 311.02, Warren County, New Jersey","nj","140","00","ACSSF","0003390",,,,,"34","041",,,,"031102",,,,,,,,,,,,,,,,,,,,,,,,,,,,,,,,,,,"14000US34041031102",,,"104711467","1443868",811,82,729,10.11,89.89
"34041031200","Census Tract 312","Census Tract 312, Warren County, New Jersey","nj","140","00","ACSSF","0003391",,,,,"34","041",,,,"031200",,,,,,,,,,,,,,,,,,,,,,,,,,,,,,,,,,,"14000US34041031200",,,"141082518","2787452",1440,54,1386,3.75,96.25
"34041031301","Census Tract 313.01","Census Tract 313.01, Warren County, New Jersey","nj","140","00","ACSSF","0003392",,,,,"34","041",,,,"031301",,,,,,,,,,,,,,,,,,,,,,,,,,,,,,,,,,,"14000US34041031301",,,"51359004","393385",974,28,946,2.87,97.13
"34041031302","Census Tract 313.02","Census Tract 313.02, Warren County, New Jersey","nj","140","00","ACSSF","0003393",,,,,"34","041",,,,"031302",,,,,,,,,,,,,,,,,,,,,,,,,,,,,,,,,,,"14000US34041031302",,,"51779537","728701",771,57,714,7.39,92.61
"34041031401","Census Tract 314.01","Census Tract 314.01, Warren County, New Jersey","nj","140","00","ACSSF","0003394",,,,,"34","041",,,,"031401",,,,,,,,,,,,,,,,,,,,,,,,,,,,,,,,,,,"14000US34041031401",,,"5030897","95763",978,68,910,6.95,93.05
"34041031402","Census Tract 314.02","Census Tract 314.02, Warren County, New Jersey","nj","140","00","ACSSF","0003395",,,,,"34","041",,,,"031402",,,,,,,,,,,,,,,,,,,,,,,,,,,,,,,,,,,"14000US34041031402",,,"4323739","159755",940,258,682,27.45,72.55
"34041031500","Census Tract 315","Census Tract 315, Warren County, New Jersey","nj","140","00","ACSSF","0003396",,,,,"34","041",,,,"031500",,,,,,,,,,,,,,,,,,,,,,,,,,,,,,,,,,,"14000US34041031500",,,"76626864","271678",1647,118,1529,7.16,92.84
"34041031601","Census Tract 316.01","Census Tract 316.01, Warren County, New Jersey","nj","140","00","ACSSF","0003397",,,,,"34","041",,,,"031601",,,,,,,,,,,,,,,,,,,,,,,,,,,,,,,,,,,"14000US34041031601",,,"70878203","1387592",458,24,434,5.24,94.76
"34041031602","Census Tract 316.02","Census Tract 316.02, Warren County, New Jersey","nj","140","00","ACSSF","0003398",,,,,"34","041",,,,"031602",,,,,,,,,,,,,,,,,,,,,,,,,,,,,,,,,,,"14000US34041031602",,,"15432456","262701",515,14,501,2.72,97.28
"34041031700","Census Tract 317","Census Tract 317, Warren County, New Jersey","nj","140","00","ACSSF","0003399",,,,,"34","041",,,,"031700",,,,,,,,,,,,,,,,,,,,,,,,,,,,,,,,,,,"14000US34041031700",,,"3754044","90667",707,35,672,4.95,95.05
"34041031800","Census Tract 318","Census Tract 318, Warren County, New Jersey","nj","140","00","ACSSF","0003400",,,,,"34","041",,,,"031800",,,,,,,,,,,,,,,,,,,,,,,,,,,,,,,,,,,"14000US34041031800",,,"61513087","976470",454,44,410,9.69,90.31
"34041031900","Census Tract 319","Census Tract 319, Warren County, New Jersey","nj","140","00","ACSSF","0003401",,,,,"34","041",,,,"031900",,,,,,,,,,,,,,,,,,,,,,,,,,,,,,,,,,,"14000US34041031900",,,"46517850","228843",1330,0,1330,0,100
"34041032000","Census Tract 320","Census Tract 320, Warren County, New Jersey","nj","140","00","ACSSF","0003402",,,,,"34","041",,,,"032000",,,,,,,,,,,,,,,,,,,,,,,,,,,,,,,,,,,"14000US34041032000",,,"5089766","6878",1310,169,1141,12.9,87.1
"34041032101","Census Tract 321.01","Census Tract 321.01, Warren County, New Jersey","nj","140","00","ACSSF","0003403",,,,,"34","041",,,,"032101",,,,,,,,,,,,,,,,,,,,,,,,,,,,,,,,,,,"14000US34041032101",,,"60657041","232602",659,19,640,2.88,97.12
"34041032102","Census Tract 321.02","Census Tract 321.02, Warren County, New Jersey","nj","140","00","ACSSF","0003404",,,,,"34","041",,,,"032102",,,,,,,,,,,,,,,,,,,,,,,,,,,,,,,,,,,"14000US34041032102",,,"27404612","42087",1368,43,1325,3.14,96.86
"34041032200","Census Tract 322","Census Tract 322, Warren County, New Jersey","nj","140","00","ACSSF","0003405",,,,,"34","041",,,,"032200",,,,,,,,,,,,,,,,,,,,,,,,,,,,,,,,,,,"14000US34041032200",,,"18945916","156011",1687,158,1529,9.37,90.63
"34041032300","Census Tract 323","Census Tract 323, Warren County, New Jersey","nj","140","00","ACSSF","0003406",,,,,"34","041",,,,"032300",,,,,,,,,,,,,,,,,,,,,,,,,,,,,,,,,,,"14000US34041032300",,,"34627538","999678",673,76,597,11.29,88.71
"34041032400","Census Tract 324","Census Tract 324, Warren County, New Jersey","nj","140","00","ACSSF","0003407",,,,,"34","041",,,,"032400",,,,,,,,,,,,,,,,,,,,,,,,,,,,,,,,,,,"14000US34041032400",,,"4352915","91297",364,26,338,7.14,92.86
