FIPS,Area (Land),Area (Water),Place (State FIPS + Place FIPS),ZIP Code Tabulation Area (3-digit),Total_Pop,Perc_Pov
36001000100,2367456,245021,36,,2156,16.39
36001000201,615867,0,36,,2519,26.13
36001000202,1441490,0,36,,2436,17.77
36001000301,659499,0,36,,2378,27.72
36001000302,5097939,55326,36,,3273,8.56
36001000401,9037500,86162,36,,2321,0
36001000403,3138700,0,36,,4131,6.38
36001000404,1869128,84679,36,,5303,0
36001000501,547290,0,36,,3992,52.19
36001000502,777455,0,36,,3594,5.53
36001000600,506881,0,36,,3153,32.97
36001000700,1593935,14749,36,,3744,18.36
36001000800,344412,0,36,,1362,32.02
36001001100,1740188,264496,36,,2074,0
36001001400,752787,25632,36,,3594,0
36001001500,582402,0,36,,5664,11.3
36001001600,915228,0,36,,4607,13.55
36001001700,1368040,0,36,,4768,9.69
36001001802,1909982,0,36,,4201,3.87
36001001803,1769248,16372,36,,3583,1.98
36001001804,6275446,4438,36,,3692,4.5
36001001901,870995,0,36,,2596,3.61
36001001902,1172741,0,36,,2562,1.97
36001002000,2891046,7882,36,,6769,9.58
36001002100,1460594,0,36,,3574,0
36001002200,248391,0,36,,2466,8.09
36001002300,640377,7375,36,,2015,49.84
36001002500,667349,115684,36,,2653,9.79
36001002600,4172991,449304,36,,4901,17.64
36001012700,1515135,658863,36,,3586,17.75
36001012800,1627523,155808,36,,3892,54.33
36001012900,1499516,338272,36,,3645,22.18
36001013000,5129074,47672,36,,6920,5.64
36001013100,1941182,482922,36,,2966,8.94
36001013200,860044,130213,36,,3231,19.71
36001013300,1386284,0,36,,4043,9.93
36001013400,1235477,205707,36,,3011,18.33
36001013503,11558461,1212130,36,,5306,3.25
36001013505,2970205,12128,36,,3164,2.83
36001013507,5586169,2491,36,,2377,12.35
36001013509,5488788,28448,36,,3272,6.73
36001013510,2652492,0,36,,3556,8.07
36001013511,8462725,1336145,36,,3559,6.51
36001013512,9528478,1124696,36,,3917,5.82
36001013602,7929985,649000,36,,4503,7.58
36001013603,6631007,170501,36,,3032,1.57
36001013604,7214261,63095,36,,7495,6.89
36001013703,16133183,120545,36,,2343,7.52
36001013706,2742331,79375,36,,2054,1.47
36001013707,8138017,41196,36,,6004,3.43
36001013708,4478331,7200,36,,3457,2.84
36001013709,4087446,0,36,,2766,1.1
36001013802,5455611,1645,36,,4573,1.77
36001013803,6027244,20941,36,,3694,2.32
36001013804,14915816,967,36,,3922,3.95
36001013901,3874080,8227,36,,2354,4.06
36001013902,4521603,0,36,,5351,0
36001014001,4137079,17276,36,,3467,7.1
36001014002,2379978,0,36,,5260,1.63
36001014100,16409553,0,36,,5791,0
36001014201,12561611,24310,36,,6039,2.2
36001014202,7780546,23783,36,,6279,1.03
36001014203,11051051,4325,36,,6133,0.65
36001014301,32184782,2013957,36,,3007,0
36001014303,7490920,29569,36,,4603,3.11
36001014304,39510621,62105,36,,3150,1.19
36001014401,126167574,7717884,36,,3979,6.94
36001014402,3802021,14194,36,,3256,0.91
36001014501,55227351,196048,36,,2848,4.01
36001014502,88157667,1005322,36,,3408,7.58
36001014503,5539441,12385,36,,2828,6.66
36001014606,17693338,64643,36,,3956,0
36001014608,4013594,10833,36,,4217,6.72
36001014609,6477266,9640,36,,4406,0.85
36001014611,15856153,156119,36,,2413,0
36001014612,3279144,3689,36,,1767,0.47
36001014613,67646002,1747974,36,,2909,0
36001014614,6879415,30446,36,,5529,2.37
36001014615,5872808,223306,36,,3055,11.35
36001014616,8232981,3080,36,,6242,3.91
36001014617,14020818,37155,36,,2428,1.9
36001014700,108164311,451486,36,,2553,5.95
36001014801,165837030,1822037,36,,2685,2.59
36001014802,159191854,1088427,36,,1895,0.63
36001014803,149682689,1926625,36,,3197,5.35
36003940200,1528841,26577,36,,0,
36003950100,328795140,1467755,36,,2400,7.73
36003950300,232201651,2014375,36,,4956,6.71
36003950401,180985769,385893,36,,1606,9.3
36003950402,106358388,2639765,36,,2170,8.46
36003950500,131390323,1929125,36,,3677,10.02
36003950600,155813033,235822,36,,3454,12.4
36003950700,92723534,88581,36,,3734,6.85
36003950800,201673166,602203,36,,6867,5.48
36003950900,205684907,313724,36,,3759,17.87
36003951000,202622566,820570,36,,3190,7.62
36003951100,154152645,92806,36,,3449,8.68
36003951201,115853131,64171,36,,2303,16.46
36003951202,140584523,186027,36,,2371,14.18
36003951301,183824396,1530801,36,,1115,5.69
36003951302,232217343,592326,36,,1976,8.3
36005000100,1677210,1035011,36,,3538,
36005000200,448105,852406,36,,5177,7.36
36005000400,775416,690794,36,,6481,4.8
36005001600,485078,0,36,,6011,14.57
36005001901,205007,0,36,,2401,26.18
36005001902,469741,0,36,,1979,23.95
36005001903,908739,0,36,,0,
36005001904,82079,1138170,36,,0,
36005002001,199398,0,36,,4300,38.76
36005002002,204892,0,36,,3689,37.91
36005002300,104645,0,36,,4527,39.86
36005002400,691445,265400,36,,0,
36005002500,127492,0,36,,5460,35.89
36005002701,81584,0,36,,2830,46.42
36005002702,155461,0,36,,5156,47.54
36005002800,414588,24682,36,,5420,4.75
36005003100,154703,0,36,,2641,13.33
36005003300,152385,0,36,,3407,31.93
36005003500,142005,0,36,,3529,24.66
36005003700,165973,0,36,,285,12.7
36005003800,63397,0,36,,1215,39.84
36005003900,216210,0,36,,6346,31.86
36005004001,123145,0,36,,1378,8.47
36005004100,184732,0,36,,6272,33.19
36005004200,483356,0,36,,7976,11.58
36005004300,225395,0,36,,5041,43.44
36005004400,265579,0,36,,4323,40.54
36005004600,135341,0,36,,1784,45.55
36005004800,150834,0,36,,4139,28.92
36005005001,97889,0,36,,4597,49.64
36005005002,113901,0,36,,6338,36.46
36005005100,510445,0,36,,6795,26.32
36005005200,182689,0,36,,1787,38.49
36005005300,72048,0,36,,4596,33.22
36005005400,196516,0,36,,5306,23.63
36005005600,136188,0,36,,2531,26.96
36005005902,70347,0,36,,3044,30.96
36005006000,336489,0,36,,1220,23.83
36005006100,242785,0,36,,3835,7.85
36005006200,194004,0,36,,6206,29.79
36005006301,782166,9963,36,,6244,26.58
36005006302,262936,0,36,,0,
36005006400,167185,0,36,,3847,34.18
36005006500,261811,0,36,,5182,49.96
36005006700,212429,0,36,,5892,44.45
36005006800,154374,0,36,,2621,23.9
36005006900,187978,0,36,,6524,29.85
36005007000,204891,0,36,,4201,31.88
36005007100,264262,0,36,,2562,18.22
36005007200,213050,0,36,,5371,12.49
36005007300,140161,0,36,,4555,29.89
36005007400,187162,0,36,,3281,13.13
36005007500,227622,0,36,,6543,32.63
36005007600,217217,0,36,,5317,12.84
36005007700,112816,0,36,,1996,26.65
36005007800,311879,0,36,,5858,19.04
36005007900,197934,0,36,,6987,29.09
36005008300,213932,0,36,,6588,14.43
36005008400,156789,0,36,,2716,8.48
36005008500,181656,0,36,,5665,21.61
36005008600,187658,0,36,,4117,41.25
36005008700,213574,0,36,,6299,30.96
36005008900,110291,0,36,,2993,6.85
36005009000,1024677,1162033,36,,3593,41.57
36005009200,310475,0,36,,5675,14.03
36005009301,570768,0,36,,5615,15.6
36005009302,1763432,1577185,36,,405,
36005009600,703452,15746,36,,2352,15.31
36005009800,517450,0,36,,4647,24.76
36005011000,2069146,452399,36,,0,
36005011502,336295,10032,36,,3850,39.02
36005011701,221690,0,36,,1318,25.51
36005011702,1136797,431176,36,,0,
36005011800,989676,2876319,36,,5538,7.56
36005011900,166999,0,36,,5889,24.42
36005012101,115615,0,36,,3413,21.9
36005012102,49643,0,36,,1495,14.66
36005012300,303327,0,36,,4092,19.98
36005012500,169640,0,36,,4146,26.86
36005012701,108718,0,36,,2385,19.48
36005012901,156374,0,36,,5261,42.66
36005013000,116144,0,36,,1329,11.64
36005013100,230967,0,36,,5210,31.76
36005013200,604268,925089,36,,7126,5.37
36005013300,161170,0,36,,5838,30.41
36005013500,167401,0,36,,3295,34.85
36005013800,765354,3460009,36,,2957,13.88
36005014100,177165,0,36,,6864,21.36
36005014300,129711,0,36,,1685,24.47
36005014400,401253,0,36,,6465,17.09
36005014500,181903,0,36,,6560,49.75
36005014701,138463,0,36,,5151,43.85
36005014702,116306,0,36,,4985,37.19
36005014900,155991,0,36,,4755,21.17
36005015100,208933,0,36,,5414,23.63
36005015200,284310,0,36,,2601,8.07
36005015300,236836,0,36,,3502,17.96
36005015500,114981,0,36,,3154,17.02
36005015700,319009,0,36,,5959,30.79
36005015800,162176,0,36,,1625,15.25
36005015900,103601,0,36,,2153,32.44
36005016000,494499,2614648,36,,4063,5.76
36005016100,239125,0,36,,4789,29.23
36005016200,180646,0,36,,1802,8.7
36005016300,586021,0,36,,0,
36005016400,164578,0,36,,1107,15.41
36005016500,196842,0,36,,1233,8.24
36005016600,285689,0,36,,2387,10.71
36005016700,205837,0,36,,3203,39.17
36005016900,92914,0,36,,1759,25.15
36005017100,174588,0,36,,0,
36005017300,165273,0,36,,5257,37.65
36005017500,151593,0,36,,6444,29.35
36005017701,106630,0,36,,4566,28.2
36005017702,140906,0,36,,5236,33.15
36005017901,76723,0,36,,4993,18.08
36005017902,77544,0,36,,3571,12.72
36005018101,77226,0,36,,3345,19.92
36005018102,96381,0,36,,4903,25.89
36005018301,67874,0,36,,4427,14.77
36005018302,112286,0,36,,3301,24
36005018400,447412,0,36,,3994,7.4
36005018501,184081,0,36,,3154,20.03
36005018502,227602,0,36,,6658,39.01
36005018900,355570,0,36,,8375,22.84
36005019300,241287,0,36,,5751,19.09
36005019400,840142,0,36,,1966,9.28
36005019500,219844,0,36,,7286,42.64
36005019700,148088,0,36,,7478,46.85
36005019900,177088,0,36,,7300,41.81
36005020000,341895,0,36,,4925,19.67
36005020100,281809,0,36,,3950,24.87
36005020200,124813,0,36,,2597,24.49
36005020400,134279,0,36,,2966,18.91
36005020501,270135,0,36,,7319,54.19
36005020502,101747,0,36,,2401,17.35
36005020601,151551,0,36,,2547,21.74
36005020900,132467,0,36,,5225,20.47
36005021001,192406,0,36,,7519,20.26
36005021002,172053,0,36,,7453,15.39
36005021100,151667,0,36,,6291,30.06
36005021200,101019,0,36,,5227,13.67
36005021301,62053,0,36,,1244,31.67
36005021302,169266,0,36,,5604,32.03
36005021501,91954,0,36,,4612,34.99
36005021502,155727,0,36,,6953,31.6
36005021601,164047,0,36,,4865,16.91
36005021602,165492,0,36,,6344,10.93
36005021700,161510,0,36,,5100,21.06
36005021800,299889,0,36,,6041,20.2
36005021900,142939,0,36,,1022,15.68
36005022000,228610,0,36,,1901,51.09
36005022101,68119,0,36,,3743,11.67
36005022102,78293,0,36,,5896,32.51
36005022200,221189,0,36,,3303,25.39
36005022300,92765,0,36,,5207,35.98
36005022401,85053,0,36,,2528,8.37
36005022403,124850,0,36,,2788,11.29
36005022404,92720,0,36,,4466,10.25
36005022500,180022,0,36,,9408,16.5
36005022701,117193,0,36,,4995,23.96
36005022702,47372,0,36,,1277,36.76
36005022703,38660,0,36,,1728,46.29
36005022800,172197,0,36,,5623,10.21
36005022901,121893,0,36,,5541,26.19
36005022902,91601,0,36,,3239,33.51
36005023000,159383,0,36,,2555,32.52
36005023100,117143,0,36,,1570,6.16
36005023200,142706,0,36,,2462,36.24
36005023301,119112,0,36,,3742,18.37
36005023302,62577,0,36,,3665,28.78
36005023501,68200,0,36,,3322,33.87
36005023502,96240,0,36,,4284,26.93
36005023600,92070,0,36,,1602,21.69
36005023702,47892,0,36,,1119,34.26
36005023703,100593,0,36,,5081,42.79
36005023704,67466,0,36,,3659,47.3
36005023800,339546,0,36,,2394,17.29
36005023900,178487,0,36,,9384,23
36005024000,239779,0,36,,4147,16.29
36005024100,134661,0,36,,6284,25.94
36005024300,150432,0,36,,4401,28.13
36005024400,175718,0,36,,2168,7.96
36005024501,113064,0,36,,5043,21.27
36005024502,100154,0,36,,3975,11.24
36005024600,152436,0,36,,2117,6.79
36005024700,151474,0,36,,1772,8.42
36005024800,277911,0,36,,3528,12.8
36005024900,174193,0,36,,0,
36005025000,181711,0,36,,2755,2.75
36005025100,209328,0,36,,6542,18.83
36005025200,190718,0,36,,2586,5.95
36005025300,124459,0,36,,5589,21.07
36005025400,169924,0,36,,1967,29.32
36005025500,168636,0,36,,6565,24.39
36005025600,189283,0,36,,1664,1.23
36005025700,158501,17989,36,,1687,18.48
36005026100,176999,0,36,,2109,0
36005026300,158774,0,36,,6767,25.53
36005026400,426510,0,36,,5735,10.16
36005026500,202137,0,36,,7792,15.8
36005026601,170250,0,36,,2864,18.24
36005026602,303397,0,36,,5119,13.08
36005026701,69125,0,36,,3759,26.59
36005026702,166368,0,36,,7702,25.3
36005026900,382001,27111,36,,4185,29.35
36005027300,203161,0,36,,7120,9.73
36005027401,701116,0,36,,5111,4.35
36005027402,511269,700054,36,,3487,2.8
36005027600,1837996,499778,36,,57,44.44
36005027700,176019,0,36,,4188,26.62
36005027900,276331,0,36,,8112,14.24
36005028100,129158,0,36,,3512,3.08
36005028300,227442,0,36,,2486,51.91
36005028400,1124691,0,36,,480,
36005028500,263658,0,36,,3309,4.21
36005028600,200018,0,36,,1014,3.2
36005028700,155302,0,36,,3442,5.43
36005028800,336192,0,36,,2678,3.66
36005028900,201144,0,36,,4400,23.09
36005029301,286791,733013,36,,1847,1.09
36005029302,425237,0,36,,5422,0
36005029500,236468,0,36,,4639,9.38
36005029600,723313,0,36,,2341,5.74
36005029700,232730,0,36,,4171,0
36005030000,415698,0,36,,6811,10.92
36005030100,146000,0,36,,1570,3.51
36005030201,221596,0,36,,3684,7.98
36005030202,182914,126090,36,,6152,2.48
36005030701,396734,0,36,,5492,0.36
36005030900,1365853,2154981,36,,3707,5.37
36005031000,639444,0,36,,4409,4.91
36005031200,202061,0,36,,1649,2.23
36005031400,211194,0,36,,2186,3.05
36005031600,177170,0,36,,1842,18.09
36005031800,178366,0,36,,2038,2.6
36005031900,213170,206540,36,,762,
36005032300,561181,0,36,,4811,0
36005032400,267455,0,36,,2963,29.66
36005032600,332096,0,36,,3440,6.8
36005032800,204675,0,36,,4056,10.67
36005033000,206129,0,36,,5016,22
36005033201,114034,0,36,,4123,13.88
36005033202,115204,0,36,,3415,5.53
36005033400,3067606,39710,36,,26,0
36005033500,696564,0,36,,2213,10.23
36005033601,128000,0,36,,5011,29.65
36005033602,56395,0,36,,1155,17.81
36005033700,424266,0,36,,2852,3.15
36005033801,114381,0,36,,2119,11.41
36005033802,46999,0,36,,1809,21.8
36005034000,158344,0,36,,5337,14.95
36005034200,156821,0,36,,1518,10.04
36005034300,121495,0,36,,1854,4.18
36005034400,157012,0,36,,1940,27.17
36005034500,274627,0,36,,4155,6.87
36005034800,437468,0,36,,6198,11.31
36005035000,191626,0,36,,2023,3.59
36005035100,580468,0,36,,3723,6.08
36005035600,404361,0,36,,2074,3.45
36005035800,651471,0,36,,7495,8.86
36005035900,134331,0,36,,3261,46.02
36005036000,266176,0,36,,2836,12.22
36005036100,164834,0,36,,5093,46.71
36005036300,221466,0,36,,6423,35.87
36005036400,203683,0,36,,2427,10.34
36005036501,95827,0,36,,4721,21.4
36005036502,97659,0,36,,2557,40.1
36005036700,93063,0,36,,2647,26
36005036800,169530,0,36,,2185,30.36
36005036901,98732,0,36,,1810,42.98
36005036902,62406,0,36,,2316,49.91
36005037000,158885,0,36,,2228,10.33
36005037100,198179,0,36,,3948,18.1
36005037200,186530,0,36,,2069,10.8
36005037300,173453,0,36,,6511,19.73
36005037400,167070,0,36,,3707,28.93
36005037504,239719,0,36,,3831,24.3
36005037600,124765,0,36,,1934,14.61
36005037800,131851,0,36,,3254,18.35
36005037900,191331,0,36,,6511,28.05
36005038000,213585,0,36,,4474,35.64
36005038100,151508,0,36,,7378,25.3
36005038200,157168,0,36,,2942,12.65
36005038301,94778,0,36,,4667,24.58
36005038303,76304,0,36,,3621,39.91
36005038304,69385,0,36,,2080,36.58
36005038500,188946,0,36,,5574,62.85
36005038600,409291,0,36,,8273,17.48
36005038700,181498,0,36,,3725,31.84
36005038800,148659,0,36,,2793,16.86
36005038900,170345,0,36,,5823,21.05
36005039000,181646,0,36,,3093,20.88
36005039100,205723,0,36,,6555,33.13
36005039200,96134,0,36,,1522,14.13
36005039300,181720,0,36,,9019,28.14
36005039400,145219,0,36,,4473,20.71
36005039500,409402,0,36,,4210,39.71
36005039600,223225,0,36,,3837,26.35
36005039700,525250,0,36,,3868,16.51
36005039800,201856,0,36,,3528,30.93
36005039901,151654,0,36,,5032,20.09
36005039902,121399,0,36,,5116,18.83
36005040100,170429,0,36,,4630,38.47
36005040302,62696,0,36,,4389,33.94
36005040303,87550,0,36,,4076,23.05
36005040304,67355,0,36,,3586,25.66
36005040400,215289,0,36,,3499,7.84
36005040501,82860,0,36,,3560,29.74
36005040502,141217,0,36,,6100,22.55
36005040600,223327,0,36,,3802,20.48
36005040701,58237,0,36,,2779,29.31
36005040702,182164,0,36,,6840,20.79
36005040800,124014,0,36,,4438,20.44
36005040900,825703,345779,36,,3392,0
36005041100,121611,0,36,,3793,11.64
36005041300,173358,0,36,,8001,15.54
36005041400,524367,0,36,,5318,8.53
36005041500,135858,0,36,,5706,23.22
36005041800,268871,0,36,,3713,9.67
36005041900,325906,0,36,,6219,24.51
36005042000,150497,0,36,,4665,34.36
36005042100,246182,0,36,,5954,25.47
36005042200,174693,0,36,,2836,6.91
36005042300,180376,0,36,,4378,23.55
36005042400,175087,0,36,,2626,5.7
36005042500,293818,0,36,,6749,17.25
36005042600,507577,0,36,,7627,1.36
36005042800,169199,0,36,,2249,8.7
36005042901,102256,0,36,,3128,31.45
36005042902,94576,0,36,,3898,18.75
36005043000,206163,0,36,,3287,5.07
36005043101,102989,0,36,,4880,28.96
36005043102,111588,0,36,,4341,20.93
36005043400,350843,0,36,,3829,17.39
36005043501,398042,0,36,,1035,41.96
36005043502,1656169,3169,36,,0,
36005043503,4660603,28258,36,,56,
36005043600,154769,0,36,,2397,8.38
36005044200,241833,0,36,,4055,29.37
36005044400,365065,0,36,,4409,14.18
36005044800,168089,0,36,,2449,10.65
36005044901,158135,0,36,,1986,4.58
36005044902,156698,0,36,,2303,12.03
36005045101,176003,0,36,,1602,0
36005045102,205999,0,36,,1973,1.76
36005045600,809941,16833,36,,3548,1.08
36005045800,239682,0,36,,5671,36.62
36005046000,287814,0,36,,2489,20.8
36005046203,773906,134333,36,,7120,7.12
36005046204,136713,0,36,,5311,8.73
36005046205,874547,0,36,,3495,19.69
36005046206,69361,0,36,,4365,0
36005046207,188169,0,36,,6488,14.11
36005046208,485072,0,36,,5042,7.49
36005046209,462184,14970,36,,4309,47.62
36005048401,504791,0,36,,4192,4.95
36005048402,189931,0,36,,0,
36005050400,7243541,8954365,36,,0,
36005051601,1071353,4429207,36,,4273,1.23
36005051602,469480,3380062,36,,0,
36007000100,874855,0,36,,3169,24.51
36007000200,1406903,0,36,,3341,25.87
36007000300,3351494,56498,36,,2635,33.45
36007000400,997866,171209,36,,2111,23.32
36007000500,1172371,166018,36,,2035,46.32
36007000600,1629137,12657,36,,2189,45.56
36007000700,3398098,100871,36,,3374,14.94
36007000900,1097313,407222,36,,1792,38.05
36007001100,879766,122355,36,,1791,60.1
36007001200,574641,33269,36,,1362,13.95
36007001300,683124,23360,36,,3631,37.72
36007001401,435719,28096,36,,2060,36.67
36007001402,932489,64609,36,,3340,38.63
36007001500,2197022,154255,36,,4454,0
36007001600,2746044,269247,36,,2233,6.47
36007001700,2501902,66094,36,,4156,10.12
36007001800,2262470,0,36,,3684,11.3
36007010200,117946363,304276,36,,5118,9.24
36007011901,98095765,4938032,36,,2793,15.67
36007011902,107249434,958884,36,,2657,13.54
36007011903,121453355,233916,36,,2671,10.25
36007012000,62860401,231773,36,,1481,9.5
36007012101,33009093,461827,36,,3819,3.06
36007012102,10151128,413908,36,,3886,4.17
36007012103,44470671,247893,36,,3127,9.8
36007012201,10128907,666546,36,,2111,1.29
36007012202,74758678,863100,36,,4234,14.63
36007012300,202940142,2111578,36,,4811,8.39
36007012400,233314329,2391324,36,,2129,8.71
36007012501,169691697,3008920,36,,2687,10.14
36007012502,68076590,235539,36,,3049,3.1
36007012600,79531465,1020477,36,,5423,6.5
36007012701,63367948,1262039,36,,4951,7.37
36007012702,65461841,222705,36,,4568,2.72
36007012800,12342111,259435,36,,5039,2.71
36007012900,14480163,63649,36,,1365,1.99
36007013000,9934434,381729,36,,4271,8.56
36007013100,2138011,79575,36,,2600,5.85
36007013201,1034425,0,36,,2159,3.8
36007013202,2446208,3681,36,,3397,3.13
36007013301,10282813,45359,36,,4587,3.17
36007013303,21668247,97359,36,,2732,4.95
36007013304,9679191,32436,36,,5668,10.62
36007013400,2373333,0,36,,4217,27.77
36007013500,972050,0,36,,2200,57.73
36007013600,1537393,0,36,,3973,27.45
36007013700,3444143,431745,36,,3066,9.82
36007013800,1665811,0,36,,3367,6.62
36007013900,1007215,0,36,,1982,18.81
36007014000,652909,0,36,,3077,13.49
36007014100,1824648,276305,36,,3316,9.22
36007014200,6636008,24108,36,,3388,1.5
36007014301,19021817,1006059,36,,6034,6.84
36007014302,7063052,45389,36,,9843,9.27
36007014400,11208947,473097,36,,5398,9
36007014500,16187282,509811,36,,3338,2.42
36007014600,80377357,100011,36,,5849,5.64
36009940000,15137241,502689,36,,170,6.45
36009940200,959001,1523,36,,0,
36009940301,66222512,17529761,36,,2644,29.06
36009940302,39655817,2215446,36,,3358,16.65
36009960100,194304353,1058598,36,,3704,6.17
36009960200,68450842,1461870,36,,4564,22.29
36009960300,371729273,1603556,36,,4287,3.51
36009960400,128825421,553725,36,,4184,11.27
36009960500,292692599,2078216,36,,5253,14.05
36009960600,248756746,540529,36,,3379,12.41
36009960703,134666014,17424,36,,1608,3.29
36009960704,75534291,296762,36,,945,7.28
36009960800,286113428,1139527,36,,3944,13.58
36009961000,169315328,367177,36,,4530,5.03
36009961100,148273860,974609,36,,4249,4.44
36009961200,112850140,1212821,36,,2954,13.05
36009961301,385251492,2253879,36,,2269,12.67
36009961302,27842204,625917,36,,2371,3.07
36009961400,322528118,1396514,36,,5360,8.42
36009961500,3999626,58304,36,,2299,6.44
36009961600,2980385,189860,36,,3819,20.5
36009961700,2374212,62530,36,,3181,44.12
36009961800,5925686,379709,36,,4499,12.44
36009962200,283788479,262645,36,,2908,9.23
36011040101,89079031,151048,36,,1853,3.85
36011040102,117700901,6252526,36,,3197,8.86
36011040201,87135854,6588322,36,,2633,8.37
36011040202,90119028,267083,36,,2048,4.32
36011040300,135051407,3511220,36,,3778,16.35
36011040400,57255062,1019677,36,,4279,9.92
36011040500,95383345,1511782,36,,3082,3.17
36011040600,74642568,61548,36,,3288,2.24
36011040700,54082299,6719485,36,,3524,4.01
36011040800,175757156,13279293,36,,4170,6.79
36011040900,205930253,1560955,36,,3586,12.8
36011041001,208974937,9752821,36,,2899,3.56
36011041002,93529241,32294098,36,,1802,9.12
36011041101,56509866,6424352,36,,2432,2.87
36011041102,94684799,7124650,36,,1523,7.07
36011041201,55451292,14039021,36,,2298,0.34
36011041202,78332061,4531079,36,,2597,5.33
36011041300,5592022,22906,36,,3864,23
36011041400,4131971,46574,36,,4615,10.34
36011041500,1478564,13325,36,,2778,12.94
36011041600,1259689,17895,36,,2557,7.19
36011041700,2883371,58639,36,,3836,4.27
36011041800,3746896,0,36,,4701,13.14
36011042100,2495958,36656,36,,4124,30.91
36011990200,0,330406171,36,,0,
36013030100,3097416,0,36,,3682,31.99
36013030200,1854123,0,36,,3875,19.26
36013030300,4199508,327253,36,,2006,25.84
36013030400,2109906,35208,36,,4304,2.15
36013030500,1652300,34398,36,,3168,23.68
36013030600,3749491,0,36,,2846,22.48
36013030700,3581600,0,36,,4113,11.57
36013030800,2805365,0,36,,4407,8.56
36013035100,21800163,5250903,36,,4169,9.45
36013035300,96554257,10375414,36,,2546,1.15
36013035400,1674816,0,36,,2844,19.75
36013035500,2479727,4259025,36,,3245,9.19
36013035600,4724829,2926090,36,,3331,25.09
36013035700,2891496,0,36,,3177,18.56
36013035800,6855007,0,36,,3260,16.45
36013035901,11694557,0,36,,4615,6.07
36013035902,1005111,0,36,,2088,0
36013036000,110043466,7899712,36,,4263,8.16
36013036100,375105854,477073,36,,4338,12.89
36013036300,88110654,16037025,36,,4001,11.61
36013036401,106479622,18483956,36,,2655,7.14
36013036402,190223824,1302379,36,,3446,4.75
36013036500,121792826,10314213,36,,4513,13.12
36013036600,219138951,6916410,36,,3252,7.13
36013036700,281647564,630690,36,,4500,5.54
36013036801,71124528,7672519,36,,2243,8.09
36013036802,154618293,388219,36,,2005,6.4
36013036901,169162630,325714,36,,2680,5.01
36013036902,47304779,19388135,36,,2974,7.24
36013037000,115075953,36927,36,,3379,10.43
36013037100,9777018,6936456,36,,4104,5.55
36013037200,8465792,1499048,36,,3845,7.08
36013037300,70499694,0,36,,4843,9.45
36013037400,189097271,724828,36,,3525,7.11
36013037500,134198092,346169,36,,5347,10.12
36013037600,111853736,1381105,36,,2740,5.42
36013990000,0,1015060786,36,,0,
36015000100,4167032,118779,36,,2782,22.56
36015000200,1503301,0,36,,2710,10.99
36015000300,480229,0,36,,1306,
36015000400,2388288,12420,36,,2098,25.21
36015000500,1493597,50755,36,,2897,14.84
36015000600,1117295,39031,36,,3263,34.33
36015000700,2441946,226127,36,,2246,40.99
36015000900,2439842,116954,36,,3028,15.05
36015001000,1251867,160538,36,,2547,30.38
36015001100,1499424,120955,36,,3472,9.49
36015010100,221942971,893186,36,,3356,9.7
36015010200,197657258,440430,36,,5785,4.88
36015010301,49397282,86881,36,,4889,3.34
36015010302,65819535,1418747,36,,2768,2.73
36015010400,3414148,918,36,,3488,2.4
36015010500,5966034,33827,36,,2984,20.17
36015010600,12498425,50710,36,,2841,12.26
36015010701,8884654,32413,36,,3114,1
36015010702,59149965,625891,36,,4215,0.49
36015010800,4939014,87501,36,,3867,18.89
36015010900,11631369,397726,36,,4758,5.34
36015011000,238059563,1940701,36,,3534,10.45
36015011101,5850116,306020,36,,2487,17.36
36015011102,10395145,232004,36,,3948,5.05
36015011200,140600139,1482813,36,,4422,18.23
36017970101,136130047,222452,36,,2734,6.17
36017970102,118583232,248000,36,,2965,7.83
36017970201,268978110,2448479,36,,1985,3.48
36017970202,289827292,495358,36,,2079,12.34
36017970300,3150023,0,36,,3982,7.17
36017970400,2352142,0,36,,2898,17.93
36017970501,110364978,129156,36,,2185,14.19
36017970502,155128559,1162067,36,,2951,1.21
36017970601,138498926,382745,36,,3814,5.58
36017970602,158105863,1147063,36,,3900,4.57
36017970700,184327310,1029454,36,,2207,10.31
36017970801,208128165,1053746,36,,3437,5.6
36017970802,182090288,1573864,36,,3482,5.63
36017970901,112996897,1843180,36,,2505,5.13
36017970902,92204343,525865,36,,2232,10.3
36017971000,153140704,1172476,36,,3329,11.53
36019100101,88723668,960890,36,,2713,9.28
36019100102,43864471,18852375,36,,3003,12.27
36019100200,140256207,18551716,36,,4063,6.13
36019100600,156499991,23833049,36,,5476,6.35
36019100700,41573684,1130788,36,,3766,4.24
36019100800,43113544,33156445,36,,4741,7.47
36019100901,1381501,0,36,,2955,12.12
36019100902,2008831,1932914,36,,1755,0
36019101000,4406371,206156,36,,4330,1.48
36019101600,8605167,223846,36,,1544,22.33
36019101901,80353066,187757,36,,5280,3.51
36019101902,32380794,68647,36,,1141,2.23
36019102100,24095768,23135421,36,,1798,14.44
36019102200,2448697,268954,36,,3157,39.47
36019102800,110584377,46683734,36,,3330,8.58
36019103000,543558,57750,36,,2291,
36019103100,1063258,61360,36,,3073,21.35
36019103200,2053795,1543549,36,,2317,8.78
36019103512,675274313,19882444,36,,6097,7.84
36019103800,709544502,13263443,36,,5313,6.88
36019103900,103244141,783104,36,,4970,5.55
36019104200,415743321,1797656,36,,5848,8.67
36021000100,92797021,301438,36,,2341,3.54
36021000200,94929770,722176,36,,1698,1.22
36021000300,137856345,819368,36,,4082,5.56
36021000401,40082597,133791,36,,2230,9.56
36021000402,42294908,1437327,36,,5993,4.67
36021000500,64760350,4520695,36,,2154,9.57
36021000600,30168675,3899216,36,,2660,5.17
36021000700,116890555,694208,36,,5280,9.66
36021000800,126188557,237443,36,,1688,1.7
36021000900,123610179,418637,36,,1749,2.57
36021001000,123176576,1009324,36,,6041,8.19
36021001100,48192050,4868947,36,,4428,17.47
36021001200,2319472,128898,36,,2945,25.73
36021001300,3269352,316272,36,,2955,29.59
36021001400,98840438,2030998,36,,3630,10.19
36021001500,103526726,430771,36,,1227,3.27
36021001600,105604171,3271354,36,,3328,5.86
36021001700,110009071,671685,36,,1413,4.46
36021001800,101297973,1348504,36,,1599,9.45
36021001900,46609526,3099258,36,,2092,0.84
36021002000,31346403,4711090,36,,1712,6.77
36023970100,382730819,799861,36,,3254,7.03
36023970201,127136478,2229049,36,,2187,6.04
36023970202,126600748,1187968,36,,3197,8.68
36023970300,3470035,3620,36,,3020,0
36023970400,77913085,274001,36,,2594,8.81
36023970500,2921290,51890,36,,3850,12.79
36023970600,1331961,0,36,,2726,16.26
36023970700,2082176,0,36,,3825,2.6
36023970800,669282,0,36,,2596,31.71
36023970900,3080667,0,36,,4468,11.49
36023971000,50868308,185522,36,,5725,2.63
36023971100,262915283,1878767,36,,4737,7.03
36023971200,250097821,499960,36,,4222,6.37
36025970101,108853793,691913,36,,1508,16.34
36025970102,133548339,904696,36,,2958,5.82
36025970200,312229586,1025620,36,,3055,2.08
36025970300,210427942,725218,36,,2489,11.5
36025970401,122524343,1635467,36,,1651,10.45
36025970402,6791576,111771,36,,3878,22.99
36025970501,292215280,16595916,36,,1985,15.46
36025970502,213934736,4237929,36,,1574,3.68
36025970601,84628716,1111789,36,,2175,17.85
36025970602,166169332,917618,36,,3077,22.02
36025970700,436392533,10343452,36,,2440,9.19
36025970800,165449477,1037104,36,,3600,6.94
36025970900,822009,0,36,,1399,
36025971000,240231129,892416,36,,2616,16.04
36025971100,225624717,1269083,36,,2230,2.18
36025971200,250395928,1593642,36,,3331,9.12
36025971300,354285419,13948478,36,,1808,18.18
36025971400,411781802,7121717,36,,2777,6.04
36027010000,112132696,1025070,36,,3825,5.85
36027020003,17239984,585259,36,,4733,3.66
36027020004,22812881,224020,36,,2692,2.29
36027020005,34930647,442483,36,,4992,3.98
36027030000,98800960,1636386,36,,4061,0
36027040001,74503978,1444736,36,,4715,12.3
36027040003,68417663,1533626,36,,3680,4.28
36027050102,9710069,219504,36,,3968,8.35
36027050103,16317569,362104,36,,6059,4.25
36027050104,25421604,234551,36,,6323,0
36027050203,26846667,119259,36,,5220,0.96
36027050204,21459598,103731,36,,2862,1.59
36027050205,46728437,1243710,36,,5288,2.31
36027060100,7717813,2087884,36,,4674,1.56
36027060201,9279592,96990,36,,3493,1.01
36027060202,27649944,9423639,36,,4366,7.76
36027060301,7212804,114290,36,,4365,1.5
36027060302,15574352,318587,36,,2281,6.75
36027060400,2172617,10296,36,,2193,4.84
36027070101,33055061,5462489,36,,4148,3.1
36027070102,20582516,135913,36,,3690,16.82
36027070201,9851381,1249420,36,,2763,3.4
36027070301,22657792,134215,36,,5791,6.97
36027070401,8724846,1312317,36,,4699,1.97
36027080103,34721691,543067,36,,4669,4.1
36027080104,38787783,240121,36,,4253,4.31
36027080201,13544521,236563,36,,4438,0.72
36027080202,16227136,199209,36,,2868,3.38
36027090000,93559664,1213197,36,,2397,7.36
36027100000,111923967,1467514,36,,2974,5.76
36027110003,54546850,2519949,36,,3955,0
36027110004,54269239,561005,36,,2055,0.87
36027110005,5061125,1459,36,,2006,5.96
36027120000,79214840,1521040,36,,2116,3.57
36027130003,32959798,667398,36,,5047,4.93
36027130004,24394730,363637,36,,1857,2.99
36027130005,27066254,432097,36,,2886,4.96
36027140101,7268829,996733,36,,7191,3.14
36027140201,4314376,4061,36,,2387,0.5
36027140202,12918923,48914,36,,5096,2
36027140301,2881841,57,36,,3360,16.37
36027140302,1705424,12279,36,,3005,3.32
36027140400,10210350,30928,36,,5176,1.24
36027140500,6187115,1749589,36,,2512,6.64
36027140602,5516792,1312913,36,,3071,2.23
36027140700,10706328,129584,36,,6630,0
36027140801,7929449,2361999,36,,2453,0
36027150003,21596075,9356594,36,,2799,5.13
36027150004,35857919,187275,36,,3425,2.97
36027150005,33383183,392886,36,,2719,0
36027150006,2731454,33611,36,,2119,3.82
36027160003,49594090,10026050,36,,2505,4.8
36027160004,39040610,472055,36,,2427,1.73
36027160005,3900078,52496,36,,2674,0
36027170000,128404135,1681539,36,,3673,3.62
36027180001,95847919,837269,36,,4581,8.51
36027190101,7722479,14346,36,,3445,1.2
36027190102,14407744,48053,36,,2209,4.71
36027190203,7993859,90621,36,,2453,0.69
36027190204,9111481,96717,36,,5565,5.64
36027190301,8450667,3350372,36,,3663,6.13
36027190401,10256013,86778,36,,2507,3.5
36027190402,10159035,43291,36,,3224,0
36027200001,145479244,1704004,36,,3182,2.64
36027200002,4816653,141697,36,,1316,3.66
36027210101,3563698,2872,36,,5013,10.69
36027210201,3453096,322424,36,,4480,3.05
36027210301,4268324,24584,36,,4723,1.89
36027220101,843590,0,36,,4224,12.06
36027220102,416664,546382,36,,1163,55.26
36027220201,1166323,0,36,,4172,6.43
36027220300,1905972,52911,36,,4782,34.21
36027220700,1295493,863487,36,,2286,11.63
36027220801,1868965,1989,36,,3590,6.38
36027220901,1332168,0,36,,4031,13.17
36027221001,3647587,22668,36,,3598,1.28
36027221100,847676,0,36,,3932,18.3
36027300000,2925869,239637,36,,5694,2.01
36027410000,3363211,10572,36,,4020,0
36027610000,3245319,62329,36,,1640,0
36027640001,325380,0,36,,622,
36027640002,1658142,7417,36,,1405,
36029000110,8376638,1310593,36,,2631,22.69
36029000200,1217601,0,36,,4252,12.15
36029000500,4222063,2018209,36,,2256,32.93
36029000600,1163904,0,36,,4571,2.17
36029000700,1068837,0,36,,3578,1
36029000800,1090392,0,36,,4787,17.35
36029000900,549188,0,36,,2246,6.69
36029001000,2059348,29431,36,,6360,21.91
36029001100,1395054,126816,36,,3276,14.09
36029001403,535313,0,36,,2048,32.82
36029001404,553663,0,36,,818,54.11
36029001500,956234,0,36,,1817,20.56
36029001601,1362133,0,36,,1920,55.31
36029001602,601540,0,36,,1271,21.17
36029001700,1163834,0,36,,2044,26.03
36029001900,1219210,0,36,,3392,19.55
36029002300,774101,0,36,,3745,23.61
36029002400,1669445,0,36,,4830,26.76
36029002502,1100628,0,36,,1799,23.26
36029002703,408064,0,36,,1449,51.27
36029002704,497324,0,36,,1982,46.72
36029002801,522407,0,36,,2099,56.46
36029002802,641037,0,36,,1120,41.33
36029002900,777409,0,36,,2501,41.48
36029003000,1423279,0,36,,3066,38.31
36029003100,1498673,0,36,,2275,12.29
36029003301,696450,0,36,,4070,16.94
36029003302,990825,0,36,,3547,33.62
36029003400,1497695,0,36,,3053,31.62
36029003501,680915,0,36,,1552,57.18
36029003502,886930,17591,36,,1558,18.74
36029003600,1258780,0,36,,2625,16.69
36029003700,1097721,0,36,,4427,22.59
36029003800,619781,0,36,,3253,43.39
36029003901,519222,0,36,,998,21.74
36029004002,642363,0,36,,1425,10.49
36029004003,890101,0,36,,3339,26.06
36029004100,1083806,0,36,,4092,10.99
36029004200,969661,0,36,,3712,41.6
36029004300,1199025,0,36,,6948,21.27
36029004401,987845,0,36,,4817,17.25
36029004402,599575,0,36,,2857,42.04
36029004500,2022659,0,36,,5289,4.46
36029004601,818023,0,36,,3610,6.47
36029004701,443614,0,36,,2317,47.49
36029004702,1021974,0,36,,5226,4.69
36029004800,987835,0,36,,4183,9.56
36029004901,258659,0,36,,1658,11.11
36029004902,862945,0,36,,4061,2.02
36029005000,1296226,0,36,,2361,17.36
36029005100,1163668,0,36,,4589,9.91
36029005201,1048075,0,36,,3287,10.83
36029005202,582904,0,36,,3160,27.21
36029005300,2316730,5659,36,,1577,4.6
36029005400,1825695,105582,36,,4289,8.07
36029005500,1559835,0,36,,4318,40.45
36029005600,2198734,0,36,,4800,32.44
36029005700,956845,0,36,,3263,26.94
36029005801,691272,0,36,,3882,25.81
36029005802,1052397,404521,36,,5652,28.15
36029005900,1217883,297447,36,,3780,34.6
36029006100,1077219,237518,36,,4312,36.48
36029006301,723107,0,36,,5123,15.94
36029006302,1050556,0,36,,2412,3.28
36029006501,481242,0,36,,2636,2.03
36029006601,392015,0,36,,2115,22.85
36029006602,445875,0,36,,2467,3.4
36029006701,558174,0,36,,3367,10.03
36029006702,791521,0,36,,3665,27.56
36029006801,357575,0,36,,1446,13.04
36029006802,508659,0,36,,2307,14.68
36029006901,591287,0,36,,4209,19.07
36029006903,263062,0,36,,1726,3.99
36029006904,383266,0,36,,2427,27.6
36029007000,1208121,630275,36,,3201,14.09
36029007102,843932,0,36,,2347,47.99
36029007103,259762,0,36,,1460,72.69
36029007104,420500,0,36,,3067,62.7
36029007202,1024153,999312,36,,1513,7.95
36029007303,15264155,2338580,36,,7034,7.95
36029007304,21016545,4870100,36,,6237,0.68
36029007305,27275965,3103205,36,,2500,5.22
36029007306,9673065,2687931,36,,5670,4.3
36029007600,1966521,0,36,,2797,4.16
36029007700,1821872,182025,36,,4659,5.03
36029007800,3742429,509081,36,,5313,10.45
36029007901,2376359,73386,36,,3093,1.95
36029007902,3481158,0,36,,6443,2.7
36029007903,1391369,0,36,,3083,4.82
36029007904,1347482,0,36,,2790,3.75
36029007905,3386989,0,36,,4305,1.67
36029008001,2279584,0,36,,5163,12.15
36029008002,2091800,0,36,,5722,9.88
36029008003,1751188,0,36,,4930,6.79
36029008101,3356223,0,36,,6265,2.11
36029008102,1918541,0,36,,4114,4.98
36029008201,1785270,0,36,,2737,3.09
36029008202,1294036,0,36,,3745,11.1
36029008300,7378290,419552,36,,2168,29.24
36029008400,10966624,3505091,36,,2415,12.59
36029008500,523095,0,36,,2330,1.83
36029008600,1172081,0,36,,4476,16.76
36029008700,1086552,0,36,,4933,7.89
36029008800,936991,0,36,,3358,3.39
36029008900,3260293,24804,36,,4299,3.5
36029009004,4997661,40767,36,,3971,21.72
36029009007,8651407,13807,36,,7376,0
36029009008,3822496,0,36,,4753,6.78
36029009009,25206824,140082,36,,6587,3.48
36029009010,5550575,0,36,,6457,8.89
36029009011,2176403,0,36,,2911,1.84
36029009012,2596148,3464,36,,4313,5.57
36029009104,3054251,0,36,,4442,1.07
36029009106,12020412,166486,36,,3601,2.42
36029009107,7325630,105438,36,,6311,3.38
36029009109,4059762,0,36,,3235,7.35
36029009110,4609050,231575,36,,5840,
36029009112,3333368,78723,36,,3247,10.9
36029009113,5676161,0,36,,6954,0
36029009114,2357791,0,36,,4004,0.89
36029009115,2204943,0,36,,4003,5.88
36029009116,2725470,175918,36,,5732,5.31
36029009200,5323344,0,36,,4259,3.96
36029009301,1931889,0,36,,4971,9.87
36029009302,1157750,0,36,,3324,7.58
36029009401,3281510,0,36,,5763,4.11
36029009402,3797692,0,36,,4475,1.31
36029009501,3165055,3829,36,,5107,5.76
36029009503,1069387,0,36,,2240,1.7
36029009504,2967097,0,36,,5074,2.08
36029009601,3106242,0,36,,1465,9.17
36029009602,8367251,0,36,,5495,2.85
36029009701,2552964,0,36,,2833,8.3
36029009702,2548107,0,36,,4496,9.62
36029009800,3405656,0,36,,1853,4.32
36029009900,2020127,16234,36,,3757,11
36029010001,8737058,105687,36,,3376,3.78
36029010002,3938363,0,36,,4117,1.92
36029010003,2126522,0,36,,3343,3.88
36029010101,2285026,0,36,,4435,8.57
36029010102,2216540,0,36,,4386,13.74
36029010103,1764091,0,36,,3874,6.14
36029010201,1120643,0,36,,2429,12.59
36029010202,3117285,0,36,,5108,16.29
36029010300,420901,0,36,,1332,19.17
36029010400,473852,0,36,,2252,10.34
36029010500,1065665,0,36,,2627,2.43
36029010600,1253285,0,36,,2367,5.38
36029010700,5698382,0,36,,2632,12.18
36029010803,5885150,0,36,,2046,4.52
36029010804,6473042,40835,36,,4382,1.95
36029010805,2776085,0,36,,4841,3.47
36029010807,2167600,0,36,,5310,5.57
36029010808,3229203,0,36,,3919,6.8
36029010809,1561267,0,36,,2848,0
36029010901,3081120,0,36,,2479,1.11
36029010902,4101862,0,36,,4205,1.03
36029011000,1153231,0,36,,1892,6.13
36029011100,1105597,0,36,,2062,7.17
36029011201,2970145,0,36,,1888,0
36029011202,10956018,18515,36,,4736,3.11
36029011300,5276500,91580,36,,4417,0
36029011400,801273,0,36,,2476,5.71
36029011500,1510450,0,36,,1374,3.15
36029011600,2743592,0,36,,2061,2
36029011700,3337273,0,36,,3962,4.3
36029011800,3559667,0,36,,3788,7.19
36029012001,6539851,584,36,,4980,12.7
36029012002,4113882,0,36,,3563,1.32
36029012003,3881157,0,36,,4977,1.62
36029012300,1368797,0,36,,3745,16.28
36029012400,1329573,0,36,,2460,24.64
36029012501,2458427,0,36,,4141,3.08
36029012502,1321966,0,36,,2349,3.69
36029012800,2910121,0,36,,2534,15.76
36029012902,6964318,0,36,,4468,4.01
36029012903,4002427,0,36,,2954,6.64
36029012904,5118114,0,36,,3687,14.4
36029013001,7757389,855940,36,,2853,6.9
36029013002,5198410,0,36,,5934,3.31
36029013101,8240343,659732,36,,6169,6.86
36029013103,9538159,350758,36,,4673,3.24
36029013104,8880718,785389,36,,4601,3.79
36029013201,24167720,33114,36,,6304,1.35
36029013202,16270151,0,36,,5362,0
36029013300,2371193,0,36,,3230,1.64
36029013400,5605341,0,36,,7265,1.48
36029013501,34271110,43544,36,,6884,4.96
36029013502,27440988,55612,36,,7026,11.07
36029013600,3347569,105972,36,,3092,3.33
36029013701,16103326,0,36,,6488,2.62
36029013702,18369136,0,36,,6234,1.33
36029013801,34448763,31392,36,,2231,1.08
36029013802,53171090,44713,36,,5447,2.13
36029013900,2174862,0,36,,2422,1.85
36029014000,4466110,43792,36,,3770,3.01
36029014101,44741835,27909,36,,5879,2.99
36029014102,44658326,247,36,,5804,0.83
36029014204,23661835,93069,36,,4411,2.58
36029014206,20450232,77093,36,,8150,0.86
36029014207,4949419,0,36,,5258,1.16
36029014208,34131778,343709,36,,6434,2.57
36029014209,2796159,0,36,,4764,1.41
36029014300,3249530,87440,36,,5988,1.05
36029014400,3790587,0,36,,4139,5.41
36029014501,2501275,0,36,,3725,4.25
36029014502,2139770,0,36,,2158,7.52
36029014601,11204470,0,36,,5268,11.73
36029014603,10733236,0,36,,4763,3.1
36029014605,7586059,5773,36,,3836,7.03
36029014606,10548737,0,36,,4360,2.5
36029014701,66515597,0,36,,5652,0.84
36029014703,17862613,140348,36,,5083,7.51
36029014704,14135185,167857,36,,4013,4.24
36029014801,6182481,0,36,,2838,2.29
36029014804,68369788,515713,36,,3648,3.2
36029014805,56911906,225571,36,,2197,0.85
36029014901,7040219,0,36,,2595,2.7
36029014903,78275949,475100,36,,6148,2.12
36029015001,71272836,97287,36,,5169,2.49
36029015002,92136818,130985,36,,3003,1.6
36029015003,92650177,94365,36,,3278,10.19
36029015101,92294578,225200,36,,3132,6.44
36029015102,130049004,603426,36,,2714,4.3
36029015201,48228276,0,36,,3137,3.26
36029015202,44546968,0,36,,4814,3.17
36029015301,55510529,107190,36,,4523,2.8
36029015302,47535268,75121,36,,3028,10.16
36029015401,1984220,0,36,,2700,4.19
36029015402,48235701,2600455,36,,4450,4.32
36029015501,3669096,0,36,,2628,5.2
36029015503,43794655,387270,36,,2211,8.59
36029015504,9877657,1047770,36,,3247,7.04
36029015600,62973620,314462,36,,2169,6.83
36029015700,110994722,447040,36,,3503,6.35
36029015800,171616901,381888,36,,4079,3.55
36029015900,9518117,24517,36,,4196,8.74
36029016200,2948621,0,36,,2688,14.74
36029016300,4106013,114677,36,,2140,23.88
36029016400,2549494,21976,36,,3093,21.62
36029016500,1905218,14136,36,,2121,8.26
36029016600,1165087,0,36,,2605,27.43
36029016700,1905882,0,36,,2607,42.9
36029016801,883278,0,36,,1993,24.31
36029016802,842162,0,36,,2051,7.42
36029016900,900018,0,36,,4314,10.13
36029017000,1417957,0,36,,2832,21.9
36029017100,2021092,379440,36,,4652,32.42
36029017200,2319616,54750,36,,2275,8.24
36029017301,2715741,0,36,,2679,1.53
36029017302,6985674,30893,36,,4428,2.81
36029017400,7556032,801177,36,,4396,33.64
36029017501,5792700,34273,36,,1763,14.75
36029017502,115003056,305779,36,,2581,10.8
36029940000,65829763,1155833,36,,1868,30.05
36029940100,4762323,0,36,,26,0
36029980000,456264,0,36,,1744,
36029980300,3035322,11202,36,,583,0
36029980400,3568790,45008,36,,1033,
36029980500,1228583,0,36,,737,
36029990000,0,437070256,36,,0,
36031960100,204694985,68210500,36,,2601,11.17
36031960200,175241815,1162763,36,,2477,3.71
36031960300,315291733,3063870,36,,2967,3.98
36031960401,3919686,257576,36,,1021,5.61
36031960402,68424224,9972203,36,,1256,0
36031960501,6207765,0,36,,2122,4.43
36031960502,314334797,2038026,36,,3144,10.85
36031960700,301528655,16004586,36,,1832,3.57
36031960800,110623845,79439873,36,,1937,11.26
36031960901,113094710,11150114,36,,1469,5.95
36031960902,652888825,16783674,36,,1775,5.33
36031961001,108180447,1223039,36,,1289,5.75
36031961002,58858955,15910765,36,,3247,26.41
36031961100,197158846,14824580,36,,1805,1.92
36031961201,194856102,12963069,36,,1788,1.35
36031961202,16055722,5196910,36,,2954,19.5
36031961300,343635540,22600340,36,,1902,6.28
36031961400,1461756535,35548675,36,,1491,6.65
36033940000,49104980,5232431,36,,3657,15.32
36033950200,277936242,360340,36,,4560,12.08
36033950301,228815831,0,36,,5182,15.31
36033950501,4251045,0,36,,3173,10.28
36033950502,114073486,1379600,36,,4098,7.79
36033950601,581324794,15671522,36,,1067,8.84
36033950701,775787468,48138054,36,,1256,8.49
36033950800,641601919,27180988,36,,2551,12.97
36033950900,413435439,18405029,36,,3234,11.37
36033951000,96664004,24820934,36,,2019,11.46
36033951100,184989012,21201815,36,,3001,3.46
36033951200,118951202,11823726,36,,2130,13.79
36033951300,221390021,405556,36,,1589,8.6
36033951400,156960427,1939451,36,,4444,4.07
36033952000,354571285,62808,36,,5105,15.38
36035970100,54661808,35287471,36,,2622,4.72
36035970200,97627724,11089889,36,,2747,17.36
36035970300,53587989,5223685,36,,3381,19.98
36035970400,279079227,15372598,36,,1613,6.75
36035970500,440766619,6158564,36,,4007,13.25
36035970601,66158891,438439,36,,3858,13.95
36035970602,116078360,2376942,36,,2703,2.42
36035970700,2888473,8674,36,,3447,13.47
36035970800,5467220,13072,36,,3050,20.67
36035970900,1542894,0,36,,3525,29.02
36035971000,1787900,0,36,,2253,0
36035971100,1382762,0,36,,2735,15.36
36035971200,4873800,0,36,,3683,4.39
36035971300,7611228,9987,36,,4470,1.17
36035971400,67561407,64579,36,,3568,8.6
36035971501,39105810,89064,36,,3092,2.28
36035971502,43052575,20783439,36,,2033,10.5
36037940100,23726989,180036,36,,302,19.4
36037950100,154806278,295701,36,,5037,5.72
36037950200,152701859,1725279,36,,5520,11.89
36037950301,67914893,78738,36,,2811,4.17
36037950302,149634591,1206024,36,,3366,5.76
36037950401,64295041,46861,36,,3167,12.2
36037950402,60485391,518265,36,,3117,5.89
36037950501,1419685,0,36,,1547,6.02
36037950502,819821,0,36,,1121,4.52
36037950600,1413251,0,36,,1978,2.82
36037950700,2699524,0,36,,2282,11.3
36037950800,1494825,0,36,,3267,7.62
36037950900,2643664,0,36,,2525,0
36037951000,2965234,209531,36,,2774,11.36
36037951100,172698017,613848,36,,5246,1.64
36037951200,16870319,78111,36,,4604,5.62
36037951300,185644175,368148,36,,3855,6.65
36037951400,214569477,816136,36,,5424,4.61
36039080100,107278764,4145980,36,,3213,2.43
36039080201,100460849,766062,36,,3765,1.69
36039080202,127723671,107280,36,,2638,6.19
36039080301,117067421,354579,36,,1549,2.98
36039080302,118064643,274661,36,,1443,7.72
36039080402,397765753,610206,36,,2063,9.48
36039080403,55834567,556278,36,,1119,1.66
36039080404,176981239,276871,36,,1925,11.71
36039080501,58617917,455407,36,,2776,10.32
36039080502,96340945,201630,36,,3917,5.7
36039080600,85535951,2597572,36,,3314,8.75
36039080700,8330605,1411765,36,,2720,6.7
36039080800,1630719,0,36,,1848,
36039080900,67977451,6792137,36,,3942,4.05
36039081001,14285173,2839548,36,,1976,15.02
36039081002,3438659,1303871,36,,2347,0
36039081101,77415526,241436,36,,4182,15.77
36039081102,61390645,5265778,36,,2817,7.03
36041950100,1215292143,121679420,36,,967,2.09
36041950300,652087380,37392668,36,,1226,0
36041950400,777385555,7970716,36,,1690,4.31
36041950500,1803224234,67161621,36,,1219,6.23
36043010100,328295038,1093782,36,,5994,8.41
36043010201,4850242,135700,36,,3237,7.83
36043010202,89476358,108309,36,,3713,3.11
36043010300,5288257,97060,36,,5843,8.99
36043010400,6770356,80188,36,,2357,15.68
36043010501,2269177,98469,36,,2522,8.23
36043010502,72977369,1015662,36,,1487,6.39
36043010701,4701323,46621,36,,2222,10.69
36043010702,5239706,345853,36,,2345,32.98
36043010900,215660216,1098600,36,,3199,6.93
36043011001,3932474,42974,36,,1850,7.04
36043011002,201321132,1803271,36,,3073,8.46
36043011100,2228218,230517,36,,2102,17.05
36043011200,25706815,318658,36,,6057,11.44
36043011301,54068334,917108,36,,1394,3.22
36043011302,103273348,927026,36,,3279,4.87
36043011400,281955763,2273683,36,,4334,7.5
36043011502,1825872592,96852620,36,,2059,4.35
36043011503,89669770,2313836,36,,1731,9.26
36043011504,329843832,10558515,36,,1134,1.98
36045060101,159324050,13159618,36,,1751,1.66
36045060102,72721539,18990233,36,,2232,4.92
36045060201,51262695,53934117,36,,2137,3.14
36045060202,85153306,2869666,36,,1948,2.58
36045060203,117499721,32686,36,,2167,7.34
36045060301,117505181,6269382,36,,1524,4.47
36045060302,156272964,8044225,36,,2181,6.26
36045060401,140000840,3957381,36,,3448,6.12
36045060402,60637804,6136963,36,,2540,4.6
36045060500,222628993,5211796,36,,5615,8.75
36045060601,120882084,74520,36,,3054,9.11
36045060602,30939917,29560,36,,3927,9.18
36045060700,284687577,16401052,36,,4394,8.38
36045060803,17143950,14449,36,,7844,5.37
36045060805,11893950,77244,36,,5543,9.03
36045060806,16309918,1007804,36,,3963,9.95
36045060901,59725197,307301,36,,3017,12.46
36045060902,18426311,1369290,36,,2532,10.99
36045061000,57270742,1591440,36,,3780,15.21
36045061101,72976395,666488,36,,2132,20.66
36045061102,32839141,692534,36,,3363,10.05
36045061200,2286196,551010,36,,3357,26.83
36045061300,2884102,111797,36,,3012,9.48
36045061400,2358276,96855,36,,3432,25.75
36045061500,6070159,97739,36,,3552,8.54
36045061600,116908427,1216827,36,,5400,11.62
36045061700,151214866,6055811,36,,2299,9.21
36045061801,119082451,43831,36,,3580,4.91
36045061802,41919195,350864,36,,2919,8.69
36045061900,3408751,0,36,,3438,1.79
36045062100,1700202,62351,36,,3347,0
36045062200,4685859,0,36,,4436,15.45
36045062400,268056612,349574,36,,4800,7.82
36045062500,342061371,4669240,36,,3375,6.83
36045980000,315184915,4037353,36,,91,
36045990001,0,1366058435,36,,0,
36047000100,207819,0,36,,4839,1.04
36047000200,276929,0,36,,1203,31.84
36047000301,200995,0,36,,4031,4.71
36047000501,83724,0,36,,4504,6.86
36047000502,96799,0,36,,2787,0
36047000700,176774,0,36,,3983,1.54
36047000900,163469,0,36,,4792,0
36047001100,168507,0,36,,1585,5.35
36047001300,293167,0,36,,2408,2.85
36047001501,165241,0,36,,4925,6.75
36047001502,142146,0,36,,5418,8.16
36047001801,464952,252497,36,,1564,
36047001802,598065,456730,36,,0,
36047001803,614381,2637460,36,,6,
36047001804,342773,1393405,36,,0,
36047002000,154138,0,36,,1795,5.34
36047002100,528955,39281,36,,6180,2.95
36047002200,340046,0,36,,4155,18.66
36047002300,182214,0,36,,3642,40.04
36047002901,109261,0,36,,3340,38.81
36047003000,110188,0,36,,1818,2.39
36047003101,149882,0,36,,3547,8.15
36047003102,136297,0,36,,0,
36047003300,164585,0,36,,4203,11.32
36047003400,477399,2570730,36,,3515,1.52
36047003500,133028,0,36,,2125,5.29
36047003600,125291,0,36,,3702,10.81
36047003700,166448,0,36,,4276,9.02
36047003800,127478,320787,36,,1578,3.39
36047003900,156923,0,36,,2557,2.85
36047004100,162009,0,36,,3364,0
36047004300,165383,0,36,,3952,6.68
36047004400,419483,817305,36,,2289,5.67
36047004500,170539,0,36,,3547,2.71
36047004600,289094,528144,36,,1175,1
36047004700,283961,0,36,,2001,3.66
36047004900,97531,0,36,,2875,7.36
36047005000,223992,535603,36,,2542,12.05
36047005100,179702,0,36,,2425,1.51
36047005201,133678,192294,36,,1713,16.2
36047005202,133272,440002,36,,2784,3.16
36047005301,575471,2153435,36,,2262,8.93
36047005302,779108,3225498,36,,111,0
36047005303,297317,66967,36,,52,0
36047005400,161905,125113,36,,3293,1.09
36047005601,173443,207530,36,,2846,25.1
36047005602,135056,356364,36,,1781,0
36047005800,193316,0,36,,3069,6.35
36047005900,355163,0,36,,1463,25.22
36047006000,152260,0,36,,2979,3.38
36047006200,162273,0,36,,2721,21.39
36047006300,103152,0,36,,2038,4.4
36047006400,203176,0,36,,3427,9.42
36047006500,249988,0,36,,6193,3.51
36047006600,153740,0,36,,4064,18.27
36047006700,156139,0,36,,3912,0
36047006800,185509,0,36,,3914,9.31
36047006901,74434,0,36,,1724,9.51
36047006902,104645,0,36,,1981,0
36047007000,149197,0,36,,2681,2.36
36047007100,167530,3828,36,,4379,18.84
36047007200,62490,0,36,,1865,17.02
36047007400,141287,0,36,,5360,20.92
36047007500,282782,0,36,,4707,8.41
36047007600,138336,0,36,,4728,14.16
36047007700,389422,0,36,,6132,3.63
36047007800,138114,0,36,,5120,17.39
36047008000,139115,0,36,,3539,11.21
36047008200,139691,0,36,,3828,25.69
36047008400,243910,0,36,,3154,0
36047008500,243576,0,36,,7631,38.26
36047008600,113543,0,36,,0,
36047008800,189369,0,36,,2497,8.17
36047009001,74547,0,36,,1300,20.4
36047009002,73946,0,36,,1686,3.68
36047009201,56593,0,36,,1850,28.24
36047009202,56624,0,36,,2866,27.5
36047009401,75483,0,36,,1985,35.5
36047009402,75543,0,36,,3089,13.79
36047009600,150752,0,36,,5917,21.59
36047009800,151006,0,36,,6759,27.41
36047010000,150970,0,36,,5510,14.69
36047010100,314730,0,36,,4577,14.91
36047010200,152450,0,36,,4561,16.41
36047010401,76142,0,36,,2183,19.84
36047010402,76170,0,36,,1861,43.98
36047010601,75434,0,36,,2230,29.84
36047010602,75498,0,36,,2192,14.37
36047010801,75490,0,36,,1951,22.17
36047010802,75489,0,36,,2585,25.83
36047011000,158059,0,36,,2697,6.92
36047011200,171313,0,36,,6478,13.31
36047011400,167792,0,36,,4085,26.73
36047011600,160266,0,36,,3344,22.66
36047011700,201195,0,36,,3140,6.34
36047011800,219234,0,36,,1930,25.43
36047011901,448425,21859,36,,1466,0
36047011902,205872,41737,36,,0,
36047012000,193342,0,36,,1291,18.24
36047012100,148056,0,36,,2057,3.67
36047012200,181661,0,36,,4651,24.28
36047012600,235982,0,36,,2778,17.77
36047012700,163391,0,36,,4037,12.2
36047012801,114974,0,36,,1932,18.55
36047012901,128568,0,36,,2377,7.02
36047012902,135380,0,36,,3452,4.56
36047013000,176432,0,36,,5037,10.94
36047013100,156395,0,36,,3434,2.75
36047013200,155778,0,36,,2315,22.52
36047013300,148492,0,36,,4388,0
36047013400,268233,0,36,,4229,10.25
36047013500,151867,0,36,,3946,0
36047013600,214252,0,36,,3804,8.91
36047013700,152453,0,36,,3217,0
36047013800,162579,0,36,,3635,2.28
36047013900,151331,0,36,,3527,4.74
36047014000,147522,0,36,,1910,27.77
36047014101,75853,0,36,,1357,0
36047014102,89630,0,36,,2102,4.65
36047014200,200223,0,36,,3497,11.41
36047014300,217205,0,36,,3625,6.8
36047014500,216626,0,36,,4459,4.47
36047014700,105979,0,36,,2349,3.37
36047014800,133459,0,36,,1320,14.29
36047014901,74973,0,36,,1561,0
36047014902,174858,0,36,,4388,10.66
36047015000,133505,0,36,,1555,8.01
36047015100,149311,0,36,,4042,1.93
36047015200,268135,0,36,,2545,17.38
36047015300,150477,0,36,,2630,2.08
36047015400,922940,0,36,,0,
36047015500,149645,0,36,,3484,1.01
36047015700,167428,0,36,,4777,0
36047015900,250862,0,36,,5439,1.03
36047016000,258630,0,36,,4323,7.62
36047016100,182397,0,36,,3574,0.47
36047016200,237712,0,36,,2282,10.04
36047016300,184092,0,36,,4082,0
36047016400,802163,650272,36,,859,0
36047016500,186645,0,36,,6118,4.51
36047016600,266930,0,36,,1958,8.12
36047016700,168915,0,36,,4851,1.25
36047016800,168296,117619,36,,1970,3.89
36047016900,209462,0,36,,4726,11.16
36047017000,209047,0,36,,3584,9.68
36047017100,208490,0,36,,4195,0.8
36047017200,206317,0,36,,2830,1.69
36047017400,165543,91465,36,,2038,12.9
36047017500,1961397,0,36,,0,
36047017600,133636,83378,36,,2238,4.25
36047017700,2313048,227326,36,,0,
36047017800,164020,0,36,,2654,4.87
36047017900,158289,0,36,,4017,17.92
36047018000,176108,0,36,,3027,12.93
36047018100,169374,0,36,,3749,5.46
36047018200,165463,0,36,,3460,13.07
36047018300,137311,0,36,,2879,0
36047018400,149139,0,36,,2161,5.01
36047018501,111097,0,36,,4334,25.52
36047018600,113054,0,36,,2081,4.14
36047018700,85768,0,36,,1448,0
36047018800,175213,0,36,,2875,10.07
36047019000,212934,0,36,,4093,8.11
36047019100,253797,0,36,,2825,1.13
36047019200,189790,0,36,,3095,20.65
36047019300,269732,0,36,,5974,18.71
36047019400,178420,0,36,,3371,36.62
36047019500,137028,0,36,,3782,5.8
36047019600,188308,0,36,,4494,20.23
36047019700,169819,0,36,,4051,2.62
36047019800,134715,0,36,,1812,10.2
36047019900,188914,0,36,,3964,10.08
36047020000,134858,0,36,,2118,11.16
36047020100,175379,0,36,,4133,6.13
36047020200,134828,0,36,,1747,5.56
36047020300,140848,0,36,,1984,2.24
36047020400,134801,0,36,,1754,0.67
36047020500,159711,0,36,,3542,1.54
36047020600,170942,0,36,,2488,19.39
36047020700,137892,0,36,,4681,4.41
36047020800,143311,0,36,,2761,4.81
36047021000,150022,0,36,,3899,23.11
36047021100,271830,0,36,,2753,9.85
36047021200,190833,0,36,,3448,16.57
36047021300,184156,0,36,,4440,21.28
36047021400,167965,0,36,,2510,24.88
36047021500,152313,0,36,,5735,9.66
36047021600,168178,0,36,,3670,38.43
36047021700,119682,0,36,,3958,3.16
36047021800,157820,0,36,,3001,3.81
36047021900,147042,0,36,,4285,0.15
36047022000,194279,0,36,,5525,31.94
36047022100,152080,0,36,,3706,13.61
36047022200,176184,0,36,,4270,33.58
36047022400,175564,0,36,,5335,16
36047022600,156180,0,36,,2572,11.3
36047022700,240692,0,36,,4425,13.94
36047022800,167373,0,36,,3683,28.38
36047022900,171838,0,36,,3425,2.56
36047023000,150941,0,36,,4887,37.23
36047023100,159414,0,36,,3546,2.62
36047023200,226376,0,36,,6648,28.05
36047023300,171838,0,36,,6804,28.94
36047023400,169784,0,36,,5558,32.46
36047023500,141574,0,36,,5578,36.44
36047023600,169852,0,36,,5846,36.79
36047023800,169884,0,36,,5200,26.43
36047024000,169751,0,36,,6413,43.31
36047024100,180215,0,36,,2975,12.98
36047024200,191453,0,36,,3026,14.01
36047024300,154349,0,36,,4300,0
36047024400,155278,0,36,,3697,26.81
36047024500,166849,0,36,,4437,3.21
36047024600,172880,0,36,,3489,9.36
36047024700,179741,0,36,,2499,30.19
36047024800,176029,0,36,,2476,10.48
36047024900,168496,0,36,,3992,15.96
36047025000,173506,0,36,,1679,23.47
36047025100,138489,0,36,,3687,24.72
36047025200,181275,0,36,,4847,11.36
36047025300,161829,0,36,,3375,24.69
36047025400,175492,0,36,,2992,15.93
36047025500,138632,0,36,,4922,25.58
36047025600,173279,0,36,,3114,13.45
36047025700,181125,0,36,,3279,17.16
36047025800,170222,0,36,,4482,17.11
36047025901,80219,0,36,,2163,30.42
36047025902,59611,0,36,,3611,53.92
36047026000,162864,0,36,,3076,10.09
36047026100,199415,0,36,,5459,19.33
36047026200,157859,0,36,,2626,5.82
36047026300,119604,0,36,,2270,5.9
36047026400,189457,0,36,,4732,13.51
36047026500,159608,0,36,,4163,15.28
36047026600,165897,0,36,,3408,12.77
36047026700,159563,0,36,,3950,9.84
36047026800,178968,0,36,,4280,9.94
36047026900,133946,0,36,,3124,8.86
36047027000,134003,0,36,,2496,23.99
36047027100,245353,0,36,,3740,9.81
36047027200,132147,0,36,,3993,21.97
36047027300,149705,0,36,,4071,7.03
36047027400,163364,0,36,,3159,12.98
36047027500,162077,0,36,,5303,7.09
36047027600,149396,0,36,,3791,10.94
36047027700,162108,0,36,,4294,25.49
36047027800,160472,0,36,,3086,11.32
36047027900,161924,0,36,,4161,16.07
36047028000,139723,55041,36,,1686,5.57
36047028100,161938,0,36,,5094,22.98
36047028200,169389,73215,36,,2960,6.09
36047028300,121876,0,36,,4098,19.29
36047028400,164257,0,36,,3686,14.64
36047028501,83218,0,36,,427,0
36047028502,119859,0,36,,3303,41.36
36047028600,176618,58184,36,,5171,33.79
36047028700,148811,0,36,,3353,39.93
36047028800,152808,0,36,,3799,18.38
36047028900,165739,0,36,,4261,18.05
36047029000,154712,0,36,,3301,18.7
36047029100,164644,0,36,,3368,17.34
36047029200,205508,91737,36,,2668,18.33
36047029300,164460,0,36,,3284,35.55
36047029400,188664,63389,36,,2143,11.96
36047029500,164586,0,36,,4011,17.33
36047029600,214120,0,36,,6128,31.75
36047029700,205561,0,36,,4099,21.22
36047029800,220827,0,36,,3997,13.15
36047029900,142218,0,36,,2483,46.72
36047030000,195051,0,36,,4222,23.02
36047030100,194435,0,36,,3182,18.62
36047030200,211197,0,36,,3899,16.31
36047030300,253583,0,36,,5748,27.36
36047030400,465276,362966,36,,3924,18.72
36047030500,322516,0,36,,7181,9.32
36047030600,193681,0,36,,1953,6.67
36047030700,266958,0,36,,6571,20.04
36047030800,681579,0,36,,1678,8.66
36047030900,151863,0,36,,2447,35.02
36047031100,152683,0,36,,3389,10.79
36047031300,174299,0,36,,4346,13.11
36047031401,450195,226844,36,,4938,3.85
36047031402,385464,183705,36,,0,
36047031500,180191,0,36,,5136,12.3
36047031701,139741,0,36,,4150,5.36
36047031702,139788,0,36,,3812,1.58
36047031900,151346,0,36,,3356,5.88
36047032100,160095,0,36,,5140,5.5
36047032300,173046,0,36,,3505,12.99
36047032500,168414,0,36,,6057,10.86
36047032600,329186,0,36,,10085,29.66
36047032700,177080,0,36,,2701,10.53
36047032800,232836,0,36,,2751,25.22
36047032900,156418,0,36,,5901,17.39
36047033000,372144,119065,36,,4283,32.15
36047033100,142466,0,36,,4171,13.01
36047033300,186336,0,36,,4779,14.24
36047033500,180682,0,36,,3522,11.38
36047033600,688235,1085724,36,,4734,5.82
36047033701,98672,0,36,,2755,0
36047033702,98915,0,36,,1847,11.68
36047033900,180739,0,36,,4936,25.22
36047034000,129694,0,36,,2045,24.46
36047034100,139770,0,36,,2666,16.01
36047034200,229959,0,36,,6490,35.34
36047034300,162156,0,36,,4489,37.28
36047034500,163593,0,36,,2669,12.5
36047034700,139778,0,36,,3157,17.42
36047034800,592737,87258,36,,2852,15.62
36047034901,69957,0,36,,2339,12.54
36047034902,93256,0,36,,3499,19.86
36047035000,198571,0,36,,3082,5.91
36047035101,69889,0,36,,1805,18.58
36047035102,93117,0,36,,3253,24.06
36047035200,990690,1400857,36,,1431,28.97
36047035301,69917,0,36,,3002,13.16
36047035302,93185,0,36,,3189,9.16
36047035400,378077,0,36,,5366,3.45
36047035500,138406,0,36,,5515,6.39
36047035601,67890,0,36,,2640,10.04
36047035602,170769,0,36,,6721,10.87
36047035701,69809,0,36,,2657,21.19
36047035702,110255,0,36,,0,
36047035900,183575,0,36,,6665,21.28
36047036001,94811,0,36,,2972,31.21
36047036002,86032,0,36,,3777,23.03
36047036100,141090,0,36,,2902,11.61
36047036200,171110,0,36,,3343,22.55
36047036300,259726,0,36,,4909,27.31
36047036400,143250,0,36,,2298,4.43
36047036501,126345,0,36,,3467,24.69
36047036502,122056,0,36,,2014,9.48
36047036600,234143,0,36,,4369,20
36047036700,182968,0,36,,1982,7.82
36047036900,226736,0,36,,5310,14.89
36047037000,336233,0,36,,4112,6.18
36047037100,189347,0,36,,4723,19.79
36047037300,170809,0,36,,5258,12.08
36047037401,225522,0,36,,4646,15.14
36047037402,301498,0,36,,5449,5.85
36047037500,158809,0,36,,3643,11.62
36047037700,190202,0,36,,4893,19.71
36047037900,183760,0,36,,4834,21.55
36047038100,239524,0,36,,5624,12
36047038200,233431,0,36,,5261,39.1
36047038300,174539,0,36,,5456,25.99
36047038500,174443,0,36,,3895,6.32
36047038600,251188,0,36,,3102,13.75
36047038700,188275,0,36,,4830,38.03
36047038800,197933,0,36,,4999,10.92
36047038900,162930,0,36,,2829,11.91
36047039000,173850,0,36,,2672,12.22
36047039100,166173,0,36,,5243,27.13
36047039200,174602,0,36,,3441,5.19
36047039300,189603,0,36,,3868,17.28
36047039400,192099,0,36,,2076,42.86
36047039500,159720,0,36,,3845,8.39
36047039600,163301,0,36,,1987,15.94
36047039700,159173,0,36,,3316,7.82
36047039800,202902,0,36,,2855,5.41
36047039900,151244,0,36,,4164,25.17
36047040000,192000,0,36,,2192,17.59
36047040100,159583,0,36,,3552,26.79
36047040200,197509,0,36,,2570,13.97
36047040300,210275,0,36,,4086,23.33
36047040400,153660,0,36,,2615,10.06
36047040500,138996,0,36,,1403,5.88
36047040600,147049,0,36,,3924,9.27
36047040700,504834,0,36,,0,
36047040800,152930,0,36,,3724,12.37
36047040900,172310,0,36,,3858,12.34
36047041000,142871,0,36,,1650,4.35
36047041100,134881,0,36,,3001,9.34
36047041200,165322,0,36,,3164,9.7
36047041300,162165,0,36,,3620,12.06
36047041401,135123,0,36,,1182,28.85
36047041402,154394,0,36,,2111,21.81
36047041500,162692,0,36,,4291,9.45
36047041600,162563,0,36,,2105,12.34
36047041700,141142,0,36,,3390,23.48
36047041800,164317,0,36,,2790,18.66
36047041900,153013,0,36,,3417,25.19
36047042000,168650,0,36,,1727,8.88
36047042100,153368,0,36,,4089,8.12
36047042200,227277,0,36,,3102,19
36047042300,182231,0,36,,4331,5.09
36047042400,161035,0,36,,3403,16.73
36047042500,167847,0,36,,2913,36.17
36047042600,170007,0,36,,4410,14.35
36047042700,148265,0,36,,4215,9.54
36047042800,164702,0,36,,3852,0.9
36047042900,168134,0,36,,5074,21.49
36047043000,160032,0,36,,3668,6.17
36047043100,168207,0,36,,4023,2.18
36047043200,148819,0,36,,4098,12.95
36047043300,168245,0,36,,3621,44.49
36047043400,139658,0,36,,4061,19.93
36047043500,168159,0,36,,4971,30.36
36047043600,137521,0,36,,4591,27.89
36047043700,168127,0,36,,5228,19.29
36047043800,156073,0,36,,2383,12.27
36047043900,200003,0,36,,4045,11.2
36047044000,201541,0,36,,2646,15.7
36047044100,142020,0,36,,4884,24.6
36047044200,182832,0,36,,2379,11.24
36047044300,167769,0,36,,4272,7.81
36047044400,174544,0,36,,3084,27.46
36047044500,169739,0,36,,3956,16.86
36047044600,141744,0,36,,2034,9
36047044700,162809,0,36,,2470,19.87
36047044800,224533,0,36,,1787,8.01
36047044901,386035,0,36,,2567,24.16
36047044902,1756702,175743,36,,0,
36047045000,220368,0,36,,863,21.61
36047045200,186316,0,36,,2640,10.13
36047045300,319529,0,36,,1938,28.03
36047045400,132312,0,36,,1951,5.05
36047045600,153654,0,36,,2245,18.57
36047045800,179391,0,36,,1132,8.02
36047046000,196068,0,36,,3335,9.41
36047046201,128315,0,36,,2575,8.7
36047046202,172844,0,36,,1847,3.53
36047046400,164016,0,36,,2768,19.34
36047046800,295918,0,36,,2215,7.71
36047047000,181816,0,36,,2486,11.99
36047047200,172804,0,36,,2958,22.63
36047047400,175872,0,36,,2974,17.91
36047047600,207174,0,36,,3839,12.04
36047047700,217806,0,36,,4102,0
36047047800,221223,0,36,,5164,25.03
36047048000,153158,0,36,,3534,38.51
36047048100,151305,0,36,,2902,4.48
36047048200,196675,0,36,,5455,11.98
36047048400,209195,0,36,,5371,6.39
36047048500,581535,0,36,,2371,31.46
36047048600,175438,0,36,,3200,12.07
36047048800,143330,0,36,,4054,17.64
36047048900,91581,0,36,,3228,25.92
36047049000,191799,0,36,,5266,11.37
36047049100,213164,0,36,,7170,27.7
36047049200,166635,0,36,,2759,3.96
36047049301,67820,0,36,,2169,34.69
36047049302,160188,0,36,,4691,36.82
36047049400,182730,0,36,,5512,10.51
36047049500,129103,0,36,,2939,36.6
36047049600,202972,0,36,,4006,12.52
36047049700,164634,0,36,,3290,1.79
36047049800,204347,0,36,,4163,1.68
36047049900,141699,0,36,,2285,0
36047050001,140050,0,36,,2279,0
36047050002,62177,0,36,,1726,0
36047050100,172687,0,36,,3089,7.92
36047050202,135737,0,36,,2281,1.82
36047050300,125307,0,36,,3044,8.03
36047050401,144970,0,36,,2824,12.63
36047050402,84339,0,36,,1935,3.42
36047050500,169412,0,36,,4284,36.87
36047050600,164685,0,36,,5675,10.42
36047050700,174429,0,36,,3869,20.35
36047050801,78240,0,36,,3718,17.29
36047050803,56085,0,36,,2608,6.99
36047050804,103103,0,36,,6765,4.15
36047050900,141788,0,36,,5473,43.65
36047051001,76942,0,36,,4652,10.26
36047051002,107067,0,36,,4028,8.8
36047051100,159004,0,36,,3922,22.26
36047051200,139992,0,36,,5991,6.59
36047051300,258100,0,36,,5628,18.61
36047051400,181082,0,36,,7214,14.46
36047051500,186924,0,36,,2839,2.7
36047051601,115927,0,36,,4824,14.9
36047051602,91134,0,36,,3784,10.24
36047051700,187367,0,36,,2853,2.13
36047051800,201332,0,36,,3448,8.33
36047051900,274935,0,36,,5725,0
36047052000,190568,0,36,,3544,20.49
36047052300,144959,0,36,,5432,20.28
36047052500,124144,0,36,,3501,26.2
36047052600,169334,0,36,,3879,7.19
36047052700,190002,0,36,,5921,15.2
36047052800,175595,0,36,,1826,7.14
36047052900,174907,0,36,,3113,33.11
36047053000,173246,0,36,,3628,15.32
36047053101,78833,0,36,,2629,37.41
36047053102,82944,0,36,,6226,45.49
36047053200,174306,0,36,,2296,14.62
36047053300,193151,0,36,,6233,28.57
36047053400,173382,0,36,,4488,6.36
36047053500,130364,0,36,,4275,45.37
36047053700,167454,0,36,,4181,33.33
36047053800,164451,0,36,,5806,6.73
36047053900,101381,0,36,,2552,32.66
36047054200,189169,0,36,,4041,17.29
36047054300,955334,376699,36,,0,
36047054400,190006,0,36,,3906,16.83
36047054500,167767,0,36,,7454,35.43
36047054600,180669,0,36,,5214,18.55
36047054700,170095,0,36,,8440,12.64
36047054800,173218,0,36,,2236,11.68
36047054900,195442,0,36,,4645,9.15
36047055000,179814,0,36,,3512,19.04
36047055100,231586,0,36,,6797,18.72
36047055200,167669,0,36,,3745,13.08
36047055300,156271,0,36,,3325,14.81
36047055400,169301,0,36,,4088,12.84
36047055500,261669,0,36,,9183,1.03
36047055600,193196,0,36,,3363,15.12
36047055700,282493,0,36,,1775,0
36047055800,171625,0,36,,2291,13.7
36047056000,184752,0,36,,3594,9.53
36047056100,338520,25811,36,,3580,2.62
36047056200,170814,0,36,,1865,0
36047056301,179514,0,36,,4778,9.23
36047056302,190772,67755,36,,2140,1.35
36047056400,183221,0,36,,2564,2.83
36047056500,237963,0,36,,3340,0
36047056600,171530,0,36,,2297,11.33
36047056800,117817,0,36,,1247,13.91
36047056900,127954,0,36,,1744,0
36047057000,262372,0,36,,3621,7.35
36047057100,175867,0,36,,4184,7.65
36047057200,243628,0,36,,5499,27.43
36047057300,170142,0,36,,2482,7.46
36047057400,159204,0,36,,2609,15.93
36047057500,181405,0,36,,4903,6.78
36047057600,158605,0,36,,2881,15.35
36047057800,172233,0,36,,2997,18.78
36047057901,245831,7086,36,,1427,21.59
36047057902,503282,44678,36,,0,
36047058000,158641,0,36,,3466,21.42
36047058200,161534,0,36,,2435,5.05
36047058400,188225,0,36,,3546,13.59
36047058600,163424,0,36,,2289,11.71
36047058800,159611,0,36,,3639,4
36047058901,201626,0,36,,1876,10.68
36047058902,222399,38353,36,,0,
36047059000,158383,0,36,,2013,14.51
36047059100,192105,0,36,,3885,0
36047059200,219306,0,36,,3894,13.36
36047059300,187979,0,36,,2603,16.72
36047059402,322477,0,36,,5730,8.45
36047059403,206719,0,36,,2839,5.02
36047059404,213899,0,36,,4244,13.35
36047059600,173084,0,36,,2235,7.68
36047059800,199216,0,36,,3123,10.11
36047060000,439917,0,36,,6451,7.8
36047060600,179262,0,36,,2766,2.71
36047060800,401159,119875,36,,3779,11.89
36047061002,227269,298539,36,,5163,13.89
36047061003,80173,0,36,,2047,43.93
36047061004,224494,0,36,,5659,10.86
36047061200,198236,39403,36,,1094,5.4
36047061600,726087,933068,36,,1553,0
36047062000,319578,34799,36,,1807,1.8
36047062200,247463,107697,36,,2891,19.44
36047062600,318163,0,36,,3225,13.89
36047062800,767918,272494,36,,4879,3.49
36047063200,117438,0,36,,1468,4.58
36047063600,114332,0,36,,1112,5.37
36047063800,139188,0,36,,1851,3.5
36047064000,153403,0,36,,1581,0
36047064200,235070,0,36,,2687,15.53
36047064400,199330,0,36,,2447,16.2
36047064600,165636,0,36,,2187,10.12
36047064800,151522,0,36,,1933,3.2
36047065000,166228,0,36,,1312,3.68
36047065200,174713,0,36,,1180,2.4
36047065400,151523,0,36,,1759,4.72
36047065600,153578,0,36,,1844,0.73
36047065800,153365,0,36,,1792,16.3
36047066000,152314,0,36,,1912,8.29
36047066200,231462,0,36,,1144,8.36
36047066600,4046958,5809817,36,,0,
36047067000,208266,0,36,,2598,11.72
36047067200,174237,0,36,,1559,1.06
36047067400,189209,0,36,,1910,4.15
36047067600,155374,0,36,,1795,3.53
36047067800,166222,0,36,,2675,15.06
36047068000,168859,0,36,,1907,4.5
36047068200,202229,0,36,,2844,7.35
36047068600,148006,0,36,,1724,0
36047068800,156912,0,36,,1628,4.31
36047069000,172913,0,36,,1728,3.94
36047069200,182215,0,36,,2288,0.89
36047069601,456923,47776,36,,3406,8.7
36047069602,688168,172866,36,,5630,8.18
36047069800,500249,120721,36,,1452,0
36047070000,201893,0,36,,1402,0
36047070201,1074093,177944,36,,6804,4.13
36047070202,5162435,1735262,36,,13,0
36047070203,2814173,19419444,36,,0,
36047070601,453432,7547,36,,2584,1.31
36047070602,1196753,895608,36,,0,
36047072000,158228,0,36,,1938,29.59
36047072200,257171,0,36,,2187,27.8
36047072400,192192,0,36,,1694,13.86
36047072600,275168,0,36,,2647,10.77
36047072800,212050,0,36,,3594,7.62
36047073000,185122,0,36,,2449,1.59
36047073200,159928,0,36,,1927,15.06
36047073400,151105,0,36,,1479,0
36047073600,178017,0,36,,2807,7.98
36047073800,180580,0,36,,3464,6.21
36047074000,162388,0,36,,3816,11.5
36047074200,174327,0,36,,2799,14.08
36047074400,170074,0,36,,3068,16.51
36047074600,202040,0,36,,2149,9.48
36047074800,176549,0,36,,1595,9.09
36047075000,173420,0,36,,2845,2.69
36047075200,173194,0,36,,1151,0
36047075400,173457,0,36,,1284,0
36047075600,173546,0,36,,1949,12.61
36047075800,205261,0,36,,1460,4.75
36047076000,181582,0,36,,3092,9.12
36047076200,188043,0,36,,4114,24.62
36047076400,161588,0,36,,4192,12.93
36047076600,82578,0,36,,2114,13.1
36047076800,303359,0,36,,3998,18.22
36047077000,163281,0,36,,2726,14.85
36047077200,404333,0,36,,3243,19.88
36047077400,147764,0,36,,3106,1.42
36047077600,186545,0,36,,3438,5.68
36047078000,164534,0,36,,2221,1.63
36047078200,168304,0,36,,4196,10.75
36047078400,167427,0,36,,2334,4.92
36047078601,87141,0,36,,2182,9.65
36047078602,83930,0,36,,2225,8.89
36047078801,93155,0,36,,1862,1.83
36047078802,63958,0,36,,1870,19.64
36047079001,60467,0,36,,1841,20.06
36047079002,122521,0,36,,3182,16.54
36047079201,108751,0,36,,1418,14.62
36047079202,107940,0,36,,2478,8.55
36047079400,222181,0,36,,2385,3.17
36047079601,110399,0,36,,3526,20.06
36047079602,134996,0,36,,6091,12.55
36047079801,129680,0,36,,3245,2.78
36047079802,106366,0,36,,5013,0
36047080000,173679,0,36,,3386,6.82
36047080200,185243,0,36,,4088,9.58
36047080400,189757,0,36,,2893,22.66
36047080600,166310,0,36,,3647,11.84
36047080800,321836,0,36,,2071,59.31
36047081000,162403,0,36,,2063,9.98
36047081400,170174,0,36,,2628,11.64
36047081600,179640,0,36,,2988,4.98
36047081800,157920,0,36,,4556,15.21
36047082000,148600,0,36,,4830,14.59
36047082200,169857,0,36,,7682,9.04
36047082400,214365,0,36,,5862,17.38
36047082600,199091,0,36,,4607,10.62
36047082800,156676,0,36,,3882,3.03
36047083000,201783,0,36,,6040,8.85
36047083200,145549,0,36,,2227,5.76
36047083400,125994,0,36,,1580,8.71
36047083600,208197,0,36,,1876,8.51
36047083800,166942,0,36,,1802,18.71
36047084000,170057,0,36,,2378,11.64
36047084600,166530,0,36,,1991,1.99
36047084800,137501,0,36,,1508,13.84
36047085000,144613,0,36,,1486,3.12
36047085200,395710,0,36,,22,0
36047085400,128750,0,36,,2147,6.61
36047085600,158628,0,36,,3458,13.82
36047085800,138512,0,36,,1813,15.42
36047086000,175366,0,36,,2707,10.59
36047086200,140147,0,36,,2897,11.73
36047086400,150823,0,36,,2207,19.39
36047086600,156523,0,36,,3252,24.13
36047086800,174581,0,36,,3091,17.67
36047087000,155718,0,36,,3132,15.78
36047087200,147204,0,36,,3170,13.62
36047087401,130596,0,36,,3069,16.67
36047087600,142213,0,36,,1917,15.12
36047087800,151414,0,36,,2691,15.14
36047088001,81426,0,36,,1882,12.28
36047088002,101053,0,36,,1166,18.46
36047088200,203181,0,36,,7033,14.57
36047088400,167059,0,36,,5493,39.83
36047088600,179724,0,36,,3997,0
36047088800,201249,0,36,,4118,14.04
36047089000,248416,0,36,,6919,16.32
36047089200,179663,0,36,,3642,40.81
36047089400,172215,0,36,,3717,25.11
36047089600,149024,0,36,,3660,34.09
36047089800,154357,0,36,,2260,26.38
36047090000,246190,0,36,,4556,43.59
36047090200,190560,0,36,,3886,19.16
36047090600,195831,0,36,,4404,36.01
36047090800,296447,0,36,,6456,36.29
36047091000,212068,0,36,,5939,53.26
36047091200,167237,0,36,,6710,40.86
36047091600,215640,0,36,,4650,30.23
36047091800,209632,0,36,,2546,21.15
36047092000,237149,0,36,,2850,6.57
36047092200,161392,0,36,,2990,0
36047092400,251687,0,36,,3026,31.91
36047092800,157219,0,36,,2401,7.13
36047093000,194229,0,36,,3011,8.15
36047093200,280436,0,36,,1508,19.95
36047093400,177758,0,36,,2430,6.67
36047093600,165121,0,36,,1565,4.82
36047093800,131105,0,36,,2511,6.74
36047094401,368968,0,36,,3056,5.49
36047094402,106859,0,36,,3122,33.51
36047094600,281769,0,36,,1985,6.63
36047095000,242438,0,36,,2592,2.98
36047095400,237026,0,36,,4167,8.32
36047095600,237582,0,36,,4054,15.55
36047095800,234373,0,36,,2987,14.5
36047096000,423887,0,36,,0,
36047096200,179100,0,36,,1529,11.48
36047096400,176581,0,36,,2476,9.98
36047096600,181211,0,36,,2138,12.69
36047096800,149019,0,36,,1396,7.14
36047097000,163450,0,36,,2301,8.41
36047097400,252349,0,36,,2516,11.87
36047098200,345646,0,36,,4124,42.41
36047098400,112821,0,36,,1989,4.39
36047098600,155971,0,36,,2486,5.39
36047098800,161941,0,36,,2926,0
36047099000,163721,0,36,,1484,1.44
36047099200,134602,0,36,,1805,10.04
36047099400,173970,0,36,,1860,18.38
36047099600,189693,0,36,,3508,2.17
36047099800,419733,69968,36,,3834,5.01
36047100400,132054,0,36,,2797,4.83
36047100600,152116,0,36,,2533,4.63
36047100800,148898,0,36,,2202,12.12
36047101000,171343,0,36,,2860,15.22
36047101200,160761,0,36,,2176,5.07
36047101400,154954,0,36,,2057,6.7
36047101600,112418,0,36,,1768,1.64
36047101800,283765,0,36,,1667,2.45
36047102000,157042,0,36,,2137,6.31
36047102200,162849,0,36,,2234,3.18
36047102400,143125,0,36,,1873,10.47
36047102600,135920,0,36,,2957,7.28
36047102801,153894,0,36,,1315,8.73
36047102802,864989,217164,36,,0,
36047103401,176086,0,36,,4190,48.26
36047103402,490129,222181,36,,0,
36047105801,418443,0,36,,6050,27.69
36047105804,770249,27109,36,,6145,12.75
36047107001,1207191,0,36,,3852,13.33
36047107002,1981715,534948,36,,0,
36047107003,275133,0,36,,0,
36047107800,506528,0,36,,4067,8.65
36047109800,854382,0,36,,2515,9.37
36047110400,742525,0,36,,4571,10.71
36047110600,171053,0,36,,4583,38.5
36047111000,124982,0,36,,2856,20.71
36047111600,499698,0,36,,3674,13.19
36047111800,162313,0,36,,4004,12.69
36047112000,173004,0,36,,3266,14.74
36047112200,162285,0,36,,3101,26.38
36047112400,177849,0,36,,3290,15.17
36047112600,168500,0,36,,4607,19.63
36047112800,184193,0,36,,4183,19.91
36047113000,193832,0,36,,4303,15.24
36047113200,196193,0,36,,2552,21.07
36047113400,153420,0,36,,2702,36.47
36047114201,300918,0,36,,1478,5.11
36047114202,119169,0,36,,2546,27.56
36047114400,429912,0,36,,2637,29.56
36047114600,160101,0,36,,3052,8.06
36047115000,158250,0,36,,2937,14.95
36047115200,166136,0,36,,2877,23.43
36047115600,159862,0,36,,4106,42.35
36047115800,154981,0,36,,2528,17.67
36047116000,151414,0,36,,2566,16.88
36047116200,143447,0,36,,2538,33.15
36047116400,181563,0,36,,3745,9.33
36047116600,159390,0,36,,3172,22
36047116800,143956,0,36,,2603,12.32
36047117000,153809,0,36,,1878,35
36047117201,129156,0,36,,2004,21.05
36047117202,151822,0,36,,4640,9.47
36047117400,212859,0,36,,3716,16.23
36047117601,152356,0,36,,2815,9.7
36047117602,143799,0,36,,3076,18.41
36047117800,140598,0,36,,1703,0.68
36047118000,751605,0,36,,0,
36047118201,126387,0,36,,3561,18.68
36047118202,124326,0,36,,3119,22.76
36047118400,204944,0,36,,4880,13.09
36047118600,131529,0,36,,3740,2.5
36047118800,174376,0,36,,5288,13.47
36047119000,140618,0,36,,1877,30.08
36047119200,225444,0,36,,3649,23
36047119400,182841,0,36,,5402,16.37
36047119600,306450,0,36,,6608,21.9
36047119800,326903,0,36,,4170,35.71
36047120000,150529,0,36,,2735,12.66
36047120200,153052,0,36,,2013,9.01
36047120801,202188,0,36,,4520,5.06
36047120802,117296,0,36,,4569,26.67
36047120803,155241,0,36,,1583,10.06
36047121000,158707,0,36,,4050,41.74
36047121400,173354,0,36,,4747,43.88
36047122000,1090388,0,36,,7587,10.68
36047123700,321360,0,36,,9320,38.29
36047150200,319296,0,36,,2807,1.19
36047152200,389861,0,36,,3064,2.03
36047990100,0,17793788,36,,0,
36049950101,336181280,4173393,36,,2426,8.28
36049950200,469101437,10519808,36,,4543,11.88
36049950301,74870651,1000700,36,,3494,7.21
36049950302,321350608,1340990,36,,4091,13.87
36049950401,134861435,1213083,36,,2553,3.93
36049950500,269608769,871633,36,,2392,6.2
36049950601,85849294,1966467,36,,1144,4.32
36049950700,961678885,3701505,36,,5108,8.32
36049950800,652123517,14860758,36,,867,10.23
36051030100,113634935,650302,36,,4131,2.3
36051030201,160070490,31218,36,,4993,17.31
36051030203,72961074,3090199,36,,2408,3.16
36051030204,98597516,143338,36,,3519,2.22
36051030300,8148997,0,36,,3415,8.7
36051030400,6810993,0,36,,3338,0.77
36051030500,973641,0,36,,2776,
36051030600,82596677,137228,36,,4143,6.4
36051030701,61958841,1170593,36,,2402,0.65
36051030702,37138512,6113709,36,,5083,4.07
36051030800,307694161,2214925,36,,4717,6.15
36051030900,5303317,0,36,,3258,11.78
36051031000,6019437,0,36,,902,
36051031101,126412574,17875,36,,1968,3.99
36051031102,96315741,7735375,36,,2300,2.94
36051031200,164552632,699940,36,,3707,12.62
36051031300,280587598,71747,36,,3797,6.19
36051031400,6199428,0,36,,4731,2.56
36053030101,2775434,0,36,,1959,15.63
36053030102,6232906,0,36,,4996,9.83
36053030103,48107414,211866,36,,3285,5.03
36053030200,79435468,46792,36,,3469,2.41
36053030300,14494802,13771,36,,5238,6.18
36053030401,8864610,10324,36,,5018,15.49
36053030402,77836104,209266,36,,3065,2.37
36053030403,78613052,233967,36,,3861,2.5
36053030404,24081124,99072,36,,2788,6.53
36053030501,7807878,0,36,,3205,2.22
36053030502,121542689,4785613,36,,3506,0
36053030601,144955591,222349,36,,3170,3.15
36053030602,145063448,276176,36,,3430,6.92
36053030701,115586283,2439864,36,,4107,6.53
36053030702,111526964,2576626,36,,1701,2.27
36053030800,294809939,3273172,36,,3321,10.3
36053030900,10589411,93115,36,,4081,5.82
36053031000,202190861,1691611,36,,5039,9.36
36053031100,201540058,507738,36,,2333,16.06
36055000200,1434049,58924,36,,2527,14.47
36055000700,574601,0,36,,1923,41.67
36055001000,1380452,0,36,,3437,19.3
36055001300,400989,0,36,,2165,35.34
36055001600,906982,0,36,,2905,45.27
36055001800,4646986,0,36,,5240,14.4
36055001900,1791626,110596,36,,2678,25.19
36055002000,1388982,90540,36,,5262,16.6
36055002100,1051692,0,36,,4377,24.5
36055002200,574200,0,36,,3173,52.09
36055002300,1131240,82079,36,,4198,50.61
36055002400,958766,0,36,,3297,26.3
36055002700,397274,0,36,,1377,24.51
36055002900,805895,0,36,,3953,13.11
36055003000,438635,0,36,,2176,7.74
36055003101,647467,0,36,,2614,8.73
36055003102,349275,0,36,,2004,9.63
36055003200,597260,96190,36,,1739,11.06
36055003300,371287,0,36,,1460,10.6
36055003400,696023,3804,36,,2368,6.71
36055003500,644315,18253,36,,1530,0
36055003600,744945,0,36,,2737,9.57
36055003700,873880,0,36,,2843,6.88
36055003806,2653173,0,36,,4284,13.15
36055003807,4589584,420485,36,,4592,3.33
36055003900,499962,26124,36,,1902,31.62
36055004000,356122,0,36,,1469,25.65
36055004100,509055,0,36,,1523,26.01
36055004602,600652,48202,36,,2295,21.24
36055004701,1934587,379246,36,,2744,21.01
36055004702,838418,0,36,,2473,18
36055004800,448238,0,36,,2181,22.34
36055004900,390559,0,36,,2385,36.64
36055005000,403675,0,36,,2217,34.1
36055005100,430507,0,36,,1178,33.24
36055005200,447362,0,36,,1498,35.03
36055005400,848559,0,36,,3789,12.45
36055005500,685080,0,36,,1695,44.04
36055005600,688142,0,36,,2198,55.87
36055005700,393817,0,36,,1650,29.72
36055005800,813815,0,36,,3459,41.41
36055005900,917785,0,36,,1712,22.25
36055006000,902895,0,36,,3426,0
36055006100,1389511,902,36,,2255,12.97
36055006200,710079,0,36,,2698,18.83
36055006300,720468,0,36,,3254,15.33
36055006400,655416,0,36,,2312,38.32
36055006500,453501,21552,36,,1760,71.39
36055006600,426993,0,36,,2099,22.38
36055006700,748461,0,36,,2971,7
36055006800,1022405,13673,36,,2831,5.84
36055006900,610660,61143,36,,1821,42.77
36055007000,998489,45579,36,,3413,9.72
36055007100,718465,0,36,,3154,17.54
36055007500,895158,0,36,,2699,22.58
36055007600,1303498,0,36,,2741,0
36055007700,1428501,0,36,,3001,12.83
36055007801,949490,0,36,,2591,0
36055007802,2074440,87355,36,,1598,0
36055007900,510325,0,36,,2020,31.28
36055008000,485912,0,36,,1904,30.24
36055008100,1523428,0,36,,4092,15.14
36055008200,709529,0,36,,2837,21.35
36055008301,1620881,0,36,,4028,20.65
36055008400,631543,0,36,,2810,43.02
36055008500,2232833,578016,36,,3558,0
36055008600,4489159,472616,36,,4505,11.28
36055008702,2555792,11878,36,,1521,48.66
36055008801,2846830,0,36,,6461,24.23
36055009200,982223,57766,36,,1206,45.7
36055009301,1096103,0,36,,1949,47.31
36055009302,459708,0,36,,2175,10.91
36055009401,521226,17868,36,,2131,0
36055009402,721505,27094,36,,2137,0
36055009403,21729,0,36,,771,
36055009404,493078,54114,36,,588,5.19
36055009500,929090,32461,36,,3054,12.19
36055009601,560549,0,36,,1602,32.03
36055009602,772602,0,36,,1154,50.22
36055009605,1202991,0,36,,2920,45.43
36055010100,2475519,761159,36,,3262,3.26
36055010200,4502581,7235,36,,4033,1.84
36055010300,2245838,0,36,,3860,1.61
36055010400,2364892,0,36,,4862,8.25
36055010500,6270804,2984,36,,4258,4.57
36055010601,2264039,1454,36,,2742,7.71
36055010602,3092636,945,36,,4063,1.86
36055010700,2054391,796772,36,,3411,6.71
36055010800,2779381,1180867,36,,3057,1.4
36055010901,1660638,0,36,,4370,17.68
36055010902,2822663,0,36,,3559,23.41
36055011000,4553221,1696606,36,,4861,0.66
36055011100,2261499,236170,36,,4486,2.39
36055011201,5084503,2297776,36,,3701,10.85
36055011203,3174941,501235,36,,2048,0
36055011205,8714645,4522,36,,5572,0.76
36055011207,6001853,7546,36,,4635,1.46
36055011209,2253781,0,36,,4662,2.29
36055011210,2668191,1708,36,,987,0
36055011302,14667224,705307,36,,5631,1.98
36055011303,17156499,564291,36,,2588,3.09
36055011304,8185293,230076,36,,4684,1.08
36055011401,13129908,18202,36,,3700,12.59
36055011402,3870989,962,36,,3968,0
36055011403,1894863,88370,36,,3100,4.67
36055011503,9778602,205523,36,,5343,1.79
36055011504,17902433,28897,36,,7648,0.69
36055011505,32676212,52333,36,,6038,0.57
36055011506,14390357,14363,36,,3996,0.93
36055011507,4842284,953413,36,,4332,5.87
36055011601,4814976,3492,36,,5279,7.5
36055011603,2251859,53170,36,,1197,25.88
36055011604,5529226,332697,36,,2826,4.24
36055011605,4264780,0,36,,2211,5.21
36055011705,4751519,174157,36,,2158,1.06
36055011707,11176314,91025,36,,6876,2.28
36055011708,25432580,50750,36,,3535,0.86
36055011709,11558717,190739,36,,3028,0
36055011710,7867912,96668,36,,6840,2.71
36055011711,2255281,1130,36,,1892,10.99
36055011712,5834167,44681,36,,5229,3.53
36055011800,3942035,95914,36,,5441,18.47
36055011901,7805992,48533,36,,5814,2.3
36055011903,2237853,63864,36,,2215,2.09
36055011904,5692117,99041,36,,4093,0.66
36055012000,1212436,9379,36,,2590,6.54
36055012100,2202703,0,36,,3673,7.63
36055012201,9289013,13476,36,,6135,0
36055012202,6187599,106162,36,,3676,1.46
36055012301,8987409,261909,36,,5827,1.18
36055012304,7122044,31042,36,,4349,0.48
36055012305,10089266,30917,36,,4103,0.6
36055012307,12965601,129268,36,,2363,0
36055012308,5401478,7678,36,,3949,0
36055012401,11974757,221158,36,,3041,1.08
36055012402,90262772,1111250,36,,6019,4.63
36055012500,4971446,65973,36,,4229,1.41
36055012600,5512476,0,36,,4827,6.37
36055012700,2059461,1098,36,,3961,1.27
36055012800,2380340,0,36,,4849,10.05
36055012900,4394069,5620,36,,5333,0
36055013003,1442776,0,36,,1445,0
36055013004,3106038,36841,36,,5307,6.21
36055013005,8781745,217975,36,,4435,5.35
36055013006,7245644,170031,36,,2247,21.05
36055013101,11477447,50470,36,,6968,4.63
36055013103,5971752,199757,36,,7363,0
36055013104,11284033,19034,36,,4398,8.67
36055013203,7441049,24802,36,,6319,2.66
36055013205,12674815,179437,36,,6064,9.19
36055013206,14435492,197541,36,,7178,6.24
36055013207,21021457,87605,36,,6172,2.55
36055013208,7180845,5936,36,,2672,0
36055013300,78558657,966740,36,,3466,2.79
36055013401,4416584,474353,36,,4039,13.27
36055013402,11691753,8972072,36,,3352,0
36055013503,16518668,419278,36,,5705,0.9
36055013505,2462548,0,36,,3485,9.22
36055013507,5342372,0,36,,6248,3.25
36055013508,10067796,0,36,,4284,2.15
36055013509,2628869,0,36,,2531,0
36055013510,3919596,0,36,,3696,2.83
36055013511,4664580,0,36,,1840,5.78
36055013601,2418783,0,36,,4161,7.52
36055013603,7775595,0,36,,5175,0
36055013604,4909207,0,36,,5646,15.95
36055013701,1437215,0,36,,2259,5.84
36055013702,2690746,0,36,,3784,12.38
36055013800,2280236,0,36,,6097,9.93
36055013901,2258111,0,36,,4206,6.55
36055013902,1359539,0,36,,4184,20.33
36055014001,4993540,0,36,,5106,4.89
36055014003,2536592,0,36,,4666,5.27
36055014004,3070748,0,36,,4031,18.97
36055014102,5041952,0,36,,3527,3.94
36055014103,4337766,0,36,,4413,5.35
36055014104,16235850,214144,36,,3406,7.78
36055014202,14642977,44502,36,,7479,4.37
36055014204,3701516,1568,36,,2388,0.57
36055014205,1821616,0,36,,2893,3.62
36055014206,2306905,0,36,,3848,3.29
36055014301,2762436,66653,36,,3273,10.74
36055014302,5126600,30655,36,,4576,13.69
36055014400,8862089,48116,36,,4681,4.28
36055014501,6436069,58662,36,,4877,2.28
36055014503,3428322,4501,36,,3018,4.22
36055014504,7059062,0,36,,5876,0.91
36055014505,5597318,1533,36,,4495,5.51
36055014601,26334540,114145,36,,5419,0.57
36055014602,51491952,810828,36,,5385,9.03
36055014700,78763778,676603,36,,4860,1.91
36055014802,66899350,0,36,,5505,0.94
36055014803,26950131,2505377,36,,3896,0.61
36055014805,7806625,0,36,,3206,6.07
36055014806,7165043,0,36,,3533,6.09
36055014901,9409613,206423,36,,5662,5.61
36055014903,53431002,309837,36,,5440,3.65
36055014905,12503641,16218,36,,5731,5.41
36055014906,19133430,131908,36,,3395,5.39
36055015000,90548786,689230,36,,5552,4.61
36055015101,52362502,1639036,36,,4957,6.9
36055015102,59651728,1833014,36,,3746,7.38
36055015200,85932910,12721,36,,6851,7.64
36055015301,947732,15603,36,,2358,0
36055015303,3296274,0,36,,3136,7.14
36055015304,4852228,144675,36,,3550,11.99
36055015400,78134298,233729,36,,4258,4.14
36055980000,5584745,67839,36,,0,
36055980100,3106156,698650,36,,38,0
36055980200,2945012,15147,36,,22,
36055990000,0,1799140350,36,,0,
36057070200,4263700,471984,36,,1953,8.61
36057070300,738827,0,36,,2183,20.6
36057070400,1238753,205221,36,,2533,18.06
36057070500,2382203,0,36,,2736,8.46
36057070600,1175689,83565,36,,2122,20.31
36057070700,1834290,41152,36,,2293,5.3
36057070800,2337221,6801,36,,3125,25.16
36057070900,1239481,193108,36,,1217,34.6
36057072100,76771613,1896358,36,,5562,10.58
36057072200,89823021,1845430,36,,3565,9.31
36057072300,106373634,1630284,36,,3204,7.74
36057072400,43619996,1342387,36,,2575,12.29
36057072500,132079818,1140910,36,,4172,10.96
36057072600,110341361,1293090,36,,3645,3.08
36057072700,231206460,2936797,36,,4507,5.7
36057072800,238626568,5526436,36,,4069,3.1
36059300100,8699839,8236254,36,,5614,0
36059300300,1631259,0,36,,4692,6.58
36059300400,1798822,70057,36,,6376,6.04
36059300500,3210038,954080,36,,5970,8.76
36059300600,2772951,0,36,,6813,4.76
36059300700,745622,0,36,,6597,2.48
36059300800,1375443,0,36,,3986,5.93
36059300901,4792700,128626,36,,2817,0.88
36059300902,7140468,0,36,,5419,1.9
36059301000,15113799,12559851,36,,5607,1.47
36059301101,1215967,428449,36,,6934,6.57
36059301102,1824924,47188,36,,5157,2.18
36059301200,2303100,2178891,36,,6227,0
36059301300,1701862,0,36,,5650,3.21
36059301400,2576356,764103,36,,2198,1.02
36059301500,3148252,589744,36,,3107,3.97
36059301600,4175019,0,36,,4793,1.21
36059301700,1336745,0,36,,2794,5.44
36059301800,4646610,88851,36,,4542,4.45
36059301900,1530705,0,36,,3188,0.55
36059302000,5459883,783562,36,,5487,3.42
36059302101,3740384,0,36,,4436,2.64
36059302102,2595293,0,36,,3526,0
36059302200,1646841,0,36,,3919,1.02
36059302300,2413224,0,36,,4786,3.01
36059302400,1758559,0,36,,4859,1.03
36059302501,2179216,0,36,,2962,2.51
36059302502,14429766,0,36,,2762,4.53
36059302600,476276,0,36,,2484,0
36059302700,1022902,0,36,,3979,1.41
36059302800,2208945,0,36,,5951,1.14
36059302900,1882905,55729,36,,4424,2.91
36059303000,1216983,0,36,,5988,2.73
36059303101,1531360,0,36,,3789,0.73
36059303102,1483898,0,36,,4077,4.81
36059303203,1001282,0,36,,3116,2.32
36059303204,1569520,10307,36,,5060,1.26
36059303301,681229,0,36,,2707,4.1
36059303302,940760,0,36,,4801,2.18
36059303400,1472850,0,36,,2627,2.14
36059303500,1352298,0,36,,5683,1.98
36059303600,1720896,0,36,,8157,7.24
36059303700,1731005,0,36,,7242,4.63
36059303800,2481987,0,36,,5094,2.38
36059303900,2338402,0,36,,4120,0
36059304001,730731,0,36,,2462,0
36059304002,1298691,0,36,,4808,5.44
36059304100,1738799,0,36,,4599,2.6
36059304202,2085150,0,36,,3222,1.71
36059304203,1018335,0,36,,5364,10.07
36059304204,727370,0,36,,5628,4
36059404300,648857,0,36,,3265,1.21
36059404400,1162430,0,36,,4842,2.17
36059404500,1049828,0,36,,4419,1.77
36059404600,991771,34951,36,,4280,3.51
36059404700,1547690,0,36,,6183,3.57
36059404800,2934197,30398,36,,5911,5.91
36059404901,1139986,0,36,,5139,1.55
36059404902,633630,0,36,,5008,4.94
36059405000,1793482,0,36,,5906,1.06
36059405100,1675508,0,36,,8588,1.18
36059405200,906127,0,36,,7687,1.63
36059405301,953398,0,36,,3303,7.06
36059405302,1038432,0,36,,4470,2.63
36059405400,1646150,0,36,,7655,8.65
36059405500,1249206,0,36,,5884,3.32
36059405600,1057646,0,36,,4137,0.09
36059405700,1514086,0,36,,5110,4.1
36059405800,1032894,0,36,,4077,1.52
36059405900,1820850,3840,36,,5695,0.71
36059406001,1325888,0,36,,5343,1.65
36059406002,900209,0,36,,3368,4.41
36059406100,928863,0,36,,2903,4.77
36059406201,1907905,178302,36,,3453,0.96
36059406202,2591953,505775,36,,5794,9.82
36059406300,1420662,0,36,,3985,0
36059406400,4675921,67684,36,,6545,1.09
36059406501,4604599,3799,36,,7025,3.27
36059406600,2815607,0,36,,4361,1.81
36059406701,1002286,12386,36,,2386,15.75
36059406702,917106,0,36,,4730,15.48
36059406801,807402,0,36,,4553,7.25
36059406802,398467,0,36,,5697,12.53
36059406900,1117982,0,36,,7896,8.73
36059407000,1318434,0,36,,9508,18.76
36059407101,1031722,0,36,,5614,9.97
36059407102,1178973,0,36,,7182,1.58
36059407201,522977,0,36,,4393,36.78
36059407203,642237,0,36,,3845,16.29
36059407204,621376,0,36,,2765,2.55
36059407301,7765480,0,36,,6672,5.81
36059407302,1611205,0,36,,5735,6.41
36059407401,1080172,0,36,,5650,0
36059407402,1474880,0,36,,4228,3.46
36059407501,1537826,0,36,,4732,8.79
36059407502,1322524,0,36,,6620,6.94
36059407600,2015559,0,36,,5694,0
36059407700,5926560,23020,36,,5137,3.19
36059407801,1983103,40187,36,,5660,2.44
36059407802,516507,0,36,,1070,5
36059407900,1938188,0,36,,5403,0
36059408000,1919254,0,36,,6333,1.12
36059408100,2220606,38289,36,,6569,8.08
36059408200,2124884,0,36,,6421,5.52
36059408300,2200044,0,36,,6907,0.91
36059408400,1439470,18421,36,,3768,0
36059408500,2129777,0,36,,6428,1.82
36059408600,1464552,0,36,,4237,1.44
36059408700,1366866,0,36,,4978,2.01
36059408800,2220538,0,36,,6723,5.58
36059408900,2017197,0,36,,5900,3.36
36059409000,2348692,0,36,,5782,1.91
36059409100,1913818,41299,36,,5214,4.18
36059409200,2030541,0,36,,6045,1.49
36059409300,1433536,23365,36,,4238,3.87
36059409400,1391381,0,36,,4382,5.29
36059409500,1456614,0,36,,4058,2.27
36059409600,2135555,23421,36,,5144,1.44
36059409700,1728447,0,36,,4035,2.19
36059409800,1567566,83143,36,,5807,0
36059409900,1733589,0,36,,8117,3.75
36059410000,1528559,0,36,,3832,0
36059410100,2019045,0,36,,5895,5.75
36059410200,1281837,0,36,,3817,2.36
36059410300,1246545,0,36,,6487,1.21
36059410400,1434556,0,36,,5176,1.46
36059410500,1997208,38959,36,,8529,3.11
36059410600,1645017,0,36,,7693,3.12
36059410700,1413674,0,36,,6962,4.24
36059410800,1270439,5654,36,,5431,1.69
36059410900,2252667,0,36,,6177,4.63
36059411000,3233967,1602743,36,,6614,14.17
36059411100,896873,0,36,,5350,9.78
36059411200,1747711,0,36,,7306,4.45
36059411301,2027545,524597,36,,4432,4.44
36059411302,2496333,87180,36,,6625,0
36059411400,2159836,0,36,,7141,1.37
36059411500,4168774,563223,36,,2940,1.49
36059411600,9628551,2385189,36,,6771,0
36059411700,2280770,45437,36,,7599,4.78
36059411800,1781966,0,36,,6540,2.98
36059411901,861449,0,36,,3471,7.21
36059411902,819057,0,36,,3801,3.14
36059412000,1812673,0,36,,6439,9.51
36059412100,1714382,0,36,,6284,0.88
36059412200,2222417,296136,36,,5560,4.97
36059412301,1190717,53696,36,,3884,10.36
36059412302,1120606,0,36,,3509,0.75
36059412400,1691882,76832,36,,5729,0
36059412500,1463234,90426,36,,4133,0.74
36059412600,1681812,0,36,,3995,0.97
36059412700,1275427,0,36,,4557,5.16
36059412800,1497817,0,36,,3350,0
36059412900,1988680,22805,36,,6011,2.42
36059413001,1239506,51197,36,,3742,0.65
36059413002,1580674,254297,36,,4737,3.01
36059413100,1535981,0,36,,4903,0
36059413200,2505996,118255,36,,5787,3.6
36059413300,2184567,27354,36,,6979,0
36059413400,3722723,849010,36,,5759,0.62
36059413500,2000605,0,36,,7717,5.56
36059413600,1849986,22580,36,,5760,2.56
36059413700,1817573,39370,36,,5639,1.86
36059413803,1805280,448675,36,,4469,4.89
36059413804,1192867,1008410,36,,3999,5.59
36059413900,1824612,0,36,,8825,2.11
36059414001,1396097,23348,36,,5420,2.93
36059414002,1364286,3242,36,,5391,0.9
36059414100,1782899,0,36,,7307,0.88
36059414201,952547,0,36,,5587,3.72
36059414202,797007,0,36,,4695,17.14
36059414301,919177,11959,36,,2704,1.26
36059414303,1209333,14161,36,,5599,1.69
36059414304,663723,0,36,,3581,0
36059414400,2570853,197950,36,,5354,7.79
36059414501,1424484,197900,36,,5597,1.79
36059414502,1537351,335129,36,,3678,1.13
36059414600,1501297,0,36,,3922,0
36059414700,1511106,0,36,,4854,3.35
36059414800,2393352,0,36,,6451,2.11
36059414900,2263277,0,36,,7897,0.43
36059415000,2230822,50940,36,,6351,2.37
36059415101,1175793,0,36,,2492,2.53
36059415102,3835908,1936560,36,,4993,0.59
36059415201,1603833,19264,36,,3523,0.8
36059415202,1465124,1022805,36,,4457,4.2
36059415300,1929270,14967,36,,5958,0.64
36059415401,2451976,378460,36,,5049,2.03
36059415402,1729313,1196240,36,,4645,0
36059415500,1065538,0,36,,2537,0
36059415600,3195130,179431,36,,5331,2.03
36059415700,4154074,589454,36,,5809,3.2
36059415802,2569865,0,36,,6824,0
36059416000,1809069,0,36,,4275,3.83
36059416100,3023278,91257,36,,6791,0
36059416201,6738510,6842362,36,,3574,2.58
36059416202,1151846,0,36,,4958,6.28
36059416300,2462481,3526181,36,,3219,2.01
36059416401,591826,598180,36,,4290,5.62
36059416402,593318,500813,36,,2706,0
36059416500,1137273,304285,36,,6165,13.42
36059416600,1140239,1215917,36,,5409,1.59
36059416701,875923,61819,36,,5223,2.92
36059416702,402467,797027,36,,4461,2.05
36059416801,501435,114606,36,,2210,3.68
36059416802,501212,750008,36,,4277,1
36059416900,31216057,40356729,36,,3638,12.65
36059517000,5757319,4574791,36,,3413,4.28
36059517101,2309520,937244,36,,5765,2.95
36059517102,1569101,0,36,,2380,0
36059517201,1240820,0,36,,4034,13.95
36059517202,1468175,0,36,,3829,38.24
36059517301,2459603,0,36,,3156,4.1
36059517302,2439379,0,36,,5524,6.11
36059517400,2887408,2192567,36,,5037,0
36059517500,2932416,240340,36,,3858,1.74
36059517600,4254606,0,36,,4575,0.68
36059517701,37303230,3279,36,,7866,1.61
36059517705,14668805,29514,36,,2464,2.25
36059517801,23387782,2484923,36,,3980,5.15
36059517802,2347239,49171,36,,3591,3.44
36059517901,2824798,2623441,36,,4846,1.4
36059517902,4194430,24480465,36,,2794,2.19
36059518000,3274888,957757,36,,6900,7.74
36059518100,2724886,0,36,,2703,0
36059518201,21823520,8297147,36,,4202,2.29
36059518203,6827389,16200,36,,4354,3.99
36059518204,6142104,24988,36,,4916,3.99
36059518300,4303477,0,36,,5715,0.68
36059518400,3114568,0,36,,4311,0
36059518501,6761361,0,36,,6771,1.69
36059518502,1187420,0,36,,3211,3.37
36059518600,2675513,0,36,,4218,1.48
36059518700,3696214,0,36,,5248,7.85
36059518800,1771028,0,36,,3000,3.02
36059518900,4221022,9334,36,,7788,3.94
36059519000,2349741,0,36,,6183,0
36059519100,2152683,0,36,,6164,10.95
36059519200,2064907,0,36,,6618,3.08
36059519300,3537970,26486,36,,6469,0.97
36059519400,1279432,0,36,,4377,5.17
36059519500,1985884,0,36,,6269,2.57
36059519601,1556121,0,36,,4374,1.46
36059519602,969179,0,36,,2089,0.83
36059519702,6269606,27297,36,,5683,0
36059519703,1549122,0,36,,3598,1.44
36059519704,1470399,0,36,,3076,2.03
36059519801,829388,0,36,,2426,0
36059519802,2181314,0,36,,5005,0.96
36059519900,2144850,0,36,,5610,2.9
36059520001,4496066,0,36,,7181,3.47
36059520002,2620365,0,36,,4543,1.18
36059520100,10786324,8861,36,,6179,3.11
36059520200,1395500,0,36,,3290,7.13
36059520300,2240742,0,36,,5640,0.52
36059520401,1516230,0,36,,4312,2.49
36059520402,1317647,0,36,,4138,2.69
36059520501,1515252,0,36,,3920,1.9
36059520502,2226702,10630,36,,5181,4.42
36059520600,1924981,0,36,,5852,0.76
36059520700,1673327,0,36,,4796,1.79
36059520800,1601963,0,36,,4221,1.75
36059520900,1738453,0,36,,4507,5.2
36059521000,2753454,13315,36,,4513,6
36059521100,1565182,0,36,,4390,0
36059521200,1332762,61750,36,,2922,1.96
36059521301,1510865,152957,36,,2616,0
36059521302,2133724,355154,36,,5175,4.67
36059521400,2674514,552168,36,,6719,1.2
36059521500,1384927,0,36,,5010,5.22
36059521601,1366084,0,36,,4533,1.08
36059521602,1063068,0,36,,3130,2.4
36059521700,1862882,143952,36,,4312,3.55
36059521801,1642068,0,36,,3797,0
36059521802,2018983,20859,36,,3988,0.28
36059521902,11541361,22009850,36,,4453,0.76
36059522000,2852603,206540,36,,7904,3.58
36059522700,1926933,0,36,,4818,1.89
36059980100,273319,0,36,,950,
36059981100,1134476,0,36,,921,
36059982100,2792616,0,36,,1087,
36059990100,0,13640682,36,,0,
36059990200,0,27086403,36,,0,
36059990301,0,67474483,36,,0,
36059990302,0,37600401,36,,0,
36059990400,0,123010725,36,,0,
36061000100,76389,0,36,,0,
36061000201,90233,75976,36,,2568,44.26
36061000202,310040,428737,36,,6934,20.4
36061000500,843918,3485553,36,,0,
36061000600,240406,176018,36,,10179,28.97
36061000700,253229,246239,36,,9008,0
36061000800,220708,167906,36,,8889,29.71
36061000900,298886,476839,36,,1860,4.08
36061001001,80143,244297,36,,1720,4.21
36061001002,199682,245138,36,,6098,43.83
36061001200,120597,0,36,,4364,13.01
36061001300,317216,0,36,,5371,1.39
36061001401,93505,0,36,,3395,0
36061001402,113920,0,36,,3449,31.82
36061001501,270812,166085,36,,7777,8.09
36061001502,208794,145770,36,,8485,9.25
36061001600,207381,0,36,,7040,6.92
36061001800,222964,0,36,,6702,12.49
36061002000,126279,137883,36,,4793,37.38
36061002100,237229,0,36,,7944,0
36061002201,161668,0,36,,6437,22.99
36061002202,56108,0,36,,2407,10.14
36061002400,182337,470265,36,,4019,36.17
36061002500,131517,94115,36,,5070,41.31
36061002601,106047,0,36,,4329,24.03
36061002602,103690,0,36,,3431,3.11
36061002700,59282,0,36,,1191,3.81
36061002800,183626,0,36,,6234,19.1
36061002901,145055,0,36,,789,57.69
36061002902,123830,0,36,,3832,22.17
36061003001,124150,0,36,,4073,19.06
36061003002,78532,0,36,,2964,38.48
36061003100,204969,0,36,,2770,6.7
36061003200,217682,0,36,,7740,8.53
36061003300,341677,0,36,,5574,0.93
36061003400,160257,0,36,,6474,31.78
36061003601,99812,0,36,,2935,14.17
36061003602,89011,0,36,,3461,9.32
36061003700,383379,331291,36,,3528,1.13
36061003800,202370,0,36,,7393,0
36061003900,331071,466393,36,,6180,6.69
36061004001,91742,0,36,,3615,15.44
36061004002,86590,0,36,,6250,4.08
36061004100,191278,0,36,,6815,7.12
36061004200,85567,0,36,,5302,4.05
36061004300,149239,0,36,,3590,12.16
36061004400,410012,465240,36,,16684,0
36061004500,104948,0,36,,1047,0.85
36061004700,165420,0,36,,2619,3.28
36061004800,175762,0,36,,6660,1.65
36061004900,207318,0,36,,4568,3.87
36061005000,166468,0,36,,4780,0
36061005200,168893,0,36,,3349,1.02
36061005400,167959,0,36,,4721,0
36061005501,124447,0,36,,5581,4.01
36061005502,115486,0,36,,1933,4.14
36061005600,174425,0,36,,4071,0
36061005700,108047,0,36,,2865,1.96
36061005800,174669,0,36,,4412,15.36
36061005900,116175,0,36,,5098,2.37
36061006000,118944,300815,36,,5279,2.79
36061006100,142178,0,36,,4970,0
36061006200,293517,862275,36,,4303,0
36061006300,178188,0,36,,5843,0
36061006400,179194,0,36,,7939,17.79
36061006500,201127,0,36,,5227,4.84
36061006600,174701,0,36,,11510,0
36061006700,168483,0,36,,4928,0
36061006800,174441,0,36,,7144,0
36061006900,220486,284380,36,,2570,0
36061007001,89729,0,36,,4195,0.13
36061007002,87605,0,36,,3676,0
36061007100,164997,0,36,,5364,0
36061007200,175015,0,36,,7224,1.16
36061007300,165299,0,36,,5744,2.25
36061007400,174085,0,36,,5257,14.11
36061007500,165732,292506,36,,3814,2.61
36061007600,174274,0,36,,2455,11.66
36061007700,178780,0,36,,5584,1.79
36061007800,177474,0,36,,8412,4.56
36061007900,274202,533311,36,,4514,0
36061008000,172626,0,36,,5292,11.99
36061008100,174305,0,36,,6331,0
36061008200,172401,0,36,,3346,2.83
36061008300,174158,0,36,,3629,21.85
36061008400,173067,0,36,,1660,2.47
36061008601,125340,499842,36,,3197,4.4
36061008602,106507,317001,36,,0,
36061008603,116889,153941,36,,5188,0.81
36061008700,165443,0,36,,5712,5.31
36061008800,179257,0,36,,7096,10.86
36061008900,165578,0,36,,5849,18.81
36061009000,174696,0,36,,7308,0
36061009100,179098,0,36,,6445,5.76
36061009200,197023,0,36,,1408,6.39
36061009300,179099,0,36,,9699,8.71
36061009400,152754,0,36,,77,0
36061009500,171964,0,36,,3482,0
36061009600,175330,0,36,,474,0
36061009700,172933,0,36,,4477,20.38
36061009800,177061,0,36,,8389,17.49
36061009901,391156,573879,36,,1884,3.32
36061009902,187991,203370,36,,3890,2.14
36061009903,420391,437607,36,,1061,0
36061010000,172894,0,36,,1651,3.32
36061010100,175520,0,36,,1923,0
36061010200,172891,0,36,,244,9.76
36061010300,174468,0,36,,3083,4.92
36061010400,173230,0,36,,960,3.02
36061010601,121959,130046,36,,7562,1.43
36061010602,124970,73073,36,,5006,3.93
36061010801,70801,0,36,,3476,4.43
36061010802,57401,0,36,,4094,3.49
36061010803,54399,0,36,,1840,0
36061010900,175741,0,36,,200,0
36061011000,176516,0,36,,6955,0
36061011100,175464,0,36,,4767,11.51
36061011201,79536,0,36,,950,6.17
36061011202,78008,0,36,,520,0
36061011203,77947,0,36,,1053,0
36061011300,175653,0,36,,122,0
36061011401,98508,0,36,,1138,2.96
36061011402,98800,0,36,,2283,2.8
36061011500,175590,0,36,,3929,23.89
36061011600,195582,132931,36,,3346,0
36061011700,196623,176858,36,,5051,5.5
36061011800,176762,0,36,,9462,4.08
36061011900,177591,0,36,,1174,0
36061012000,173025,0,36,,3199,5.5
36061012101,89046,0,36,,3110,9.62
36061012102,89113,0,36,,4850,4.96
36061012200,172615,0,36,,3008,0
36061012400,171573,75103,36,,9788,1.87
36061012500,174253,0,36,,2635,8.51
36061012601,94351,0,36,,7288,1.46
36061012602,89310,0,36,,4550,0
36061012700,174025,0,36,,6786,3.24
36061012800,178794,0,36,,4914,2.2
36061012901,219166,206400,36,,7091,2.17
36061012902,207689,200260,36,,2647,7.91
36061013000,178225,0,36,,3272,2.36
36061013100,174135,0,36,,3235,8.16
36061013201,78040,92932,36,,2316,0
36061013202,68947,0,36,,3649,0
36061013203,53878,0,36,,4291,40.13
36061013300,174355,0,36,,6510,11.81
36061013400,181768,0,36,,10647,0
36061013501,201006,175337,36,,5154,0.96
36061013502,231316,248165,36,,5828,8.65
36061013601,37574,111000,36,,1711,1.4
36061013602,56420,0,36,,6244,1.79
36061013603,53825,0,36,,4426,2.12
36061013604,71689,0,36,,3488,0
36061013700,226356,0,36,,6352,2.72
36061013800,182092,0,36,,11868,0
36061013900,181585,0,36,,9316,0
36061014000,179112,0,36,,7932,3.53
36061014200,178985,0,36,,4092,5.74
36061014300,2992159,567106,36,,0,
36061014401,74321,0,36,,4718,0
36061014402,176870,0,36,,7257,1.12
36061014500,177137,0,36,,6857,1.13
36061014601,74344,0,36,,3621,2.11
36061014602,109174,0,36,,8543,3.37
36061014700,65417,0,36,,3044,6.11
36061014801,51979,0,36,,2858,0
36061014802,125621,0,36,,6377,4.13
36061014900,174054,0,36,,5873,0
36061015001,51643,0,36,,2018,1.83
36061015002,125571,0,36,,4558,0.3
36061015101,109612,0,36,,2860,43.49
36061015102,223442,310785,36,,8963,13.94
36061015200,189340,529192,36,,8240,16.55
36061015301,86794,0,36,,4698,0
36061015302,87313,0,36,,5570,0
36061015401,70965,0,36,,4986,10.84
36061015402,54705,0,36,,3841,10.7
36061015403,51715,0,36,,5015,2.43
36061015501,86090,0,36,,5057,8.43
36061015502,111294,216066,36,,5475,6.77
36061015601,73562,0,36,,4992,8.43
36061015602,108763,0,36,,2139,13.84
36061015700,182390,0,36,,10613,3.14
36061015801,125753,0,36,,5384,6.21
36061015802,51508,0,36,,4397,4.67
36061015900,175135,111869,36,,9202,1.5
36061016001,125615,0,36,,3029,0
36061016002,51427,0,36,,3133,0
36061016100,155737,0,36,,6177,0
36061016200,272018,832556,36,,8862,58.91
36061016300,263617,358433,36,,7013,0.72
36061016400,177386,0,36,,7850,39.51
36061016500,204327,0,36,,7253,3.4
36061016600,174220,0,36,,6011,17.67
36061016700,196979,142852,36,,7504,1.16
36061016800,199277,0,36,,4755,25.36
36061016900,180002,0,36,,8202,9.68
36061017000,182917,0,36,,8746,30.67
36061017100,217834,195246,36,,8327,9.4
36061017200,177939,0,36,,4967,30.86
36061017300,178602,0,36,,8764,1.22
36061017401,100812,0,36,,5218,19.45
36061017402,50730,0,36,,2529,17.32
36061017500,216905,192617,36,,10151,0
36061017700,174558,0,36,,9586,10.84
36061017800,248850,209809,36,,4050,34.74
36061017900,213907,189883,36,,9319,7.61
36061018000,212522,0,36,,6621,38.03
36061018100,138438,0,36,,8339,4.98
36061018200,176900,0,36,,7175,24.81
36061018300,224323,187255,36,,8493,5.62
36061018400,176581,0,36,,7818,17.94
36061018500,130395,0,36,,4950,0
36061018600,121738,0,36,,6009,16.33
36061018700,218111,185382,36,,10321,0
36061018800,148532,0,36,,5071,57.19
36061018900,265404,0,36,,10371,31.13
36061019000,103795,0,36,,3849,11.1
36061019100,223477,177936,36,,8670,0
36061019200,189850,175645,36,,4365,52.25
36061019300,175714,0,36,,9652,7.4
36061019400,175057,0,36,,6487,24.02
36061019500,218436,169837,36,,7457,2.49
36061019600,177186,0,36,,4067,28.4
36061019701,235976,0,36,,999,15.08
36061019702,47397,0,36,,2660,2.73
36061019800,225452,0,36,,2534,2.52
36061019900,226590,198119,36,,9013,3.07
36061020000,129294,0,36,,2954,2.86
36061020101,55126,0,36,,1976,0
36061020102,83350,0,36,,4045,10.13
36061020300,178225,0,36,,3930,12.43
36061020500,281121,381877,36,,5606,2.59
36061020600,148748,0,36,,3411,12.42
36061020701,47273,0,36,,2856,10.41
36061020800,148566,0,36,,5573,17.5
36061020901,115806,0,36,,3382,35.07
36061021000,203714,116287,36,,6324,33.98
36061021100,347995,304929,36,,10222,20.3
36061021200,176396,0,36,,4905,9.85
36061021303,153292,0,36,,6381,12.29
36061021400,135576,0,36,,2902,23.28
36061021500,69708,0,36,,4054,14.32
36061021600,173198,0,36,,9151,8.16
36061021703,313863,0,36,,211,
36061021800,181869,0,36,,5931,10.6
36061021900,279413,189776,36,,5400,59.57
36061022000,174954,0,36,,6102,13.11
36061022102,99000,0,36,,2365,10.79
36061022200,181422,0,36,,3501,19.3
36061022301,186810,133262,36,,7270,22.29
36061022302,60089,97199,36,,2998,24.59
36061022400,194691,0,36,,6931,27.19
36061022500,262466,142349,36,,10605,26.51
36061022600,152983,0,36,,5052,12.04
36061022700,150708,0,36,,5694,13.11
36061022800,180633,0,36,,6548,12.58
36061022900,211053,136745,36,,8471,28.5
36061023000,173688,0,36,,9357,38.4
36061023100,182674,0,36,,6824,23.61
36061023200,180488,0,36,,9279,39.79
36061023300,232212,294444,36,,7181,11.58
36061023400,108228,0,36,,5244,33.53
36061023501,179045,0,36,,7177,11.29
36061023502,41338,0,36,,1872,41.44
36061023600,263164,127979,36,,10061,15.79
36061023700,271911,280838,36,,6578,26.9
36061023802,243418,313651,36,,5094,5.13
36061023803,105044,104534,36,,3514,13.1
36061023804,247417,414132,36,,3390,10.76
36061023900,63850,0,36,,2992,16.09
36061024000,2183933,793007,36,,2366,
36061024100,178781,212490,36,,8068,19.37
36061024200,347358,135919,36,,5603,30.25
36061024301,105194,0,36,,4596,13.69
36061024302,213258,113258,36,,7234,41.9
36061024500,212070,0,36,,13985,22.52
36061024700,256348,410802,36,,6135,15.3
36061024900,60659,0,36,,1061,3.05
36061025100,159422,0,36,,2698,22.14
36061025300,169344,0,36,,10195,13.24
36061025500,441356,605826,36,,5474,14.31
36061025700,144062,0,36,,4601,12.23
36061025900,75465,0,36,,4713,13.57
36061026100,156222,0,36,,11613,28.96
36061026300,157208,0,36,,7997,21.56
36061026500,195037,0,36,,8036,9.49
36061026700,47339,0,36,,2053,10.4
36061026900,175569,0,36,,7676,15.72
36061027100,192909,0,36,,7583,6.19
36061027300,176924,0,36,,7317,1.46
36061027500,279711,863167,36,,3089,2.83
36061027700,163262,0,36,,6698,26.27
36061027900,180013,0,36,,10035,11.57
36061028100,94229,0,36,,3222,1.94
36061028300,151093,0,36,,8132,16.4
36061028500,121940,0,36,,7712,24.82
36061028700,532368,1009529,36,,4001,7.07
36061029100,187477,0,36,,10831,15.18
36061029300,157076,0,36,,8677,25
36061029500,135565,0,36,,7542,6.12
36061029700,948118,1003977,36,,14,
36061029900,620159,318812,36,,3430,18.01
36061030300,156650,0,36,,3823,4.84
36061030700,84374,0,36,,3906,0
36061030900,302756,0,36,,10529,31.8
36061031100,730773,312736,36,,0,
36061031703,248049,508859,36,,5960,1.91
36061031704,225042,504190,36,,10147,0.51
36061031900,99257,324477,36,,0,
36063020100,2355061,200180,36,,3516,2.97
36063020200,2279766,0,36,,2756,59.53
36063020300,6266564,112763,36,,2032,10.29
36063020400,653205,0,36,,1441,14.13
36063020500,1253976,170478,36,,1896,12.2
36063020600,499639,0,36,,1337,16.96
36063020700,610315,0,36,,2705,26.66
36063020900,723849,0,36,,2291,46.59
36063021000,793298,0,36,,2818,16.73
36063021100,2086493,1352393,36,,1575,42.86
36063021200,1653439,414602,36,,1914,26.67
36063021300,492307,0,36,,2190,49.67
36063021400,641334,0,36,,2239,12.74
36063021700,5022651,3116466,36,,3278,11.2
36063022000,2885784,220623,36,,3542,17.31
36063022100,1745968,0,36,,2131,10.65
36063022200,2107449,1526411,36,,3585,15.8
36063022300,1272654,0,36,,2438,5.64
36063022401,1754488,0,36,,1898,3.39
36063022500,1372957,0,36,,2616,2.65
36063022601,9036817,0,36,,2170,8.21
36063022602,15525897,0,36,,5672,11.01
36063022702,70153542,699417,36,,6993,6.97
36063022713,5843855,0,36,,3408,0
36063022714,12226917,1736902,36,,4222,1.47
36063022715,17442670,0,36,,2208,1.52
36063022716,6390792,41149,36,,3370,5.95
36063022717,30368286,0,36,,5343,6
36063022803,2278114,0,36,,3439,1.43
36063022804,3758531,23408,36,,3404,5.84
36063022901,1723760,1081642,36,,2240,17.41
36063022902,2947960,0,36,,2589,1.91
36063023001,908340,159468,36,,2253,17.82
36063023100,1110687,51577,36,,2249,16.27
36063023200,1890586,584786,36,,2977,10.94
36063023301,5406105,176641,36,,3048,1.55
36063023302,1920039,0,36,,3579,15.56
36063023401,57430586,80995,36,,6748,6.12
36063023402,31497342,53399,36,,4523,0.46
36063023404,24015673,0,36,,5005,4.96
36063023405,3199503,0,36,,4239,5.66
36063023500,4842913,39748,36,,2639,10.07
36063023600,7706715,41862,36,,4147,21.76
36063023700,899496,21476,36,,2054,29.58
36063023800,1472621,0,36,,3335,17.81
36063023901,3381516,15398,36,,4058,5.04
36063023902,3452062,0,36,,4466,6.83
36063024001,179317661,804615,36,,5821,1.51
36063024002,2258057,0,36,,1931,8.09
36063024101,135292256,96733,36,,3591,3.64
36063024102,96109920,3325140,36,,3072,8.19
36063024201,74609168,0,36,,6634,1.61
36063024202,59612748,4292154,36,,2629,5.63
36063024301,2105910,493375,36,,1385,19.66
36063024302,125851203,4835101,36,,4434,1.58
36063024303,102847866,0,36,,5730,0.86
36063024401,2840234,426355,36,,2527,1.67
36063024404,10650422,106887,36,,4210,5.48
36063024405,67084616,1650687,36,,5497,8.93
36063024406,15568817,8253529,36,,3604,7.29
36063024501,8012121,1181140,36,,2538,3.32
36063024502,77600369,10750488,36,,3945,4.22
36063024600,4215562,0,36,,4560,6.76
36063940001,23524722,0,36,,657,29.65
36063940100,2071966,0,36,,0,
36063990000,0,1550634322,36,,0,
36065020102,1031972,0,36,,1307,25.49
36065020300,845298,0,36,,1405,41.01
36065020705,575407,0,36,,2154,9.55
36065020802,2233546,0,36,,4277,19.95
36065020803,762702,0,36,,3425,35.52
36065020900,645344,0,36,,1905,43.92
36065021000,516582,0,36,,1815,59.76
36065021103,1008509,0,36,,1399,53.55
36065021104,1018950,0,36,,4335,33.56
36065021201,600196,0,36,,1892,26.82
36065021202,490656,0,36,,2764,43.01
36065021301,3728162,0,36,,1264,0
36065021302,1632506,0,36,,4897,18.58
36065021303,2275944,0,36,,4016,18.4
36065021401,861951,0,36,,3037,11.47
36065021402,766655,0,36,,1786,12.91
36065021500,564026,0,36,,2660,26.7
36065021601,4221082,0,36,,4840,6.5
36065021602,2380406,0,36,,2515,6.67
36065021701,2073848,0,36,,3106,4.41
36065021702,2474747,0,36,,2798,6.3
36065021900,2705760,168249,36,,1446,10
36065022000,2837813,51735,36,,3382,17.13
36065022100,2200957,0,36,,2527,0.63
36065022200,1564814,0,36,,2727,3.52
36065022400,1975619,0,36,,3742,17.49
36065022500,5964312,186304,36,,4402,19.32
36065022701,5975623,0,36,,2361,3
36065022702,68088737,637558,36,,3628,6.05
36065022800,86782451,1033154,36,,2700,2.41
36065023000,111720718,38347,36,,5906,0.52
36065023200,8346395,4308,36,,4073,9.11
36065023300,1738780,0,36,,2638,12.56
36065023400,6307088,0,36,,4368,8.51
36065023501,3042629,0,36,,2424,0.81
36065023502,23028943,0,36,,4475,3.4
36065023702,89656185,453593,36,,3712,5.6
36065023901,6026643,9014,36,,2249,4.04
36065023902,79290564,267749,36,,1702,1.07
36065024000,112344490,883694,36,,4269,5.08
36065024101,199171458,5196123,36,,1656,2.08
36065024102,202338572,3968996,36,,2513,7.64
36065024200,186046509,1978968,36,,4476,5.08
36065024301,9204331,1051131,36,,3096,0
36065024302,107481860,106262,36,,3015,2.89
36065024303,230277616,9073644,36,,2610,6.48
36065024400,298173220,1041317,36,,3789,5.49
36065024500,139918516,363942,36,,4741,6.54
36065024700,179357202,945411,36,,5916,5.62
36065024800,5986679,0,36,,3041,2.89
36065024900,97970866,28029,36,,5192,5.58
36065025001,28993803,87608,36,,2526,4.04
36065025002,22334898,0,36,,4082,2.89
36065025003,36113411,45087,36,,3237,7.27
36065025100,1603840,0,36,,2054,8.48
36065025200,12605085,0,36,,4488,7.7
36065025300,21234990,0,36,,7112,0
36065025400,26861176,306388,36,,5791,2.59
36065025500,81523320,39643,36,,4282,2.65
36065025601,84955962,0,36,,2228,3.52
36065025602,71697628,0,36,,1925,10
36065025700,79776708,464777,36,,2473,1.58
36065025800,61757811,29948,36,,1303,15.86
36065025900,2173115,0,36,,1145,
36065026100,31810303,0,36,,2489,2.33
36065026200,82586606,1108720,36,,6696,3.4
36065026300,1611496,0,36,,3731,35.23
36065026400,1197721,0,36,,5880,43.99
36065026501,545352,0,36,,792,
36065026502,595644,0,36,,171,
36065026600,2598046,0,36,,1655,
36065026700,159147761,87125467,36,,5208,1.95
36065980002,7640611,662078,36,,0,
36065980003,2622640,0,36,,0,
36065980100,11989421,0,36,,4,
36067000100,4731732,1328778,36,,1082,12.82
36067000200,1095301,0,36,,3644,30.58
36067000300,541795,0,36,,1599,23.28
36067000400,1509959,0,36,,3910,9.17
36067000501,714188,0,36,,2062,35.01
36067000600,617027,0,36,,2812,33.12
36067000700,322511,0,36,,1673,10.17
36067000800,673852,0,36,,3410,18.35
36067000900,1271788,0,36,,3444,14.42
36067001000,1259879,0,36,,3988,14.08
36067001400,415681,0,36,,3372,51.71
36067001500,511989,0,36,,2499,10.43
36067001600,568894,0,36,,3388,23.89
36067001701,816000,0,36,,2496,28.91
36067001702,998399,0,36,,2651,21.86
36067001800,897079,0,36,,2807,3.19
36067001900,1676144,0,36,,4502,3.77
36067002000,935157,0,36,,2066,21.79
36067002101,1566283,0,36,,2405,37.63
36067002300,572622,0,36,,1701,45.06
36067002400,479729,0,36,,2256,30.36
36067002700,595311,0,36,,1797,18.58
36067002901,1884803,0,36,,2823,21.96
36067003000,804723,0,36,,1928,32.76
36067003200,1190714,0,36,,3053,26.24
36067003400,851470,0,36,,1775,15.42
36067003500,1045902,0,36,,2179,35.17
36067003601,1107239,0,36,,1981,12.1
36067003602,1658898,0,36,,2602,19.76
36067003800,748597,0,36,,2057,56.31
36067003900,922237,0,36,,3612,62.72
36067004000,501636,0,36,,1275,48.98
36067004200,887016,0,36,,2598,79.14
36067004301,359064,0,36,,1841,47.77
36067004302,1197479,0,36,,7628,36
36067004401,993751,0,36,,3032,13.79
36067004500,922766,0,36,,1996,10.32
36067004600,3834603,0,36,,4776,4.88
36067004800,1175732,0,36,,1446,2.23
36067004900,813472,57084,36,,1696,20.08
36067005000,1151593,45948,36,,2379,14.39
36067005100,801944,0,36,,2236,52.14
36067005200,693127,0,36,,1924,18.61
36067005300,695617,0,36,,2024,21.47
36067005400,747726,0,36,,2446,34
36067005500,2734171,0,36,,3441,4.01
36067005601,1648791,7491,36,,1603,7.52
36067005602,989576,0,36,,4578,0
36067005700,1365264,0,36,,1771,10.44
36067005800,860682,0,36,,2140,52.02
36067005900,494559,0,36,,1743,23.88
36067006000,3799976,18431,36,,3379,29.35
36067006101,1364424,0,36,,4378,27.78
36067006102,1795600,0,36,,2086,15.28
36067006103,1952994,0,36,,2211,2.24
36067010100,13012500,127225,36,,2715,2.9
36067010200,25298959,94133,36,,6250,12.16
36067010301,8878996,0,36,,5249,6.75
36067010321,3451500,0,36,,3141,0
36067010322,4721643,0,36,,3365,1.35
36067010400,57908447,240346,36,,3985,8.3
36067010500,4479740,21657,36,,2294,1.77
36067010600,5312160,0,36,,2186,13.16
36067010700,2342843,0,36,,2033,6.9
36067010800,2816983,0,36,,4694,10.47
36067010900,2486402,0,36,,2454,11.74
36067011011,3035480,7521,36,,3590,4.69
36067011012,1965787,0,36,,3901,1.72
36067011021,9441871,0,36,,2859,7.99
36067011022,2210917,0,36,,3009,2.16
36067011101,4585372,62099,36,,5393,4.53
36067011102,7940947,0,36,,3554,25.39
36067011201,4676019,223269,36,,4308,18.73
36067011202,3784862,0,36,,4179,1.45
36067011231,2608901,0,36,,4792,2.41
36067011232,9749882,0,36,,4343,1.4
36067011241,8397369,0,36,,2491,1.07
36067011242,4197013,0,36,,6437,1.84
36067011300,56588932,2030181,36,,4079,0
36067011401,19439492,542616,36,,6843,10.03
36067011402,107480365,5763009,36,,4286,7.27
36067011500,24668806,884225,36,,6441,5.8
36067011600,8250099,437309,36,,5465,0.77
36067011700,5746975,389030,36,,4367,7.24
36067011800,7781523,259382,36,,5999,7.04
36067011900,78313721,1182154,36,,3880,2.68
36067012000,97273813,1915949,36,,5443,9.47
36067012100,54738585,42062,36,,4961,3.06
36067012200,996819,0,36,,1248,13.36
36067012300,10381010,0,36,,3742,1.71
36067012400,6137002,0,36,,4315,3.81
36067012500,2018154,0,36,,3509,7.35
36067012600,5591548,0,36,,5405,3.54
36067012700,9118275,0,36,,2080,8.38
36067012800,13241862,6488803,36,,2681,0
36067012900,1796693,0,36,,2202,10.08
36067013000,2389160,0,36,,4388,4.9
36067013100,3641238,8125,36,,4404,0.91
36067013200,2867833,49323,36,,3219,0.84
36067013300,1955820,1467,36,,2604,5.93
36067013400,6183468,1291216,36,,5246,9.17
36067013500,5023108,3646,36,,5182,4.13
36067013600,1825859,0,36,,3180,15.7
36067013701,3956049,3564937,36,,4200,4.69
36067013800,2631520,0,36,,2045,5.12
36067013900,4608637,0,36,,2709,8.54
36067014000,3096975,0,36,,3323,2.69
36067014200,6021601,0,36,,4456,16.35
36067014300,4103994,0,36,,3039,4.14
36067014400,16966984,0,36,,2188,3.63
36067014500,17120546,38783,36,,4021,7.34
36067014600,9414482,44108,36,,4785,4.82
36067014700,11244898,27486,36,,6036,7.03
36067014800,16979966,74172,36,,3670,1.96
36067014900,11448334,49241,36,,2034,5.46
36067015000,14663538,633091,36,,4441,1.5
36067015100,8048014,0,36,,5712,4.52
36067015201,7552823,85173,36,,3374,2.96
36067015202,8712711,3654,36,,4606,3.06
36067015203,5145711,22827,36,,2970,0
36067015400,13758133,29268,36,,5804,2.41
36067015500,4668153,256180,36,,2799,1.65
36067015601,32705150,760390,36,,2128,0
36067015602,32043699,105649,36,,1568,1.46
36067015701,86618651,219762,36,,2326,0
36067015702,85416217,32926,36,,4734,1.82
36067015800,101719105,1027096,36,,4877,1.71
36067016001,80097950,83982,36,,3146,2.85
36067016002,17783112,95107,36,,2732,1.62
36067016100,15087798,74655,36,,2595,0
36067016200,3889244,0,36,,2106,3.17
36067016300,19788676,0,36,,7980,0.05
36067016400,12627977,0,36,,4076,0
36067016501,54801140,359316,36,,1767,3.38
36067016502,29299451,0,36,,4254,2.78
36067016600,53038041,55554,36,,4576,2.4
36067016700,57315448,15921937,36,,2519,2.37
36067016801,84455653,16929959,36,,1754,1.91
36067016802,76296828,4303573,36,,2494,2.45
36067016901,67012616,1358725,36,,2648,7.13
36067016902,120438279,713021,36,,2097,5.45
36067940000,23927477,119791,36,,430,25.49
36069050101,27082631,1854,36,,3379,1.36
36069050103,7137362,0,36,,3799,1.24
36069050104,23619107,1317,36,,3770,0
36069050105,5079210,0,36,,3389,3.25
36069050106,30108146,30243,36,,1571,6.13
36069050203,3822194,0,36,,4271,3.72
36069050204,79661922,0,36,,3210,3.74
36069050205,9100637,0,36,,4923,3.37
36069050206,9539219,0,36,,2004,10.02
36069050302,19541074,0,36,,4035,2.23
36069050303,12907665,0,36,,2688,12.43
36069050304,65499643,83831,36,,2657,2.65
36069050401,76640647,580969,36,,3510,6.26
36069050402,91582877,178822,36,,3120,0
36069050501,85973367,360310,36,,3634,1.04
36069050502,65944134,101008,36,,2738,7.2
36069050601,82791431,14715040,36,,6145,1.08
36069050603,35479589,43151,36,,2585,3.79
36069050604,28881363,94375,36,,2466,4.67
36069050800,2989427,0,36,,2981,12.07
36069050900,2826318,3658,36,,2321,1.94
36069051001,1196273,0,36,,1996,1.85
36069051101,1538449,0,36,,1972,3.26
36069051102,3260831,687753,36,,1272,5.64
36069051200,92401583,51744,36,,3914,2.04
36069051301,54487734,3600211,36,,1714,0
36069051302,72024343,7574775,36,,2390,6.48
36069051400,130313555,0,36,,2616,1.4
36069051501,35557948,2069,36,,1892,3.45
36069051502,14187838,18063,36,,1578,26.13
36069051600,1956212,0,36,,1538,10.03
36069051700,3686416,0,36,,2773,25.59
36069051801,1987568,0,36,,4955,9.51
36069051900,3323937,11463,36,,3307,16.11
36069052001,77314178,6695370,36,,1691,1.07
36069052002,71763898,0,36,,1606,6.38
36069052003,38135363,5077036,36,,1731,2.62
36069052101,100938996,7902051,36,,1656,5.48
36069052102,95037093,38127,36,,2012,0.89
36069052200,102827942,174,36,,2596,15.33
36071000100,1452654,262001,36,,3537,14.84
36071000200,1778840,0,36,,2695,14.66
36071000301,391417,0,36,,1650,0
36071000302,1137322,8865,36,,5001,21.9
36071000400,1107385,1190658,36,,4608,39.04
36071000501,522166,0,36,,2941,44.26
36071000502,967431,969216,36,,4193,33.68
36071000600,2500532,102999,36,,4024,21.2
36071001100,1252543,0,36,,4586,14.46
36071001200,1123866,0,36,,2846,21.78
36071001300,2280223,37735,36,,3326,9.13
36071001500,2935837,17085,36,,5106,11.8
36071001601,1738882,5268,36,,4896,9.58
36071001602,2374275,31800,36,,3149,5.15
36071002100,3504078,41313,36,,3119,18.78
36071002200,1266294,34426,36,,3400,27.86
36071002300,1781838,368802,36,,2190,5.91
36071010101,29674882,1683977,36,,5573,11.59
36071010102,29295370,2465896,36,,4859,0.76
36071010200,11786535,3857160,36,,5196,2.74
36071010300,10143064,7521,36,,3417,9.24
36071010400,9450099,109436,36,,4131,4.83
36071010501,9971534,26788,36,,3658,5.27
36071010502,6986640,1103711,36,,5032,8.19
36071010601,50165292,742470,36,,2840,0
36071010602,33951834,853350,36,,3828,2.44
36071010701,1354154,78439,36,,2558,3.12
36071010702,3670017,114247,36,,4313,11.7
36071010801,18974582,67656,36,,4427,1.02
36071010802,13608084,349880,36,,5309,6.58
36071010901,32098663,51093,36,,3409,2.45
36071010902,71580692,167145,36,,5688,1.03
36071011000,80904338,586282,36,,4957,1.9
36071011101,5394718,20317,36,,3667,6.99
36071011102,3520918,11425,36,,4500,10.83
36071011200,9648286,57335,36,,4691,7.92
36071011301,5129722,14548,36,,5344,11.79
36071011302,2763806,140233,36,,3484,6.48
36071011400,52625922,1050179,36,,4183,5.78
36071011500,65096340,937239,36,,6500,4.04
36071011601,66657456,1326035,36,,3565,6.55
36071011602,105570709,2375481,36,,3906,5.41
36071011701,77791380,1254792,36,,4680,1.61
36071011702,59572166,373606,36,,4648,8.45
36071011801,48767840,378522,36,,5139,4.92
36071011802,41097277,429136,36,,2354,0
36071011900,88847039,653570,36,,6486,3.29
36071012100,10589285,97509,36,,3800,0
36071012200,13595315,7100,36,,4177,1.72
36071012300,68311317,538145,36,,5467,8.75
36071012601,8704911,728759,36,,4747,4.59
36071012602,2670846,0,36,,3065,3.94
36071012700,4445143,33180,36,,3844,9.68
36071012800,5950276,3990356,36,,4661,4.59
36071012900,3799286,1552470,36,,2941,3.56
36071013000,6812644,0,36,,4682,4.03
36071013100,67934560,3259792,36,,5178,0.89
36071013201,7186929,276104,36,,5090,3.89
36071013202,7792461,19411,36,,2024,2.21
36071013301,30658182,835555,36,,5298,4.41
36071013302,31199121,395160,36,,2179,5.25
36071013400,13120958,70284,36,,4081,23.33
36071013500,20865319,473491,36,,6165,11.4
36071013600,48878091,4043234,36,,6549,1.93
36071013700,837223,0,36,,2789,3.9
36071013800,19574787,2885950,36,,3556,6.83
36071013900,71237172,2273994,36,,5272,0.82
36071014101,6074339,189671,36,,4998,11.42
36071014102,6118081,155123,36,,5837,10.67
36071014201,5979214,452687,36,,3663,3.28
36071014202,29100094,2464781,36,,6534,1.52
36071014301,14420607,65439,36,,4609,5.64
36071014302,50456941,325515,36,,8012,1.1
36071014400,27417616,1606932,36,,4631,5.22
36071014501,75353403,139495,36,,4313,0.78
36071014502,63820891,399641,36,,5983,3.75
36071014601,7534321,2962,36,,3054,7.01
36071014602,3998172,10678,36,,3357,2.54
36071014700,30853755,765122,36,,4122,0.69
36071014801,40173652,6150904,36,,3483,8.4
36071014802,13203865,183552,36,,2966,0
36071014900,121211584,5895979,36,,3765,2.98
36071015003,1528656,63318,36,,12084,24.51
36071015005,2356813,11966,36,,7206,39.89
36071015007,661730,14564,36,,5569,52.83
36071015008,375968,0,36,,4604,46.7
36071015009,471341,0,36,,2831,25.62
36071015010,503142,0,36,,5299,40.71
36071015100,2355926,0,36,,6282,5.07
36071015201,23604202,420742,36,,4470,2.12
36071015202,13128729,928219,36,,5325,0.67
36071015203,44191031,1868200,36,,1669,2.3
36073040200,124454956,210451,36,,3116,6.69
36073040300,115927377,870409,36,,2472,6.87
36073040400,5110531,350082,36,,3427,5.7
36073040500,4220812,6801,36,,2382,10.85
36073040601,133966004,28182,36,,1824,9.49
36073040602,778588,0,36,,1364,
36073040603,151167009,328041,36,,3359,7.8
36073040701,5675437,0,36,,3221,24.79
36073040702,5527465,16667,36,,2579,9.51
36073040801,91215525,0,36,,3311,6.89
36073040802,80444171,102380,36,,4793,8.46
36073401200,130055678,673983,36,,3288,16.34
36073401300,164821172,1558999,36,,4550,3.58
36073990000,0,1099598019,36,,0,
36075020101,238208215,2512675,36,,1989,9.11
36075020102,298359463,12513977,36,,1468,15.6
36075020201,103141680,13647874,36,,2471,19.46
36075020202,6374602,7749,36,,1347,15.74
36075020301,9032161,265483,36,,2202,14.4
36075020303,83563142,6674930,36,,1722,5.36
36075020304,55683627,306806,36,,1749,21.35
36075020400,119842855,1855903,36,,5280,11.43
36075020501,101634390,904462,36,,1675,9.59
36075020502,134398547,1077648,36,,2634,6.59
36075020503,90460577,1770316,36,,1200,14.9
36075020600,147023939,111128639,36,,4777,4.27
36075020703,85362427,100561,36,,5038,8.68
36075020704,40095446,12493129,36,,2133,1.49
36075020705,47306666,44618,36,,1948,12.61
36075020706,6156606,0,36,,2407,15.62
36075020707,26702166,811297,36,,1893,7.54
36075020800,104800828,722284,36,,3464,16.49
36075020901,3031723,308987,36,,2393,20
36075020903,26572725,1291407,36,,2525,22.4
36075020904,61286923,330262,36,,1904,3.45
36075020905,18408261,648143,36,,1131,1.47
36075021001,59757264,1152102,36,,2542,4.61
36075021002,40194465,518088,36,,2076,2.23
36075021003,25001898,687114,36,,1032,9.25
36075021101,2637107,259417,36,,3389,17.2
36075021102,1999879,262111,36,,2353,35.08
36075021103,2628472,1893319,36,,2938,11.13
36075021104,2462700,177195,36,,2659,13.48
36075021201,17335058,0,36,,1130,17.06
36075021202,37913308,2373628,36,,2634,11.99
36075021203,60559208,2106932,36,,2746,3.39
36075021300,115655205,443349,36,,4501,8.35
36075021401,70793360,5221691,36,,8280,9.73
36075021402,14923385,722709,36,,1740,3.88
36075021501,80544758,5995613,36,,2937,10.19
36075021503,51983648,779461,36,,2286,4.01
36075021504,48694021,7835158,36,,2174,3.7
36075021505,4400030,40694,36,,2150,13.52
36075021601,1209832,2296817,36,,2422,13.02
36075021602,3659828,1174664,36,,2931,16.82
36075021603,4206474,258262,36,,3433,3.55
36075021604,4728064,372702,36,,4984,20.78
36075021605,5915951,5256737,36,,3258,17.35
36075990000,0,724225049,36,,0,
36077590101,215665688,6787002,36,,2171,8.77
36077590102,164034676,961267,36,,1853,5.69
36077590201,103820952,867068,36,,2158,1.08
36077590202,139574442,13368727,36,,3640,3.87
36077590301,79921675,4139033,36,,1885,14.6
36077590302,159501879,1591644,36,,2015,4.03
36077590401,114739092,210742,36,,2067,19.11
36077590402,329525891,1397314,36,,3421,7.62
36077590500,119453209,2665718,36,,2814,6.85
36077590600,227460598,923654,36,,1768,7.61
36077590701,135731520,348936,36,,1653,4.27
36077590702,120978821,422826,36,,2165,6.89
36077590800,85245342,648532,36,,5025,7.92
36077590900,2842976,0,36,,2653,7.59
36077591000,1427650,0,36,,3417,17.8
36077591100,4220210,9943,36,,3413,12.43
36077591401,118188960,195723,36,,2746,8.03
36077591402,108906709,307363,36,,2165,7.73
36077591500,240598029,430366,36,,3624,7.55
36077591601,52818819,633397,36,,1717,9.09
36077591602,67026508,403571,36,,2384,4.5
36077591700,2804779,0,36,,4984,8.5
36079010100,9949271,1085369,36,,3498,7.27
36079010201,39160882,621371,36,,4136,0
36079010202,34308092,95745,36,,3934,12.44
36079010300,6560861,18240,36,,4975,5.04
36079010400,6806231,843551,36,,3018,9.06
36079010500,91608660,6445626,36,,4924,2.33
36079010600,85148258,1779435,36,,3716,5.88
36079010700,4215373,16938,36,,2582,5.36
36079010800,37020920,5405004,36,,3557,0
36079010901,11230232,431292,36,,3543,7.08
36079010902,22432955,1641422,36,,4114,0.99
36079011000,72809054,2083160,36,,4099,0.69
36079011100,15179319,401201,36,,4918,1.32
36079011201,5079505,7953,36,,2929,0.67
36079011202,7895427,45598,36,,3775,3.83
36079011300,6736713,127100,36,,4500,6.26
36079011400,17172795,3352990,36,,5386,0.52
36079011501,10606308,1051487,36,,4029,0.65
36079011502,11005065,4248580,36,,2480,7.25
36079011600,19270218,3136301,36,,5744,3.37
36079011700,32729276,3862280,36,,5048,2.39
36079011801,3626743,9659,36,,3866,3.72
36079011802,18507415,498908,36,,4251,7.39
36079011900,27290546,4020419,36,,4966,1.93
36081000101,293144,73200,36,,4600,0.09
36081000102,106637,6319,36,,6324,1.8
36081000103,184619,23022,36,,31,0
36081000104,555546,70183,36,,303,0
36081000200,156595,0,36,,2344,7.67
36081000400,224878,0,36,,4684,12.52
36081000600,214286,0,36,,3888,12.12
36081000701,240557,0,36,,3559,1.25
36081000702,304488,0,36,,4131,2.32
36081000800,189824,0,36,,3617,5.59
36081001000,161256,0,36,,4899,8.28
36081001200,227157,0,36,,4596,2.8
36081001400,213714,0,36,,3966,9.67
36081001600,151499,0,36,,2501,18.06
36081001800,177489,0,36,,2865,7.63
36081001901,228400,0,36,,1974,0
36081001902,174028,0,36,,6099,4.95
36081001903,465506,0,36,,1409,0
36081002000,146397,0,36,,1609,6.45
36081002200,147490,0,36,,2324,9.35
36081002400,141901,0,36,,2185,18.95
36081002500,210427,0,36,,6032,25.53
36081002600,148030,0,36,,2218,5.51
36081002800,225043,0,36,,3160,5.87
36081003000,112790,0,36,,1497,3.92
36081003100,164962,0,36,,1663,9
36081003200,161964,0,36,,1835,11.78
36081003301,190890,0,36,,3303,2.64
36081003302,327948,0,36,,918,18.67
36081003400,213987,0,36,,2600,19.75
36081003600,180006,0,36,,3448,10.33
36081003700,386629,14591,36,,0,
36081003800,176214,0,36,,2255,7.43
36081003900,146970,0,36,,1474,10.39
36081004001,174292,0,36,,2152,11.34
36081004002,130914,0,36,,1654,16.39
36081004200,200287,0,36,,4414,16.96
36081004300,170813,0,36,,1912,29.72
36081004401,262558,0,36,,3595,23.8
36081004500,220374,0,36,,2750,2.76
36081004700,179250,0,36,,4254,30.03
36081005000,152728,0,36,,0,
36081005100,137123,0,36,,2262,7.19
36081005200,130623,0,36,,2671,12.46
36081005300,196497,0,36,,5509,7.74
36081005400,416102,0,36,,5363,8.38
36081005500,165967,0,36,,1375,6.06
36081005700,223565,0,36,,4077,18.51
36081005800,590419,0,36,,6012,0.6
36081005900,190208,0,36,,4123,5.45
36081006100,195055,0,36,,5186,2.64
36081006201,402908,0,36,,6134,4.11
36081006202,1152998,42795,36,,6830,7.13
36081006300,212500,0,36,,6052,0
36081006501,111098,0,36,,3059,1.43
36081006502,153366,0,36,,3853,11.06
36081006900,210779,0,36,,4531,6.39
36081007100,195064,0,36,,3298,10.8
36081007300,141560,0,36,,3594,2.36
36081007500,129226,0,36,,4619,3.28
36081007700,126677,0,36,,1935,14.59
36081007900,160507,0,36,,2683,11.87
36081008100,112322,0,36,,1301,2.58
36081008300,191339,0,36,,2534,6.83
36081008500,273044,0,36,,1554,16.15
36081008600,332712,0,36,,3068,9.41
36081008700,253377,2387,36,,3299,42.56
36081008800,448520,0,36,,3624,1.85
36081009100,186329,0,36,,1790,5.41
36081009400,172430,0,36,,2874,16.05
36081009500,164511,0,36,,2057,5.57
36081009600,206470,0,36,,3308,9.76
36081009700,201805,0,36,,3820,6.37
36081009800,135751,0,36,,2358,14.26
36081009900,249218,0,36,,0,
36081010000,223353,0,36,,3184,0.14
36081010100,172758,0,36,,2611,0
36081010200,213860,0,36,,2837,10.36
36081010300,250464,0,36,,4288,4.7
36081010400,186476,0,36,,3455,6.7
36081010500,198021,0,36,,4930,8.1
36081010600,173008,0,36,,2998,10.68
36081010701,1600761,1367482,36,,0,
36081010800,157581,0,36,,3255,8.04
36081011000,165043,0,36,,2951,19.35
36081011100,150737,0,36,,2995,9.27
36081011200,189192,0,36,,2505,9.25
36081011300,178676,0,36,,4627,3.98
36081011400,119157,0,36,,2368,14.11
36081011500,185559,0,36,,2369,6.78
36081011600,136938,0,36,,2069,5.68
36081011700,212827,0,36,,4268,13.72
36081011800,157091,0,36,,2551,7.27
36081011900,111475,0,36,,1648,9.38
36081012000,144523,0,36,,2453,11.13
36081012100,137900,0,36,,2013,3.9
36081012200,210185,0,36,,2894,6.55
36081012301,591516,0,36,,3063,0
36081012400,197659,0,36,,3139,5.11
36081012500,163049,0,36,,1463,1.12
36081012601,150189,0,36,,2676,6.25
36081012602,148974,0,36,,2413,5.85
36081012800,159250,0,36,,2411,8.12
36081013000,187692,0,36,,1862,3.85
36081013200,192356,0,36,,1996,10.28
36081013400,190806,0,36,,5778,0
36081013500,135758,0,36,,1014,1.97
36081013600,151408,0,36,,2102,10.39
36081013700,199933,0,36,,1959,1.26
36081013800,169755,0,36,,3923,8.73
36081014000,222107,0,36,,4096,9.85
36081014100,171071,0,36,,1552,7.69
36081014201,210913,0,36,,4549,5.29
36081014202,618133,0,36,,2877,6.36
36081014300,136506,0,36,,3868,11.44
36081014400,219829,0,36,,1633,11.75
36081014500,127743,0,36,,2406,10.53
36081014700,147950,0,36,,3221,6.27
36081014800,157056,0,36,,1803,7.32
36081014900,106596,0,36,,2315,10.62
36081015000,147117,0,36,,2462,4.34
36081015100,133442,0,36,,2706,7.95
36081015200,185295,0,36,,2670,10.13
36081015300,121629,0,36,,1834,4.31
36081015400,150144,0,36,,2016,9.56
36081015500,147508,0,36,,2015,4.63
36081015600,209476,0,36,,3267,9.63
36081015700,128464,0,36,,1786,11.66
36081015801,295609,0,36,,3628,8
36081015802,278405,0,36,,5263,4.07
36081015900,169686,0,36,,3535,3.74
36081016100,107688,0,36,,2253,4.18
36081016300,218241,0,36,,3998,17.34
36081016400,197823,0,36,,3281,9.63
36081016600,202882,0,36,,4140,10.77
36081016800,211385,0,36,,3148,9.1
36081016900,231080,0,36,,5387,4.18
36081017000,217461,0,36,,2527,11.09
36081017101,831867,0,36,,0,
36081017102,407252,0,36,,44,
36081017200,191064,0,36,,1790,7.24
36081017400,190574,0,36,,2804,2.58
36081017600,189834,0,36,,2305,13.6
36081017800,188705,0,36,,2146,2.72
36081017901,96372,0,36,,884,0.49
36081017902,377389,0,36,,43,
36081018000,138242,0,36,,1515,18.77
36081018101,96143,0,36,,3727,7.9
36081018102,96555,0,36,,3679,3.72
36081018200,260745,0,36,,2811,8.13
36081018300,215023,0,36,,5459,8.47
36081018401,190345,0,36,,2048,16.12
36081018402,212547,0,36,,2829,9.93
36081018501,98520,0,36,,3714,6.91
36081018502,98394,0,36,,2981,4.82
36081018600,180949,0,36,,1792,8.16
36081018700,241454,0,36,,2968,9.68
36081018800,178872,0,36,,1302,7.77
36081018900,217706,0,36,,3111,2.88
36081019000,188261,0,36,,2542,11.72
36081019200,201046,0,36,,2133,3.57
36081019400,305897,0,36,,2942,10.29
36081019600,222897,0,36,,3532,20.18
36081019800,207719,0,36,,2888,11.15
36081019901,319578,0,36,,413,14.29
36081019902,626041,87694,36,,116,
36081019903,640210,0,36,,0,
36081020200,153117,0,36,,1752,3.89
36081020400,286644,0,36,,2006,8.29
36081020500,587633,0,36,,1419,1.64
36081020600,148614,0,36,,1424,10.72
36081020800,543254,0,36,,3974,8.61
36081021200,239766,0,36,,2651,13.4
36081021400,380752,0,36,,5943,14.9
36081021601,227740,0,36,,2894,2.78
36081021602,112181,0,36,,1355,0
36081021603,302872,0,36,,0,
36081021900,1284075,107995,36,,0,
36081022001,395707,0,36,,6824,9.76
36081022002,306174,0,36,,6860,5.25
36081022900,1340604,0,36,,0,
36081023000,165800,0,36,,1806,1.7
36081023200,330471,0,36,,5065,6.97
36081023501,138076,0,36,,3936,19.37
36081023502,117461,0,36,,2673,14.24
36081023600,176279,0,36,,3443,18.75
36081023800,156689,0,36,,4691,26.75
36081024000,269563,0,36,,7155,10.64
36081024300,540128,0,36,,5264,1.58
36081024500,257660,0,36,,4997,6.38
36081024600,303539,0,36,,0,
36081024700,97621,0,36,,1416,23.13
36081024900,204083,0,36,,5424,5.37
36081025100,245619,0,36,,6018,10.39
36081025301,127193,0,36,,3813,8.52
36081025302,105029,0,36,,3184,14.22
36081025401,252022,0,36,,4230,6.05
36081025402,380087,0,36,,5881,20.03
36081025500,218248,0,36,,1685,9.07
36081025700,150587,0,36,,1458,14
36081025800,211843,0,36,,2560,8.14
36081025900,187189,0,36,,3109,6.39
36081026000,178376,0,36,,2809,11.74
36081026100,221606,0,36,,7466,4.39
36081026200,143393,0,36,,1684,22.63
36081026300,207862,0,36,,4953,4.18
36081026400,254449,0,36,,2570,4.11
36081026501,107687,0,36,,2976,13.71
36081026502,69840,0,36,,1354,3.85
36081026600,172998,0,36,,1963,12.21
36081026700,209798,0,36,,4982,4.1
36081026901,114213,0,36,,4714,16.75
36081026902,78481,0,36,,4310,11.23
36081027000,185072,0,36,,2026,0.44
36081027101,89919,0,36,,5428,15.99
36081027102,48936,0,36,,2726,5.61
36081027200,153668,0,36,,1878,5.78
36081027301,98640,0,36,,3004,26.39
36081027302,116613,0,36,,4169,19.81
36081027400,143723,0,36,,2060,22.88
36081027500,177626,0,36,,7128,24.54
36081027600,158733,0,36,,1515,9.69
36081027701,74374,0,36,,3789,5.57
36081027702,100518,0,36,,3292,16.51
36081027800,175380,0,36,,2520,23.34
36081027900,177155,0,36,,8605,5.71
36081028000,165398,0,36,,1633,5.11
36081028100,174441,0,36,,6271,10.02
36081028200,182472,0,36,,2022,1.47
36081028300,177715,0,36,,7443,4.53
36081028400,429455,0,36,,3581,0
36081028500,158104,0,36,,5266,4.88
36081028700,195625,0,36,,6697,15.31
36081028801,238437,0,36,,2648,14.76
36081028802,200165,0,36,,2185,3.9
36081028803,272512,106288,36,,0,
36081028900,172620,0,36,,4932,9.01
36081029100,261476,0,36,,6487,10.17
36081029300,151336,0,36,,1105,3.57
36081029400,1064504,0,36,,8246,1.58
36081029500,182968,0,36,,3652,2.24
36081029700,519215,0,36,,2450,3.25
36081029900,408255,0,36,,0,
36081030600,1353391,0,36,,5436,1.14
36081030903,351702,0,36,,4284,3.28
36081030904,414419,0,36,,2616,5.67
36081030905,193761,0,36,,3670,12.36
36081030906,216946,0,36,,3650,10.88
36081031700,767638,0,36,,5816,17.08
36081032000,1040174,13031,36,,5514,9.38
36081032700,150852,0,36,,3813,4.32
36081032800,368019,0,36,,3121,7.06
36081032900,436915,0,36,,3823,8.09
36081033000,817316,0,36,,6722,10.59
36081033100,2837110,2193944,36,,0,
36081033401,560656,0,36,,4000,12.69
36081033403,254794,0,36,,4329,15.78
36081033404,241764,0,36,,6406,11.57
36081033405,261206,0,36,,3301,0
36081033700,150842,0,36,,2784,7.45
36081033900,150834,0,36,,2925,25.52
36081034700,382772,0,36,,3636,12.83
36081035100,139241,0,36,,3649,10.59
36081035200,606225,0,36,,2776,1.44
36081035300,155114,0,36,,1942,1.81
36081035700,618526,0,36,,4475,3.19
36081035800,524484,0,36,,4210,4.03
36081036100,157376,0,36,,2307,7.17
36081036300,134893,0,36,,2173,6.89
36081036500,166196,0,36,,2944,17.88
36081036600,369653,0,36,,3089,4.73
36081036700,195576,0,36,,2492,16.75
36081036800,232844,0,36,,2842,7.27
36081037100,187474,0,36,,1506,11.7
36081037300,237268,0,36,,2484,9.58
36081037501,53069,0,36,,1609,17.14
36081037502,100123,0,36,,2683,6.76
36081037600,769753,0,36,,6982,5.66
36081037700,146818,0,36,,4061,9.45
36081037900,197067,0,36,,6112,15.02
36081038100,285316,0,36,,7308,13.37
36081038301,560162,150182,36,,0,
36081038302,4481280,1281692,36,,0,
36081038400,297518,0,36,,2700,4.9
36081039400,348243,0,36,,3201,15.99
36081039800,200591,0,36,,1545,3.49
36081039901,106061,0,36,,2305,0
36081039902,63605,0,36,,1970,16.77
36081040000,196301,0,36,,1495,2.65
36081040101,87946,0,36,,2696,10.86
36081040102,124044,0,36,,4638,19.61
36081040200,218312,0,36,,1712,3.46
36081040301,88617,0,36,,2853,15.14
36081040302,111327,0,36,,3941,14.54
36081040400,479414,0,36,,3998,6.87
36081040501,71456,0,36,,997,0
36081040502,58013,0,36,,1912,7.02
36081040701,70455,0,36,,3264,35.44
36081040702,129066,0,36,,3888,9.7
36081040901,70865,0,36,,2082,9.2
36081040902,81604,0,36,,3176,4.97
36081041100,137675,0,36,,4010,13.44
36081041300,158802,0,36,,4504,17.49
36081041400,473215,0,36,,4515,14.8
36081041500,170942,0,36,,3941,12.32
36081042400,516440,0,36,,2696,2.23
36081042600,521709,0,36,,474,
36081042700,170556,0,36,,4226,22.04
36081043200,238369,0,36,,1290,5.74
36081043400,205351,0,36,,1861,7.49
36081043701,145616,0,36,,3398,18.23
36081043702,175301,0,36,,6925,9.96
36081043900,164750,0,36,,3450,16.76
36081044000,378559,0,36,,3734,5.74
36081044301,133649,0,36,,3543,11.13
36081044302,277970,0,36,,4803,17.26
36081044400,897125,0,36,,3925,10.68
36081044601,224776,0,36,,3775,19.55
36081044602,170076,0,36,,5354,17.13
36081044800,208002,0,36,,2726,11.17
36081045000,175572,0,36,,2137,0.74
36081045200,217897,0,36,,993,21.32
36081045400,230996,0,36,,4776,10.79
36081045500,148239,0,36,,12756,9.81
36081045600,162232,0,36,,1195,4.49
36081045700,150517,0,36,,3499,5.13
36081045800,245281,0,36,,2436,4.04
36081045900,136886,0,36,,3832,4.46
36081046000,221268,0,36,,5703,10.36
36081046100,112824,0,36,,2512,7.92
36081046200,249611,0,36,,6178,11.61
36081046300,159415,0,36,,4116,12.12
36081046400,228767,0,36,,2123,3.15
36081046500,129754,0,36,,4574,14.21
36081046600,240535,0,36,,4627,15.68
36081046700,141859,0,36,,7445,8.8
36081046800,229418,0,36,,3735,9.06
36081046901,74678,0,36,,4566,12.54
36081046902,76707,0,36,,3157,7.31
36081047000,229322,0,36,,3341,29.04
36081047100,158097,0,36,,4362,8.92
36081047200,520870,0,36,,3952,3.35
36081047300,198491,0,36,,4177,2.03
36081047500,281982,0,36,,4987,8.82
36081047600,547425,0,36,,1362,3.9
36081047801,520431,0,36,,4020,9.61
36081047802,132692,0,36,,1320,18.88
36081047900,392476,0,36,,6101,6.63
36081048000,230256,0,36,,2301,9.41
36081048100,139052,0,36,,6530,22.06
36081048200,228378,0,36,,1241,0
36081048301,87390,0,36,,2076,23.42
36081048302,134146,0,36,,1967,2.67
36081048400,414676,0,36,,4932,8.82
36081048500,317281,0,36,,4963,9.36
36081048900,362006,0,36,,1670,11.96
36081049201,295040,0,36,,3034,4.7
36081049202,191181,0,36,,2517,7.2
36081049301,164137,0,36,,2317,13.93
36081049302,269353,0,36,,3126,14.34
36081049500,129036,0,36,,1299,7.07
36081049600,273116,0,36,,2967,5.67
36081049700,197569,0,36,,2992,3.42
36081049900,462388,0,36,,5289,5.86
36081050000,336068,0,36,,4746,2.22
36081050201,168132,0,36,,1495,6.36
36081050202,152854,0,36,,1534,14
36081050400,216302,0,36,,1715,8.75
36081050500,116112,0,36,,1891,0.2
36081050600,206128,0,36,,1615,7.55
36081050700,372217,0,36,,3267,6.26
36081050800,219531,0,36,,1985,8.22
36081051000,184893,0,36,,1568,13.29
36081051100,273907,0,36,,2542,11.08
36081051200,375791,0,36,,2657,6.99
36081051300,193536,0,36,,2831,11.42
36081051500,224365,0,36,,3141,1.75
36081051600,183654,0,36,,2281,6.18
36081051700,254179,0,36,,1911,4.57
36081051800,169821,0,36,,2233,4.55
36081052000,172214,0,36,,1544,0
36081052100,190269,0,36,,1798,9.07
36081052200,169840,0,36,,2286,15.88
36081052400,196181,0,36,,2217,12.92
36081052500,202105,0,36,,2301,7.03
36081052600,182575,0,36,,2312,7.93
36081052800,180396,0,36,,1720,11.21
36081053000,230158,0,36,,2535,1.5
36081053100,423497,0,36,,3393,10.59
36081053200,189801,0,36,,2185,4.01
36081053401,260260,0,36,,1813,3.85
36081053501,177883,0,36,,1249,11.43
36081053502,324773,14162,36,,0,
36081053601,191536,0,36,,1816,0
36081053800,188754,0,36,,1800,8.07
36081053901,439013,0,36,,4210,13.41
36081053902,165527,0,36,,106,0
36081054000,522713,0,36,,4194,7.96
36081054200,541845,0,36,,5441,7.63
36081054500,113474,0,36,,3438,3.4
36081054700,129153,0,36,,4680,4.71
36081054800,225673,0,36,,2430,4.87
36081054900,164280,0,36,,5734,11.63
36081055100,155133,0,36,,4419,5.57
36081055200,417515,0,36,,2790,2.45
36081055300,137026,0,36,,3131,3.19
36081055400,220076,0,36,,2683,5.77
36081055500,153716,0,36,,2426,5.92
36081055600,226903,0,36,,2233,4.94
36081055700,238756,0,36,,3767,4.61
36081055800,192360,0,36,,1587,9.07
36081055900,158575,0,36,,1106,24.68
36081056000,213441,0,36,,1668,7.4
36081056100,2822179,82983,36,,12,0
36081056200,160593,0,36,,1339,0
36081056400,187244,0,36,,1493,6.1
36081056500,117784,0,36,,1883,0
36081056600,194134,0,36,,1513,29.66
36081056700,313429,0,36,,4538,4.43
36081056800,850998,0,36,,4808,4.6
36081057700,186600,0,36,,4162,8.67
36081057900,68348,0,36,,1636,7.69
36081058000,550452,0,36,,4369,1.52
36081058100,143606,0,36,,2844,1.54
36081058200,563649,0,36,,5568,3
36081058300,143113,0,36,,3656,11.53
36081058500,171163,0,36,,4265,10.71
36081058700,144531,0,36,,3470,7.36
36081058900,165272,0,36,,5136,26.06
36081059000,158601,0,36,,1207,5.56
36081059100,202060,0,36,,4920,13.56
36081059200,226137,0,36,,1343,15.24
36081059300,252144,0,36,,4062,18.39
36081059400,222046,0,36,,1766,0
36081059501,164850,0,36,,1890,13.49
36081059502,231198,0,36,,2881,21.82
36081059600,194550,0,36,,1520,2.11
36081059800,206471,0,36,,1648,3.88
36081059900,127081,0,36,,1439,8.83
36081060000,176717,0,36,,1041,7.98
36081060100,154426,0,36,,2405,9.23
36081060300,181368,0,36,,1884,8.8
36081060600,215296,0,36,,1276,5.71
36081060701,712989,0,36,,0,
36081060800,211446,0,36,,1473,4.35
36081061000,236862,0,36,,1250,6.49
36081061200,262496,0,36,,1994,0
36081061301,712703,0,36,,5096,9.66
36081061302,487033,0,36,,0,
36081061400,257752,0,36,,1557,3.97
36081061601,380206,0,36,,2446,1.66
36081061602,422309,0,36,,1081,1.87
36081061800,241544,0,36,,1765,6.8
36081061900,257858,0,36,,3123,14.89
36081062000,216242,0,36,,1456,0
36081062100,258272,0,36,,3178,1.98
36081062200,437270,0,36,,2088,4.57
36081062300,156656,0,36,,2273,14.69
36081062400,512105,0,36,,0,
36081062500,198779,0,36,,2545,2.31
36081062600,429396,0,36,,2972,1.9
36081062700,157306,0,36,,2915,4.37
36081062900,183530,0,36,,3250,6.43
36081063000,190477,0,36,,1720,0
36081063200,296788,0,36,,2462,3.38
36081063301,134735,0,36,,1607,0
36081063302,138739,0,36,,1963,7.86
36081063500,189460,0,36,,2637,5.72
36081063700,695127,0,36,,3542,11.84
36081063800,690778,0,36,,3404,9.25
36081063900,251775,0,36,,3189,6.3
36081064101,85455,0,36,,2392,0
36081064102,2225376,0,36,,0,
36081064500,309592,0,36,,1860,24.59
36081064600,407312,0,36,,3247,1.27
36081065000,399994,0,36,,2807,3.28
36081065401,430990,0,36,,3288,8.13
36081065402,252550,17661,36,,0,
36081065501,812085,0,36,,0,
36081065600,592434,0,36,,4585,2.95
36081065702,144106,0,36,,1311,0
36081065703,268451,0,36,,3083,5.42
36081065900,193751,0,36,,1915,7.01
36081066000,386557,0,36,,3666,0.56
36081066100,133576,0,36,,1618,1.16
36081066301,280333,0,36,,2753,2.65
36081066302,244844,0,36,,0,
36081066401,1112816,103375,36,,1690,0
36081066402,393248,0,36,,3482,1.01
36081066403,350347,11837,36,,5857,15.96
36081066404,952589,30459,36,,0,
36081066501,327798,0,36,,4048,0.98
36081066701,252633,0,36,,2747,4.79
36081066900,160094,0,36,,1773,13.43
36081067100,229104,0,36,,2354,6.77
36081067700,185953,0,36,,1912,0.92
36081067900,253614,0,36,,4199,6.31
36081068000,764229,0,36,,5489,3.37
36081068200,230135,0,36,,1104,0
36081068300,244391,0,36,,3932,12.08
36081068700,278501,0,36,,4202,7.37
36081069000,350534,0,36,,4022,4.31
36081069300,142998,0,36,,3005,9.56
36081069400,520067,4775,36,,4046,2.74
36081069500,213219,0,36,,2349,7.86
36081069701,132473,0,36,,4320,3.86
36081069702,441419,0,36,,4285,6.19
36081070300,241047,0,36,,2253,6.18
36081070700,222061,0,36,,2584,1.34
36081070900,219537,0,36,,2952,7.13
36081071100,375475,0,36,,5616,4.93
36081071303,140646,0,36,,5323,1.49
36081071304,155083,0,36,,6115,20.19
36081071305,135001,0,36,,5777,7.86
36081071306,181335,0,36,,7012,19.94
36081071600,18319107,904474,36,,0,
36081071701,190067,0,36,,4786,27.13
36081071702,226980,0,36,,4300,8.24
36081071900,165953,0,36,,3444,13.03
36081072100,170327,0,36,,5358,3.27
36081072300,470056,0,36,,2338,2.04
36081072900,193731,0,36,,1298,7.91
36081073100,189843,0,36,,1832,4.75
36081073700,210609,0,36,,1952,0
36081073900,224293,0,36,,5288,1.68
36081074100,171985,0,36,,3098,7.82
36081074300,193477,0,36,,3762,7.81
36081074500,174486,0,36,,4076,13.37
36081074700,295509,0,36,,3425,8.7
36081074900,359060,0,36,,1516,1.99
36081075701,197647,0,36,,4819,9.08
36081075702,352706,0,36,,5447,5.7
36081076901,181026,0,36,,5151,2.91
36081076902,101240,0,36,,1588,2.22
36081077300,279069,0,36,,2246,13.08
36081077500,229489,0,36,,2031,9.14
36081077902,559114,0,36,,5863,22.93
36081077903,263829,0,36,,3445,5.84
36081077904,385726,0,36,,5426,4.71
36081077905,275174,0,36,,3045,11.35
36081077906,289075,0,36,,3584,11.27
36081077907,216834,0,36,,3437,8.96
36081077908,200497,0,36,,3382,13.75
36081078800,192534,0,36,,2082,1.64
36081079000,260592,0,36,,2653,12.21
36081079200,363822,0,36,,2869,5.02
36081079300,874070,0,36,,0,
36081079701,111313,0,36,,6306,17.88
36081079702,285450,0,36,,3313,45.99
36081079900,287107,0,36,,3003,29.04
36081080301,315989,0,36,,4216,7.98
36081080302,438628,0,36,,3657,8.71
36081080900,1001243,0,36,,7291,5.46
36081081400,369558,0,36,,4545,13.34
36081081800,375118,0,36,,3788,11.02
36081083700,780781,0,36,,4770,13.2
36081083800,495382,0,36,,5524,7.92
36081084000,568482,0,36,,6927,8.14
36081084500,188675,0,36,,4713,13.77
36081084601,331161,0,36,,2711,1.7
36081084602,716802,0,36,,1378,0
36081084901,203934,0,36,,3037,22.77
36081084902,99545,0,36,,3807,27.83
36081085300,195226,0,36,,4969,10.46
36081085500,130510,0,36,,6143,11.5
36081085700,132521,0,36,,5502,12.79
36081085900,146217,0,36,,5718,23.01
36081086100,148788,0,36,,2071,19.06
36081086300,144150,0,36,,6859,14.24
36081086400,1120711,0,36,,2560,9.95
36081086500,158252,0,36,,4480,14.29
36081086900,595378,18201,36,,1832,8.69
36081087100,412418,27328,36,,4889,30.16
36081088400,1557917,621618,36,,9190,4.44
36081088902,288396,0,36,,6117,16.04
36081088903,369072,0,36,,4659,21.13
36081089201,1775763,0,36,,8936,2.62
36081089202,1098610,505629,36,,0,
36081090700,2022039,332865,36,,1545,7.98
36081091602,1277598,1124549,36,,0,
36081091603,1886647,2775575,36,,4123,2.94
36081091604,2487379,2149056,36,,0,
36081091800,1126443,2294294,36,,8,
36081091900,450775,327380,36,,5180,4.68
36081092200,633705,699996,36,,2098,1.96
36081092500,312425,0,36,,3957,12.8
36081092800,762718,897590,36,,3440,4.8
36081092900,956919,2446820,36,,7078,2.32
36081093401,542009,554670,36,,4172,7.93
36081093402,394743,460266,36,,4094,8.8
36081093800,809668,1300951,36,,5081,7.86
36081093900,656191,881592,36,,6366,4.5
36081094201,347514,199843,36,,3536,13
36081094202,713774,458004,36,,5750,29
36081094203,509890,1050429,36,,5740,5.83
36081094500,1527718,872808,36,,4032,4.53
36081094700,272641,0,36,,2722,8.74
36081095400,808825,559625,36,,6676,23.32
36081096400,862705,615737,36,,7271,11.72
36081097202,576641,1132095,36,,3442,45.16
36081097204,391826,0,36,,4273,5.34
36081097205,176096,0,36,,3249,58.49
36081097206,306780,0,36,,2522,16.67
36081097207,832012,991507,36,,0,
36081097300,528721,191606,36,,2156,2.13
36081098100,650601,922899,36,,2456,5.91
36081098700,667301,731613,36,,2593,6.83
36081099100,1085050,432743,36,,6777,6.51
36081099200,581564,324488,36,,4100,29.74
36081099701,975065,0,36,,2610,3.12
36081099703,576606,0,36,,3809,5.73
36081099704,675916,0,36,,7288,4.89
36081099705,440081,4538936,36,,2671,10.02
36081099801,456707,0,36,,8962,11.19
36081099802,434635,689393,36,,5492,11.79
36081099900,648383,0,36,,0,
36081100801,644973,361333,36,,3122,3.39
36081100803,347303,0,36,,4341,17.14
36081100804,691400,144963,36,,5226,7
36081101002,534843,112252,36,,6069,14.32
36081101003,234449,0,36,,3885,6.85
36081101004,570400,210562,36,,6462,23.77
36081101700,987636,0,36,,7027,6.48
36081102900,490509,0,36,,3472,5.05
36081103201,399541,28173,36,,7068,25.93
36081103202,716368,0,36,,8045,15.53
36081103300,606048,0,36,,4561,9.11
36081103900,869052,0,36,,6670,8.93
36081104700,841802,0,36,,7118,8.37
36081105900,649580,0,36,,3664,6.09
36081107201,1382812,3120,36,,2323,3.94
36081107202,6705170,17182460,36,,0,
36081108500,444817,0,36,,2766,3.82
36081109300,1069850,458982,36,,3043,9.11
36081109700,445146,0,36,,1855,3.89
36081109900,378696,0,36,,3457,5.64
36081111300,730305,105941,36,,2733,2.55
36081112300,279273,0,36,,2498,11.69
36081112900,354968,0,36,,2289,1.41
36081113300,253829,0,36,,1410,6
36081113900,383381,0,36,,3885,7.89
36081114100,448092,0,36,,2506,1.75
36081114700,308438,0,36,,1891,9.87
36081115100,282637,13939,36,,946,4.58
36081115500,187009,0,36,,2079,18.94
36081115700,314622,0,36,,3273,17.22
36081115900,308991,0,36,,3850,5.29
36081116100,175694,0,36,,3642,23.4
36081116301,133392,0,36,,4398,29.51
36081116302,118079,0,36,,3561,24.53
36081116700,166109,0,36,,1994,20.62
36081117100,397538,0,36,,2499,5.84
36081117500,562493,0,36,,4559,12.98
36081118100,195223,0,36,,1924,8.27
36081118500,155081,0,36,,1808,17.21
36081118700,187235,0,36,,2513,11.75
36081118900,202351,0,36,,1865,4.66
36081119100,217685,0,36,,2888,14.92
36081119300,211094,0,36,,2399,12.48
36081119500,189356,0,36,,1588,5.85
36081119900,184360,0,36,,1563,7.23
36081120100,162893,0,36,,1585,14.62
36081120300,184012,0,36,,1503,11.3
36081120500,202234,0,36,,2682,6.57
36081120701,391384,0,36,,2876,6.1
36081120702,312691,0,36,,0,
36081121100,979720,46201,36,,0,
36081121500,631659,0,36,,4236,11.23
36081122300,495705,0,36,,3355,2.21
36081122702,449740,0,36,,6665,28.4
36081122703,440120,0,36,,7452,10.76
36081122704,261206,0,36,,4719,5.47
36081124100,499011,0,36,,3872,2.17
36081124700,483460,0,36,,3676,2.1
36081125700,331896,0,36,,2977,10.79
36081126500,200793,0,36,,1928,0
36081126700,768255,0,36,,4457,1.8
36081127700,1069117,0,36,,2973,2.42
36081128300,1971930,0,36,,0,
36081129102,991868,0,36,,3654,4.65
36081129103,458537,0,36,,4323,7.72
36081129104,708262,0,36,,4397,5.34
36081130100,698698,0,36,,4111,7.11
36081133300,695376,0,36,,3701,9.14
36081133900,226211,0,36,,1376,3.73
36081134100,592973,0,36,,2709,4.19
36081134701,465093,0,36,,4840,8.5
36081134702,613864,0,36,,4834,5.11
36081136700,772177,0,36,,6523,6.36
36081137700,749685,0,36,,6652,5.63
36081138501,989754,49214,36,,4297,8.31
36081138502,2354813,39269,36,,97,
36081139900,364201,0,36,,1546,9.05
36081140300,374326,0,36,,2341,11.51
36081140901,244496,0,36,,1034,4.04
36081140902,537661,0,36,,2373,13.54
36081141700,892280,0,36,,4486,21.47
36081142900,530345,0,36,,4034,7.18
36081143500,357720,0,36,,2267,0.83
36081144100,337064,0,36,,2700,6.78
36081144700,412786,0,36,,3589,10.19
36081145101,251956,0,36,,1142,7.86
36081145102,343669,0,36,,2578,5.78
36081145900,372382,0,36,,2630,3.39
36081146300,323968,0,36,,2979,3.02
36081146700,354572,0,36,,2866,1.83
36081147100,421861,0,36,,3340,13.59
36081147900,909484,0,36,,4525,13.53
36081148300,1334134,1047226,36,,2990,8.87
36081150701,877002,0,36,,3150,5.56
36081150702,835426,0,36,,3050,2.22
36081152901,1399259,0,36,,5607,4.67
36081152902,1032987,0,36,,6252,0.06
36081155101,475148,0,36,,2195,1.57
36081155103,734880,0,36,,4349,6.21
36081155104,706517,0,36,,3261,4.87
36081156700,1469692,0,36,,1799,18.35
36081157101,1225450,0,36,,8186,7.76
36081157102,320043,0,36,,2005,3.24
36081157901,906728,0,36,,5253,10.31
36081157902,722597,0,36,,4054,4.45
36081157903,664155,0,36,,3746,2.53
36081161700,702364,0,36,,4786,2.84
36081162100,710319,0,36,,6446,0
36081990100,0,130800077,36,,0,
36083040100,1743192,240446,36,,3996,40.3
36083040200,1239425,154820,36,,4684,34.5
36083040300,1001483,299941,36,,3250,2.6
36083040400,760456,237586,36,,2244,45.6
36083040500,832971,0,36,,2092,47.63
36083040600,751583,0,36,,2379,12.77
36083040701,893597,178161,36,,3496,10.23
36083040702,849837,0,36,,1556,4.02
36083040800,315320,42285,36,,2156,16.21
36083040900,988859,74802,36,,3171,19.32
36083041000,2524951,298777,36,,3904,7.6
36083041101,3093228,11388,36,,3239,1.26
36083041102,1421946,81352,36,,2257,35.07
36083041200,2670659,19291,36,,3728,5.77
36083041300,2984186,0,36,,4987,19.64
36083041400,4754038,172877,36,,3915,1.53
36083051500,3607392,584414,36,,2723,30.1
36083051601,1579582,203745,36,,2657,9.11
36083051602,3045429,73740,36,,3867,6.32
36083051701,159118139,292505,36,,3497,5.97
36083051702,4133472,0,36,,3189,15.09
36083051800,159662572,8309272,36,,5494,11.44
36083051901,104230176,4546340,36,,4372,2.84
36083051902,24594734,922530,36,,2988,2.3
36083052002,51020880,282017,36,,2133,1.89
36083052003,31847000,376710,36,,3838,0.73
36083052004,32006951,49985,36,,6560,0.88
36083052101,115825908,3214753,36,,1870,6.95
36083052102,107777209,7636,36,,1368,3.86
36083052103,154353157,827021,36,,2012,8.06
36083052201,83800353,569487,36,,4303,2.37
36083052203,63386149,1770830,36,,6110,4.39
36083052204,27390446,1129169,36,,2229,1.02
36083052301,24653597,400973,36,,5371,3.02
36083052303,4832203,496440,36,,1273,6.41
36083052305,6483608,32892,36,,2576,1.09
36083052306,12043111,13755,36,,4019,3.14
36083052402,29132345,110566,36,,2554,0
36083052405,2233785,60038,36,,2808,0
36083052406,12080079,3683,36,,3874,4.03
36083052407,5774532,15562,36,,5124,0
36083052408,12990485,519820,36,,2262,10.92
36083052501,83182221,3071807,36,,5564,0
36083052502,75018970,895747,36,,5744,6.42
36083052503,2042800,374281,36,,1524,5.51
36083052601,113445778,2050108,36,,3468,3.76
36083052602,1809749,0,36,,1138,5.24
36083052603,149931221,508218,36,,2778,1.18
36085000300,377461,2080565,36,,2072,11.08
36085000600,666769,2045497,36,,2696,10.57
36085000700,528114,605460,36,,5195,29.82
36085000800,799850,0,36,,4908,4.05
36085000900,231877,0,36,,2127,15.16
36085001100,325090,0,36,,4203,31.72
36085001700,306005,0,36,,1518,3.99
36085001800,910163,1451608,36,,465,0
36085002001,512964,0,36,,2736,0
36085002002,771749,0,36,,3028,0
36085002100,864360,2017877,36,,5285,21.93
36085002700,250358,0,36,,2528,59.74
36085002900,526903,0,36,,5532,24.31
36085003300,852475,0,36,,3863,4.11
36085003600,409183,0,36,,2706,10.18
36085003900,583060,0,36,,2263,7.52
36085004001,300661,0,36,,2733,6.04
36085004002,337374,0,36,,2488,11.29
36085004003,195483,0,36,,3507,33.02
36085004004,359234,0,36,,3664,19.98
36085004700,895658,0,36,,2961,0
36085005000,792524,42337,36,,4683,6.93
36085005901,936901,6193,36,,3075,0
36085005902,450104,0,36,,0,
36085006400,709804,0,36,,3431,9.78
36085006700,950892,1786,36,,2907,6.4
36085007001,473458,0,36,,2880,3.01
36085007002,2166807,866081,36,,6099,10.18
36085007400,541258,442359,36,,5038,7.79
36085007500,480639,0,36,,3381,6.17
36085007700,248536,0,36,,1948,20.29
36085008100,806838,194554,36,,4680,8.94
36085009601,776279,0,36,,4568,1.28
36085009602,617605,0,36,,3691,2.21
36085009701,795842,336112,36,,4274,11.78
36085009702,367493,99704,36,,42,0
36085010500,816706,0,36,,5423,15.55
36085011201,1607939,585976,36,,5825,0.84
36085011203,1001598,0,36,,6898,4.99
36085011204,975926,741225,36,,59,0
36085011401,526892,0,36,,3254,16.3
36085011402,579280,0,36,,3356,3
36085012100,741984,0,36,,3126,0
36085012200,827812,0,36,,4921,3.16
36085012500,461075,0,36,,3095,3.64
36085012804,897166,342703,36,,4643,8.29
36085012805,1006608,344653,36,,2196,3.64
36085012806,1319470,580167,36,,5308,7.72
36085013201,469586,0,36,,1589,9.18
36085013203,1027708,5153,36,,7288,2.36
36085013204,1045193,0,36,,5090,8.56
36085013301,67337,0,36,,1123,33.33
36085013302,849327,0,36,,3468,21.2
36085013400,850704,0,36,,3660,9.65
36085013800,1407436,0,36,,6235,2.08
36085014100,311360,0,36,,2752,12.06
36085014604,1129001,0,36,,6718,2.55
36085014605,875799,6861,36,,3890,1.09
36085014606,1768732,192,36,,6444,2.63
36085014607,683480,0,36,,4857,12.46
36085014608,448628,0,36,,3370,4.2
36085014700,1667034,2000,36,,3398,0
36085015100,1004814,0,36,,5197,1.5
36085015400,2220712,2745202,36,,0,
36085015601,1429954,0,36,,6706,3.59
36085015602,881072,0,36,,3607,8.22
36085015603,969267,2670770,36,,4982,11.15
36085016901,823441,0,36,,3735,0
36085017005,1389594,681,36,,4616,1.8
36085017007,1460411,1188,36,,6298,10.93
36085017009,1182339,0,36,,4805,0
36085017011,719396,0,36,,4540,8.76
36085017012,922584,0,36,,5170,8.71
36085017013,556649,219,36,,4652,0.97
36085017014,553872,0,36,,4221,5.64
36085017015,457623,0,36,,2897,0
36085017016,661425,0,36,,4538,3.47
36085017300,343224,0,36,,2634,15.09
36085017600,3265505,2161742,36,,5132,0
36085017701,2935055,2825,36,,3791,0.73
36085017702,586941,0,36,,2338,15.12
36085018100,5198693,31114,36,,3692,12.04
36085018701,385154,0,36,,1951,7.11
36085018703,474507,0,36,,4188,4.28
36085018704,538794,0,36,,4379,9.22
36085018901,1136446,0,36,,5231,4.96
36085018902,755077,0,36,,6152,10.2
36085019700,300157,0,36,,1914,0.94
36085019800,5586388,4546063,36,,7556,9.77
36085020100,628188,0,36,,3637,10.97
36085020701,417768,106511,36,,3707,15.8
36085020702,542033,289198,36,,2635,23.62
36085020803,2098034,0,36,,7802,4.49
36085020804,1330758,0,36,,5228,1.46
36085020805,1127289,7616,36,,6058,5.18
36085020806,1469772,0,36,,2827,7.63
36085021300,784577,0,36,,5391,13.29
36085022300,766316,606238,36,,3109,25.21
36085022601,1747826,522,36,,7221,0.56
36085022602,6278738,2111712,36,,1457,5.18
36085022801,4065100,926280,36,,43,0
36085022802,5507700,860084,36,,0,
36085023100,592842,0,36,,4819,11.76
36085023900,532083,0,36,,3165,2.1
36085024401,2102132,170084,36,,5678,1.23
36085024402,1823028,2065530,36,,4909,0
36085024700,479856,0,36,,2943,14.18
36085024800,1649555,703149,36,,4801,2.26
36085025100,1171699,0,36,,6519,1.32
36085027301,3029805,1271,36,,4464,4.31
36085027302,1021147,0,36,,4419,9.35
36085027702,1455129,0,36,,6245,12.59
36085027704,528028,0,36,,5044,11.62
36085027705,531529,0,36,,6094,4.13
36085027706,438638,0,36,,3260,23.38
36085027900,5243639,177359,36,,2106,7.59
36085029102,9241871,1890918,36,,3507,6.23
36085029104,1541565,0,36,,6799,5.03
36085029105,1607963,533,36,,3981,7.14
36085029106,430836,0,36,,3064,15.67
36085030301,719319,0,36,,5749,1.7
36085030302,908763,0,36,,6502,6.29
36085031901,388050,0,36,,3888,31.55
36085031902,690539,294299,36,,4502,30.95
36085032300,3867919,498690,36,,1078,0
36085990100,0,81772671,36,,0,
36087010101,63625966,6943969,36,,5443,3.16
36087010102,3756472,0,36,,5217,1.26
36087010200,4360939,3341019,36,,4133,1.42
36087010501,6481930,83759,36,,4593,2.86
36087010503,37044320,2268792,36,,3362,1.19
36087010504,3776489,0,36,,7913,7.58
36087010601,2085583,24445,36,,3947,3.52
36087010602,3168463,3399494,36,,6834,6.66
36087010701,3060214,0,36,,4909,9.05
36087010702,817286,0,36,,3851,18.25
36087010703,1261275,7916923,36,,3513,12.38
36087010801,10083179,68736,36,,4516,3.5
36087010802,11388078,2006466,36,,5953,1.68
36087010803,4044165,0,36,,4805,7.98
36087010804,3570430,15336,36,,4204,2.14
36087010901,4901847,1251557,36,,4744,4.17
36087010902,9192026,9727706,36,,3585,1.65
36087011000,3181494,8146552,36,,2072,5.74
36087011101,5875183,28589,36,,5429,0
36087011102,9276574,466368,36,,5991,2.48
36087011200,11135028,558710,36,,6167,0.98
36087011302,5303991,0,36,,6563,2.89
36087011303,4960108,0,36,,5740,7.95
36087011304,777577,0,36,,4393,26.7
36087011305,2829796,13218,36,,4712,0.38
36087011401,3825075,0,36,,4129,0.99
36087011403,4792524,0,36,,5184,5.29
36087011404,1629435,0,36,,3833,3.34
36087011405,2858589,0,36,,4555,6.78
36087011505,428972,0,36,,3739,53.11
36087011506,1051769,0,36,,6503,57.84
36087011507,5585295,0,36,,3867,1.93
36087011508,6048206,9805,36,,4511,4.98
36087011509,11469227,25830,36,,4041,5.12
36087011510,4480065,0,36,,4816,0
36087011511,1401419,0,36,,4427,21.91
36087011512,1871555,0,36,,4308,4.03
36087011601,58993418,1460613,36,,3769,1.6
36087011602,12391042,26295,36,,5074,15.68
36087011603,6697923,0,36,,6960,8.71
36087011700,6471761,99648,36,,3029,2.7
36087011800,5784799,45427,36,,1170,3.52
36087011901,1285677,17228,36,,3694,4.38
36087011902,2758743,66371,36,,3629,3.15
36087012000,1387003,0,36,,4072,0.86
36087012107,578236,32891,36,,5532,40.86
36087012108,506774,0,36,,5991,50.12
36087012109,452471,0,36,,3140,43.24
36087012110,321874,0,36,,3471,58.29
36087012111,1278674,0,36,,3242,33.33
36087012112,2312154,2624,36,,4064,35.29
36087012113,862249,0,36,,4149,34.05
36087012114,821369,0,36,,2719,42.09
36087012115,1062579,0,36,,1890,13.73
36087012116,1146973,0,36,,4269,43.57
36087012203,441232,0,36,,3017,22.43
36087012204,489228,0,36,,3967,29.06
36087012205,270378,0,36,,2497,31.88
36087012206,491744,0,36,,3232,13.41
36087012301,479916,0,36,,3371,33.77
36087012302,628789,5474,36,,3916,33.98
36087012401,965218,0,36,,6677,20.25
36087012403,424454,0,36,,2062,37.73
36087012404,446218,0,36,,2099,12.23
36087012503,3573359,7328,36,,2826,6.95
36087012504,5122107,0,36,,4370,1.59
36087012505,2507886,0,36,,2966,8.56
36087012506,5182835,4574,36,,3149,1.47
36087012600,5581304,8332,36,,5726,5.6
36087012700,2065432,0,36,,4435,0
36087012800,11542704,1023146,36,,7377,1.21
36087013001,4086075,301455,36,,2394,1.84
36087013002,7778006,167043,36,,5412,5.23
36087013003,11666080,5987637,36,,3266,3.69
36087013101,1035043,0,36,,3226,1.5
36087013102,716711,2164405,36,,3141,8.3
36087013200,1560442,2794009,36,,3122,2.61
36087013300,1742280,1151103,36,,2434,0
36087013401,4000170,16676,36,,4065,0.25
36087013402,10529124,5240113,36,,3823,0
36089490100,45442027,26184191,36,,2957,5.76
36089490200,7799011,347101,36,,3679,15.68
36089490300,61612753,4026884,36,,5733,21.91
36089490400,125678796,39735037,36,,3026,8.64
36089490500,270885766,18209631,36,,3924,10.8
36089490600,146955090,2599602,36,,4430,14.76
36089490700,479153508,3514799,36,,6430,12.23
36089490800,79823736,1304592,36,,3514,12.54
36089490900,28544487,460535,36,,3151,8.73
36089491000,151010119,3385189,36,,4621,7.53
36089491100,2458201,225858,36,,2127,
36089491200,726807,0,36,,1504,
36089491300,280444028,14404103,36,,4233,6.71
36089491400,8841822,4572918,36,,4252,7.22
36089491500,1944631,2028614,36,,3345,24.41
36089491600,2048543,1416230,36,,2003,7.05
36089491700,169642767,14529890,36,,4075,6.75
36089491800,462578536,10170345,36,,4455,10.21
36089491900,2310558,0,36,,1586,
36089492000,130945655,898144,36,,5573,7.64
36089492100,138002436,2026665,36,,4461,10.13
36089492301,217235603,6328008,36,,2958,12.18
36089492302,155999386,1264211,36,,2524,1.24
36089492401,187849951,237431,36,,2216,8.43
36089492501,1066211185,51209812,36,,2031,13.42
36089492600,648565391,9797124,36,,5758,11.08
36089492700,184410078,2824347,36,,6484,20.79
36089492800,275686886,41842197,36,,3445,25.8
36089492900,258998791,44614814,36,,2365,15.43
36089493000,1348133135,58802690,36,,936,7.56
36091060102,20387228,1251763,36,,6754,9.39
36091060103,38160481,2001275,36,,1727,0
36091060104,46479015,583068,36,,4269,11.79
36091060200,3518293,341616,36,,3739,4.79
36091060301,49063385,1242552,36,,3217,7.83
36091060400,2762585,102299,36,,2568,18.21
36091060501,102834353,3573939,36,,2080,6.84
36091060504,96830623,14310022,36,,1168,14.37
36091060505,225057731,17664552,36,,1030,6.36
36091060506,68272017,572907,36,,1591,18.27
36091060507,45677485,2269714,36,,351,5.26
36091060601,63996184,383620,36,,3207,12.26
36091060602,106701276,380719,36,,4815,12.78
36091060703,29226506,11319,36,,3460,1.45
36091060704,44715285,39674,36,,4353,3.07
36091060705,8920733,28046,36,,4274,0
36091060706,9955867,218113,36,,5330,1.82
36091060800,83652853,1603766,36,,5226,2.84
36091060901,102375455,5916860,36,,3738,1.18
36091060902,2679450,140897,36,,2097,10.38
36091061001,1135750,2970,36,,2853,5.15
36091061002,634211,0,36,,1732,0
36091061101,4292881,40263,36,,2103,17.5
36091061102,5169002,100844,36,,3543,0
36091061201,1498362,0,36,,2289,6.25
36091061202,3324744,0,36,,3101,3.24
36091061301,35854024,1914360,36,,3934,11.1
36091061303,1136610,2625,36,,2068,0
36091061304,5727947,6349,36,,3113,3.44
36091061305,13894500,23886,36,,3806,2.77
36091061401,60978894,58162,36,,4611,2.56
36091061403,15227387,34879,36,,6763,3.26
36091061404,12813465,49021,36,,3198,0.32
36091061500,113494742,3066692,36,,3537,7.06
36091061600,84883848,486982,36,,4335,0.86
36091061701,50925251,1193101,36,,6777,1.24
36091061702,24664223,3242,36,,4611,3.48
36091061800,4429432,23918,36,,5104,4.38
36091061904,28095904,55705,36,,5900,0
36091061905,21706944,7676241,36,,3063,4.15
36091061906,7040685,1417174,36,,3636,14.62
36091061907,15474800,0,36,,4678,0
36091062001,44646019,747579,36,,4740,4.5
36091062002,58779030,4897470,36,,2612,6.86
36091062100,3258267,527123,36,,1876,5.26
36091062200,1429179,204368,36,,3035,9.13
36091062300,743308,0,36,,2108,27.36
36091062404,27729064,1402132,36,,2942,0
36091062406,7252739,12434,36,,4132,4.98
36091062407,10180974,995453,36,,4645,3.79
36091062408,3852316,212961,36,,2853,0.65
36091062409,6292370,34394,36,,2889,2.08
36091062410,3289954,18453,36,,3934,3.44
36091062501,12542162,343452,36,,5015,1.02
36091062503,7365318,153723,36,,6045,0
36091062505,25789472,43594,36,,4600,0.7
36091062506,9093861,16846,36,,5238,0
36091062507,16884295,2914789,36,,4068,3.24
36091062508,9014502,3690,36,,4511,1.95
36091062509,8932474,0,36,,3566,0.93
36091062601,18039662,50415,36,,3070,0
36091062602,42971013,1708329,36,,6483,0.9
36091062700,16275173,1995127,36,,6145,3.76
36091062800,732551,194162,36,,2053,3.66
36091062900,99048191,2218375,36,,766,0
36093020101,1187342,9026,36,,2679,4.32
36093020102,854905,0,36,,2298,10.69
36093020200,1821139,226176,36,,2550,10.79
36093020300,490013,53188,36,,2348,0
36093020500,1756550,0,36,,4843,11.87
36093020600,2023285,33378,36,,3404,9.27
36093020700,1389579,0,36,,6080,29.23
36093020800,1172767,11575,36,,3863,12.95
36093020900,737486,0,36,,4016,21.45
36093021001,438142,0,36,,1261,0
36093021002,497227,0,36,,2553,48.79
36093021200,1165672,0,36,,2719,6.1
36093021400,850053,0,36,,3267,40.83
36093021500,851109,0,36,,3261,52.57
36093021600,1261012,0,36,,3393,18.96
36093021700,1269890,0,36,,3928,21.32
36093021801,2070010,7139,36,,2330,17.43
36093021802,3351971,22148,36,,4474,6.6
36093031901,5806721,4028,36,,4978,2.44
36093031902,4487906,0,36,,3061,1.92
36093032000,6245582,314365,36,,7275,2.93
36093032101,13440048,884419,36,,5708,0
36093032102,6163844,1103502,36,,2002,0.87
36093032200,3438827,378715,36,,4573,0.43
36093032300,933178,0,36,,2687,2.54
36093032402,11359662,671015,36,,3495,8.5
36093032403,6800128,1223394,36,,2404,2.17
36093032404,21609678,59304,36,,6491,0.8
36093032502,7206301,69888,36,,2834,0
36093032503,10286568,95405,36,,4528,2.83
36093032504,65999125,1264687,36,,2272,3.14
36093032601,5921103,29397,36,,2386,3.32
36093032602,60048381,1896395,36,,4424,2.96
36093032700,2291885,0,36,,4085,7.78
36093032901,4424092,7512,36,,3444,1.17
36093032902,2997245,1866,36,,4447,0.68
36093033002,7578847,41675,36,,2482,0
36093033003,3616881,3882,36,,3795,2.58
36093033004,4005180,0,36,,2988,4.29
36093033101,62074250,645424,36,,1934,4.55
36093033102,183329990,3232878,36,,5970,4.01
36093033200,1531031,0,36,,3429,19.63
36093033300,1529584,0,36,,2438,0
36093033400,1246501,0,36,,3229,1.06
36093033500,2529022,76563,36,,2977,8.76
36095740100,128196160,1294994,36,,4846,6.41
36095740200,78698060,463379,36,,5161,3.45
36095740300,568980,0,36,,1058,
36095740400,283750505,791779,36,,5183,10.74
36095740500,174163169,1199665,36,,3516,5.21
36095740600,368179663,1683284,36,,2612,6.93
36095740700,201363200,466732,36,,4906,5.32
36095740800,375583814,5777118,36,,2697,3.68
36097950100,265133151,26455230,36,,4880,9.43
36097950200,70316952,0,36,,1677,5.06
36097950300,236633986,7035659,36,,2974,10.88
36097950400,93816091,1176437,36,,3697,5.94
36097950500,184505223,1579047,36,,4521,16.11
36099950100,147020966,8295337,36,,2173,11.29
36099950200,16094147,334903,36,,2655,10.58
36099950300,22201182,7668269,36,,3648,3.82
36099950400,24428131,392453,36,,2694,11.84
36099950500,23348107,45010,36,,3532,5.7
36099950600,32772263,336343,36,,3808,1.28
36099950700,141980093,34214464,36,,3632,7.66
36099950801,2037050,0,36,,895,
36099950802,178712104,70615278,36,,3569,11.42
36099950900,168491180,34870761,36,,4524,7.29
36099951000,81287547,16045715,36,,1995,6.09
36101960100,85833875,8582735,36,,1058,6.83
36101960200,253125463,286126,36,,3029,10.3
36101960300,145246643,18357,36,,2367,18.53
36101960400,100353492,1530990,36,,3710,12.76
36101960500,208245103,574587,36,,2676,4.7
36101960600,112874616,560252,36,,3989,11.67
36101960700,2269064,0,36,,2520,14.12
36101960800,3013011,0,36,,2838,14.98
36101960900,1403123,0,36,,2815,19.97
36101961000,250703538,675439,36,,3546,5.22
36101961100,109797070,165306,36,,4361,5.2
36101961200,6608541,0,36,,3531,12.78
36101961300,130460119,1291435,36,,3508,7.24
36101961400,106055738,8361332,36,,2106,1.44
36101961500,118370898,5511462,36,,1861,5.9
36101961600,105800706,98872,36,,1781,6.9
36101961700,105372683,243467,36,,3134,12.98
36101961800,308403114,840333,36,,3245,11.35
36101961900,140768140,24435,36,,3270,5.97
36101962000,601496576,673071,36,,4017,9.1
36101962100,240949291,305708,36,,2899,10.06
36101962200,66161312,368524,36,,2595,11.69
36101962301,88450257,1250050,36,,5191,2.51
36101962302,11666860,49288,36,,2815,5.75
36101962400,1612356,50708,36,,3117,4.87
36101962500,2337107,145621,36,,2023,11.55
36101962600,1774194,107747,36,,2352,3.98
36101962700,2263260,154938,36,,3174,10.78
36101962800,55849901,865524,36,,3238,1.48
36101962900,39590959,437053,36,,2639,4.98
36101963000,194541412,1866515,36,,3629,2.42
36103110101,24168878,4263574,36,,3570,1.61
36103110103,1535600,0,36,,2318,0.88
36103110104,8819815,438101,36,,3090,1.95
36103110200,4186072,417550,36,,5420,1.56
36103110300,5245884,3965136,36,,4924,0.84
36103110401,3678460,0,36,,2291,2.48
36103110402,2046852,164290,36,,3470,1
36103110501,5516388,3546639,36,,3405,7.13
36103110502,3871303,6667,36,,2986,3.29
36103110601,3901101,396643,36,,4520,3.58
36103110602,2063783,191456,36,,2800,14.33
36103110801,6355351,20859919,36,,1920,3.03
36103110803,14148058,3936039,36,,6204,1.96
36103110901,1616023,0,36,,2332,4.89
36103110902,1944079,0,36,,4241,14.63
36103111001,1548031,0,36,,2386,0
36103111002,2001499,0,36,,5348,6.36
36103111101,1032669,0,36,,2263,0
36103111102,821519,0,36,,2191,24.9
36103111103,1242369,0,36,,4064,20.24
36103111201,1194840,9518,36,,3336,0
36103111202,1898467,0,36,,5069,1.41
36103111300,7014485,11947,36,,4795,4.4
36103111401,1127428,0,36,,1530,6.58
36103111402,2793427,0,36,,5126,0.87
36103111503,2417028,0,36,,5024,6.92
36103111504,2742050,0,36,,1880,0.92
36103111506,5071476,0,36,,2737,2.34
36103111507,694980,0,36,,2908,2.04
36103111508,2704235,0,36,,4048,3.15
36103111601,2034919,0,36,,3603,0.8
36103111602,1910313,0,36,,3112,2.53
36103111701,2687356,0,36,,5417,5.83
36103111703,2755877,0,36,,3174,7.89
36103111704,2127250,0,36,,3710,0
36103111801,4788883,0,36,,6543,0
36103111802,2341253,0,36,,2448,6.14
36103111803,2144653,0,36,,2727,0
36103111804,1921251,0,36,,2219,0
36103111900,12728085,0,36,,5138,0.65
36103112001,2706337,0,36,,4360,2.27
36103112002,6139065,0,36,,5790,1.73
36103112102,7891761,0,36,,3170,1.25
36103112103,3733848,0,36,,5025,0.72
36103112104,4258366,0,36,,2283,4.7
36103112204,1474327,0,36,,3944,2.96
36103112211,5087361,0,36,,4034,3.88
36103112212,5866271,0,36,,3915,0
36103112213,6818444,0,36,,5221,0
36103112215,9580381,0,36,,3245,1.83
36103112216,6923889,0,36,,3887,4.76
36103112217,3944493,0,36,,2532,1.29
36103112218,8179384,0,36,,5395,0
36103112219,4617739,0,36,,3033,0
36103112220,7496290,0,36,,3570,0
36103122300,16674543,0,36,,3907,0.39
36103122405,1613640,0,36,,3815,1.32
36103122406,2782553,0,36,,,
36103122407,1799550,0,36,,1451,4.01
36103122408,4397415,0,36,,3568,0
36103122501,2222258,8646,36,,,
36103122502,2311344,73237,36,,4513,2.58
36103122602,1666372,0,36,,4689,0
36103122603,2672155,40741,36,,5473,2.58
36103122604,1437201,9723,36,,3630,6.83
36103122605,748552,0,36,,2325,3
36103122704,1259027,0,36,,2744,2.69
36103122705,1900464,0,36,,2913,2.29
36103122706,1609118,0,36,,3468,5.18
36103122707,3610903,0,36,,2975,0.9
36103122801,4340520,0,36,,5474,1.76
36103122802,1581640,25464,36,,5247,0
36103122901,1976565,0,36,,6372,2.04
36103122902,1667345,3573,36,,4143,2.98
36103123001,2027639,0,36,,5850,2.56
36103123002,2318860,5550,36,,4953,7.1
36103123101,2541133,45744,36,,3868,3.04
36103123102,1763982,0,36,,3631,3.21
36103123201,2691334,0,36,,1959,9.9
36103123203,1254770,0,36,,3240,2.23
36103123204,2988101,0,36,,6903,8.16
36103123303,1517445,0,36,,5496,8.59
36103123304,1396845,0,36,,4856,3.06
36103123401,1250618,0,36,,3606,2.92
36103123403,590854,0,36,,1936,2.93
36103123404,2105125,0,36,,5480,6.05
36103123500,3092583,0,36,,6057,10.28
36103123600,2302367,1082191,36,,3473,2.17
36103123701,2203070,0,36,,6621,6.73
36103123703,1034471,0,36,,4136,3.23
36103123704,1270622,6709,36,,5072,14.75
36103123801,2031645,1095328,36,,4247,6.74
36103123802,1469021,495018,36,,3256,5.03
36103123900,1659733,0,36,,4813,14.31
36103124001,1520278,5148,36,,4705,2.31
36103124002,1362065,0,36,,3461,0.84
36103124101,1423410,0,36,,4390,2.27
36103124102,1205192,0,36,,3408,3.69
36103124200,2533766,162552,36,,6329,0.35
36103124301,1002683,0,36,,1880,0
36103124302,2348138,0,36,,4763,2.44
36103124401,2735991,505683,36,,3997,5.45
36103124402,21239811,58026093,36,,3642,3.06
36103124500,2430370,54327,36,,5196,1.09
36103124601,1221847,196989,36,,2565,1.65
36103124602,2591362,743596,36,,4421,0
36103134702,6572482,0,36,,6047,1.41
36103134703,9994933,4073000,36,,3999,1.23
36103134704,4662164,1697453,36,,2944,1.82
36103134902,6620247,1059751,36,,5348,0.75
36103134906,3485448,0,36,,4928,1.09
36103134907,4041062,950185,36,,3255,0
36103134908,4617539,4935,36,,3105,1.29
36103134909,6128916,209703,36,,4369,3.06
36103135002,4092593,0,36,,4979,0.25
36103135003,4214754,0,36,,5241,1.3
36103135004,17968320,10259138,36,,3012,0.82
36103135005,3513014,2271,36,,3460,1.16
36103135101,3346318,0,36,,3863,1.32
36103135102,3530135,0,36,,4759,6.36
36103135103,3687576,0,36,,4840,0.77
36103135104,5531222,29191,36,,4949,0.66
36103135201,1464131,0,36,,2072,1.62
36103135205,6688532,0,36,,5014,0
36103135208,2290959,0,36,,2794,0
36103135209,7122696,0,36,,3598,2.33
36103135303,3269651,0,36,,4173,1.9
36103135305,2923113,208426,36,,1695,2.31
36103135306,3364214,18812,36,,5187,2.79
36103135401,5224800,0,36,,6189,4.65
36103135402,4673046,7673,36,,7155,4.34
36103135403,3235850,6946,36,,4243,7.06
36103135500,6942428,199274,36,,4770,4.82
36103145601,1731268,0,36,,,
36103145602,1459852,0,36,,,
36103145603,3712191,0,36,,,
36103145604,1566149,0,36,,,
36103145605,1963159,0,36,,,
36103145701,6637832,0,36,,4765,2.53
36103145702,2958811,0,36,,,
36103145703,2545222,0,36,,6228,0.88
36103145705,1025389,0,36,,3026,20.47
36103145706,2055990,0,36,,5305,4.68
36103145803,6159990,0,36,,5233,5.56
36103145804,5733949,0,36,,3581,0.72
36103145807,1988417,0,36,,4262,0
36103145808,2320308,0,36,,3066,2.76
36103145809,1072400,859817,36,,1963,2.42
36103145810,1788072,0,36,,3131,2.9
36103145901,3709655,0,36,,3490,4.74
36103145903,2751931,0,36,,6851,1.68
36103145904,2767631,0,36,,4847,19.43
36103145905,1718357,0,36,,4448,2.79
36103146001,2225464,0,36,,,
36103146002,2189261,0,36,,6165,3.13
36103146004,699155,0,36,,1612,13.73
36103146005,3120608,0,36,,8968,3.39
36103146102,865619,0,36,,2785,0
36103146103,2129265,0,36,,4384,3.42
36103146105,2280871,0,36,,,
36103146106,2250749,0,36,,,
36103146201,1448777,0,36,,,
36103146202,1703768,0,36,,5728,8.32
36103146203,1817633,0,36,,5055,5.66
36103146204,2134758,0,36,,,
36103146205,1721861,0,36,,2015,5.02
36103146206,1520254,0,36,,2011,0
36103146300,3630947,0,36,,2450,1.41
36103146402,7131597,63598,36,,3767,1.84
36103146403,1654033,0,36,,6868,8.24
36103146404,3057472,0,36,,2962,0.76
36103146500,3298459,0,36,,5223,3.53
36103146607,4278489,0,36,,2453,10.34
36103146608,2075113,0,36,,2839,5.58
36103146611,2067197,0,36,,3017,3.86
36103146612,2661792,0,36,,5132,2.13
36103146613,2343914,0,36,,3564,2.65
36103146614,4522509,0,36,,4806,4.98
36103146616,14703279,88186,36,,4183,0
36103146617,3305420,0,36,,2670,0
36103146618,13830661,0,36,,5946,2.54
36103146619,2383879,0,36,,2631,2.37
36103146620,965616,0,36,,1948,1.2
36103146703,2210558,0,36,,4087,4.74
36103146704,1137987,26721,36,,2181,2.88
36103146705,1807242,0,36,,2912,1
36103146706,1836800,0,36,,2500,0
36103146800,3116698,0,36,,6165,0.46
36103146901,2959707,35459,36,,4993,0
36103146902,3009755,990115,36,,3650,1.6
36103147001,2465696,125395,36,,4548,2.35
36103147003,5654770,214722,36,,4199,2.42
36103147004,9319674,78239752,36,,259,0
36103147100,2435370,58407,36,,3185,0
36103147201,2204676,809042,36,,3835,1.27
36103147202,857399,0,36,,2444,12.41
36103147301,1898995,0,36,,2476,17.97
36103147302,2687930,1897398,36,,4699,2
36103147401,3002593,70170,36,,5844,5.9
36103147402,3924780,1611173,36,,2970,0
36103147502,4286846,465588,36,,5438,1.6
36103147503,10613514,4102205,36,,1880,3.61
36103147504,2291104,713888,36,,1082,0
36103147505,3655309,42062,36,,7167,3.61
36103147601,2865697,842219,36,,2307,0
36103147602,5672304,822324,36,,5021,1.69
36103147701,3545089,0,36,,3219,1.82
36103147702,4886701,502490,36,,4787,0.75
36103147802,3244295,74087,36,,3606,2.61
36103147803,1986754,0,36,,2886,0
36103147804,4983725,94768,36,,5882,4.24
36103147901,4392065,56907,36,,4276,2.61
36103147902,5283237,128859,36,,4555,7.28
36103158001,10071451,11575351,36,,3674,4.82
36103158009,2412322,0,36,,2390,0
36103158010,4620242,0,36,,3472,0
36103158011,6885615,0,36,,4252,1.83
36103158012,4440299,0,36,,4056,0.56
36103158013,2483819,0,36,,2625,3.43
36103158014,893066,0,36,,640,
36103158015,3377790,0,36,,8498,
36103158016,3225380,0,36,,2291,4.7
36103158017,6051135,1099143,36,,3910,2.14
36103158102,2778200,0,36,,4932,1.5
36103158103,3867296,0,36,,4808,5.05
36103158107,3477614,0,36,,3407,0
36103158108,2518160,0,36,,2921,0
36103158111,1478420,0,36,,3387,1.72
36103158112,2472555,0,36,,4186,9.6
36103158114,1948725,0,36,,3128,0.88
36103158116,1962884,0,36,,1957,3.59
36103158117,1219593,0,36,,2997,4.03
36103158118,2728482,0,36,,3896,1.18
36103158119,3812522,0,36,,6208,5.87
36103158120,2081640,0,36,,2837,1.19
36103158205,3495942,355378,36,,1485,0
36103158206,3330793,10448,36,,3793,1.26
36103158207,7319761,5431520,36,,5002,0.92
36103158208,4151867,0,36,,4495,3.19
36103158209,2958045,0,36,,3404,8.05
36103158304,9297867,6418818,36,,6859,1.81
36103158306,6454847,0,36,,6126,2.16
36103158309,4667405,0,36,,5061,1.73
36103158310,7647460,40361,36,,4776,0.58
36103158315,3596998,0,36,,4320,0.94
36103158317,3374799,2384608,36,,5690,0
36103158318,3467876,0,36,,4846,0.8
36103158319,2872525,0,36,,4165,5.15
36103158320,4742471,0,36,,5874,6.81
36103158322,1762896,0,36,,2126,0.91
36103158324,2556812,0,36,,2781,1.78
36103158325,3934518,0,36,,6736,4.51
36103158326,1563142,0,36,,1255,2.03
36103158327,4658965,0,36,,6579,1.42
36103158328,9440259,0,36,,5063,2.4
36103158329,1779252,0,36,,1666,0
36103158401,20900109,0,36,,1184,10.23
36103158402,9952548,4292644,36,,4680,1.32
36103158403,5673286,0,36,,2582,3.86
36103158407,3889442,2510678,36,,5665,0
36103158408,1925166,940339,36,,3753,2.84
36103158409,6544057,0,36,,3279,0.24
36103158410,3439445,0,36,,2954,1.03
36103158411,5207566,0,36,,3101,1.18
36103158412,13142899,223833,36,,2524,1
36103158502,2890876,0,36,,3530,4.85
36103158505,2505334,0,36,,3889,3.4
36103158506,1648094,2832,36,,3754,2.28
36103158509,2178626,0,36,,5176,8.65
36103158510,4549192,0,36,,6701,2.88
36103158511,4478891,0,36,,6634,1.81
36103158512,1808898,0,36,,2833,2.12
36103158513,2895938,0,36,,2757,8.02
36103158514,5569273,0,36,,7930,2.56
36103158604,2902147,0,36,,5336,2.02
36103158605,4734416,0,36,,5207,0
36103158606,4397071,0,36,,5054,6.95
36103158607,2528095,0,36,,3494,1.07
36103158608,1985471,0,36,,3667,10.9
36103158609,2475837,0,36,,4898,1.64
36103158705,4413705,35802,36,,4095,3.49
36103158707,8841570,112919,36,,1760,2.7
36103158708,7966088,109883,36,,3728,14.65
36103158709,13099359,110761,36,,3264,2.48
36103158710,32673199,46999,36,,3791,3.77
36103158711,7336030,0,36,,6318,1.48
36103158712,8850305,0,36,,6801,1.84
36103158713,4896761,0,36,,3092,12.53
36103158714,1046165,0,36,,2446,10.07
36103158715,5532825,0,36,,5095,6.73
36103158802,4666261,14894,36,,4622,5.83
36103158803,7104518,0,36,,6039,2.08
36103158805,2859229,133857,36,,3182,5.78
36103158806,2263694,251,36,,4061,0.72
36103158901,1346364,83318,36,,3462,0
36103158902,2149869,150897,36,,4403,8.3
36103159000,2345066,438443,36,,4503,8.19
36103159103,9491656,0,36,,5819,7.88
36103159106,19565259,94342,36,,5487,3.47
36103159107,4177988,0,36,,4972,3.99
36103159108,7603864,0,36,,7590,1.07
36103159109,1865469,45588,36,,2533,0.7
36103159110,4367990,0,36,,3460,9.93
36103159111,3224647,0,36,,3400,2.19
36103159112,2464548,0,36,,3458,10.96
36103159201,2973086,136178,36,,3108,1.04
36103159203,6648425,190540,36,,5405,0.51
36103159204,12067546,361456,36,,3889,7.91
36103159300,3688766,211385,36,,1876,3.33
36103159406,15108181,208505,36,,4891,9.04
36103159407,6319695,50904,36,,7797,3.51
36103159408,5836731,92138,36,,3309,9.45
36103159410,57048791,313246,36,,6543,0.58
36103159411,3864856,0,36,,3426,2.53
36103159413,9813185,0,36,,5050,5.22
36103159414,15966611,0,36,,2545,15.89
36103159415,3953735,74083,36,,1447,5.14
36103159416,3028760,44245,36,,5872,12.16
36103159509,2532206,574407,36,,3917,22.95
36103159510,16005199,188335615,36,,248,0
36103159511,3397772,323898,36,,6650,4.34
36103159512,2276865,501273,36,,2386,8.92
36103159513,3394280,39176,36,,5267,0.66
36103159514,7525694,571094,36,,3327,12.82
36103159515,3991089,1246838,36,,2800,11.43
36103159516,3500217,539633,36,,6732,18.22
36103159517,2641935,0,36,,3658,2.7
36103159518,3970854,306923,36,,4996,11.7
36103159602,8388282,857312,36,,4167,0
36103159603,1412786,515036,36,,960,11.33
36103159604,7653116,1074156,36,,5622,0.55
36103159700,3505616,0,36,,2309,5.42
36103169701,25332009,7080506,36,,8393,1.78
36103169703,8275934,5735168,36,,1752,1.81
36103169705,15075273,0,36,,2121,7.6
36103169706,55989805,1089315,36,,4587,16.14
36103169800,6152145,170472,36,,7208,5.72
36103169903,18851653,3560299,36,,5048,2.4
36103169904,4230204,759176,36,,1630,18.24
36103169905,11645697,8319203,36,,1538,0
36103169906,29015441,7760207,36,,3549,9.72
36103170003,15924496,16379346,36,,2076,8.19
36103170004,15106916,25576678,36,,3468,0
36103170005,13408701,19599294,36,,2198,2.31
36103170006,22403208,5103751,36,,1722,0
36103170101,2469239,1834418,36,,2574,5.76
36103170203,12876131,9192618,36,,1992,0.85
36103170204,15588504,27035652,36,,4655,0
36103170205,8374751,7236168,36,,2170,7.34
36103170206,33062227,93376394,36,,2946,0.72
36103180300,31590496,42800604,36,,3279,4.25
36103190402,44073411,23956,36,,3071,6.15
36103190403,17838645,7831349,36,,4642,8.61
36103190404,36297967,514954,36,,4636,25.35
36103190405,28746247,7259584,36,,6388,17.39
36103190502,10701317,7459669,36,,3329,4.29
36103190503,9793055,1292945,36,,2643,5.65
36103190504,9292284,16757171,36,,2698,1.34
36103190603,6360332,1864830,36,,6143,5.53
36103190604,9450968,21667273,36,,5494,9.69
36103190605,10839822,6302439,36,,602,20.83
36103190606,6630513,3807634,36,,3990,10.55
36103190706,30668029,13352888,36,,6129,3.47
36103190708,9333950,4358397,36,,1988,2.81
36103190709,10928784,13628157,36,,2254,3.14
36103190710,9205403,23131113,36,,1557,0
36103190711,26680795,24167355,36,,4368,0
36103190712,22762539,10257264,36,,1196,3.58
36103190713,16550681,9149582,36,,2054,2.57
36103190714,30044895,5189091,36,,1573,9.29
36103190801,13962907,11183286,36,,2030,0
36103190802,2931022,0,36,,2527,6.02
36103200901,12284471,8333418,36,,1277,6.87
36103200903,19784059,3842496,36,,2001,2.82
36103200904,7410300,0,36,,2955,12.15
36103200905,23556105,9509574,36,,1736,0
36103200906,13935954,4925255,36,,3230,29.67
36103201005,7020281,0,36,,2796,1.12
36103201006,26593059,21612000,36,,848,0
36103201007,26812491,27259456,36,,2104,3.46
36103201008,21076474,17657242,36,,1969,1.63
36103201009,11413083,656545,36,,6642,13.78
36103201010,22701390,62530996,36,,2847,0.13
36103201200,5367507,0,36,,,
36103990100,0,2713594939,36,,0,
36105950100,214381821,9041006,36,,3381,6.27
36105950201,66448171,270500,36,,1878,11.25
36105950202,177414424,2613985,36,,1445,10.99
36105950300,129978520,2546711,36,,1204,7.12
36105950400,125850203,919368,36,,3011,3.49
36105950500,96038212,1184578,36,,3642,12.34
36105950600,78608932,1521026,36,,1649,0
36105950701,18844702,41984,36,,3269,6.19
36105950702,12625914,242282,36,,1719,29.8
36105950801,35408221,1338257,36,,2566,5.35
36105950802,47641268,198831,36,,1945,13.18
36105950900,26804839,548728,36,,3472,28.66
36105951000,30767139,853713,36,,2558,8
36105951100,60417594,915706,36,,3805,4.54
36105951201,56881139,170745,36,,4842,5.2
36105951202,21257929,18955,36,,3923,18.16
36105951301,91148409,5441814,36,,1772,0.75
36105951302,79633377,998387,36,,2122,4.56
36105951500,44784206,1864757,36,,3239,16.39
36105951600,79158942,2496216,36,,3995,17.78
36105951701,80751463,4230629,36,,3426,1.32
36105951702,141881609,3967293,36,,829,3.15
36105951801,9416768,161484,36,,2450,18.15
36105951802,3677536,74552,36,,3504,27.21
36105951900,69649455,1546326,36,,1692,15
36105952000,151187498,10604575,36,,2305,6.6
36105952100,90378322,1727602,36,,2301,1.02
36105952200,94006566,2113556,36,,1392,2.51
36105952300,122256004,4029728,36,,1528,5.76
36105952400,129648268,4807606,36,,2007,0
36105952500,120536695,7246582,36,,2276,6.47
36107020101,177346057,75268,36,,2190,7.98
36107020102,130458924,259587,36,,3602,6.55
36107020200,246029924,305736,36,,5071,18.6
36107020300,130645770,1255418,36,,6729,8.22
36107020401,121903491,1641263,36,,4206,7.39
36107020402,10642007,489199,36,,4021,5.37
36107020500,6599467,599080,36,,3823,16.67
36107020600,238874725,4512368,36,,7020,5.08
36107020701,127206992,822423,36,,2935,12.05
36107020702,149682153,1084228,36,,4264,7.48
36107020703,4210506,0,36,,4245,2.76
36109000100,510397,6840,36,,2006,6.9
36109000201,154724,0,36,,2417,53.51
36109000202,284518,1616,36,,1655,0
36109000300,3888052,107999,36,,2958,8.51
36109000400,4007703,98151,36,,4857,6.22
36109000500,5276941,41803,36,,4359,9.12
36109000600,9325616,3838627,36,,4588,4.06
36109000700,1580191,112637,36,,4101,3.3
36109000800,1270612,94969,36,,2721,1.5
36109000900,24651176,4093369,36,,4480,4.99
36109001000,31123905,270721,36,,4751,26.67
36109001100,17813473,294789,36,,6314,3.32
36109001200,1337369,6077,36,,3266,0
36109001301,1126799,13433,36,,3385,0
36109001302,17935436,152189,36,,2972,1.15
36109001400,53043055,352958,36,,3459,5.23
36109001500,44399339,3503437,36,,6219,0.22
36109001600,67150862,8755291,36,,4269,2.11
36109001700,119634912,354060,36,,4125,8.44
36109001800,165139687,496155,36,,4809,3.7
36109001901,153739856,291655,36,,3055,9.35
36109001902,114308238,416043,36,,3284,1.89
36109002000,55093990,586578,36,,4312,16.6
36109002100,87447965,609044,36,,4631,5.22
36109002200,79314153,207523,36,,4191,2.99
36109002300,169762369,19075323,36,,5695,5
36111950100,79865546,3305366,36,,4596,0
36111950200,4705684,1457520,36,,3877,4.05
36111950300,7113679,2318502,36,,4622,7.32
36111950400,58897450,148637,36,,4120,0
36111950500,30919372,202200,36,,3360,5.92
36111950600,143357140,1207276,36,,2904,2.36
36111950900,543460589,983365,36,,1297,9.51
36111951000,151384333,17465421,36,,4246,6.82
36111951100,18290711,226093,36,,2187,8.6
36111951200,59177955,15458398,36,,3973,6.98
36111951300,17143631,2143979,36,,4190,3.69
36111951400,14534345,2283440,36,,3737,15.46
36111951500,48042049,756475,36,,3492,3.67
36111951600,9651589,321380,36,,2138,2.88
36111951700,5854789,3134930,36,,4658,21.08
36111951800,1567208,0,36,,1582,47.44
36111951900,1588012,0,36,,3148,7.31
36111952000,740496,0,36,,2667,22.45
36111952100,1447960,0,36,,3715,16.78
36111952200,4182200,63204,36,,3962,1.87
36111952300,1087985,0,36,,1560,1.65
36111952400,2910528,136002,36,,2650,14.97
36111952500,5177192,1691363,36,,3329,5.52
36111952600,91460503,10295467,36,,6210,0.57
36111952700,26519420,1147056,36,,2898,1.03
36111952800,25224962,838431,36,,2861,6.83
36111952901,78951408,1500872,36,,3025,10.91
36111952902,62128319,336122,36,,2662,8.62
36111953000,71627578,851568,36,,2181,4.37
36111953300,71091380,920252,36,,4406,4.83
36111953400,9546340,151435,36,,5210,14.3
36111953500,7097506,46188,36,,5435,17.27
36111953600,12137977,1009337,36,,5871,1.7
36111953700,68841551,4220152,36,,5268,1.2
36111953800,16213206,4633058,36,,3912,5.01
36111953900,47164244,623038,36,,4853,4.82
36111954000,42001615,660729,36,,4939,0
36111954100,48934593,965640,36,,5493,0.91
36111954200,112495374,1321719,36,,5625,1.35
36111954401,48980373,641651,36,,,
36111954402,68626398,419828,36,,5262,8.43
36111954500,97022998,904454,36,,4023,17.36
36111954600,129944832,6314963,36,,1708,7.69
36111954700,95158304,1418703,36,,1661,3.49
36111954800,15882264,55886,36,,5146,15.51
36111954900,16671074,1541034,36,,1918,3.91
36111955001,115438216,38259,36,,2332,10.55
36111955002,44228368,187276,36,,2821,3.29
36111955300,249690702,31514,36,,2280,17.39
36111955400,27577816,218627,36,,4195,0
36113070100,2366261,264493,36,,2787,4.73
36113070200,830092,0,36,,1977,12.5
36113070300,2120465,0,36,,3755,3.43
36113070400,2179903,0,36,,3775,10.86
36113070500,2273483,95478,36,,2384,4.81
36113070602,41157400,11867427,36,,1502,0
36113070603,24800478,228292,36,,3900,5.42
36113070604,18764965,1843685,36,,2087,2.69
36113070701,10968571,10977,36,,4076,0
36113070702,10352180,217705,36,,4965,5.69
36113070801,5608881,21582,36,,3732,10.89
36113070802,9343619,1261019,36,,3851,2.33
36113070900,40702816,1473577,36,,5042,0.48
36113071000,137051364,4061271,36,,3082,8.66
36113072001,19649381,3045776,36,,1732,5.94
36113072002,58405787,3583085,36,,1769,0
36113073000,164426858,3400647,36,,3952,7.12
36113073500,448728401,7059244,36,,1911,6.09
36113074000,528951203,6506568,36,,2155,0
36113075001,87820033,5139254,36,,1828,4.95
36113075002,130270429,2228829,36,,1258,4.21
36113076000,335473605,56871775,36,,2139,2.13
36113078000,163847307,57659005,36,,1901,2.71
36115080100,2940879,152818,36,,5150,8.59
36115080200,1880301,0,36,,2251,2.28
36115080301,11743880,38113,36,,3243,10.84
36115080302,86188547,657958,36,,2277,7.64
36115081001,174536170,3901809,36,,1891,2.73
36115081002,108096692,729976,36,,3637,7.01
36115082001,205648432,5195222,36,,5061,17.27
36115082002,220090358,14140150,36,,1060,8.71
36115084001,76803910,701121,36,,3038,8.39
36115084002,67246353,594659,36,,3170,16.35
36115085000,112309958,261211,36,,1963,7.33
36115086000,145328551,792595,36,,1801,11.26
36115087000,146426522,3264208,36,,3649,5.31
36115088001,4769592,3053,36,,2742,4.75
36115088002,64165280,2055616,36,,3237,3.87
36115089000,113087480,1547671,36,,4862,4.21
36115090000,135616682,149107,36,,2601,12.73
36115091000,96204526,1050612,36,,1716,6.03
36115092000,124115622,137924,36,,3265,2.12
36115093000,94278315,330127,36,,1883,5.89
36115094000,161295065,2419618,36,,2386,0.73
36117020103,33328063,44310,36,,2732,1.84
36117020104,22654867,149726,36,,2788,3.76
36117020105,15600577,0,36,,2781,5.82
36117020106,12362971,28689,36,,2188,1.86
36117020201,49582986,95141,36,,4386,2.12
36117020202,38096460,15095,36,,4873,2.1
36117020302,57357959,123734,36,,5344,6.99
36117020303,42834070,327148,36,,3923,7.53
36117020401,52854746,30404,36,,2803,3.53
36117020402,36862407,9553,36,,4028,9.06
36117020500,75489208,266736,36,,4554,3.61
36117020601,27728996,607090,36,,1661,1.45
36117020602,53010107,0,36,,2295,1.58
36117020700,5857740,0,36,,3436,2.7
36117020800,68379735,4879405,36,,3286,5.45
36117020900,105844290,246311,36,,4770,5.75
36117021000,199579453,364099,36,,6227,7.09
36117021100,10987319,11970,36,,5278,6.48
36117021200,10142528,0,36,,4562,20.71
36117021400,11139507,199067,36,,3227,18.85
36117021501,102026911,9606998,36,,2255,12.94
36117021502,101139630,2333354,36,,3989,13.77
36117021600,183852269,219965,36,,3946,5.35
36117021700,241507401,1897694,36,,3810,6.69
36117021800,5693176,153212,36,,1986,14.4
36117990100,0,1996575024,36,,0,
36119000101,255902,0,36,,5095,23.55
36119000103,350777,0,36,,5856,20.91
36119000104,151708,808783,36,,1432,0
36119000202,522565,410704,36,,4233,16.53
36119000203,472670,178986,36,,3598,9.16
36119000204,187850,0,36,,3011,6.46
36119000205,178214,0,36,,3267,20.64
36119000300,385818,0,36,,4259,14.31
36119000401,481077,458003,36,,6084,14.1
36119000403,408654,725214,36,,4036,17.64
36119000404,189026,0,36,,2993,18.58
36119000501,265267,0,36,,3053,30.88
36119000502,189392,0,36,,2996,65.29
36119000601,262983,0,36,,2677,33.93
36119000602,404747,0,36,,4308,7.24
36119000701,1217004,0,36,,3798,10.32
36119000702,712538,2179463,36,,5878,3.38
36119000801,1157213,0,36,,5465,1.57
36119000802,818618,0,36,,2295,15.26
36119000803,820810,0,36,,5403,2.77
36119000900,2520109,0,36,,3470,0
36119001000,204991,0,36,,2037,41.02
36119001101,175782,0,36,,4056,12.47
36119001102,745151,0,36,,6378,9.54
36119001200,422779,0,36,,5146,28.46
36119001301,1425478,0,36,,4013,8.48
36119001302,367782,0,36,,4266,13.81
36119001304,173217,0,36,,3155,19.94
36119001305,196566,0,36,,4640,22.21
36119001401,1747131,59198,36,,4562,13.47
36119001402,653156,0,36,,1456,3.16
36119001403,445380,0,36,,2787,18.62
36119001502,434911,0,36,,3493,4.34
36119001503,775771,355475,36,,2424,12.36
36119001504,1182546,0,36,,4912,3.87
36119001505,238964,0,36,,1880,14.98
36119001600,1929300,0,36,,4789,8.49
36119001701,756780,0,36,,3170,0
36119001702,1345026,0,36,,2755,14.02
36119001800,469197,0,36,,1385,7.3
36119001900,669511,0,36,,1486,2.91
36119002000,4805772,627991,36,,4333,1.07
36119002101,1112514,0,36,,4045,2.41
36119002103,1469608,0,36,,2486,0
36119002104,1306702,0,36,,5419,21.8
36119002105,1496856,0,36,,1444,4.23
36119002106,325593,19400,36,,2384,12.98
36119002107,545868,27390,36,,1864,4.34
36119002201,1019023,0,36,,2370,3.71
36119002202,1251772,0,36,,4593,4.24
36119002203,350766,0,36,,1701,2.71
36119002204,1941966,0,36,,5187,4.94
36119002300,1546783,0,36,,3837,4.42
36119002401,348499,0,36,,1975,12.08
36119002402,309885,0,36,,3550,2.05
36119002403,874768,0,36,,5091,15.05
36119002404,976847,0,36,,4010,0.76
36119002405,638857,0,36,,3243,6.86
36119002600,1474987,26819,36,,4613,5.79
36119002700,343362,0,36,,4118,13.4
36119002800,277704,0,36,,2552,16.46
36119002900,369736,0,36,,3956,29.78
36119003000,356074,0,36,,2779,8.27
36119003100,288916,0,36,,3105,21.27
36119003200,294518,0,36,,3274,31.26
36119003300,624485,0,36,,3528,0
36119003400,684418,0,36,,5071,2.66
36119003500,355160,0,36,,1844,9.38
36119003600,386750,0,36,,4143,10.88
36119003700,605003,0,36,,3951,8.27
36119003800,250808,0,36,,3789,0.72
36119003900,486547,0,36,,3234,7.48
36119004001,258996,0,36,,4473,14.62
36119004002,310351,0,36,,3069,4.24
36119004100,754510,17621,36,,3689,14.76
36119004200,647321,0,36,,4601,3.22
36119004500,292461,0,36,,1703,0.83
36119004600,699597,0,36,,3080,14.77
36119004700,1819053,0,36,,3459,0.74
36119004801,833878,0,36,,3185,0
36119004802,722755,0,36,,3805,7.52
36119004900,229936,0,36,,2985,2.03
36119005001,1097002,0,36,,4129,1.41
36119005002,2981702,159377,36,,4204,0.9
36119005100,982950,0,36,,4500,1.82
36119005200,3257247,133790,36,,4701,4.54
36119005300,1202887,5908,36,,5446,3.54
36119005400,926499,0,36,,1801,1.12
36119005500,3503454,113499,36,,5648,1.34
36119005600,312476,190781,36,,0,
36119005702,496852,16697,36,,3706,15.47
36119005703,1128678,2351,36,,3128,1.28
36119005704,721539,498795,36,,3176,0
36119005800,580455,0,36,,4376,7.11
36119005901,448929,0,36,,5315,8.73
36119005902,2554464,6400656,36,,6540,2.61
36119006000,917450,0,36,,4433,4.7
36119006100,858949,0,36,,5253,18.33
36119006200,705972,0,36,,6033,17.9
36119006301,413160,0,36,,3430,18.58
36119006302,314281,0,36,,3021,4.75
36119006400,996553,15968,36,,5396,15.56
36119006500,2113666,0,36,,5239,9.2
36119006600,1905493,50076,36,,6528,3.85
36119006700,3753917,139866,36,,5012,1.37
36119006801,3523955,8494,36,,5237,1.46
36119006802,4900692,80675,36,,5768,1.61
36119006900,6736607,213121,36,,6185,0
36119007000,2451160,4288937,36,,6414,0
36119007100,2838001,6735486,36,,6542,0
36119007200,3602393,7956100,36,,6877,4.2
36119007300,1725028,6755,36,,5226,1.14
36119007401,1229307,0,36,,4644,4.74
36119007402,1754886,859808,36,,3093,2.16
36119007500,5035639,1637281,36,,5074,0
36119007600,5682221,35058506,36,,5789,2.77
36119007700,4440123,5072,36,,5547,4.71
36119007800,1150027,136522,36,,4907,26.91
36119007901,638187,0,36,,3309,7.36
36119007902,408830,0,36,,5085,5.23
36119008000,823398,32033,36,,5357,15.84
36119008100,755901,16635,36,,4870,4.53
36119008200,2259438,0,36,,7929,1.29
36119008301,992608,3660,36,,2324,6.86
36119008302,7881068,54781,36,,7265,5.97
36119008401,3624808,3801,36,,2103,3.76
36119008403,1285793,0,36,,3698,5.82
36119008404,1149844,0,36,,6050,4.68
36119008500,13175722,59956,36,,3708,1.63
36119008602,20049752,1604519,36,,5492,0.78
36119008700,2265017,78393,36,,6084,3.36
36119008801,362216,0,36,,1608,17.65
36119008802,106271,0,36,,2475,7.88
36119008901,1107327,0,36,,6294,3.46
36119008902,3329997,282541,36,,3940,2.88
36119009000,1235262,12500,36,,4046,6.78
36119009100,1074053,0,36,,6290,14.44
36119009201,822311,0,36,,4447,4.13
36119009202,440256,0,36,,3106,12.56
36119009300,555583,0,36,,3728,28.33
36119009400,684172,0,36,,3530,14.38
36119009500,648957,0,36,,5409,3.19
36119009600,2177598,0,36,,4812,0.63
36119009701,2366388,0,36,,3070,0
36119009702,4777054,18318,36,,2957,7.12
36119009703,5530554,5394,36,,4106,3.75
36119009800,6657766,6520,36,,4701,0.69
36119009900,4966607,11067,36,,2834,0.54
36119010000,3804390,0,36,,5482,2.7
36119010100,1853263,3266,36,,4988,0
36119010200,3462884,0,36,,4912,1.62
36119010300,1662711,2431182,36,,3537,0
36119010400,1750496,1946439,36,,4181,0.8
36119010500,4524334,1772,36,,7216,2.29
36119010600,3423568,0,36,,5005,3.03
36119010701,8614219,67575,36,,5785,2.94
36119010702,3209632,21290,36,,5919,5.33
36119010801,4731767,682,36,,3697,2.38
36119010803,2808520,0,36,,3718,7.64
36119010804,1042288,0,36,,2320,2.06
36119010901,3143597,0,36,,2402,13.43
36119010902,3545823,13696,36,,5886,2.11
36119010903,2254682,0,36,,4856,1.45
36119011000,4876693,0,36,,2578,0.17
36119011101,9313835,20329,36,,6087,0.96
36119011102,2761775,0,36,,2975,1.02
36119011200,2599074,0,36,,4594,3.87
36119011300,7225237,3341258,36,,6541,0
36119011401,2870954,358289,36,,4187,1.14
36119011402,3272934,3955986,36,,1743,2.84
36119011500,1459557,2815814,36,,5822,2.75
36119011601,294811,0,36,,3585,12.77
36119011602,884369,3653379,36,,3571,5.01
36119011700,5498101,3347043,36,,3180,0
36119011800,28842513,4389718,36,,6143,3.46
36119011902,7580472,35275,36,,4232,3.18
36119012000,4310746,10073,36,,4931,2.96
36119012101,10445786,2443031,36,,5201,0
36119012102,4203662,0,36,,4793,1.91
36119012201,2584717,6261,36,,3081,0
36119012202,2213998,0,36,,4314,6.9
36119012301,3853425,1465554,36,,2434,0
36119012303,26493684,3953874,36,,4986,4.61
36119012304,31126536,916604,36,,4815,0
36119012400,57782862,2014445,36,,5019,4.55
36119012501,15635795,1566624,36,,2910,0.77
36119012502,36640023,1566878,36,,5477,2.6
36119012503,19636246,552963,36,,3730,1.68
36119012600,27234253,4050655,36,,4760,12.51
36119012700,42675216,860996,36,,4485,4.02
36119012803,11749966,674509,36,,2755,2.2
36119012804,14761401,88584,36,,3824,4.43
36119012900,1442405,8215,36,,4375,9.44
36119013000,6434906,70702,36,,6407,3.73
36119013102,20267301,223753,36,,6583,1.17
36119013103,21946443,249652,36,,5731,1.86
36119013104,17609948,440842,36,,5698,2.8
36119013201,10671181,2167717,36,,3704,4.18
36119013202,3457772,0,36,,3064,2.27
36119013301,785598,1769014,36,,4054,18.31
36119013304,1215085,2713320,36,,4584,3.34
36119013401,623197,0,36,,2984,7.2
36119013402,1185290,11769,36,,4426,6.85
36119013500,1659667,0,36,,4549,0
36119013600,2469455,4017035,36,,4989,5.58
36119013700,7656444,92802,36,,5570,3.1
36119013800,2746527,2088101,36,,3565,2.2
36119013900,9409169,13608167,36,,4640,2.58
36119014000,3666065,865561,36,,2296,2.33
36119014100,3237002,2602749,36,,6521,3.58
36119014200,2064084,516098,36,,4145,3.5
36119014300,722766,0,36,,3735,3
36119014400,2510676,43624,36,,6763,7.41
36119014500,2716634,14648,36,,4320,3.47
36119014604,5444312,4109497,36,,4351,2.25
36119014605,3980931,1540998,36,,2862,4.55
36119014606,36709479,2431083,36,,5654,0
36119014607,8065437,59131,36,,4711,0.42
36119014701,19805438,1636739,36,,5096,3.49
36119014703,6947716,33605,36,,5866,6.85
36119014704,4267147,85774,36,,2277,1.08
36119014805,37697000,4279909,36,,3864,1.59
36119014806,10238956,157652,36,,6405,8.87
36119014808,9075199,641204,36,,3325,0
36119014809,18845232,958483,36,,6249,2.19
36119014810,1705147,15469,36,,2049,0
36119014811,6079540,74741,36,,5741,0.86
36119014812,8125206,138498,36,,4539,0.54
36119014813,3439716,431464,36,,3797,8.39
36119014901,43996690,3637318,36,,7202,2.34
36119014903,6571814,78382,36,,3669,2.32
36119014907,7390552,207589,36,,3821,0
36119014908,14236056,2372510,36,,3826,3.2
36119014909,4963227,101712,36,,2757,3.34
36119015000,55344573,4066515,36,,5141,0.6
36119015100,2313471,0,36,,5036,0
36119981000,4219128,0,36,,1722,29.17
36119982000,264916,0,36,,1393,
36119983000,725070,0,36,,983,
36119984000,930438,1455946,36,,568,0
36119985000,1872001,0,36,,2144,
36121970100,160120791,64307,36,,2649,5.14
36121970201,667201,0,36,,2153,
36121970202,91919246,820277,36,,3194,4.08
36121970300,142395072,544680,36,,3225,5.28
36121970400,214746170,273099,36,,3759,6.48
36121970500,91733060,135994,36,,5294,10.01
36121970600,94232249,597211,36,,5756,4.29
36121970700,96135078,3637051,36,,2728,10.39
36121970800,185052763,1152640,36,,2510,9.39
36121970900,122036246,523187,36,,2050,0.83
36121971000,121616288,273605,36,,4200,5.42
36121971100,214432202,1063177,36,,2462,9.03
36123150101,84315580,17735611,36,,3455,18.03
36123150102,101552536,45042319,36,,2093,12.35
36123150200,136925647,0,36,,5591,7.02
36123150301,149314775,8363592,36,,2907,5.54
36123150302,185141498,2381426,36,,2066,5.86
36123150400,71131041,15479383,36,,3798,8.49
36123150501,25059592,34092,36,,2040,7.77
36123150502,122336555,8451927,36,,2687,7.37