Always equal to ACS Summary File identification,State Postal Abbreviation,Geographic Identifier,Area Name,Tribal Tract,Tribal Block Group,FIPS,Area (Land),Area (Water),Place (State FIPS + Place FIPS),ZIP Code Tabulation Area (3-digit),Qualified Area Name,Total_Pop,Percent_Pov
ACSSF,NJ,1400000US34001000100,"Census Tract 1, Atlantic County, New Jersey",,,34001000100,1704430,466900,34,,"Census Tract 1, Atlantic County, New Jersey",2164,55.42
ACSSF,NJ,1400000US34001000200,"Census Tract 2, Atlantic County, New Jersey",,,34001000200,523371,670243,34,,"Census Tract 2, Atlantic County, New Jersey",3248,24.31
ACSSF,NJ,1400000US34001000300,"Census Tract 3, Atlantic County, New Jersey",,,34001000300,365553,45436,34,,"Census Tract 3, Atlantic County, New Jersey",4584,33.9
ACSSF,NJ,1400000US34001000400,"Census Tract 4, Atlantic County, New Jersey",,,34001000400,676905,1019528,34,,"Census Tract 4, Atlantic County, New Jersey",3791,82.44
ACSSF,NJ,1400000US34001000500,"Census Tract 5, Atlantic County, New Jersey",,,34001000500,273704,79771,34,,"Census Tract 5, Atlantic County, New Jersey",2594,20.56
ACSSF,NJ,1400000US34001001100,"Census Tract 11, Atlantic County, New Jersey",,,34001001100,289400,0,34,,"Census Tract 11, Atlantic County, New Jersey",1834,30.93
ACSSF,NJ,1400000US34001001200,"Census Tract 12, Atlantic County, New Jersey",,,34001001200,1191458,88476,34,,"Census Tract 12, Atlantic County, New Jersey",2394,15.86
ACSSF,NJ,1400000US34001001300,"Census Tract 13, Atlantic County, New Jersey",,,34001001300,16929574,11257747,34,,"Census Tract 13, Atlantic County, New Jersey",1705,25
ACSSF,NJ,1400000US34001001400,"Census Tract 14, Atlantic County, New Jersey",,,34001001400,1962732,754589,34,,"Census Tract 14, Atlantic County, New Jersey",3584,54.57
ACSSF,NJ,1400000US34001001500,"Census Tract 15, Atlantic County, New Jersey",,,34001001500,300087,0,34,,"Census Tract 15, Atlantic County, New Jersey",1423,83.83
ACSSF,NJ,1400000US34001001900,"Census Tract 19, Atlantic County, New Jersey",,,34001001900,279486,499303,34,,"Census Tract 19, Atlantic County, New Jersey",1666,69.5
ACSSF,NJ,1400000US34001002300,"Census Tract 23, Atlantic County, New Jersey",,,34001002300,709086,435188,34,,"Census Tract 23, Atlantic County, New Jersey",2556,60.21
ACSSF,NJ,1400000US34001002400,"Census Tract 24, Atlantic County, New Jersey",,,34001002400,1577406,901939,34,,"Census Tract 24, Atlantic County, New Jersey",2735,69.37
ACSSF,NJ,1400000US34001002500,"Census Tract 25, Atlantic County, New Jersey",,,34001002500,1086303,496767,34,,"Census Tract 25, Atlantic County, New Jersey",4208,71.52
ACSSF,NJ,1400000US34001010101,"Census Tract 101.01, Atlantic County, New Jersey",,,34001010101,10855267,12431081,34,,"Census Tract 101.01, Atlantic County, New Jersey",3160,0
ACSSF,NJ,1400000US34001010102,"Census Tract 101.02, Atlantic County, New Jersey",,,34001010102,2000187,1808973,34,,"Census Tract 101.02, Atlantic County, New Jersey",1427,0
ACSSF,NJ,1400000US34001010104,"Census Tract 101.04, Atlantic County, New Jersey",,,34001010104,1451785,1104417,34,,"Census Tract 101.04, Atlantic County, New Jersey",1210,22.22
ACSSF,NJ,1400000US34001010105,"Census Tract 101.05, Atlantic County, New Jersey",,,34001010105,2586555,2809690,34,,"Census Tract 101.05, Atlantic County, New Jersey",1905,28.03
ACSSF,NJ,1400000US34001010200,"Census Tract 102, Atlantic County, New Jersey",,,34001010200,8905421,3864500,34,,"Census Tract 102, Atlantic County, New Jersey",6617,6.38
ACSSF,NJ,1400000US34001010300,"Census Tract 103, Atlantic County, New Jersey",,,34001010300,5421210,500254,34,,"Census Tract 103, Atlantic County, New Jersey",2482,9.18
ACSSF,NJ,1400000US34001010401,"Census Tract 104.01, Atlantic County, New Jersey",,,34001010401,90609728,1287653,34,,"Census Tract 104.01, Atlantic County, New Jersey",5681,10.06
ACSSF,NJ,1400000US34001010403,"Census Tract 104.03, Atlantic County, New Jersey",,,34001010403,9228185,0,34,,"Census Tract 104.03, Atlantic County, New Jersey",7771,9.35
ACSSF,NJ,1400000US34001010501,"Census Tract 105.01, Atlantic County, New Jersey",,,34001010501,99731441,47436715,34,,"Census Tract 105.01, Atlantic County, New Jersey",7789,2.31
ACSSF,NJ,1400000US34001010503,"Census Tract 105.03, Atlantic County, New Jersey",,,34001010503,9025223,45313,34,,"Census Tract 105.03, Atlantic County, New Jersey",7001,10.03
ACSSF,NJ,1400000US34001010505,"Census Tract 105.05, Atlantic County, New Jersey",,,34001010505,22052606,17511534,34,,"Census Tract 105.05, Atlantic County, New Jersey",2977,10.88
ACSSF,NJ,1400000US34001010506,"Census Tract 105.06, Atlantic County, New Jersey",,,34001010506,11068845,218684,34,,"Census Tract 105.06, Atlantic County, New Jersey",4787,0
ACSSF,NJ,1400000US34001010600,"Census Tract 106, Atlantic County, New Jersey",,,34001010600,28103807,1477247,34,,"Census Tract 106, Atlantic County, New Jersey",4378,8.83
ACSSF,NJ,1400000US34001010700,"Census Tract 107, Atlantic County, New Jersey",,,34001010700,146011642,1212813,34,,"Census Tract 107, Atlantic County, New Jersey",5815,11.27
ACSSF,NJ,1400000US34001010800,"Census Tract 108, Atlantic County, New Jersey",,,34001010800,19035779,283233,34,,"Census Tract 108, Atlantic County, New Jersey",3067,9.87
ACSSF,NJ,1400000US34001010900,"Census Tract 109, Atlantic County, New Jersey",,,34001010900,57606268,985851,34,,"Census Tract 109, Atlantic County, New Jersey",5855,0
ACSSF,NJ,1400000US34001011000,"Census Tract 110, Atlantic County, New Jersey",,,34001011000,17112186,122700,34,,"Census Tract 110, Atlantic County, New Jersey",2690,0
ACSSF,NJ,1400000US34001011100,"Census Tract 111, Atlantic County, New Jersey",,,34001011100,11786268,72953,34,,"Census Tract 111, Atlantic County, New Jersey",3134,15.29
ACSSF,NJ,1400000US34001011201,"Census Tract 112.01, Atlantic County, New Jersey",,,34001011201,21404102,634664,34,,"Census Tract 112.01, Atlantic County, New Jersey",1732,8.39
ACSSF,NJ,1400000US34001011202,"Census Tract 112.02, Atlantic County, New Jersey",,,34001011202,106395939,1297594,34,,"Census Tract 112.02, Atlantic County, New Jersey",7064,14.19
ACSSF,NJ,1400000US34001011300,"Census Tract 113, Atlantic County, New Jersey",,,34001011300,19613394,3293,34,,"Census Tract 113, Atlantic County, New Jersey",4500,3.91
ACSSF,NJ,1400000US34001011401,"Census Tract 114.01, Atlantic County, New Jersey",,,34001011401,116281135,3095943,34,,"Census Tract 114.01, Atlantic County, New Jersey",4506,0.37
ACSSF,NJ,1400000US34001011403,"Census Tract 114.03, Atlantic County, New Jersey",,,34001011403,28312462,194760,34,,"Census Tract 114.03, Atlantic County, New Jersey",6704,7.43
ACSSF,NJ,1400000US34001011404,"Census Tract 114.04, Atlantic County, New Jersey",,,34001011404,35975470,967711,34,,"Census Tract 114.04, Atlantic County, New Jersey",10339,6.6
ACSSF,NJ,1400000US34001011500,"Census Tract 115, Atlantic County, New Jersey",,,34001011500,106647810,1047741,34,,"Census Tract 115, Atlantic County, New Jersey",6335,18.68
ACSSF,NJ,1400000US34001011600,"Census Tract 116, Atlantic County, New Jersey",,,34001011600,188826608,8854861,34,,"Census Tract 116, Atlantic County, New Jersey",4925,12.45
ACSSF,NJ,1400000US34001011702,"Census Tract 117.02, Atlantic County, New Jersey",,,34001011702,30562626,851452,34,,"Census Tract 117.02, Atlantic County, New Jersey",3777,18.9
ACSSF,NJ,1400000US34001011703,"Census Tract 117.03, Atlantic County, New Jersey",,,34001011703,7858424,0,34,,"Census Tract 117.03, Atlantic County, New Jersey",5307,1.23
ACSSF,NJ,1400000US34001011704,"Census Tract 117.04, Atlantic County, New Jersey",,,34001011704,4838060,3467,34,,"Census Tract 117.04, Atlantic County, New Jersey",4686,30.21
ACSSF,NJ,1400000US34001011803,"Census Tract 118.03, Atlantic County, New Jersey",,,34001011803,7196281,207395,34,,"Census Tract 118.03, Atlantic County, New Jersey",5581,18.51
ACSSF,NJ,1400000US34001011804,"Census Tract 118.04, Atlantic County, New Jersey",,,34001011804,30846290,4499753,34,,"Census Tract 118.04, Atlantic County, New Jersey",7150,16.45
ACSSF,NJ,1400000US34001011805,"Census Tract 118.05, Atlantic County, New Jersey",,,34001011805,38665307,1778031,34,,"Census Tract 118.05, Atlantic County, New Jersey",2467,17.7
ACSSF,NJ,1400000US34001011806,"Census Tract 118.06, Atlantic County, New Jersey",,,34001011806,11175752,2053,34,,"Census Tract 118.06, Atlantic County, New Jersey",8229,11.99
ACSSF,NJ,1400000US34001011807,"Census Tract 118.07, Atlantic County, New Jersey",,,34001011807,18375138,181936,34,,"Census Tract 118.07, Atlantic County, New Jersey",5875,4.33
ACSSF,NJ,1400000US34001011808,"Census Tract 118.08, Atlantic County, New Jersey",,,34001011808,7629162,0,34,,"Census Tract 118.08, Atlantic County, New Jersey",3784,6.58
ACSSF,NJ,1400000US34001011901,"Census Tract 119.01, Atlantic County, New Jersey",,,34001011901,1604718,0,34,,"Census Tract 119.01, Atlantic County, New Jersey",3255,20.57
ACSSF,NJ,1400000US34001011902,"Census Tract 119.02, Atlantic County, New Jersey",,,34001011902,2967539,2010,34,,"Census Tract 119.02, Atlantic County, New Jersey",4644,61.31
ACSSF,NJ,1400000US34001012000,"Census Tract 120, Atlantic County, New Jersey",,,34001012000,6458575,1690373,34,,"Census Tract 120, Atlantic County, New Jersey",4324,7.76
ACSSF,NJ,1400000US34001012100,"Census Tract 121, Atlantic County, New Jersey",,,34001012100,1822932,4009472,34,,"Census Tract 121, Atlantic County, New Jersey",3184,33.08
ACSSF,NJ,1400000US34001012200,"Census Tract 122, Atlantic County, New Jersey",,,34001012200,2969338,0,34,,"Census Tract 122, Atlantic County, New Jersey",5799,48.05
ACSSF,NJ,1400000US34001012302,"Census Tract 123.02, Atlantic County, New Jersey",,,34001012302,4135043,89557,34,,"Census Tract 123.02, Atlantic County, New Jersey",3456,5.28
ACSSF,NJ,1400000US34001012401,"Census Tract 124.01, Atlantic County, New Jersey",,,34001012401,3250705,0,34,,"Census Tract 124.01, Atlantic County, New Jersey",2917,0
ACSSF,NJ,1400000US34001012402,"Census Tract 124.02, Atlantic County, New Jersey",,,34001012402,1892796,0,34,,"Census Tract 124.02, Atlantic County, New Jersey",2054,1.47
ACSSF,NJ,1400000US34001012501,"Census Tract 125.01, Atlantic County, New Jersey",,,34001012501,1707894,114132,34,,"Census Tract 125.01, Atlantic County, New Jersey",2353,0
ACSSF,NJ,1400000US34001012502,"Census Tract 125.02, Atlantic County, New Jersey",,,34001012502,2050564,105122,34,,"Census Tract 125.02, Atlantic County, New Jersey",1699,10.05
ACSSF,NJ,1400000US34001012602,"Census Tract 126.02, Atlantic County, New Jersey",,,34001012602,2863331,159099,34,,"Census Tract 126.02, Atlantic County, New Jersey",1507,4.7
ACSSF,NJ,1400000US34001012701,"Census Tract 127.01, Atlantic County, New Jersey",,,34001012701,2685272,232867,34,,"Census Tract 127.01, Atlantic County, New Jersey",3366,27.91
ACSSF,NJ,1400000US34001012702,"Census Tract 127.02, Atlantic County, New Jersey",,,34001012702,2572487,939009,34,,"Census Tract 127.02, Atlantic County, New Jersey",1638,31.66
ACSSF,NJ,1400000US34001012801,"Census Tract 128.01, Atlantic County, New Jersey",,,34001012801,2538377,298747,34,,"Census Tract 128.01, Atlantic County, New Jersey",3865,16.57
ACSSF,NJ,1400000US34001012802,"Census Tract 128.02, Atlantic County, New Jersey",,,34001012802,2590925,1694760,34,,"Census Tract 128.02, Atlantic County, New Jersey",1592,0
ACSSF,NJ,1400000US34001013000,"Census Tract 130, Atlantic County, New Jersey",,,34001013000,2040565,1339295,34,,"Census Tract 130, Atlantic County, New Jersey",3095,2.96
ACSSF,NJ,1400000US34001013101,"Census Tract 131.01, Atlantic County, New Jersey",,,34001013101,829999,822542,34,,"Census Tract 131.01, Atlantic County, New Jersey",1017,0
ACSSF,NJ,1400000US34001013102,"Census Tract 131.02, Atlantic County, New Jersey",,,34001013102,797128,959115,34,,"Census Tract 131.02, Atlantic County, New Jersey",1148,44.64
ACSSF,NJ,1400000US34001013201,"Census Tract 132.01, Atlantic County, New Jersey",,,34001013201,1360584,820471,34,,"Census Tract 132.01, Atlantic County, New Jersey",2426,0
ACSSF,NJ,1400000US34001013202,"Census Tract 132.02, Atlantic County, New Jersey",,,34001013202,761907,610652,34,,"Census Tract 132.02, Atlantic County, New Jersey",2057,0
ACSSF,NJ,1400000US34001013301,"Census Tract 133.01, Atlantic County, New Jersey",,,34001013301,2029887,1873190,34,,"Census Tract 133.01, Atlantic County, New Jersey",2158,15.59
ACSSF,NJ,1400000US34001013302,"Census Tract 133.02, Atlantic County, New Jersey",,,34001013302,911754,758178,34,,"Census Tract 133.02, Atlantic County, New Jersey",2579,30.42
ACSSF,NJ,1400000US34001013500,"Census Tract 135, Atlantic County, New Jersey",,,34001013500,19771250,16316551,34,,"Census Tract 135, Atlantic County, New Jersey",2557,3.12
ACSSF,NJ,1400000US34001983400,"Census Tract 9834, Atlantic County, New Jersey",,,34001983400,7259826,228790,34,,"Census Tract 9834, Atlantic County, New Jersey",2821,0
ACSSF,NJ,1400000US34001990000,"Census Tract 9900, Atlantic County, New Jersey",,,34001990000,0,134532010,34,,"Census Tract 9900, Atlantic County, New Jersey",0,
ACSSF,NJ,1400000US34003001001,"Census Tract 10.01, Bergen County, New Jersey",,,34003001001,3956704,22756,34,,"Census Tract 10.01, Bergen County, New Jersey",3168,0
ACSSF,NJ,1400000US34003001002,"Census Tract 10.02, Bergen County, New Jersey",,,34003001002,4064748,30868,34,,"Census Tract 10.02, Bergen County, New Jersey",3652,0
ACSSF,NJ,1400000US34003002100,"Census Tract 21, Bergen County, New Jersey",,,34003002100,16578454,7426917,34,,"Census Tract 21, Bergen County, New Jersey",1503,0
ACSSF,NJ,1400000US34003002200,"Census Tract 22, Bergen County, New Jersey",,,34003002200,5873397,24988,34,,"Census Tract 22, Bergen County, New Jersey",5301,1.4
ACSSF,NJ,1400000US34003002300,"Census Tract 23, Bergen County, New Jersey",,,34003002300,7213199,22642,34,,"Census Tract 23, Bergen County, New Jersey",5668,0.23
ACSSF,NJ,1400000US34003003100,"Census Tract 31, Bergen County, New Jersey",,,34003003100,1243260,0,34,,"Census Tract 31, Bergen County, New Jersey",5370,3.98
ACSSF,NJ,1400000US34003003200,"Census Tract 32, Bergen County, New Jersey",,,34003003200,1241016,0,34,,"Census Tract 32, Bergen County, New Jersey",4834,6.86
ACSSF,NJ,1400000US34003003300,"Census Tract 33, Bergen County, New Jersey",,,34003003300,1789832,15019,34,,"Census Tract 33, Bergen County, New Jersey",7291,5.14
ACSSF,NJ,1400000US34003003401,"Census Tract 34.01, Bergen County, New Jersey",,,34003003401,755382,0,34,,"Census Tract 34.01, Bergen County, New Jersey",2783,0
ACSSF,NJ,1400000US34003003402,"Census Tract 34.02, Bergen County, New Jersey",,,34003003402,1052665,0,34,,"Census Tract 34.02, Bergen County, New Jersey",3828,3.13
ACSSF,NJ,1400000US34003003500,"Census Tract 35, Bergen County, New Jersey",,,34003003500,1418062,9362,34,,"Census Tract 35, Bergen County, New Jersey",4132,17.55
ACSSF,NJ,1400000US34003004001,"Census Tract 40.01, Bergen County, New Jersey",,,34003004001,844191,30480,34,,"Census Tract 40.01, Bergen County, New Jersey",3842,4.77
ACSSF,NJ,1400000US34003004002,"Census Tract 40.02, Bergen County, New Jersey",,,34003004002,1110295,78541,34,,"Census Tract 40.02, Bergen County, New Jersey",5268,2.72
ACSSF,NJ,1400000US34003005000,"Census Tract 50, Bergen County, New Jersey",,,34003005000,10221592,674547,34,,"Census Tract 50, Bergen County, New Jersey",6343,35.43
ACSSF,NJ,1400000US34003006101,"Census Tract 61.01, Bergen County, New Jersey",,,34003006101,362657,0,34,,"Census Tract 61.01, Bergen County, New Jersey",4293,7.51
ACSSF,NJ,1400000US34003006102,"Census Tract 61.02, Bergen County, New Jersey",,,34003006102,407835,0,34,,"Census Tract 61.02, Bergen County, New Jersey",3312,0.1
ACSSF,NJ,1400000US34003006201,"Census Tract 62.01, Bergen County, New Jersey",,,34003006201,637239,0,34,,"Census Tract 62.01, Bergen County, New Jersey",4715,4.19
ACSSF,NJ,1400000US34003006202,"Census Tract 62.02, Bergen County, New Jersey",,,34003006202,331141,0,34,,"Census Tract 62.02, Bergen County, New Jersey",4559,0
ACSSF,NJ,1400000US34003006301,"Census Tract 63.01, Bergen County, New Jersey",,,34003006301,317666,0,34,,"Census Tract 63.01, Bergen County, New Jersey",4474,43.61
ACSSF,NJ,1400000US34003006302,"Census Tract 63.02, Bergen County, New Jersey",,,34003006302,418903,0,34,,"Census Tract 63.02, Bergen County, New Jersey",4227,50.08
ACSSF,NJ,1400000US34003007001,"Census Tract 70.01, Bergen County, New Jersey",,,34003007001,3529447,356174,34,,"Census Tract 70.01, Bergen County, New Jersey",4129,2.36
ACSSF,NJ,1400000US34003007002,"Census Tract 70.02, Bergen County, New Jersey",,,34003007002,4655526,11144,34,,"Census Tract 70.02, Bergen County, New Jersey",4415,22.87
ACSSF,NJ,1400000US34003008001,"Census Tract 80.01, Bergen County, New Jersey",,,34003008001,3689599,597,34,,"Census Tract 80.01, Bergen County, New Jersey",4674,1.79
ACSSF,NJ,1400000US34003008002,"Census Tract 80.02, Bergen County, New Jersey",,,34003008002,1657950,12206,34,,"Census Tract 80.02, Bergen County, New Jersey",4427,1
ACSSF,NJ,1400000US34003009100,"Census Tract 91, Bergen County, New Jersey",,,34003009100,5367610,17177,34,,"Census Tract 91, Bergen County, New Jersey",4916,0
ACSSF,NJ,1400000US34003009200,"Census Tract 92, Bergen County, New Jersey",,,34003009200,5017372,1031153,34,,"Census Tract 92, Bergen County, New Jersey",3321,4.11
ACSSF,NJ,1400000US34003010100,"Census Tract 101, Bergen County, New Jersey",,,34003010100,1768883,0,34,,"Census Tract 101, Bergen County, New Jersey",5953,12.94
ACSSF,NJ,1400000US34003010200,"Census Tract 102, Bergen County, New Jersey",,,34003010200,1013291,0,34,,"Census Tract 102, Bergen County, New Jersey",4254,1.74
ACSSF,NJ,1400000US34003010300,"Census Tract 103, Bergen County, New Jersey",,,34003010300,2288205,7228,34,,"Census Tract 103, Bergen County, New Jersey",7896,7.33
ACSSF,NJ,1400000US34003011100,"Census Tract 111, Bergen County, New Jersey",,,34003011100,1294769,41454,34,,"Census Tract 111, Bergen County, New Jersey",4907,16.23
ACSSF,NJ,1400000US34003011200,"Census Tract 112, Bergen County, New Jersey",,,34003011200,1142139,64419,34,,"Census Tract 112, Bergen County, New Jersey",4682,1.78
ACSSF,NJ,1400000US34003011300,"Census Tract 113, Bergen County, New Jersey",,,34003011300,2100025,105212,34,,"Census Tract 113, Bergen County, New Jersey",4620,31.79
ACSSF,NJ,1400000US34003011400,"Census Tract 114, Bergen County, New Jersey",,,34003011400,2308180,0,34,,"Census Tract 114, Bergen County, New Jersey",7078,12.44
ACSSF,NJ,1400000US34003012001,"Census Tract 120.01, Bergen County, New Jersey",,,34003012001,8675776,820243,34,,"Census Tract 120.01, Bergen County, New Jersey",6426,0
ACSSF,NJ,1400000US34003012002,"Census Tract 120.02, Bergen County, New Jersey",,,34003012002,936988,32221,34,,"Census Tract 120.02, Bergen County, New Jersey",3728,0
ACSSF,NJ,1400000US34003013002,"Census Tract 130.02, Bergen County, New Jersey",,,34003013002,1175279,1896155,34,,"Census Tract 130.02, Bergen County, New Jersey",6572,0
ACSSF,NJ,1400000US34003013003,"Census Tract 130.03, Bergen County, New Jersey",,,34003013003,790925,1881230,34,,"Census Tract 130.03, Bergen County, New Jersey",3907,0
ACSSF,NJ,1400000US34003013004,"Census Tract 130.04, Bergen County, New Jersey",,,34003013004,548833,0,34,,"Census Tract 130.04, Bergen County, New Jersey",4065,9.08
ACSSF,NJ,1400000US34003014000,"Census Tract 140, Bergen County, New Jersey",,,34003014000,5778027,493201,34,,"Census Tract 140, Bergen County, New Jersey",7263,3.19
ACSSF,NJ,1400000US34003015100,"Census Tract 151, Bergen County, New Jersey",,,34003015100,2846369,0,34,,"Census Tract 151, Bergen County, New Jersey",2583,1.76
ACSSF,NJ,1400000US34003015200,"Census Tract 152, Bergen County, New Jersey",,,34003015200,2026199,5573,34,,"Census Tract 152, Bergen County, New Jersey",6085,36.17
ACSSF,NJ,1400000US34003015300,"Census Tract 153, Bergen County, New Jersey",,,34003015300,1603857,0,34,,"Census Tract 153, Bergen County, New Jersey",5815,0
ACSSF,NJ,1400000US34003015401,"Census Tract 154.01, Bergen County, New Jersey",,,34003015401,1170720,0,34,,"Census Tract 154.01, Bergen County, New Jersey",4561,8.97
ACSSF,NJ,1400000US34003015402,"Census Tract 154.02, Bergen County, New Jersey",,,34003015402,1404774,32317,34,,"Census Tract 154.02, Bergen County, New Jersey",3528,0
ACSSF,NJ,1400000US34003015500,"Census Tract 155, Bergen County, New Jersey",,,34003015500,3704990,21986,34,,"Census Tract 155, Bergen County, New Jersey",6770,2.3
ACSSF,NJ,1400000US34003016000,"Census Tract 160, Bergen County, New Jersey",,,34003016000,5506663,3238179,34,,"Census Tract 160, Bergen County, New Jersey",5330,7.35
ACSSF,NJ,1400000US34003017101,"Census Tract 171.01, Bergen County, New Jersey",,,34003017101,2081577,15180,34,,"Census Tract 171.01, Bergen County, New Jersey",5630,8.85
ACSSF,NJ,1400000US34003017102,"Census Tract 171.02, Bergen County, New Jersey",,,34003017102,630836,0,34,,"Census Tract 171.02, Bergen County, New Jersey",2066,13.96
ACSSF,NJ,1400000US34003017200,"Census Tract 172, Bergen County, New Jersey",,,34003017200,3192005,45608,34,,"Census Tract 172, Bergen County, New Jersey",6276,13.78
ACSSF,NJ,1400000US34003017301,"Census Tract 173.01, Bergen County, New Jersey",,,34003017301,1043019,71510,34,,"Census Tract 173.01, Bergen County, New Jersey",3355,0
ACSSF,NJ,1400000US34003017302,"Census Tract 173.02, Bergen County, New Jersey",,,34003017302,1072123,2877,34,,"Census Tract 173.02, Bergen County, New Jersey",3115,0
ACSSF,NJ,1400000US34003017400,"Census Tract 174, Bergen County, New Jersey",,,34003017400,2429904,88666,34,,"Census Tract 174, Bergen County, New Jersey",6083,1.53
ACSSF,NJ,1400000US34003017501,"Census Tract 175.01, Bergen County, New Jersey",,,34003017501,1715292,0,34,,"Census Tract 175.01, Bergen County, New Jersey",4453,8.22
ACSSF,NJ,1400000US34003017502,"Census Tract 175.02, Bergen County, New Jersey",,,34003017502,1134937,6158,34,,"Census Tract 175.02, Bergen County, New Jersey",4175,2.54
ACSSF,NJ,1400000US34003018101,"Census Tract 181.01, Bergen County, New Jersey",,,34003018101,324385,0,34,,"Census Tract 181.01, Bergen County, New Jersey",4813,35.29
ACSSF,NJ,1400000US34003018102,"Census Tract 181.02, Bergen County, New Jersey",,,34003018102,265978,0,34,,"Census Tract 181.02, Bergen County, New Jersey",3216,29.15
ACSSF,NJ,1400000US34003018200,"Census Tract 182, Bergen County, New Jersey",,,34003018200,1594713,4243,34,,"Census Tract 182, Bergen County, New Jersey",6891,42
ACSSF,NJ,1400000US34003019102,"Census Tract 191.02, Bergen County, New Jersey",,,34003019102,827541,604126,34,,"Census Tract 191.02, Bergen County, New Jersey",3069,6.8
ACSSF,NJ,1400000US34003019103,"Census Tract 191.03, Bergen County, New Jersey",,,34003019103,826501,0,34,,"Census Tract 191.03, Bergen County, New Jersey",4305,2.41
ACSSF,NJ,1400000US34003019104,"Census Tract 191.04, Bergen County, New Jersey",,,34003019104,582913,0,34,,"Census Tract 191.04, Bergen County, New Jersey",4327,7.8
ACSSF,NJ,1400000US34003019202,"Census Tract 192.02, Bergen County, New Jersey",,,34003019202,755171,286034,34,,"Census Tract 192.02, Bergen County, New Jersey",3574,8.65
ACSSF,NJ,1400000US34003019203,"Census Tract 192.03, Bergen County, New Jersey",,,34003019203,275740,0,34,,"Census Tract 192.03, Bergen County, New Jersey",3330,6.47
ACSSF,NJ,1400000US34003019204,"Census Tract 192.04, Bergen County, New Jersey",,,34003019204,438870,0,34,,"Census Tract 192.04, Bergen County, New Jersey",3717,4.44
ACSSF,NJ,1400000US34003019303,"Census Tract 193.03, Bergen County, New Jersey",,,34003019303,888917,0,34,,"Census Tract 193.03, Bergen County, New Jersey",5467,8.39
ACSSF,NJ,1400000US34003019304,"Census Tract 193.04, Bergen County, New Jersey",,,34003019304,570360,0,34,,"Census Tract 193.04, Bergen County, New Jersey",2536,6.9
ACSSF,NJ,1400000US34003019305,"Census Tract 193.05, Bergen County, New Jersey",,,34003019305,784234,0,34,,"Census Tract 193.05, Bergen County, New Jersey",7271,20
ACSSF,NJ,1400000US34003019306,"Census Tract 193.06, Bergen County, New Jersey",,,34003019306,570427,0,34,,"Census Tract 193.06, Bergen County, New Jersey",2222,5.49
ACSSF,NJ,1400000US34003020100,"Census Tract 201, Bergen County, New Jersey",,,34003020100,9868894,215293,34,,"Census Tract 201, Bergen County, New Jersey",4013,6.66
ACSSF,NJ,1400000US34003020200,"Census Tract 202, Bergen County, New Jersey",,,34003020200,14514246,998928,34,,"Census Tract 202, Bergen County, New Jersey",6998,1.07
ACSSF,NJ,1400000US34003021101,"Census Tract 211.01, Bergen County, New Jersey",,,34003021101,620061,0,34,,"Census Tract 211.01, Bergen County, New Jersey",3965,10.24
ACSSF,NJ,1400000US34003021102,"Census Tract 211.02, Bergen County, New Jersey",,,34003021102,445601,0,34,,"Census Tract 211.02, Bergen County, New Jersey",2882,4.94
ACSSF,NJ,1400000US34003021200,"Census Tract 212, Bergen County, New Jersey",,,34003021200,1138213,124411,34,,"Census Tract 212, Bergen County, New Jersey",6357,13.69
ACSSF,NJ,1400000US34003021300,"Census Tract 213, Bergen County, New Jersey",,,34003021300,822951,0,34,,"Census Tract 213, Bergen County, New Jersey",4611,28.77
ACSSF,NJ,1400000US34003021400,"Census Tract 214, Bergen County, New Jersey",,,34003021400,1005082,12318,34,,"Census Tract 214, Bergen County, New Jersey",4883,24.09
ACSSF,NJ,1400000US34003021500,"Census Tract 215, Bergen County, New Jersey",,,34003021500,905376,29542,34,,"Census Tract 215, Bergen County, New Jersey",5031,17.09
ACSSF,NJ,1400000US34003021600,"Census Tract 216, Bergen County, New Jersey",,,34003021600,530281,41023,34,,"Census Tract 216, Bergen County, New Jersey",4773,38.01
ACSSF,NJ,1400000US34003022100,"Census Tract 221, Bergen County, New Jersey",,,34003022100,2164566,6367,34,,"Census Tract 221, Bergen County, New Jersey",4041,0
ACSSF,NJ,1400000US34003022200,"Census Tract 222, Bergen County, New Jersey",,,34003022200,4837408,29816,34,,"Census Tract 222, Bergen County, New Jersey",8041,1.23
ACSSF,NJ,1400000US34003023100,"Census Tract 231, Bergen County, New Jersey",,,34003023100,2567429,262832,34,,"Census Tract 231, Bergen County, New Jersey",4271,21.43
ACSSF,NJ,1400000US34003023201,"Census Tract 232.01, Bergen County, New Jersey",,,34003023201,583283,0,34,,"Census Tract 232.01, Bergen County, New Jersey",3995,0
ACSSF,NJ,1400000US34003023202,"Census Tract 232.02, Bergen County, New Jersey",,,34003023202,726104,0,34,,"Census Tract 232.02, Bergen County, New Jersey",3503,2.63
ACSSF,NJ,1400000US34003023301,"Census Tract 233.01, Bergen County, New Jersey",,,34003023301,1087398,0,34,,"Census Tract 233.01, Bergen County, New Jersey",3017,0
ACSSF,NJ,1400000US34003023303,"Census Tract 233.03, Bergen County, New Jersey",,,34003023303,154872,0,34,,"Census Tract 233.03, Bergen County, New Jersey",2797,0
ACSSF,NJ,1400000US34003023304,"Census Tract 233.04, Bergen County, New Jersey",,,34003023304,430425,0,34,,"Census Tract 233.04, Bergen County, New Jersey",2419,0
ACSSF,NJ,1400000US34003023401,"Census Tract 234.01, Bergen County, New Jersey",,,34003023401,434091,0,34,,"Census Tract 234.01, Bergen County, New Jersey",3937,12.95
ACSSF,NJ,1400000US34003023402,"Census Tract 234.02, Bergen County, New Jersey",,,34003023402,1523459,8691,34,,"Census Tract 234.02, Bergen County, New Jersey",6019,5.61
ACSSF,NJ,1400000US34003023501,"Census Tract 235.01, Bergen County, New Jersey",,,34003023501,645911,0,34,,"Census Tract 235.01, Bergen County, New Jersey",3489,35.59
ACSSF,NJ,1400000US34003023502,"Census Tract 235.02, Bergen County, New Jersey",,,34003023502,602144,0,34,,"Census Tract 235.02, Bergen County, New Jersey",4503,21.19
ACSSF,NJ,1400000US34003023601,"Census Tract 236.01, Bergen County, New Jersey",,,34003023601,1003461,67217,34,,"Census Tract 236.01, Bergen County, New Jersey",3672,12.91
ACSSF,NJ,1400000US34003023602,"Census Tract 236.02, Bergen County, New Jersey",,,34003023602,1096822,71325,34,,"Census Tract 236.02, Bergen County, New Jersey",4146,30.52
ACSSF,NJ,1400000US34003024100,"Census Tract 241, Bergen County, New Jersey",,,34003024100,8586631,2195765,34,,"Census Tract 241, Bergen County, New Jersey",5896,1.52
ACSSF,NJ,1400000US34003024200,"Census Tract 242, Bergen County, New Jersey",,,34003024200,4779991,563028,34,,"Census Tract 242, Bergen County, New Jersey",4883,10.92
ACSSF,NJ,1400000US34003025100,"Census Tract 251, Bergen County, New Jersey",,,34003025100,2328140,8738,34,,"Census Tract 251, Bergen County, New Jersey",6325,34.41
ACSSF,NJ,1400000US34003025200,"Census Tract 252, Bergen County, New Jersey",,,34003025200,1617443,0,34,,"Census Tract 252, Bergen County, New Jersey",5742,0
ACSSF,NJ,1400000US34003026100,"Census Tract 261, Bergen County, New Jersey",,,34003026100,3143670,8535,34,,"Census Tract 261, Bergen County, New Jersey",4708,0.31
ACSSF,NJ,1400000US34003026200,"Census Tract 262, Bergen County, New Jersey",,,34003026200,4371597,82239,34,,"Census Tract 262, Bergen County, New Jersey",5378,3.26
ACSSF,NJ,1400000US34003027000,"Census Tract 270, Bergen County, New Jersey",,,34003027000,4505069,27286,34,,"Census Tract 270, Bergen County, New Jersey",4230,0
ACSSF,NJ,1400000US34003028001,"Census Tract 280.01, Bergen County, New Jersey",,,34003028001,2458444,273534,34,,"Census Tract 280.01, Bergen County, New Jersey",5530,6.91
ACSSF,NJ,1400000US34003028002,"Census Tract 280.02, Bergen County, New Jersey",,,34003028002,1486435,0,34,,"Census Tract 280.02, Bergen County, New Jersey",3770,10.99
ACSSF,NJ,1400000US34003029100,"Census Tract 291, Bergen County, New Jersey",,,34003029100,1049094,93531,34,,"Census Tract 291, Bergen County, New Jersey",4303,5.91
ACSSF,NJ,1400000US34003029200,"Census Tract 292, Bergen County, New Jersey",,,34003029200,2776510,401666,34,,"Census Tract 292, Bergen County, New Jersey",6639,11.1
ACSSF,NJ,1400000US34003030100,"Census Tract 301, Bergen County, New Jersey",,,34003030100,2177565,0,34,,"Census Tract 301, Bergen County, New Jersey",6094,30.91
ACSSF,NJ,1400000US34003030201,"Census Tract 302.01, Bergen County, New Jersey",,,34003030201,693517,12615,34,,"Census Tract 302.01, Bergen County, New Jersey",4507,10.82
ACSSF,NJ,1400000US34003030202,"Census Tract 302.02, Bergen County, New Jersey",,,34003030202,721022,12387,34,,"Census Tract 302.02, Bergen County, New Jersey",3448,36.48
ACSSF,NJ,1400000US34003030300,"Census Tract 303, Bergen County, New Jersey",,,34003030300,1072978,20221,34,,"Census Tract 303, Bergen County, New Jersey",4604,11.74
ACSSF,NJ,1400000US34003030401,"Census Tract 304.01, Bergen County, New Jersey",,,34003030401,513101,0,34,,"Census Tract 304.01, Bergen County, New Jersey",3339,13.71
ACSSF,NJ,1400000US34003030402,"Census Tract 304.02, Bergen County, New Jersey",,,34003030402,706844,0,34,,"Census Tract 304.02, Bergen County, New Jersey",3954,14.78
ACSSF,NJ,1400000US34003031100,"Census Tract 311, Bergen County, New Jersey",,,34003031100,8186424,847264,34,,"Census Tract 311, Bergen County, New Jersey",6453,10.86
ACSSF,NJ,1400000US34003031200,"Census Tract 312, Bergen County, New Jersey",,,34003031200,1073707,36896,34,,"Census Tract 312, Bergen County, New Jersey",4747,5.87
ACSSF,NJ,1400000US34003031300,"Census Tract 313, Bergen County, New Jersey",,,34003031300,1374763,101208,34,,"Census Tract 313, Bergen County, New Jersey",6394,0.88
ACSSF,NJ,1400000US34003031400,"Census Tract 314, Bergen County, New Jersey",,,34003031400,1238706,0,34,,"Census Tract 314, Bergen County, New Jersey",4749,2.41
ACSSF,NJ,1400000US34003032102,"Census Tract 321.02, Bergen County, New Jersey",,,34003032102,15242978,229844,34,,"Census Tract 321.02, Bergen County, New Jersey",5989,0
ACSSF,NJ,1400000US34003032103,"Census Tract 321.03, Bergen County, New Jersey",,,34003032103,4725612,3762,34,,"Census Tract 321.03, Bergen County, New Jersey",4555,10.72
ACSSF,NJ,1400000US34003032104,"Census Tract 321.04, Bergen County, New Jersey",,,34003032104,36245095,959722,34,,"Census Tract 321.04, Bergen County, New Jersey",4100,3.58
ACSSF,NJ,1400000US34003032201,"Census Tract 322.01, Bergen County, New Jersey",,,34003032201,5647674,27494,34,,"Census Tract 322.01, Bergen County, New Jersey",5766,0
ACSSF,NJ,1400000US34003032202,"Census Tract 322.02, Bergen County, New Jersey",,,34003032202,3903394,52082,34,,"Census Tract 322.02, Bergen County, New Jersey",4965,6.68
ACSSF,NJ,1400000US34003033100,"Census Tract 331, Bergen County, New Jersey",,,34003033100,1233991,0,34,,"Census Tract 331, Bergen County, New Jersey",4134,0
ACSSF,NJ,1400000US34003033200,"Census Tract 332, Bergen County, New Jersey",,,34003033200,1241286,5141,34,,"Census Tract 332, Bergen County, New Jersey",2489,2.25
ACSSF,NJ,1400000US34003033300,"Census Tract 333, Bergen County, New Jersey",,,34003033300,857240,0,34,,"Census Tract 333, Bergen County, New Jersey",3419,2.52
ACSSF,NJ,1400000US34003034001,"Census Tract 340.01, Bergen County, New Jersey",,,34003034001,1707160,21022,34,,"Census Tract 340.01, Bergen County, New Jersey",2494,0
ACSSF,NJ,1400000US34003034002,"Census Tract 340.02, Bergen County, New Jersey",,,34003034002,2361105,0,34,,"Census Tract 340.02, Bergen County, New Jersey",4502,1.54
ACSSF,NJ,1400000US34003035100,"Census Tract 351, Bergen County, New Jersey",,,34003035100,10419968,25132,34,,"Census Tract 351, Bergen County, New Jersey",8625,5.14
ACSSF,NJ,1400000US34003035200,"Census Tract 352, Bergen County, New Jersey",,,34003035200,8744046,445072,34,,"Census Tract 352, Bergen County, New Jersey",6097,0.51
ACSSF,NJ,1400000US34003036100,"Census Tract 361, Bergen County, New Jersey",,,34003036100,4228812,9737,34,,"Census Tract 361, Bergen County, New Jersey",2671,32.53
ACSSF,NJ,1400000US34003036200,"Census Tract 362, Bergen County, New Jersey",,,34003036200,4775003,108396,34,,"Census Tract 362, Bergen County, New Jersey",3106,2.72
ACSSF,NJ,1400000US34003037100,"Census Tract 371, Bergen County, New Jersey",,,34003037100,2135435,63174,34,,"Census Tract 371, Bergen County, New Jersey",5283,0
ACSSF,NJ,1400000US34003037201,"Census Tract 372.01, Bergen County, New Jersey",,,34003037201,1520761,12963,34,,"Census Tract 372.01, Bergen County, New Jersey",4202,0
ACSSF,NJ,1400000US34003037203,"Census Tract 372.03, Bergen County, New Jersey",,,34003037203,1793567,30579,34,,"Census Tract 372.03, Bergen County, New Jersey",3879,0
ACSSF,NJ,1400000US34003037204,"Census Tract 372.04, Bergen County, New Jersey",,,34003037204,462956,0,34,,"Census Tract 372.04, Bergen County, New Jersey",3518,15.93
ACSSF,NJ,1400000US34003038100,"Census Tract 381, Bergen County, New Jersey",,,34003038100,4479721,6349,34,,"Census Tract 381, Bergen County, New Jersey",5644,2.01
ACSSF,NJ,1400000US34003038200,"Census Tract 382, Bergen County, New Jersey",,,34003038200,615308,0,34,,"Census Tract 382, Bergen County, New Jersey",4483,1.21
ACSSF,NJ,1400000US34003038300,"Census Tract 383, Bergen County, New Jersey",,,34003038300,1339355,111451,34,,"Census Tract 383, Bergen County, New Jersey",6241,1.8
ACSSF,NJ,1400000US34003039100,"Census Tract 391, Bergen County, New Jersey",,,34003039100,11255869,589609,34,,"Census Tract 391, Bergen County, New Jersey",4123,3
ACSSF,NJ,1400000US34003039200,"Census Tract 392, Bergen County, New Jersey",,,34003039200,4960538,35170,34,,"Census Tract 392, Bergen County, New Jersey",5708,2.08
ACSSF,NJ,1400000US34003039300,"Census Tract 393, Bergen County, New Jersey",,,34003039300,5804676,68510,34,,"Census Tract 393, Bergen County, New Jersey",2869,0.77
ACSSF,NJ,1400000US34003040001,"Census Tract 400.01, Bergen County, New Jersey",,,34003040001,3523214,340859,34,,"Census Tract 400.01, Bergen County, New Jersey",3519,0
ACSSF,NJ,1400000US34003040002,"Census Tract 400.02, Bergen County, New Jersey",,,34003040002,2722499,62216,34,,"Census Tract 400.02, Bergen County, New Jersey",4678,3.76
ACSSF,NJ,1400000US34003041100,"Census Tract 411, Bergen County, New Jersey",,,34003041100,1205651,107873,34,,"Census Tract 411, Bergen County, New Jersey",5134,5.1
ACSSF,NJ,1400000US34003041200,"Census Tract 412, Bergen County, New Jersey",,,34003041200,533657,0,34,,"Census Tract 412, Bergen County, New Jersey",5162,21.92
ACSSF,NJ,1400000US34003041301,"Census Tract 413.01, Bergen County, New Jersey",,,34003041301,728003,0,34,,"Census Tract 413.01, Bergen County, New Jersey",5416,4.41
ACSSF,NJ,1400000US34003041302,"Census Tract 413.02, Bergen County, New Jersey",,,34003041302,741545,0,34,,"Census Tract 413.02, Bergen County, New Jersey",4480,10.11
ACSSF,NJ,1400000US34003042101,"Census Tract 421.01, Bergen County, New Jersey",,,34003042101,2087486,7563,34,,"Census Tract 421.01, Bergen County, New Jersey",2955,0
ACSSF,NJ,1400000US34003042102,"Census Tract 421.02, Bergen County, New Jersey",,,34003042102,2446401,0,34,,"Census Tract 421.02, Bergen County, New Jersey",4872,26.82
ACSSF,NJ,1400000US34003042301,"Census Tract 423.01, Bergen County, New Jersey",,,34003042301,3376981,22632,34,,"Census Tract 423.01, Bergen County, New Jersey",4241,0
ACSSF,NJ,1400000US34003042302,"Census Tract 423.02, Bergen County, New Jersey",,,34003042302,5840889,0,34,,"Census Tract 423.02, Bergen County, New Jersey",5578,0
ACSSF,NJ,1400000US34003042400,"Census Tract 424, Bergen County, New Jersey",,,34003042400,6813389,59201,34,,"Census Tract 424, Bergen County, New Jersey",4506,0
ACSSF,NJ,1400000US34003042500,"Census Tract 425, Bergen County, New Jersey",,,34003042500,6486871,73378,34,,"Census Tract 425, Bergen County, New Jersey",4348,8.55
ACSSF,NJ,1400000US34003043001,"Census Tract 430.01, Bergen County, New Jersey",,,34003043001,3587504,3939,34,,"Census Tract 430.01, Bergen County, New Jersey",4056,2.15
ACSSF,NJ,1400000US34003043002,"Census Tract 430.02, Bergen County, New Jersey",,,34003043002,3164794,50496,34,,"Census Tract 430.02, Bergen County, New Jersey",5162,0
ACSSF,NJ,1400000US34003044100,"Census Tract 441, Bergen County, New Jersey",,,34003044100,6938250,78866,34,,"Census Tract 441, Bergen County, New Jersey",5899,1.21
ACSSF,NJ,1400000US34003044201,"Census Tract 442.01, Bergen County, New Jersey",,,34003044201,2641548,84227,34,,"Census Tract 442.01, Bergen County, New Jersey",3688,0
ACSSF,NJ,1400000US34003044202,"Census Tract 442.02, Bergen County, New Jersey",,,34003044202,4671747,16076,34,,"Census Tract 442.02, Bergen County, New Jersey",5135,4.7
ACSSF,NJ,1400000US34003045101,"Census Tract 451.01, Bergen County, New Jersey",,,34003045101,855145,0,34,,"Census Tract 451.01, Bergen County, New Jersey",4445,0
ACSSF,NJ,1400000US34003045102,"Census Tract 451.02, Bergen County, New Jersey",,,34003045102,946032,0,34,,"Census Tract 451.02, Bergen County, New Jersey",4247,8.41
ACSSF,NJ,1400000US34003045200,"Census Tract 452, Bergen County, New Jersey",,,34003045200,4785921,847803,34,,"Census Tract 452, Bergen County, New Jersey",2747,0
ACSSF,NJ,1400000US34003046100,"Census Tract 461, Bergen County, New Jersey",,,34003046100,2412543,323904,34,,"Census Tract 461, Bergen County, New Jersey",4012,18.12
ACSSF,NJ,1400000US34003046200,"Census Tract 462, Bergen County, New Jersey",,,34003046200,1057583,78184,34,,"Census Tract 462, Bergen County, New Jersey",4486,12.62
ACSSF,NJ,1400000US34003046300,"Census Tract 463, Bergen County, New Jersey",,,34003046300,945076,133093,34,,"Census Tract 463, Bergen County, New Jersey",4669,37.7
ACSSF,NJ,1400000US34003047100,"Census Tract 471, Bergen County, New Jersey",,,34003047100,3856834,47743,34,,"Census Tract 471, Bergen County, New Jersey",5984,0.71
ACSSF,NJ,1400000US34003047200,"Census Tract 472, Bergen County, New Jersey",,,34003047200,2439550,29833,34,,"Census Tract 472, Bergen County, New Jersey",4573,7.55
ACSSF,NJ,1400000US34003047300,"Census Tract 473, Bergen County, New Jersey",,,34003047300,2604514,10599,34,,"Census Tract 473, Bergen County, New Jersey",3360,2.4
ACSSF,NJ,1400000US34003047400,"Census Tract 474, Bergen County, New Jersey",,,34003047400,2336890,4003,34,,"Census Tract 474, Bergen County, New Jersey",5290,0.83
ACSSF,NJ,1400000US34003047500,"Census Tract 475, Bergen County, New Jersey",,,34003047500,3632853,69528,34,,"Census Tract 475, Bergen County, New Jersey",6869,3.11
ACSSF,NJ,1400000US34003048100,"Census Tract 481, Bergen County, New Jersey",,,34003048100,1625029,112460,34,,"Census Tract 481, Bergen County, New Jersey",4139,4.95
ACSSF,NJ,1400000US34003048200,"Census Tract 482, Bergen County, New Jersey",,,34003048200,3121311,3655,34,,"Census Tract 482, Bergen County, New Jersey",7885,0
ACSSF,NJ,1400000US34003049001,"Census Tract 490.01, Bergen County, New Jersey",,,34003049001,5783372,537216,34,,"Census Tract 490.01, Bergen County, New Jersey",4534,2.52
ACSSF,NJ,1400000US34003049002,"Census Tract 490.02, Bergen County, New Jersey",,,34003049002,4758162,92112,34,,"Census Tract 490.02, Bergen County, New Jersey",5399,0
ACSSF,NJ,1400000US34003050000,"Census Tract 500, Bergen County, New Jersey",,,34003050000,2565737,81151,34,,"Census Tract 500, Bergen County, New Jersey",5820,1.62
ACSSF,NJ,1400000US34003051100,"Census Tract 511, Bergen County, New Jersey",,,34003051100,1557252,40471,34,,"Census Tract 511, Bergen County, New Jersey",6284,3.88
ACSSF,NJ,1400000US34003051200,"Census Tract 512, Bergen County, New Jersey",,,34003051200,855753,51189,34,,"Census Tract 512, Bergen County, New Jersey",2763,8.18
ACSSF,NJ,1400000US34003051300,"Census Tract 513, Bergen County, New Jersey",,,34003051300,1091572,0,34,,"Census Tract 513, Bergen County, New Jersey",4993,4.34
ACSSF,NJ,1400000US34003051400,"Census Tract 514, Bergen County, New Jersey",,,34003051400,3698367,198496,34,,"Census Tract 514, Bergen County, New Jersey",4708,1.98
ACSSF,NJ,1400000US34003052100,"Census Tract 521, Bergen County, New Jersey",,,34003052100,3888303,156181,34,,"Census Tract 521, Bergen County, New Jersey",7328,0
ACSSF,NJ,1400000US34003052200,"Census Tract 522, Bergen County, New Jersey",,,34003052200,3083911,10786,34,,"Census Tract 522, Bergen County, New Jersey",7021,10.13
ACSSF,NJ,1400000US34003053100,"Census Tract 531, Bergen County, New Jersey",,,34003053100,12731515,126410,34,,"Census Tract 531, Bergen County, New Jersey",3358,2.16
ACSSF,NJ,1400000US34003053201,"Census Tract 532.01, Bergen County, New Jersey",,,34003053201,7246994,28769,34,,"Census Tract 532.01, Bergen County, New Jersey",4844,6.8
ACSSF,NJ,1400000US34003053202,"Census Tract 532.02, Bergen County, New Jersey",,,34003053202,6357857,22936,34,,"Census Tract 532.02, Bergen County, New Jersey",3510,5.08
ACSSF,NJ,1400000US34003054101,"Census Tract 541.01, Bergen County, New Jersey",,,34003054101,1559286,0,34,,"Census Tract 541.01, Bergen County, New Jersey",4803,19.48
ACSSF,NJ,1400000US34003054102,"Census Tract 541.02, Bergen County, New Jersey",,,34003054102,1477672,39754,34,,"Census Tract 541.02, Bergen County, New Jersey",3410,0
ACSSF,NJ,1400000US34003054200,"Census Tract 542, Bergen County, New Jersey",,,34003054200,1395449,0,34,,"Census Tract 542, Bergen County, New Jersey",5902,3.88
ACSSF,NJ,1400000US34003054300,"Census Tract 543, Bergen County, New Jersey",,,34003054300,3214289,88581,34,,"Census Tract 543, Bergen County, New Jersey",6981,4.48
ACSSF,NJ,1400000US34003054400,"Census Tract 544, Bergen County, New Jersey",,,34003054400,2163889,123557,34,,"Census Tract 544, Bergen County, New Jersey",7747,1.18
ACSSF,NJ,1400000US34003054500,"Census Tract 545, Bergen County, New Jersey",,,34003054500,1785541,0,34,,"Census Tract 545, Bergen County, New Jersey",4546,0
ACSSF,NJ,1400000US34003054601,"Census Tract 546.01, Bergen County, New Jersey",,,34003054601,1629060,151255,34,,"Census Tract 546.01, Bergen County, New Jersey",2804,1.95
ACSSF,NJ,1400000US34003054602,"Census Tract 546.02, Bergen County, New Jersey",,,34003054602,2419832,106139,34,,"Census Tract 546.02, Bergen County, New Jersey",5306,12.83
ACSSF,NJ,1400000US34003055100,"Census Tract 551, Bergen County, New Jersey",,,34003055100,8267043,1485016,34,,"Census Tract 551, Bergen County, New Jersey",6790,1.39
ACSSF,NJ,1400000US34003055201,"Census Tract 552.01, Bergen County, New Jersey",,,34003055201,1853659,0,34,,"Census Tract 552.01, Bergen County, New Jersey",4157,0.64
ACSSF,NJ,1400000US34003055202,"Census Tract 552.02, Bergen County, New Jersey",,,34003055202,1757876,12516,34,,"Census Tract 552.02, Bergen County, New Jersey",4305,7.98
ACSSF,NJ,1400000US34003056100,"Census Tract 561, Bergen County, New Jersey",,,34003056100,1860965,0,34,,"Census Tract 561, Bergen County, New Jersey",4779,2.12
ACSSF,NJ,1400000US34003056200,"Census Tract 562, Bergen County, New Jersey",,,34003056200,3438856,51165,34,,"Census Tract 562, Bergen County, New Jersey",5311,1.79
ACSSF,NJ,1400000US34003057101,"Census Tract 571.01, Bergen County, New Jersey",,,34003057101,1028489,52547,34,,"Census Tract 571.01, Bergen County, New Jersey",4171,16.16
ACSSF,NJ,1400000US34003057102,"Census Tract 571.02, Bergen County, New Jersey",,,34003057102,1045614,5274,34,,"Census Tract 571.02, Bergen County, New Jersey",4100,7.88
ACSSF,NJ,1400000US34003057200,"Census Tract 572, Bergen County, New Jersey",,,34003057200,500533,78206,34,,"Census Tract 572, Bergen County, New Jersey",3554,31.04
ACSSF,NJ,1400000US34003058100,"Census Tract 581, Bergen County, New Jersey",,,34003058100,3862911,3564,34,,"Census Tract 581, Bergen County, New Jersey",3748,0
ACSSF,NJ,1400000US34003058200,"Census Tract 582, Bergen County, New Jersey",,,34003058200,3786292,125696,34,,"Census Tract 582, Bergen County, New Jersey",5528,0.94
ACSSF,NJ,1400000US34003059100,"Census Tract 591, Bergen County, New Jersey",,,34003059100,2973565,54296,34,,"Census Tract 591, Bergen County, New Jersey",5124,0
ACSSF,NJ,1400000US34003059200,"Census Tract 592, Bergen County, New Jersey",,,34003059200,2876073,50261,34,,"Census Tract 592, Bergen County, New Jersey",6097,4.28
ACSSF,NJ,1400000US34003060001,"Census Tract 600.01, Bergen County, New Jersey",,,34003060001,1219689,1677,34,,"Census Tract 600.01, Bergen County, New Jersey",3516,1.18
ACSSF,NJ,1400000US34003060002,"Census Tract 600.02, Bergen County, New Jersey",,,34003060002,1865532,4437,34,,"Census Tract 600.02, Bergen County, New Jersey",6798,19.7
ACSSF,NJ,1400000US34003061100,"Census Tract 611, Bergen County, New Jersey",,,34003061100,4953558,67217,34,,"Census Tract 611, Bergen County, New Jersey",4670,1.5
ACSSF,NJ,1400000US34003061200,"Census Tract 612, Bergen County, New Jersey",,,34003061200,3710408,46533,34,,"Census Tract 612, Bergen County, New Jersey",3386,0
ACSSF,NJ,1400000US34003061300,"Census Tract 613, Bergen County, New Jersey",,,34003061300,4051686,4466,34,,"Census Tract 613, Bergen County, New Jersey",3953,3.21
ACSSF,NJ,1400000US34003061400,"Census Tract 614, Bergen County, New Jersey",,,34003061400,4355118,34874,34,,"Census Tract 614, Bergen County, New Jersey",4857,1.13
ACSSF,NJ,1400000US34005700102,"Census Tract 7001.02, Burlington County, New Jersey",,,34005700102,1398482,36337,34,,"Census Tract 7001.02, Burlington County, New Jersey",2332,17.91
ACSSF,NJ,1400000US34005700103,"Census Tract 7001.03, Burlington County, New Jersey",,,34005700103,913290,475475,34,,"Census Tract 7001.03, Burlington County, New Jersey",2852,0
ACSSF,NJ,1400000US34005700104,"Census Tract 7001.04, Burlington County, New Jersey",,,34005700104,2478052,1281805,34,,"Census Tract 7001.04, Burlington County, New Jersey",2263,10.79
ACSSF,NJ,1400000US34005700200,"Census Tract 7002, Burlington County, New Jersey",,,34005700200,1714007,783118,34,,"Census Tract 7002, Burlington County, New Jersey",2771,1.67
ACSSF,NJ,1400000US34005700303,"Census Tract 7003.03, Burlington County, New Jersey",,,34005700303,8162289,1131787,34,,"Census Tract 7003.03, Burlington County, New Jersey",4316,6.03
ACSSF,NJ,1400000US34005700304,"Census Tract 7003.04, Burlington County, New Jersey",,,34005700304,1918848,88835,34,,"Census Tract 7003.04, Burlington County, New Jersey",2238,13.92
ACSSF,NJ,1400000US34005700305,"Census Tract 7003.05, Burlington County, New Jersey",,,34005700305,4966681,136650,34,,"Census Tract 7003.05, Burlington County, New Jersey",5110,6.6
ACSSF,NJ,1400000US34005700306,"Census Tract 7003.06, Burlington County, New Jersey",,,34005700306,2152005,10108,34,,"Census Tract 7003.06, Burlington County, New Jersey",2770,0
ACSSF,NJ,1400000US34005700307,"Census Tract 7003.07, Burlington County, New Jersey",,,34005700307,2027903,1074,34,,"Census Tract 7003.07, Burlington County, New Jersey",2809,0
ACSSF,NJ,1400000US34005700401,"Census Tract 7004.01, Burlington County, New Jersey",,,34005700401,1732988,0,34,,"Census Tract 7004.01, Burlington County, New Jersey",1856,3.7
ACSSF,NJ,1400000US34005700402,"Census Tract 7004.02, Burlington County, New Jersey",,,34005700402,1788710,3021,34,,"Census Tract 7004.02, Burlington County, New Jersey",3481,0.77
ACSSF,NJ,1400000US34005700403,"Census Tract 7004.03, Burlington County, New Jersey",,,34005700403,2104160,0,34,,"Census Tract 7004.03, Burlington County, New Jersey",4491,8.08
ACSSF,NJ,1400000US34005700405,"Census Tract 7004.05, Burlington County, New Jersey",,,34005700405,970696,0,34,,"Census Tract 7004.05, Burlington County, New Jersey",1622,5.25
ACSSF,NJ,1400000US34005700407,"Census Tract 7004.07, Burlington County, New Jersey",,,34005700407,2094595,0,34,,"Census Tract 7004.07, Burlington County, New Jersey",5797,26.1
ACSSF,NJ,1400000US34005700408,"Census Tract 7004.08, Burlington County, New Jersey",,,34005700408,1221255,0,34,,"Census Tract 7004.08, Burlington County, New Jersey",2723,23.36
ACSSF,NJ,1400000US34005700501,"Census Tract 7005.01, Burlington County, New Jersey",,,34005700501,5513413,128362,34,,"Census Tract 7005.01, Burlington County, New Jersey",5673,18.3
ACSSF,NJ,1400000US34005700502,"Census Tract 7005.02, Burlington County, New Jersey",,,34005700502,6043189,83246,34,,"Census Tract 7005.02, Burlington County, New Jersey",2272,8.58
ACSSF,NJ,1400000US34005700503,"Census Tract 7005.03, Burlington County, New Jersey",,,34005700503,4508714,2788,34,,"Census Tract 7005.03, Burlington County, New Jersey",3522,1.46
ACSSF,NJ,1400000US34005700504,"Census Tract 7005.04, Burlington County, New Jersey",,,34005700504,3555744,7066,34,,"Census Tract 7005.04, Burlington County, New Jersey",3436,0
ACSSF,NJ,1400000US34005700505,"Census Tract 7005.05, Burlington County, New Jersey",,,34005700505,18526269,331600,34,,"Census Tract 7005.05, Burlington County, New Jersey",6508,5.06
ACSSF,NJ,1400000US34005700602,"Census Tract 7006.02, Burlington County, New Jersey",,,34005700602,8165264,416653,34,,"Census Tract 7006.02, Burlington County, New Jersey",6882,0
ACSSF,NJ,1400000US34005700603,"Census Tract 7006.03, Burlington County, New Jersey",,,34005700603,6459164,1193118,34,,"Census Tract 7006.03, Burlington County, New Jersey",6015,5.14
ACSSF,NJ,1400000US34005700605,"Census Tract 7006.05, Burlington County, New Jersey",,,34005700605,2547198,0,34,,"Census Tract 7006.05, Burlington County, New Jersey",5040,0
ACSSF,NJ,1400000US34005700701,"Census Tract 7007.01, Burlington County, New Jersey",,,34005700701,1446641,93860,34,,"Census Tract 7007.01, Burlington County, New Jersey",3456,23.98
ACSSF,NJ,1400000US34005700702,"Census Tract 7007.02, Burlington County, New Jersey",,,34005700702,884300,5936,34,,"Census Tract 7007.02, Burlington County, New Jersey",2241,42.17
ACSSF,NJ,1400000US34005700703,"Census Tract 7007.03, Burlington County, New Jersey",,,34005700703,1513136,220534,34,,"Census Tract 7007.03, Burlington County, New Jersey",2320,48.84
ACSSF,NJ,1400000US34005700800,"Census Tract 7008, Burlington County, New Jersey",,,34005700800,6106175,2517418,34,,"Census Tract 7008, Burlington County, New Jersey",4838,8.4
ACSSF,NJ,1400000US34005700900,"Census Tract 7009, Burlington County, New Jersey",,,34005700900,1401843,555106,34,,"Census Tract 7009, Burlington County, New Jersey",2489,25.84
ACSSF,NJ,1400000US34005701001,"Census Tract 7010.01, Burlington County, New Jersey",,,34005701001,5074160,7737,34,,"Census Tract 7010.01, Burlington County, New Jersey",4478,39.33
ACSSF,NJ,1400000US34005701002,"Census Tract 7010.02, Burlington County, New Jersey",,,34005701002,2487094,397374,34,,"Census Tract 7010.02, Burlington County, New Jersey",4471,46.65
ACSSF,NJ,1400000US34005701102,"Census Tract 7011.02, Burlington County, New Jersey",,,34005701102,10750920,28258,34,,"Census Tract 7011.02, Burlington County, New Jersey",6240,7.21
ACSSF,NJ,1400000US34005701103,"Census Tract 7011.03, Burlington County, New Jersey",,,34005701103,9630124,784187,34,,"Census Tract 7011.03, Burlington County, New Jersey",7021,0
ACSSF,NJ,1400000US34005701104,"Census Tract 7011.04, Burlington County, New Jersey",,,34005701104,5153251,587096,34,,"Census Tract 7011.04, Burlington County, New Jersey",4845,13.95
ACSSF,NJ,1400000US34005701105,"Census Tract 7011.05, Burlington County, New Jersey",,,34005701105,9368635,89538,34,,"Census Tract 7011.05, Burlington County, New Jersey",5875,28.07
ACSSF,NJ,1400000US34005701201,"Census Tract 7012.01, Burlington County, New Jersey",,,34005701201,2391991,79681,34,,"Census Tract 7012.01, Burlington County, New Jersey",2654,4.23
ACSSF,NJ,1400000US34005701203,"Census Tract 7012.03, Burlington County, New Jersey",,,34005701203,2865917,1336883,34,,"Census Tract 7012.03, Burlington County, New Jersey",2038,41.09
ACSSF,NJ,1400000US34005701204,"Census Tract 7012.04, Burlington County, New Jersey",,,34005701204,788843,133070,34,,"Census Tract 7012.04, Burlington County, New Jersey",3287,31.48
ACSSF,NJ,1400000US34005701205,"Census Tract 7012.05, Burlington County, New Jersey",,,34005701205,1814432,310551,34,,"Census Tract 7012.05, Burlington County, New Jersey",1925,5.56
ACSSF,NJ,1400000US34005701301,"Census Tract 7013.01, Burlington County, New Jersey",,,34005701301,3234628,581086,34,,"Census Tract 7013.01, Burlington County, New Jersey",5027,6.72
ACSSF,NJ,1400000US34005701302,"Census Tract 7013.02, Burlington County, New Jersey",,,34005701302,1875454,349972,34,,"Census Tract 7013.02, Burlington County, New Jersey",2814,13.11
ACSSF,NJ,1400000US34005701303,"Census Tract 7013.03, Burlington County, New Jersey",,,34005701303,20167514,108452,34,,"Census Tract 7013.03, Burlington County, New Jersey",4957,22.12
ACSSF,NJ,1400000US34005701401,"Census Tract 7014.01, Burlington County, New Jersey",,,34005701401,51150918,410370,34,,"Census Tract 7014.01, Burlington County, New Jersey",6524,0
ACSSF,NJ,1400000US34005701402,"Census Tract 7014.02, Burlington County, New Jersey",,,34005701402,5158390,15954,34,,"Census Tract 7014.02, Burlington County, New Jersey",2389,0
ACSSF,NJ,1400000US34005701502,"Census Tract 7015.02, Burlington County, New Jersey",,,34005701502,6884797,98207,34,,"Census Tract 7015.02, Burlington County, New Jersey",4141,2.69
ACSSF,NJ,1400000US34005701700,"Census Tract 7017, Burlington County, New Jersey",,,34005701700,2420431,97359,34,,"Census Tract 7017, Burlington County, New Jersey",4006,4.72
ACSSF,NJ,1400000US34005702101,"Census Tract 7021.01, Burlington County, New Jersey",,,34005702101,1933996,0,34,,"Census Tract 7021.01, Burlington County, New Jersey",3679,5.25
ACSSF,NJ,1400000US34005702203,"Census Tract 7022.03, Burlington County, New Jersey",,,34005702203,37062776,566275,34,,"Census Tract 7022.03, Burlington County, New Jersey",3327,13.86
ACSSF,NJ,1400000US34005702204,"Census Tract 7022.04, Burlington County, New Jersey",,,34005702204,25121644,116481,34,,"Census Tract 7022.04, Burlington County, New Jersey",2303,19.42
ACSSF,NJ,1400000US34005702206,"Census Tract 7022.06, Burlington County, New Jersey",,,34005702206,15968585,446866,34,,"Census Tract 7022.06, Burlington County, New Jersey",1241,45.04
ACSSF,NJ,1400000US34005702207,"Census Tract 7022.07, Burlington County, New Jersey",,,34005702207,11870306,42531,34,,"Census Tract 7022.07, Burlington County, New Jersey",3040,34.3
ACSSF,NJ,1400000US34005702208,"Census Tract 7022.08, Burlington County, New Jersey",,,34005702208,44034369,1254315,34,,"Census Tract 7022.08, Burlington County, New Jersey",7447,9.15
ACSSF,NJ,1400000US34005702209,"Census Tract 7022.09, Burlington County, New Jersey",,,34005702209,4620524,244698,34,,"Census Tract 7022.09, Burlington County, New Jersey",3058,6.23
ACSSF,NJ,1400000US34005702210,"Census Tract 7022.10, Burlington County, New Jersey",,,34005702210,3478420,129146,34,,"Census Tract 7022.10, Burlington County, New Jersey",4227,28.79
ACSSF,NJ,1400000US34005702300,"Census Tract 7023, Burlington County, New Jersey",,,34005702300,1527134,44740,34,,"Census Tract 7023, Burlington County, New Jersey",1373,24.9
ACSSF,NJ,1400000US34005702400,"Census Tract 7024, Burlington County, New Jersey",,,34005702400,75513262,141771,34,,"Census Tract 7024, Burlington County, New Jersey",3239,7.59
ACSSF,NJ,1400000US34005702500,"Census Tract 7025, Burlington County, New Jersey",,,34005702500,14840977,223647,34,,"Census Tract 7025, Burlington County, New Jersey",6280,17.15
ACSSF,NJ,1400000US34005702601,"Census Tract 7026.01, Burlington County, New Jersey",,,34005702601,2609432,20638,34,,"Census Tract 7026.01, Burlington County, New Jersey",4088,11.71
ACSSF,NJ,1400000US34005702603,"Census Tract 7026.03, Burlington County, New Jersey",,,34005702603,932276,0,34,,"Census Tract 7026.03, Burlington County, New Jersey",2868,19.69
ACSSF,NJ,1400000US34005702701,"Census Tract 7027.01, Burlington County, New Jersey",,,34005702701,8697864,58561,34,,"Census Tract 7027.01, Burlington County, New Jersey",3121,2.6
ACSSF,NJ,1400000US34005702702,"Census Tract 7027.02, Burlington County, New Jersey",,,34005702702,19724747,273792,34,,"Census Tract 7027.02, Burlington County, New Jersey",6012,0
ACSSF,NJ,1400000US34005702801,"Census Tract 7028.01, Burlington County, New Jersey",,,34005702801,1298162,0,34,,"Census Tract 7028.01, Burlington County, New Jersey",2258,1.35
ACSSF,NJ,1400000US34005702802,"Census Tract 7028.02, Burlington County, New Jersey",,,34005702802,1675352,0,34,,"Census Tract 7028.02, Burlington County, New Jersey",2776,21.53
ACSSF,NJ,1400000US34005702803,"Census Tract 7028.03, Burlington County, New Jersey",,,34005702803,1751504,0,34,,"Census Tract 7028.03, Burlington County, New Jersey",4285,0
ACSSF,NJ,1400000US34005702804,"Census Tract 7028.04, Burlington County, New Jersey",,,34005702804,1221597,0,34,,"Census Tract 7028.04, Burlington County, New Jersey",2732,31.28
ACSSF,NJ,1400000US34005702805,"Census Tract 7028.05, Burlington County, New Jersey",,,34005702805,2136935,0,34,,"Census Tract 7028.05, Burlington County, New Jersey",3594,32.28
ACSSF,NJ,1400000US34005702806,"Census Tract 7028.06, Burlington County, New Jersey",,,34005702806,1864149,6117,34,,"Census Tract 7028.06, Burlington County, New Jersey",3233,28.69
ACSSF,NJ,1400000US34005702807,"Census Tract 7028.07, Burlington County, New Jersey",,,34005702807,2094538,18332,34,,"Census Tract 7028.07, Burlington County, New Jersey",3414,15.54
ACSSF,NJ,1400000US34005702808,"Census Tract 7028.08, Burlington County, New Jersey",,,34005702808,1509892,0,34,,"Census Tract 7028.08, Burlington County, New Jersey",3444,25.89
ACSSF,NJ,1400000US34005702809,"Census Tract 7028.09, Burlington County, New Jersey",,,34005702809,793076,23922,34,,"Census Tract 7028.09, Burlington County, New Jersey",2164,31.2
ACSSF,NJ,1400000US34005702810,"Census Tract 7028.10, Burlington County, New Jersey",,,34005702810,3501421,767895,34,,"Census Tract 7028.10, Burlington County, New Jersey",1607,34.92
ACSSF,NJ,1400000US34005702811,"Census Tract 7028.11, Burlington County, New Jersey",,,34005702811,2162208,255329,34,,"Census Tract 7028.11, Burlington County, New Jersey",2437,2.88
ACSSF,NJ,1400000US34005702905,"Census Tract 7029.05, Burlington County, New Jersey",,,34005702905,3303950,31373,34,,"Census Tract 7029.05, Burlington County, New Jersey",4984,1
ACSSF,NJ,1400000US34005702906,"Census Tract 7029.06, Burlington County, New Jersey",,,34005702906,7681611,33151,34,,"Census Tract 7029.06, Burlington County, New Jersey",1871,13.69
ACSSF,NJ,1400000US34005702907,"Census Tract 7029.07, Burlington County, New Jersey",,,34005702907,2711806,38940,34,,"Census Tract 7029.07, Burlington County, New Jersey",2736,0
ACSSF,NJ,1400000US34005702908,"Census Tract 7029.08, Burlington County, New Jersey",,,34005702908,5900508,50386,34,,"Census Tract 7029.08, Burlington County, New Jersey",4650,0
ACSSF,NJ,1400000US34005702909,"Census Tract 7029.09, Burlington County, New Jersey",,,34005702909,5687459,63234,34,,"Census Tract 7029.09, Burlington County, New Jersey",6603,3.51
ACSSF,NJ,1400000US34005702910,"Census Tract 7029.10, Burlington County, New Jersey",,,34005702910,16986043,68862,34,,"Census Tract 7029.10, Burlington County, New Jersey",5948,8.27
ACSSF,NJ,1400000US34005702913,"Census Tract 7029.13, Burlington County, New Jersey",,,34005702913,2181587,29131,34,,"Census Tract 7029.13, Burlington County, New Jersey",4453,0
ACSSF,NJ,1400000US34005702914,"Census Tract 7029.14, Burlington County, New Jersey",,,34005702914,6470703,329862,34,,"Census Tract 7029.14, Burlington County, New Jersey",5078,0
ACSSF,NJ,1400000US34005702915,"Census Tract 7029.15, Burlington County, New Jersey",,,34005702915,2383263,24501,34,,"Census Tract 7029.15, Burlington County, New Jersey",4795,25.32
ACSSF,NJ,1400000US34005702917,"Census Tract 7029.17, Burlington County, New Jersey",,,34005702917,1237965,3899,34,,"Census Tract 7029.17, Burlington County, New Jersey",2329,0
ACSSF,NJ,1400000US34005702918,"Census Tract 7029.18, Burlington County, New Jersey",,,34005702918,1719393,13303,34,,"Census Tract 7029.18, Burlington County, New Jersey",1980,0
ACSSF,NJ,1400000US34005703000,"Census Tract 7030, Burlington County, New Jersey",,,34005703000,16757299,829906,34,,"Census Tract 7030, Burlington County, New Jersey",6028,0
ACSSF,NJ,1400000US34005703102,"Census Tract 7031.02, Burlington County, New Jersey",,,34005703102,16991363,155479,34,,"Census Tract 7031.02, Burlington County, New Jersey",2890,0
ACSSF,NJ,1400000US34005703103,"Census Tract 7031.03, Burlington County, New Jersey",,,34005703103,10200405,33543,34,,"Census Tract 7031.03, Burlington County, New Jersey",4638,8.16
ACSSF,NJ,1400000US34005703104,"Census Tract 7031.04, Burlington County, New Jersey",,,34005703104,6170181,155256,34,,"Census Tract 7031.04, Burlington County, New Jersey",5278,0
ACSSF,NJ,1400000US34005703201,"Census Tract 7032.01, Burlington County, New Jersey",,,34005703201,65603803,782284,34,,"Census Tract 7032.01, Burlington County, New Jersey",3131,0
ACSSF,NJ,1400000US34005703202,"Census Tract 7032.02, Burlington County, New Jersey",,,34005703202,39829581,147547,34,,"Census Tract 7032.02, Burlington County, New Jersey",3139,8.65
ACSSF,NJ,1400000US34005703203,"Census Tract 7032.03, Burlington County, New Jersey",,,34005703203,8415925,317460,34,,"Census Tract 7032.03, Burlington County, New Jersey",4050,6.42
ACSSF,NJ,1400000US34005703600,"Census Tract 7036, Burlington County, New Jersey",,,34005703600,127431694,1109376,34,,"Census Tract 7036, Burlington County, New Jersey",6820,0.1
ACSSF,NJ,1400000US34005703700,"Census Tract 7037, Burlington County, New Jersey",,,34005703700,115129630,1448079,34,,"Census Tract 7037, Burlington County, New Jersey",6479,0
ACSSF,NJ,1400000US34005703801,"Census Tract 7038.01, Burlington County, New Jersey",,,34005703801,37364466,680818,34,,"Census Tract 7038.01, Burlington County, New Jersey",7632,0
ACSSF,NJ,1400000US34005703802,"Census Tract 7038.02, Burlington County, New Jersey",,,34005703802,16669939,57075,34,,"Census Tract 7038.02, Burlington County, New Jersey",4923,6.56
ACSSF,NJ,1400000US34005703803,"Census Tract 7038.03, Burlington County, New Jersey",,,34005703803,7760241,298139,34,,"Census Tract 7038.03, Burlington County, New Jersey",5068,0.94
ACSSF,NJ,1400000US34005703804,"Census Tract 7038.04, Burlington County, New Jersey",,,34005703804,38695501,1577759,34,,"Census Tract 7038.04, Burlington County, New Jersey",6965,0
ACSSF,NJ,1400000US34005703900,"Census Tract 7039, Burlington County, New Jersey",,,34005703900,2951904,336335,34,,"Census Tract 7039, Burlington County, New Jersey",4267,0
ACSSF,NJ,1400000US34005704004,"Census Tract 7040.04, Burlington County, New Jersey",,,34005704004,3541185,9923,34,,"Census Tract 7040.04, Burlington County, New Jersey",3840,0
ACSSF,NJ,1400000US34005704005,"Census Tract 7040.05, Burlington County, New Jersey",,,34005704005,2900143,11111,34,,"Census Tract 7040.05, Burlington County, New Jersey",3512,0
ACSSF,NJ,1400000US34005704006,"Census Tract 7040.06, Burlington County, New Jersey",,,34005704006,2522822,4998,34,,"Census Tract 7040.06, Burlington County, New Jersey",2357,13.03
ACSSF,NJ,1400000US34005704007,"Census Tract 7040.07, Burlington County, New Jersey",,,34005704007,2725688,0,34,,"Census Tract 7040.07, Burlington County, New Jersey",3497,1.82
ACSSF,NJ,1400000US34005704008,"Census Tract 7040.08, Burlington County, New Jersey",,,34005704008,9772385,22122,34,,"Census Tract 7040.08, Burlington County, New Jersey",5726,0.98
ACSSF,NJ,1400000US34005704009,"Census Tract 7040.09, Burlington County, New Jersey",,,34005704009,8587334,61033,34,,"Census Tract 7040.09, Burlington County, New Jersey",4580,7.58
ACSSF,NJ,1400000US34005704011,"Census Tract 7040.11, Burlington County, New Jersey",,,34005704011,23475421,608290,34,,"Census Tract 7040.11, Burlington County, New Jersey",3152,0
ACSSF,NJ,1400000US34005704012,"Census Tract 7040.12, Burlington County, New Jersey",,,34005704012,9252749,370646,34,,"Census Tract 7040.12, Burlington County, New Jersey",5873,3.34
ACSSF,NJ,1400000US34005704013,"Census Tract 7040.13, Burlington County, New Jersey",,,34005704013,3533977,3614,34,,"Census Tract 7040.13, Burlington County, New Jersey",5659,0.72
ACSSF,NJ,1400000US34005704015,"Census Tract 7040.15, Burlington County, New Jersey",,,34005704015,4492053,0,34,,"Census Tract 7040.15, Burlington County, New Jersey",4080,23.89
ACSSF,NJ,1400000US34005704016,"Census Tract 7040.16, Burlington County, New Jersey",,,34005704016,4709599,18163,34,,"Census Tract 7040.16, Burlington County, New Jersey",5336,0
ACSSF,NJ,1400000US34005704201,"Census Tract 7042.01, Burlington County, New Jersey",,,34005704201,6622951,10952,34,,"Census Tract 7042.01, Burlington County, New Jersey",5025,3.1
ACSSF,NJ,1400000US34005704202,"Census Tract 7042.02, Burlington County, New Jersey",,,34005704202,9633083,1689966,34,,"Census Tract 7042.02, Burlington County, New Jersey",3433,15.02
ACSSF,NJ,1400000US34005704302,"Census Tract 7043.02, Burlington County, New Jersey",,,34005704302,52741061,233775,34,,"Census Tract 7043.02, Burlington County, New Jersey",7961,1.92
ACSSF,NJ,1400000US34005704500,"Census Tract 7045, Burlington County, New Jersey",,,34005704500,44255572,366387,34,,"Census Tract 7045, Burlington County, New Jersey",4820,33.07
ACSSF,NJ,1400000US34005704600,"Census Tract 7046, Burlington County, New Jersey",,,34005704600,3771242,96448,34,,"Census Tract 7046, Burlington County, New Jersey",3047,12.55
ACSSF,NJ,1400000US34005704700,"Census Tract 7047, Burlington County, New Jersey",,,34005704700,697804386,21359249,34,,"Census Tract 7047, Burlington County, New Jersey",2912,12.98
ACSSF,NJ,1400000US34005704801,"Census Tract 7048.01, Burlington County, New Jersey",,,34005704801,52722050,812130,34,,"Census Tract 7048.01, Burlington County, New Jersey",3212,9.18
ACSSF,NJ,1400000US34005981802,"Census Tract 9818.02, Burlington County, New Jersey",,,34005981802,2455737,135588,34,,"Census Tract 9818.02, Burlington County, New Jersey",1252,
ACSSF,NJ,1400000US34005982111,"Census Tract 9821.11, Burlington County, New Jersey",,,34005982111,11501379,13678,34,,"Census Tract 9821.11, Burlington County, New Jersey",812,0
ACSSF,NJ,1400000US34005982200,"Census Tract 9822, Burlington County, New Jersey",,,34005982200,15402774,135186,34,,"Census Tract 9822, Burlington County, New Jersey",5343,3.89
ACSSF,NJ,1400000US34007600200,"Census Tract 6002, Camden County, New Jersey",,,34007600200,1171711,55093,34,,"Census Tract 6002, Camden County, New Jersey",1786,8.6
ACSSF,NJ,1400000US34007600400,"Census Tract 6004, Camden County, New Jersey",,,34007600400,862456,0,34,,"Census Tract 6004, Camden County, New Jersey",2879,61.2
ACSSF,NJ,1400000US34007600700,"Census Tract 6007, Camden County, New Jersey",,,34007600700,640048,540678,34,,"Census Tract 6007, Camden County, New Jersey",1300,46.04
ACSSF,NJ,1400000US34007600800,"Census Tract 6008, Camden County, New Jersey",,,34007600800,1128301,254140,34,,"Census Tract 6008, Camden County, New Jersey",4981,40.71
ACSSF,NJ,1400000US34007600900,"Census Tract 6009, Camden County, New Jersey",,,34007600900,1787659,302570,34,,"Census Tract 6009, Camden County, New Jersey",3869,31.4
ACSSF,NJ,1400000US34007601000,"Census Tract 6010, Camden County, New Jersey",,,34007601000,1482252,178584,34,,"Census Tract 6010, Camden County, New Jersey",5587,19.48
ACSSF,NJ,1400000US34007601101,"Census Tract 6011.01, Camden County, New Jersey",,,34007601101,740245,0,34,,"Census Tract 6011.01, Camden County, New Jersey",3169,27.61
ACSSF,NJ,1400000US34007601102,"Census Tract 6011.02, Camden County, New Jersey",,,34007601102,1009614,0,34,,"Census Tract 6011.02, Camden County, New Jersey",4852,21.9
ACSSF,NJ,1400000US34007601200,"Census Tract 6012, Camden County, New Jersey",,,34007601200,805794,0,34,,"Census Tract 6012, Camden County, New Jersey",6277,54.85
ACSSF,NJ,1400000US34007601300,"Census Tract 6013, Camden County, New Jersey",,,34007601300,1442996,73887,34,,"Census Tract 6013, Camden County, New Jersey",4982,42.3
ACSSF,NJ,1400000US34007601400,"Census Tract 6014, Camden County, New Jersey",,,34007601400,1572123,228528,34,,"Census Tract 6014, Camden County, New Jersey",4317,33.3
ACSSF,NJ,1400000US34007601500,"Census Tract 6015, Camden County, New Jersey",,,34007601500,1171356,0,34,,"Census Tract 6015, Camden County, New Jersey",5439,14.99
ACSSF,NJ,1400000US34007601600,"Census Tract 6016, Camden County, New Jersey",,,34007601600,525158,0,34,,"Census Tract 6016, Camden County, New Jersey",2084,49.35
ACSSF,NJ,1400000US34007601700,"Census Tract 6017, Camden County, New Jersey",,,34007601700,885670,0,34,,"Census Tract 6017, Camden County, New Jersey",3006,64.18
ACSSF,NJ,1400000US34007601800,"Census Tract 6018, Camden County, New Jersey",,,34007601800,1999381,839973,34,,"Census Tract 6018, Camden County, New Jersey",1046,27.75
ACSSF,NJ,1400000US34007601900,"Census Tract 6019, Camden County, New Jersey",,,34007601900,1151659,53345,34,,"Census Tract 6019, Camden County, New Jersey",2905,59.51
ACSSF,NJ,1400000US34007602000,"Census Tract 6020, Camden County, New Jersey",,,34007602000,1753786,186127,34,,"Census Tract 6020, Camden County, New Jersey",5934,34.92
ACSSF,NJ,1400000US34007602503,"Census Tract 6025.03, Camden County, New Jersey",,,34007602503,1044735,0,34,,"Census Tract 6025.03, Camden County, New Jersey",2649,55.43
ACSSF,NJ,1400000US34007602601,"Census Tract 6026.01, Camden County, New Jersey",,,34007602601,1471379,0,34,,"Census Tract 6026.01, Camden County, New Jersey",3012,9.85
ACSSF,NJ,1400000US34007602602,"Census Tract 6026.02, Camden County, New Jersey",,,34007602602,665761,0,34,,"Census Tract 6026.02, Camden County, New Jersey",3629,25.93
ACSSF,NJ,1400000US34007602901,"Census Tract 6029.01, Camden County, New Jersey",,,34007602901,5077189,45993,34,,"Census Tract 6029.01, Camden County, New Jersey",5307,23.88
ACSSF,NJ,1400000US34007602902,"Census Tract 6029.02, Camden County, New Jersey",,,34007602902,1611936,0,34,,"Census Tract 6029.02, Camden County, New Jersey",3070,46.56
ACSSF,NJ,1400000US34007603001,"Census Tract 6030.01, Camden County, New Jersey",,,34007603001,1586240,0,34,,"Census Tract 6030.01, Camden County, New Jersey",4017,42.26
ACSSF,NJ,1400000US34007603002,"Census Tract 6030.02, Camden County, New Jersey",,,34007603002,1436033,0,34,,"Census Tract 6030.02, Camden County, New Jersey",4676,25
ACSSF,NJ,1400000US34007603100,"Census Tract 6031, Camden County, New Jersey",,,34007603100,1537015,0,34,,"Census Tract 6031, Camden County, New Jersey",3815,26.28
ACSSF,NJ,1400000US34007603201,"Census Tract 6032.01, Camden County, New Jersey",,,34007603201,4645240,2061,34,,"Census Tract 6032.01, Camden County, New Jersey",4738,33.29
ACSSF,NJ,1400000US34007603202,"Census Tract 6032.02, Camden County, New Jersey",,,34007603202,4082509,225555,34,,"Census Tract 6032.02, Camden County, New Jersey",2722,9.42
ACSSF,NJ,1400000US34007603301,"Census Tract 6033.01, Camden County, New Jersey",,,34007603301,4542080,0,34,,"Census Tract 6033.01, Camden County, New Jersey",5678,0
ACSSF,NJ,1400000US34007603302,"Census Tract 6033.02, Camden County, New Jersey",,,34007603302,3753669,7431,34,,"Census Tract 6033.02, Camden County, New Jersey",6520,1.13
ACSSF,NJ,1400000US34007603303,"Census Tract 6033.03, Camden County, New Jersey",,,34007603303,986806,0,34,,"Census Tract 6033.03, Camden County, New Jersey",3259,24.05
ACSSF,NJ,1400000US34007603400,"Census Tract 6034, Camden County, New Jersey",,,34007603400,5181493,4034,34,,"Census Tract 6034, Camden County, New Jersey",8125,4
ACSSF,NJ,1400000US34007603501,"Census Tract 6035.01, Camden County, New Jersey",,,34007603501,7411294,19362,34,,"Census Tract 6035.01, Camden County, New Jersey",6006,0
ACSSF,NJ,1400000US34007603503,"Census Tract 6035.03, Camden County, New Jersey",,,34007603503,4527445,18445,34,,"Census Tract 6035.03, Camden County, New Jersey",4931,4.26
ACSSF,NJ,1400000US34007603504,"Census Tract 6035.04, Camden County, New Jersey",,,34007603504,2430808,1416,34,,"Census Tract 6035.04, Camden County, New Jersey",3243,1.28
ACSSF,NJ,1400000US34007603505,"Census Tract 6035.05, Camden County, New Jersey",,,34007603505,2914500,0,34,,"Census Tract 6035.05, Camden County, New Jersey",3758,4.66
ACSSF,NJ,1400000US34007603506,"Census Tract 6035.06, Camden County, New Jersey",,,34007603506,5062806,0,34,,"Census Tract 6035.06, Camden County, New Jersey",6216,5.92
ACSSF,NJ,1400000US34007603507,"Census Tract 6035.07, Camden County, New Jersey",,,34007603507,6027595,0,34,,"Census Tract 6035.07, Camden County, New Jersey",7775,4.8
ACSSF,NJ,1400000US34007603601,"Census Tract 6036.01, Camden County, New Jersey",,,34007603601,3670837,4797,34,,"Census Tract 6036.01, Camden County, New Jersey",4148,38.95
ACSSF,NJ,1400000US34007603602,"Census Tract 6036.02, Camden County, New Jersey",,,34007603602,2694707,0,34,,"Census Tract 6036.02, Camden County, New Jersey",2573,15.91
ACSSF,NJ,1400000US34007603603,"Census Tract 6036.03, Camden County, New Jersey",,,34007603603,2191204,0,34,,"Census Tract 6036.03, Camden County, New Jersey",2464,14.82
ACSSF,NJ,1400000US34007603700,"Census Tract 6037, Camden County, New Jersey",,,34007603700,2223267,38394,34,,"Census Tract 6037, Camden County, New Jersey",3485,14.59
ACSSF,NJ,1400000US34007603800,"Census Tract 6038, Camden County, New Jersey",,,34007603800,2174897,138730,34,,"Census Tract 6038, Camden County, New Jersey",5687,5.56
ACSSF,NJ,1400000US34007603901,"Census Tract 6039.01, Camden County, New Jersey",,,34007603901,2280437,20581,34,,"Census Tract 6039.01, Camden County, New Jersey",4719,2.57
ACSSF,NJ,1400000US34007603902,"Census Tract 6039.02, Camden County, New Jersey",,,34007603902,1308244,29736,34,,"Census Tract 6039.02, Camden County, New Jersey",3464,2.67
ACSSF,NJ,1400000US34007604100,"Census Tract 6041, Camden County, New Jersey",,,34007604100,563497,18198,34,,"Census Tract 6041, Camden County, New Jersey",2899,21.62
ACSSF,NJ,1400000US34007604200,"Census Tract 6042, Camden County, New Jersey",,,34007604200,1015903,157986,34,,"Census Tract 6042, Camden County, New Jersey",3471,14.08
ACSSF,NJ,1400000US34007604300,"Census Tract 6043, Camden County, New Jersey",,,34007604300,1049355,0,34,,"Census Tract 6043, Camden County, New Jersey",3817,3.53
ACSSF,NJ,1400000US34007604400,"Census Tract 6044, Camden County, New Jersey",,,34007604400,1720425,63989,34,,"Census Tract 6044, Camden County, New Jersey",3281,8.16
ACSSF,NJ,1400000US34007604600,"Census Tract 6046, Camden County, New Jersey",,,34007604600,793197,96120,34,,"Census Tract 6046, Camden County, New Jersey",1995,4.68
ACSSF,NJ,1400000US34007604700,"Census Tract 6047, Camden County, New Jersey",,,34007604700,831477,86648,34,,"Census Tract 6047, Camden County, New Jersey",1939,8.67
ACSSF,NJ,1400000US34007605100,"Census Tract 6051, Camden County, New Jersey",,,34007605100,1353902,90860,34,,"Census Tract 6051, Camden County, New Jersey",2467,11.83
ACSSF,NJ,1400000US34007605200,"Census Tract 6052, Camden County, New Jersey",,,34007605200,1798716,64673,34,,"Census Tract 6052, Camden County, New Jersey",2657,9.74
ACSSF,NJ,1400000US34007605300,"Census Tract 6053, Camden County, New Jersey",,,34007605300,1265110,105763,34,,"Census Tract 6053, Camden County, New Jersey",1788,13.82
ACSSF,NJ,1400000US34007605400,"Census Tract 6054, Camden County, New Jersey",,,34007605400,1313462,4837,34,,"Census Tract 6054, Camden County, New Jersey",2567,0
ACSSF,NJ,1400000US34007605602,"Census Tract 6056.02, Camden County, New Jersey",,,34007605602,1106939,7572,34,,"Census Tract 6056.02, Camden County, New Jersey",2940,2.29
ACSSF,NJ,1400000US34007605700,"Census Tract 6057, Camden County, New Jersey",,,34007605700,1421671,0,34,,"Census Tract 6057, Camden County, New Jersey",3544,0
ACSSF,NJ,1400000US34007605800,"Census Tract 6058, Camden County, New Jersey",,,34007605800,1490233,13573,34,,"Census Tract 6058, Camden County, New Jersey",2931,0
ACSSF,NJ,1400000US34007605900,"Census Tract 6059, Camden County, New Jersey",,,34007605900,1377452,0,34,,"Census Tract 6059, Camden County, New Jersey",2674,6.86
ACSSF,NJ,1400000US34007606000,"Census Tract 6060, Camden County, New Jersey",,,34007606000,1188937,0,34,,"Census Tract 6060, Camden County, New Jersey",1883,1.3
ACSSF,NJ,1400000US34007606100,"Census Tract 6061, Camden County, New Jersey",,,34007606100,1073073,0,34,,"Census Tract 6061, Camden County, New Jersey",2435,0
ACSSF,NJ,1400000US34007606200,"Census Tract 6062, Camden County, New Jersey",,,34007606200,2285761,50385,34,,"Census Tract 6062, Camden County, New Jersey",4283,3.49
ACSSF,NJ,1400000US34007606300,"Census Tract 6063, Camden County, New Jersey",,,34007606300,1635135,65815,34,,"Census Tract 6063, Camden County, New Jersey",2456,3.12
ACSSF,NJ,1400000US34007606400,"Census Tract 6064, Camden County, New Jersey",,,34007606400,2954983,7018,34,,"Census Tract 6064, Camden County, New Jersey",3340,3.7
ACSSF,NJ,1400000US34007606500,"Census Tract 6065, Camden County, New Jersey",,,34007606500,3704848,0,34,,"Census Tract 6065, Camden County, New Jersey",3124,31.87
ACSSF,NJ,1400000US34007606600,"Census Tract 6066, Camden County, New Jersey",,,34007606600,1945026,0,34,,"Census Tract 6066, Camden County, New Jersey",2402,0
ACSSF,NJ,1400000US34007606700,"Census Tract 6067, Camden County, New Jersey",,,34007606700,2150314,0,34,,"Census Tract 6067, Camden County, New Jersey",4645,7.9
ACSSF,NJ,1400000US34007606800,"Census Tract 6068, Camden County, New Jersey",,,34007606800,2040011,10217,34,,"Census Tract 6068, Camden County, New Jersey",3877,13.66
ACSSF,NJ,1400000US34007607000,"Census Tract 6070, Camden County, New Jersey",,,34007607000,2606157,305517,34,,"Census Tract 6070, Camden County, New Jersey",4641,25.16
ACSSF,NJ,1400000US34007607100,"Census Tract 6071, Camden County, New Jersey",,,34007607100,2338017,139326,34,,"Census Tract 6071, Camden County, New Jersey",3935,9.14
ACSSF,NJ,1400000US34007607200,"Census Tract 6072, Camden County, New Jersey",,,34007607200,2974178,0,34,,"Census Tract 6072, Camden County, New Jersey",4375,3.21
ACSSF,NJ,1400000US34007607300,"Census Tract 6073, Camden County, New Jersey",,,34007607300,2534168,0,34,,"Census Tract 6073, Camden County, New Jersey",4360,0
ACSSF,NJ,1400000US34007607401,"Census Tract 6074.01, Camden County, New Jersey",,,34007607401,1602316,0,34,,"Census Tract 6074.01, Camden County, New Jersey",2641,33.73
ACSSF,NJ,1400000US34007607402,"Census Tract 6074.02, Camden County, New Jersey",,,34007607402,2002838,0,34,,"Census Tract 6074.02, Camden County, New Jersey",2894,24.45
ACSSF,NJ,1400000US34007607502,"Census Tract 6075.02, Camden County, New Jersey",,,34007607502,8039372,95491,34,,"Census Tract 6075.02, Camden County, New Jersey",6441,0
ACSSF,NJ,1400000US34007607503,"Census Tract 6075.03, Camden County, New Jersey",,,34007607503,5445904,0,34,,"Census Tract 6075.03, Camden County, New Jersey",6421,0
ACSSF,NJ,1400000US34007607504,"Census Tract 6075.04, Camden County, New Jersey",,,34007607504,6085288,190234,34,,"Census Tract 6075.04, Camden County, New Jersey",3904,0.4
ACSSF,NJ,1400000US34007607505,"Census Tract 6075.05, Camden County, New Jersey",,,34007607505,6352070,115421,34,,"Census Tract 6075.05, Camden County, New Jersey",4126,0
ACSSF,NJ,1400000US34007607506,"Census Tract 6075.06, Camden County, New Jersey",,,34007607506,899258,6817,34,,"Census Tract 6075.06, Camden County, New Jersey",3236,0
ACSSF,NJ,1400000US34007607507,"Census Tract 6075.07, Camden County, New Jersey",,,34007607507,2887880,27750,34,,"Census Tract 6075.07, Camden County, New Jersey",6883,3.31
ACSSF,NJ,1400000US34007607600,"Census Tract 6076, Camden County, New Jersey",,,34007607600,5573837,111534,34,,"Census Tract 6076, Camden County, New Jersey",2337,3.38
ACSSF,NJ,1400000US34007607701,"Census Tract 6077.01, Camden County, New Jersey",,,34007607701,3337690,1513,34,,"Census Tract 6077.01, Camden County, New Jersey",7039,39.41
ACSSF,NJ,1400000US34007607702,"Census Tract 6077.02, Camden County, New Jersey",,,34007607702,3118231,63228,34,,"Census Tract 6077.02, Camden County, New Jersey",5567,41.14
ACSSF,NJ,1400000US34007607801,"Census Tract 6078.01, Camden County, New Jersey",,,34007607801,2324212,30814,34,,"Census Tract 6078.01, Camden County, New Jersey",6656,60.81
ACSSF,NJ,1400000US34007607802,"Census Tract 6078.02, Camden County, New Jersey",,,34007607802,1326109,12996,34,,"Census Tract 6078.02, Camden County, New Jersey",2272,22.31
ACSSF,NJ,1400000US34007607900,"Census Tract 6079, Camden County, New Jersey",,,34007607900,1169240,24856,34,,"Census Tract 6079, Camden County, New Jersey",2025,4.07
ACSSF,NJ,1400000US34007608001,"Census Tract 6080.01, Camden County, New Jersey",,,34007608001,1799724,0,34,,"Census Tract 6080.01, Camden County, New Jersey",3484,9.69
ACSSF,NJ,1400000US34007608202,"Census Tract 6082.02, Camden County, New Jersey",,,34007608202,3392437,25352,34,,"Census Tract 6082.02, Camden County, New Jersey",3596,12.99
ACSSF,NJ,1400000US34007608205,"Census Tract 6082.05, Camden County, New Jersey",,,34007608205,2683489,30840,34,,"Census Tract 6082.05, Camden County, New Jersey",4453,0.75
ACSSF,NJ,1400000US34007608206,"Census Tract 6082.06, Camden County, New Jersey",,,34007608206,2783790,30232,34,,"Census Tract 6082.06, Camden County, New Jersey",3648,0
ACSSF,NJ,1400000US34007608209,"Census Tract 6082.09, Camden County, New Jersey",,,34007608209,2762632,72503,34,,"Census Tract 6082.09, Camden County, New Jersey",3134,4.75
ACSSF,NJ,1400000US34007608210,"Census Tract 6082.10, Camden County, New Jersey",,,34007608210,4835266,40939,34,,"Census Tract 6082.10, Camden County, New Jersey",4144,45.06
ACSSF,NJ,1400000US34007608211,"Census Tract 6082.11, Camden County, New Jersey",,,34007608211,5902356,49488,34,,"Census Tract 6082.11, Camden County, New Jersey",6158,7.05
ACSSF,NJ,1400000US34007608302,"Census Tract 6083.02, Camden County, New Jersey",,,34007608302,2933064,154457,34,,"Census Tract 6083.02, Camden County, New Jersey",5114,5.72
ACSSF,NJ,1400000US34007608303,"Census Tract 6083.03, Camden County, New Jersey",,,34007608303,3780975,22719,34,,"Census Tract 6083.03, Camden County, New Jersey",3030,27.45
ACSSF,NJ,1400000US34007608304,"Census Tract 6083.04, Camden County, New Jersey",,,34007608304,4507707,16162,34,,"Census Tract 6083.04, Camden County, New Jersey",7410,6.6
ACSSF,NJ,1400000US34007608401,"Census Tract 6084.01, Camden County, New Jersey",,,34007608401,3339785,2492,34,,"Census Tract 6084.01, Camden County, New Jersey",3848,2.61
ACSSF,NJ,1400000US34007608402,"Census Tract 6084.02, Camden County, New Jersey",,,34007608402,4315014,3510,34,,"Census Tract 6084.02, Camden County, New Jersey",3747,0
ACSSF,NJ,1400000US34007608403,"Census Tract 6084.03, Camden County, New Jersey",,,34007608403,6368085,188757,34,,"Census Tract 6084.03, Camden County, New Jersey",6324,2.32
ACSSF,NJ,1400000US34007608404,"Census Tract 6084.04, Camden County, New Jersey",,,34007608404,6847061,77942,34,,"Census Tract 6084.04, Camden County, New Jersey",6929,7.2
ACSSF,NJ,1400000US34007608503,"Census Tract 6085.03, Camden County, New Jersey",,,34007608503,2490656,0,34,,"Census Tract 6085.03, Camden County, New Jersey",2659,7.92
ACSSF,NJ,1400000US34007608504,"Census Tract 6085.04, Camden County, New Jersey",,,34007608504,2345652,19056,34,,"Census Tract 6085.04, Camden County, New Jersey",3696,43.47
ACSSF,NJ,1400000US34007608600,"Census Tract 6086, Camden County, New Jersey",,,34007608600,4902290,150323,34,,"Census Tract 6086, Camden County, New Jersey",5351,12.21
ACSSF,NJ,1400000US34007608700,"Census Tract 6087, Camden County, New Jersey",,,34007608700,9307767,35573,34,,"Census Tract 6087, Camden County, New Jersey",7503,11.67
ACSSF,NJ,1400000US34007608800,"Census Tract 6088, Camden County, New Jersey",,,34007608800,8656741,15360,34,,"Census Tract 6088, Camden County, New Jersey",5909,13.92
ACSSF,NJ,1400000US34007608901,"Census Tract 6089.01, Camden County, New Jersey",,,34007608901,9751003,157764,34,,"Census Tract 6089.01, Camden County, New Jersey",5622,13.07
ACSSF,NJ,1400000US34007608903,"Census Tract 6089.03, Camden County, New Jersey",,,34007608903,13499905,22447,34,,"Census Tract 6089.03, Camden County, New Jersey",2803,0
ACSSF,NJ,1400000US34007608904,"Census Tract 6089.04, Camden County, New Jersey",,,34007608904,69994840,384333,34,,"Census Tract 6089.04, Camden County, New Jersey",1991,0
ACSSF,NJ,1400000US34007609000,"Census Tract 6090, Camden County, New Jersey",,,34007609000,4442825,4000,34,,"Census Tract 6090, Camden County, New Jersey",1340,7.47
ACSSF,NJ,1400000US34007609103,"Census Tract 6091.03, Camden County, New Jersey",,,34007609103,21271835,361762,34,,"Census Tract 6091.03, Camden County, New Jersey",5632,7.55
ACSSF,NJ,1400000US34007609201,"Census Tract 6092.01, Camden County, New Jersey",,,34007609201,4539268,1994,34,,"Census Tract 6092.01, Camden County, New Jersey",5384,12.97
ACSSF,NJ,1400000US34007609202,"Census Tract 6092.02, Camden County, New Jersey",,,34007609202,3476709,24579,34,,"Census Tract 6092.02, Camden County, New Jersey",4819,0
ACSSF,NJ,1400000US34007609204,"Census Tract 6092.04, Camden County, New Jersey",,,34007609204,3398062,44034,34,,"Census Tract 6092.04, Camden County, New Jersey",4034,38.76
ACSSF,NJ,1400000US34007609205,"Census Tract 6092.05, Camden County, New Jersey",,,34007609205,62919216,652506,34,,"Census Tract 6092.05, Camden County, New Jersey",5738,27.42
ACSSF,NJ,1400000US34007609206,"Census Tract 6092.06, Camden County, New Jersey",,,34007609206,5431416,27590,34,,"Census Tract 6092.06, Camden County, New Jersey",4968,5.73
ACSSF,NJ,1400000US34007609207,"Census Tract 6092.07, Camden County, New Jersey",,,34007609207,13454308,52871,34,,"Census Tract 6092.07, Camden County, New Jersey",4771,9.37
ACSSF,NJ,1400000US34007610300,"Census Tract 6103, Camden County, New Jersey",,,34007610300,1866264,970247,34,,"Census Tract 6103, Camden County, New Jersey",2130,
ACSSF,NJ,1400000US34007610400,"Census Tract 6104, Camden County, New Jersey",,,34007610400,1102538,0,34,,"Census Tract 6104, Camden County, New Jersey",4928,37.13
ACSSF,NJ,1400000US34007610500,"Census Tract 6105, Camden County, New Jersey",,,34007610500,5621954,3186122,34,,"Census Tract 6105, Camden County, New Jersey",6569,14.13
ACSSF,NJ,1400000US34007610600,"Census Tract 6106, Camden County, New Jersey",,,34007610600,1842384,220803,34,,"Census Tract 6106, Camden County, New Jersey",1317,63.22
ACSSF,NJ,1400000US34007610800,"Census Tract 6108, Camden County, New Jersey",,,34007610800,6799135,798407,34,,"Census Tract 6108, Camden County, New Jersey",2843,1.74
ACSSF,NJ,1400000US34007610900,"Census Tract 6109, Camden County, New Jersey",,,34007610900,1699777,74898,34,,"Census Tract 6109, Camden County, New Jersey",3194,4.54
ACSSF,NJ,1400000US34007611000,"Census Tract 6110, Camden County, New Jersey",,,34007611000,2842521,1003475,34,,"Census Tract 6110, Camden County, New Jersey",6341,11.94
ACSSF,NJ,1400000US34007611100,"Census Tract 6111, Camden County, New Jersey",,,34007611100,3083127,0,34,,"Census Tract 6111, Camden County, New Jersey",3160,1.71
ACSSF,NJ,1400000US34007611200,"Census Tract 6112, Camden County, New Jersey",,,34007611200,2844014,0,34,,"Census Tract 6112, Camden County, New Jersey",4465,14.46
ACSSF,NJ,1400000US34007611300,"Census Tract 6113, Camden County, New Jersey",,,34007611300,4998980,169597,34,,"Census Tract 6113, Camden County, New Jersey",4426,23.42
ACSSF,NJ,1400000US34007611400,"Census Tract 6114, Camden County, New Jersey",,,34007611400,7764524,129528,34,,"Census Tract 6114, Camden County, New Jersey",4407,19.32
ACSSF,NJ,1400000US34007611500,"Census Tract 6115, Camden County, New Jersey",,,34007611500,34219314,990124,34,,"Census Tract 6115, Camden County, New Jersey",4553,0
ACSSF,NJ,1400000US34007611600,"Census Tract 6116, Camden County, New Jersey",,,34007611600,1294862,102709,34,,"Census Tract 6116, Camden County, New Jersey",4222,4.57
ACSSF,NJ,1400000US34007611700,"Census Tract 6117, Camden County, New Jersey",,,34007611700,1844768,135782,34,,"Census Tract 6117, Camden County, New Jersey",2981,32.42
ACSSF,NJ,1400000US34009020101,"Census Tract 201.01, Cape May County, New Jersey",,,34009020101,2049251,566050,34,,"Census Tract 201.01, Cape May County, New Jersey",4133,2.68
ACSSF,NJ,1400000US34009020102,"Census Tract 201.02, Cape May County, New Jersey",,,34009020102,1719786,624115,34,,"Census Tract 201.02, Cape May County, New Jersey",1952,68.28
ACSSF,NJ,1400000US34009020201,"Census Tract 202.01, Cape May County, New Jersey",,,34009020201,1972496,4772868,34,,"Census Tract 202.01, Cape May County, New Jersey",1246,0
ACSSF,NJ,1400000US34009020203,"Census Tract 202.03, Cape May County, New Jersey",,,34009020203,3845001,7345398,34,,"Census Tract 202.03, Cape May County, New Jersey",1906,0
ACSSF,NJ,1400000US34009020205,"Census Tract 202.05, Cape May County, New Jersey",,,34009020205,5694495,2031968,34,,"Census Tract 202.05, Cape May County, New Jersey",1083,8.26
ACSSF,NJ,1400000US34009020206,"Census Tract 202.06, Cape May County, New Jersey",,,34009020206,2208972,1058588,34,,"Census Tract 202.06, Cape May County, New Jersey",940,0
ACSSF,NJ,1400000US34009020301,"Census Tract 203.01, Cape May County, New Jersey",,,34009020301,34217738,7178122,34,,"Census Tract 203.01, Cape May County, New Jersey",4471,2.4
ACSSF,NJ,1400000US34009020302,"Census Tract 203.02, Cape May County, New Jersey",,,34009020302,40398182,9377141,34,,"Census Tract 203.02, Cape May County, New Jersey",4785,1.7
ACSSF,NJ,1400000US34009020400,"Census Tract 204, Cape May County, New Jersey",,,34009020400,86032617,2375006,34,,"Census Tract 204, Cape May County, New Jersey",3303,0
ACSSF,NJ,1400000US34009020500,"Census Tract 205, Cape May County, New Jersey",,,34009020500,20769946,0,34,,"Census Tract 205, Cape May County, New Jersey",2083,42.96
ACSSF,NJ,1400000US34009020600,"Census Tract 206, Cape May County, New Jersey",,,34009020600,96246789,3529716,34,,"Census Tract 206, Cape May County, New Jersey",2003,3.14
ACSSF,NJ,1400000US34009020700,"Census Tract 207, Cape May County, New Jersey",,,34009020700,60242206,6521197,34,,"Census Tract 207, Cape May County, New Jersey",4230,3.64
ACSSF,NJ,1400000US34009020800,"Census Tract 208, Cape May County, New Jersey",,,34009020800,5709357,5105950,34,,"Census Tract 208, Cape May County, New Jersey",2079,0
ACSSF,NJ,1400000US34009020901,"Census Tract 209.01, Cape May County, New Jersey",,,34009020901,3676782,4868413,34,,"Census Tract 209.01, Cape May County, New Jersey",853,20
ACSSF,NJ,1400000US34009020902,"Census Tract 209.02, Cape May County, New Jersey",,,34009020902,11059075,6417183,34,,"Census Tract 209.02, Cape May County, New Jersey",1478,4.35
ACSSF,NJ,1400000US34009021001,"Census Tract 210.01, Cape May County, New Jersey",,,34009021001,59825003,27904253,34,,"Census Tract 210.01, Cape May County, New Jersey",2253,0
ACSSF,NJ,1400000US34009021002,"Census Tract 210.02, Cape May County, New Jersey",,,34009021002,65525776,7952180,34,,"Census Tract 210.02, Cape May County, New Jersey",3907,4.73
ACSSF,NJ,1400000US34009021100,"Census Tract 211, Cape May County, New Jersey",,,34009021100,22421919,2520866,34,,"Census Tract 211, Cape May County, New Jersey",5375,21.84
ACSSF,NJ,1400000US34009021300,"Census Tract 213, Cape May County, New Jersey",,,34009021300,4467965,3301937,34,,"Census Tract 213, Cape May County, New Jersey",3620,0
ACSSF,NJ,1400000US34009021400,"Census Tract 214, Cape May County, New Jersey",,,34009021400,3408501,655198,34,,"Census Tract 214, Cape May County, New Jersey",3788,13.24
ACSSF,NJ,1400000US34009021500,"Census Tract 215, Cape May County, New Jersey",,,34009021500,1322945,269465,34,,"Census Tract 215, Cape May County, New Jersey",1916,37.84
ACSSF,NJ,1400000US34009021600,"Census Tract 216, Cape May County, New Jersey",,,34009021600,3361724,1461310,34,,"Census Tract 216, Cape May County, New Jersey",3094,0
ACSSF,NJ,1400000US34009021701,"Census Tract 217.01, Cape May County, New Jersey",,,34009021701,10222267,290090,34,,"Census Tract 217.01, Cape May County, New Jersey",2756,0
ACSSF,NJ,1400000US34009021702,"Census Tract 217.02, Cape May County, New Jersey",,,34009021702,24838291,8957876,34,,"Census Tract 217.02, Cape May County, New Jersey",2563,0
ACSSF,NJ,1400000US34009021803,"Census Tract 218.03, Cape May County, New Jersey",,,34009021803,2702843,1676334,34,,"Census Tract 218.03, Cape May County, New Jersey",3922,17.03
ACSSF,NJ,1400000US34009021804,"Census Tract 218.04, Cape May County, New Jersey",,,34009021804,12689986,574506,34,,"Census Tract 218.04, Cape May County, New Jersey",5975,34.67
ACSSF,NJ,1400000US34009021805,"Census Tract 218.05, Cape May County, New Jersey",,,34009021805,5513836,11589,34,,"Census Tract 218.05, Cape May County, New Jersey",4064,4.42
ACSSF,NJ,1400000US34009021806,"Census Tract 218.06, Cape May County, New Jersey",,,34009021806,3519780,1758078,34,,"Census Tract 218.06, Cape May County, New Jersey",2171,0
ACSSF,NJ,1400000US34009021900,"Census Tract 219, Cape May County, New Jersey",,,34009021900,15385557,4327776,34,,"Census Tract 219, Cape May County, New Jersey",1686,0
ACSSF,NJ,1400000US34009022000,"Census Tract 220, Cape May County, New Jersey",,,34009022000,6244521,3757152,34,,"Census Tract 220, Cape May County, New Jersey",2789,5.26
ACSSF,NJ,1400000US34009022101,"Census Tract 221.01, Cape May County, New Jersey",,,34009022101,7661427,783863,34,,"Census Tract 221.01, Cape May County, New Jersey",1858,0
ACSSF,NJ,1400000US34009022102,"Census Tract 221.02, Cape May County, New Jersey",,,34009022102,26482159,1077256,34,,"Census Tract 221.02, Cape May County, New Jersey",6954,11.17
ACSSF,NJ,1400000US34009990100,"Census Tract 9901, Cape May County, New Jersey",,,34009990100,0,826098382,34,,"Census Tract 9901, Cape May County, New Jersey",0,
ACSSF,NJ,1400000US34011010101,"Census Tract 101.01, Cumberland County, New Jersey",,,34011010101,236975302,7075115,34,,"Census Tract 101.01, Cumberland County, New Jersey",2423,40.68
ACSSF,NJ,1400000US34011010103,"Census Tract 101.03, Cumberland County, New Jersey",,,34011010103,4324641,942,34,,"Census Tract 101.03, Cumberland County, New Jersey",3168,
ACSSF,NJ,1400000US34011010200,"Census Tract 102, Cumberland County, New Jersey",,,34011010200,82655642,6472398,34,,"Census Tract 102, Cumberland County, New Jersey",4665,14.74
ACSSF,NJ,1400000US34011010301,"Census Tract 103.01, Cumberland County, New Jersey",,,34011010301,95631367,3797769,34,,"Census Tract 103.01, Cumberland County, New Jersey",3079,19.72
ACSSF,NJ,1400000US34011010302,"Census Tract 103.02, Cumberland County, New Jersey",,,34011010302,125363234,15179265,34,,"Census Tract 103.02, Cumberland County, New Jersey",1559,9.55
ACSSF,NJ,1400000US34011010401,"Census Tract 104.01, Cumberland County, New Jersey",,,34011010401,105429858,6974001,34,,"Census Tract 104.01, Cumberland County, New Jersey",4404,8.27
ACSSF,NJ,1400000US34011010402,"Census Tract 104.02, Cumberland County, New Jersey",,,34011010402,1093686,0,34,,"Census Tract 104.02, Cumberland County, New Jersey",1065,
ACSSF,NJ,1400000US34011010500,"Census Tract 105, Cumberland County, New Jersey",,,34011010500,93337231,4145142,34,,"Census Tract 105, Cumberland County, New Jersey",2068,8.29
ACSSF,NJ,1400000US34011010600,"Census Tract 106, Cumberland County, New Jersey",,,34011010600,80531226,2544942,34,,"Census Tract 106, Cumberland County, New Jersey",4655,13.01
ACSSF,NJ,1400000US34011010701,"Census Tract 107.01, Cumberland County, New Jersey",,,34011010701,52112467,175481,34,,"Census Tract 107.01, Cumberland County, New Jersey",3974,25.92
ACSSF,NJ,1400000US34011010702,"Census Tract 107.02, Cumberland County, New Jersey",,,34011010702,28802551,216539,34,,"Census Tract 107.02, Cumberland County, New Jersey",3752,48.96
ACSSF,NJ,1400000US34011010800,"Census Tract 108, Cumberland County, New Jersey",,,34011010800,43619758,96957,34,,"Census Tract 108, Cumberland County, New Jersey",3143,11.61
ACSSF,NJ,1400000US34011020100,"Census Tract 201, Cumberland County, New Jersey",,,34011020100,518254,66298,34,,"Census Tract 201, Cumberland County, New Jersey",1282,52.06
ACSSF,NJ,1400000US34011020200,"Census Tract 202, Cumberland County, New Jersey",,,34011020200,609670,27072,34,,"Census Tract 202, Cumberland County, New Jersey",2992,14.94
ACSSF,NJ,1400000US34011020301,"Census Tract 203.01, Cumberland County, New Jersey",,,34011020301,771874,25644,34,,"Census Tract 203.01, Cumberland County, New Jersey",2295,67.28
ACSSF,NJ,1400000US34011020302,"Census Tract 203.02, Cumberland County, New Jersey",,,34011020302,784139,86481,34,,"Census Tract 203.02, Cumberland County, New Jersey",4268,52.84
ACSSF,NJ,1400000US34011020400,"Census Tract 204, Cumberland County, New Jersey",,,34011020400,3685666,7103,34,,"Census Tract 204, Cumberland County, New Jersey",3438,16.07
ACSSF,NJ,1400000US34011020502,"Census Tract 205.02, Cumberland County, New Jersey",,,34011020502,353813,0,34,,"Census Tract 205.02, Cumberland County, New Jersey",2632,
ACSSF,NJ,1400000US34011020503,"Census Tract 205.03, Cumberland County, New Jersey",,,34011020503,4508477,209373,34,,"Census Tract 205.03, Cumberland County, New Jersey",5168,50.42
ACSSF,NJ,1400000US34011020600,"Census Tract 206, Cumberland County, New Jersey",,,34011020600,4899528,268174,34,,"Census Tract 206, Cumberland County, New Jersey",4761,24.08
ACSSF,NJ,1400000US34011030100,"Census Tract 301, Cumberland County, New Jersey",,,34011030100,524734,0,34,,"Census Tract 301, Cumberland County, New Jersey",789,80.56
ACSSF,NJ,1400000US34011030200,"Census Tract 302, Cumberland County, New Jersey",,,34011030200,2637341,97757,34,,"Census Tract 302, Cumberland County, New Jersey",4435,34.46
ACSSF,NJ,1400000US34011030300,"Census Tract 303, Cumberland County, New Jersey",,,34011030300,2390226,115012,34,,"Census Tract 303, Cumberland County, New Jersey",3756,7.08
ACSSF,NJ,1400000US34011030401,"Census Tract 304.01, Cumberland County, New Jersey",,,34011030401,8065740,57212,34,,"Census Tract 304.01, Cumberland County, New Jersey",3820,30.16
ACSSF,NJ,1400000US34011030402,"Census Tract 304.02, Cumberland County, New Jersey",,,34011030402,30287914,3490176,34,,"Census Tract 304.02, Cumberland County, New Jersey",4065,0
ACSSF,NJ,1400000US34011030501,"Census Tract 305.01, Cumberland County, New Jersey",,,34011030501,42021678,1121242,34,,"Census Tract 305.01, Cumberland County, New Jersey",6552,20.24
ACSSF,NJ,1400000US34011030502,"Census Tract 305.02, Cumberland County, New Jersey",,,34011030502,22850249,1589871,34,,"Census Tract 305.02, Cumberland County, New Jersey",4015,4.27
ACSSF,NJ,1400000US34011040300,"Census Tract 403, Cumberland County, New Jersey",,,34011040300,1878754,0,34,,"Census Tract 403, Cumberland County, New Jersey",3801,2.35
ACSSF,NJ,1400000US34011040400,"Census Tract 404, Cumberland County, New Jersey",,,34011040400,5290442,1449,34,,"Census Tract 404, Cumberland County, New Jersey",6517,28.1
ACSSF,NJ,1400000US34011040500,"Census Tract 405, Cumberland County, New Jersey",,,34011040500,5433138,4305,34,,"Census Tract 405, Cumberland County, New Jersey",6035,42.8
ACSSF,NJ,1400000US34011040601,"Census Tract 406.01, Cumberland County, New Jersey",,,34011040601,4099238,0,34,,"Census Tract 406.01, Cumberland County, New Jersey",3596,4.23
ACSSF,NJ,1400000US34011040602,"Census Tract 406.02, Cumberland County, New Jersey",,,34011040602,2365001,0,34,,"Census Tract 406.02, Cumberland County, New Jersey",4228,17.25
ACSSF,NJ,1400000US34011040701,"Census Tract 407.01, Cumberland County, New Jersey",,,34011040701,7722849,105511,34,,"Census Tract 407.01, Cumberland County, New Jersey",4582,14.16
ACSSF,NJ,1400000US34011040702,"Census Tract 407.02, Cumberland County, New Jersey",,,34011040702,8116941,57139,34,,"Census Tract 407.02, Cumberland County, New Jersey",3699,0
ACSSF,NJ,1400000US34011040800,"Census Tract 408, Cumberland County, New Jersey",,,34011040800,16112648,21517,34,,"Census Tract 408, Cumberland County, New Jersey",5209,4.8
ACSSF,NJ,1400000US34011040901,"Census Tract 409.01, Cumberland County, New Jersey",,,34011040901,20145873,202170,34,,"Census Tract 409.01, Cumberland County, New Jersey",2437,67.19
ACSSF,NJ,1400000US34011040902,"Census Tract 409.02, Cumberland County, New Jersey",,,34011040902,19259987,73016,34,,"Census Tract 409.02, Cumberland County, New Jersey",6464,15.34
ACSSF,NJ,1400000US34011041001,"Census Tract 410.01, Cumberland County, New Jersey",,,34011041001,59214996,366181,34,,"Census Tract 410.01, Cumberland County, New Jersey",4245,0
ACSSF,NJ,1400000US34011041002,"Census Tract 410.02, Cumberland County, New Jersey",,,34011041002,24465160,685917,34,,"Census Tract 410.02, Cumberland County, New Jersey",3259,0
ACSSF,NJ,1400000US34011041101,"Census Tract 411.01, Cumberland County, New Jersey",,,34011041101,2074768,0,34,,"Census Tract 411.01, Cumberland County, New Jersey",2615,0
ACSSF,NJ,1400000US34011041102,"Census Tract 411.02, Cumberland County, New Jersey",,,34011041102,982111,0,34,,"Census Tract 411.02, Cumberland County, New Jersey",4005,41.18
ACSSF,NJ,1400000US34011990000,"Census Tract 9900, Cumberland County, New Jersey",,,34011990000,0,448306028,34,,"Census Tract 9900, Cumberland County, New Jersey",0,
ACSSF,NJ,1400000US34013000100,"Census Tract 1, Essex County, New Jersey",,,34013000100,938930,6653,34,,"Census Tract 1, Essex County, New Jersey",6075,11.62
ACSSF,NJ,1400000US34013000200,"Census Tract 2, Essex County, New Jersey",,,34013000200,763973,22301,34,,"Census Tract 2, Essex County, New Jersey",3741,27.92
ACSSF,NJ,1400000US34013000300,"Census Tract 3, Essex County, New Jersey",,,34013000300,327802,0,34,,"Census Tract 3, Essex County, New Jersey",4316,27.37
ACSSF,NJ,1400000US34013000400,"Census Tract 4, Essex County, New Jersey",,,34013000400,178899,0,34,,"Census Tract 4, Essex County, New Jersey",2611,31.27
ACSSF,NJ,1400000US34013000500,"Census Tract 5, Essex County, New Jersey",,,34013000500,207629,0,34,,"Census Tract 5, Essex County, New Jersey",2146,41.01
ACSSF,NJ,1400000US34013000600,"Census Tract 6, Essex County, New Jersey",,,34013000600,327539,0,34,,"Census Tract 6, Essex County, New Jersey",4146,40.54
ACSSF,NJ,1400000US34013000700,"Census Tract 7, Essex County, New Jersey",,,34013000700,653282,0,34,,"Census Tract 7, Essex County, New Jersey",6530,20.78
ACSSF,NJ,1400000US34013000800,"Census Tract 8, Essex County, New Jersey",,,34013000800,382013,0,34,,"Census Tract 8, Essex County, New Jersey",5089,19.49
ACSSF,NJ,1400000US34013000900,"Census Tract 9, Essex County, New Jersey",,,34013000900,328056,0,34,,"Census Tract 9, Essex County, New Jersey",3210,8.82
ACSSF,NJ,1400000US34013001000,"Census Tract 10, Essex County, New Jersey",,,34013001000,529858,0,34,,"Census Tract 10, Essex County, New Jersey",4042,39.79
ACSSF,NJ,1400000US34013001100,"Census Tract 11, Essex County, New Jersey",,,34013001100,569149,0,34,,"Census Tract 11, Essex County, New Jersey",3377,22.57
ACSSF,NJ,1400000US34013001300,"Census Tract 13, Essex County, New Jersey",,,34013001300,223286,0,34,,"Census Tract 13, Essex County, New Jersey",2453,52
ACSSF,NJ,1400000US34013001400,"Census Tract 14, Essex County, New Jersey",,,34013001400,332955,0,34,,"Census Tract 14, Essex County, New Jersey",3492,16.51
ACSSF,NJ,1400000US34013001500,"Census Tract 15, Essex County, New Jersey",,,34013001500,237650,0,34,,"Census Tract 15, Essex County, New Jersey",2059,51.47
ACSSF,NJ,1400000US34013001600,"Census Tract 16, Essex County, New Jersey",,,34013001600,261037,0,34,,"Census Tract 16, Essex County, New Jersey",2042,18.86
ACSSF,NJ,1400000US34013001700,"Census Tract 17, Essex County, New Jersey",,,34013001700,286405,0,34,,"Census Tract 17, Essex County, New Jersey",2550,66.11
ACSSF,NJ,1400000US34013001800,"Census Tract 18, Essex County, New Jersey",,,34013001800,694976,0,34,,"Census Tract 18, Essex County, New Jersey",2390,2.49
ACSSF,NJ,1400000US34013001900,"Census Tract 19, Essex County, New Jersey",,,34013001900,709181,0,34,,"Census Tract 19, Essex County, New Jersey",2259,49.3
ACSSF,NJ,1400000US34013002000,"Census Tract 20, Essex County, New Jersey",,,34013002000,406087,0,34,,"Census Tract 20, Essex County, New Jersey",4138,24.41
ACSSF,NJ,1400000US34013002100,"Census Tract 21, Essex County, New Jersey",,,34013002100,438393,0,34,,"Census Tract 21, Essex County, New Jersey",2791,37.28
ACSSF,NJ,1400000US34013002202,"Census Tract 22.02, Essex County, New Jersey",,,34013002202,433535,0,34,,"Census Tract 22.02, Essex County, New Jersey",3369,32.94
ACSSF,NJ,1400000US34013002203,"Census Tract 22.03, Essex County, New Jersey",,,34013002203,145405,0,34,,"Census Tract 22.03, Essex County, New Jersey",6237,51.24
ACSSF,NJ,1400000US34013002204,"Census Tract 22.04, Essex County, New Jersey",,,34013002204,368054,0,34,,"Census Tract 22.04, Essex County, New Jersey",2379,15.12
ACSSF,NJ,1400000US34013002300,"Census Tract 23, Essex County, New Jersey",,,34013002300,498553,0,34,,"Census Tract 23, Essex County, New Jersey",5619,8.67
ACSSF,NJ,1400000US34013002400,"Census Tract 24, Essex County, New Jersey",,,34013002400,386910,0,34,,"Census Tract 24, Essex County, New Jersey",3844,18.62
ACSSF,NJ,1400000US34013002500,"Census Tract 25, Essex County, New Jersey",,,34013002500,373350,0,34,,"Census Tract 25, Essex County, New Jersey",5569,53.49
ACSSF,NJ,1400000US34013002600,"Census Tract 26, Essex County, New Jersey",,,34013002600,206227,0,34,,"Census Tract 26, Essex County, New Jersey",1813,14.4
ACSSF,NJ,1400000US34013002800,"Census Tract 28, Essex County, New Jersey",,,34013002800,214167,0,34,,"Census Tract 28, Essex County, New Jersey",2413,44.08
ACSSF,NJ,1400000US34013003100,"Census Tract 31, Essex County, New Jersey",,,34013003100,267912,0,34,,"Census Tract 31, Essex County, New Jersey",1941,35.14
ACSSF,NJ,1400000US34013003500,"Census Tract 35, Essex County, New Jersey",,,34013003500,253692,0,34,,"Census Tract 35, Essex County, New Jersey",3548,70.49
ACSSF,NJ,1400000US34013003700,"Census Tract 37, Essex County, New Jersey",,,34013003700,329259,0,34,,"Census Tract 37, Essex County, New Jersey",2657,65.89
ACSSF,NJ,1400000US34013003800,"Census Tract 38, Essex County, New Jersey",,,34013003800,574740,0,34,,"Census Tract 38, Essex County, New Jersey",1861,55.26
ACSSF,NJ,1400000US34013003900,"Census Tract 39, Essex County, New Jersey",,,34013003900,308176,0,34,,"Census Tract 39, Essex County, New Jersey",1366,68.96
ACSSF,NJ,1400000US34013004100,"Census Tract 41, Essex County, New Jersey",,,34013004100,347849,0,34,,"Census Tract 41, Essex County, New Jersey",3978,49.85
ACSSF,NJ,1400000US34013004200,"Census Tract 42, Essex County, New Jersey",,,34013004200,290396,0,34,,"Census Tract 42, Essex County, New Jersey",2702,10.45
ACSSF,NJ,1400000US34013004300,"Census Tract 43, Essex County, New Jersey",,,34013004300,377481,0,34,,"Census Tract 43, Essex County, New Jersey",2570,19.49
ACSSF,NJ,1400000US34013004400,"Census Tract 44, Essex County, New Jersey",,,34013004400,221417,0,34,,"Census Tract 44, Essex County, New Jersey",1676,51.65
ACSSF,NJ,1400000US34013004500,"Census Tract 45, Essex County, New Jersey",,,34013004500,489028,0,34,,"Census Tract 45, Essex County, New Jersey",3312,22.52
ACSSF,NJ,1400000US34013004600,"Census Tract 46, Essex County, New Jersey",,,34013004600,394162,0,34,,"Census Tract 46, Essex County, New Jersey",3970,37.01
ACSSF,NJ,1400000US34013004700,"Census Tract 47, Essex County, New Jersey",,,34013004700,567566,0,34,,"Census Tract 47, Essex County, New Jersey",4674,0
ACSSF,NJ,1400000US34013004801,"Census Tract 48.01, Essex County, New Jersey",,,34013004801,168089,0,34,,"Census Tract 48.01, Essex County, New Jersey",2627,20.2
ACSSF,NJ,1400000US34013004802,"Census Tract 48.02, Essex County, New Jersey",,,34013004802,3074477,0,34,,"Census Tract 48.02, Essex County, New Jersey",3702,20
ACSSF,NJ,1400000US34013004900,"Census Tract 49, Essex County, New Jersey",,,34013004900,394145,0,34,,"Census Tract 49, Essex County, New Jersey",3932,73.91
ACSSF,NJ,1400000US34013005000,"Census Tract 50, Essex County, New Jersey",,,34013005000,797751,0,34,,"Census Tract 50, Essex County, New Jersey",3199,16.43
ACSSF,NJ,1400000US34013005100,"Census Tract 51, Essex County, New Jersey",,,34013005100,308433,0,34,,"Census Tract 51, Essex County, New Jersey",2816,18.87
ACSSF,NJ,1400000US34013005200,"Census Tract 52, Essex County, New Jersey",,,34013005200,268640,0,34,,"Census Tract 52, Essex County, New Jersey",2040,61.35
ACSSF,NJ,1400000US34013005300,"Census Tract 53, Essex County, New Jersey",,,34013005300,320466,0,34,,"Census Tract 53, Essex County, New Jersey",3348,30.58
ACSSF,NJ,1400000US34013005400,"Census Tract 54, Essex County, New Jersey",,,34013005400,351901,0,34,,"Census Tract 54, Essex County, New Jersey",4208,65.48
ACSSF,NJ,1400000US34013005700,"Census Tract 57, Essex County, New Jersey",,,34013005700,864418,0,34,,"Census Tract 57, Essex County, New Jersey",2783,52.62
ACSSF,NJ,1400000US34013006200,"Census Tract 62, Essex County, New Jersey",,,34013006200,235825,0,34,,"Census Tract 62, Essex County, New Jersey",1917,76.14
ACSSF,NJ,1400000US34013006400,"Census Tract 64, Essex County, New Jersey",,,34013006400,309843,0,34,,"Census Tract 64, Essex County, New Jersey",1376,32.13
ACSSF,NJ,1400000US34013006600,"Census Tract 66, Essex County, New Jersey",,,34013006600,161941,0,34,,"Census Tract 66, Essex County, New Jersey",1923,35.19
ACSSF,NJ,1400000US34013006700,"Census Tract 67, Essex County, New Jersey",,,34013006700,326878,0,34,,"Census Tract 67, Essex County, New Jersey",3659,32.03
ACSSF,NJ,1400000US34013006800,"Census Tract 68, Essex County, New Jersey",,,34013006800,1171730,0,34,,"Census Tract 68, Essex County, New Jersey",6411,22.09
ACSSF,NJ,1400000US34013006900,"Census Tract 69, Essex County, New Jersey",,,34013006900,360629,0,34,,"Census Tract 69, Essex County, New Jersey",5295,49.12
ACSSF,NJ,1400000US34013007000,"Census Tract 70, Essex County, New Jersey",,,34013007000,397128,0,34,,"Census Tract 70, Essex County, New Jersey",4742,23.84
ACSSF,NJ,1400000US34013007100,"Census Tract 71, Essex County, New Jersey",,,34013007100,385859,0,34,,"Census Tract 71, Essex County, New Jersey",4040,13.07
ACSSF,NJ,1400000US34013007200,"Census Tract 72, Essex County, New Jersey",,,34013007200,203449,0,34,,"Census Tract 72, Essex County, New Jersey",4018,12.7
ACSSF,NJ,1400000US34013007300,"Census Tract 73, Essex County, New Jersey",,,34013007300,411830,0,34,,"Census Tract 73, Essex County, New Jersey",4995,26.75
ACSSF,NJ,1400000US34013007400,"Census Tract 74, Essex County, New Jersey",,,34013007400,3708900,665362,34,,"Census Tract 74, Essex County, New Jersey",6440,12.07
ACSSF,NJ,1400000US34013007501,"Census Tract 75.01, Essex County, New Jersey",,,34013007501,1962291,352066,34,,"Census Tract 75.01, Essex County, New Jersey",4763,24.31
ACSSF,NJ,1400000US34013007502,"Census Tract 75.02, Essex County, New Jersey",,,34013007502,1690702,82608,34,,"Census Tract 75.02, Essex County, New Jersey",3258,50.06
ACSSF,NJ,1400000US34013007600,"Census Tract 76, Essex County, New Jersey",,,34013007600,194441,0,34,,"Census Tract 76, Essex County, New Jersey",3976,32.46
ACSSF,NJ,1400000US34013007700,"Census Tract 77, Essex County, New Jersey",,,34013007700,198946,0,34,,"Census Tract 77, Essex County, New Jersey",2886,16.89
ACSSF,NJ,1400000US34013007800,"Census Tract 78, Essex County, New Jersey",,,34013007800,197685,0,34,,"Census Tract 78, Essex County, New Jersey",3835,42.15
ACSSF,NJ,1400000US34013007900,"Census Tract 79, Essex County, New Jersey",,,34013007900,468606,29821,34,,"Census Tract 79, Essex County, New Jersey",4622,25.11
ACSSF,NJ,1400000US34013008000,"Census Tract 80, Essex County, New Jersey",,,34013008000,847976,16698,34,,"Census Tract 80, Essex County, New Jersey",2736,0.89
ACSSF,NJ,1400000US34013008100,"Census Tract 81, Essex County, New Jersey",,,34013008100,806564,0,34,,"Census Tract 81, Essex County, New Jersey",3815,21.66
ACSSF,NJ,1400000US34013008200,"Census Tract 82, Essex County, New Jersey",,,34013008200,429045,0,34,,"Census Tract 82, Essex County, New Jersey",2416,60.55
ACSSF,NJ,1400000US34013008700,"Census Tract 87, Essex County, New Jersey",,,34013008700,511847,17246,34,,"Census Tract 87, Essex County, New Jersey",4094,10.86
ACSSF,NJ,1400000US34013008800,"Census Tract 88, Essex County, New Jersey",,,34013008800,154461,0,34,,"Census Tract 88, Essex County, New Jersey",2073,2.47
ACSSF,NJ,1400000US34013008900,"Census Tract 89, Essex County, New Jersey",,,34013008900,137212,0,34,,"Census Tract 89, Essex County, New Jersey",1898,94.5
ACSSF,NJ,1400000US34013009000,"Census Tract 90, Essex County, New Jersey",,,34013009000,395369,58937,34,,"Census Tract 90, Essex County, New Jersey",1786,17.36
ACSSF,NJ,1400000US34013009100,"Census Tract 91, Essex County, New Jersey",,,34013009100,442720,39927,34,,"Census Tract 91, Essex County, New Jersey",3997,24
ACSSF,NJ,1400000US34013009200,"Census Tract 92, Essex County, New Jersey",,,34013009200,370972,34248,34,,"Census Tract 92, Essex County, New Jersey",3326,52.16
ACSSF,NJ,1400000US34013009300,"Census Tract 93, Essex County, New Jersey",,,34013009300,552903,0,34,,"Census Tract 93, Essex County, New Jersey",5162,44.95
ACSSF,NJ,1400000US34013009400,"Census Tract 94, Essex County, New Jersey",,,34013009400,622913,0,34,,"Census Tract 94, Essex County, New Jersey",5764,58.31
ACSSF,NJ,1400000US34013009500,"Census Tract 95, Essex County, New Jersey",,,34013009500,603392,0,34,,"Census Tract 95, Essex County, New Jersey",6717,0.62
ACSSF,NJ,1400000US34013009600,"Census Tract 96, Essex County, New Jersey",,,34013009600,1089630,139142,34,,"Census Tract 96, Essex County, New Jersey",5245,43.93
ACSSF,NJ,1400000US34013009700,"Census Tract 97, Essex County, New Jersey",,,34013009700,410689,1472,34,,"Census Tract 97, Essex County, New Jersey",5619,20.37
ACSSF,NJ,1400000US34013009900,"Census Tract 99, Essex County, New Jersey",,,34013009900,437611,0,34,,"Census Tract 99, Essex County, New Jersey",2330,2.7
ACSSF,NJ,1400000US34013010000,"Census Tract 100, Essex County, New Jersey",,,34013010000,794179,0,34,,"Census Tract 100, Essex County, New Jersey",3680,9.49
ACSSF,NJ,1400000US34013010100,"Census Tract 101, Essex County, New Jersey",,,34013010100,761270,0,34,,"Census Tract 101, Essex County, New Jersey",2600,13.79
ACSSF,NJ,1400000US34013010200,"Census Tract 102, Essex County, New Jersey",,,34013010200,956900,0,34,,"Census Tract 102, Essex County, New Jersey",4544,12.01
ACSSF,NJ,1400000US34013010300,"Census Tract 103, Essex County, New Jersey",,,34013010300,583934,0,34,,"Census Tract 103, Essex County, New Jersey",4168,38.15
ACSSF,NJ,1400000US34013010400,"Census Tract 104, Essex County, New Jersey",,,34013010400,607052,0,34,,"Census Tract 104, Essex County, New Jersey",4610,47.7
ACSSF,NJ,1400000US34013010500,"Census Tract 105, Essex County, New Jersey",,,34013010500,489573,0,34,,"Census Tract 105, Essex County, New Jersey",5742,8.01
ACSSF,NJ,1400000US34013010600,"Census Tract 106, Essex County, New Jersey",,,34013010600,490320,0,34,,"Census Tract 106, Essex County, New Jersey",5192,46.16
ACSSF,NJ,1400000US34013010700,"Census Tract 107, Essex County, New Jersey",,,34013010700,464231,0,34,,"Census Tract 107, Essex County, New Jersey",4357,26.69
ACSSF,NJ,1400000US34013010800,"Census Tract 108, Essex County, New Jersey",,,34013010800,252323,0,34,,"Census Tract 108, Essex County, New Jersey",3054,49.41
ACSSF,NJ,1400000US34013010900,"Census Tract 109, Essex County, New Jersey",,,34013010900,993008,0,34,,"Census Tract 109, Essex County, New Jersey",1915,58.33
ACSSF,NJ,1400000US34013011100,"Census Tract 111, Essex County, New Jersey",,,34013011100,248423,0,34,,"Census Tract 111, Essex County, New Jersey",3965,44.07
ACSSF,NJ,1400000US34013011200,"Census Tract 112, Essex County, New Jersey",,,34013011200,460955,0,34,,"Census Tract 112, Essex County, New Jersey",2865,39.26
ACSSF,NJ,1400000US34013011300,"Census Tract 113, Essex County, New Jersey",,,34013011300,519591,0,34,,"Census Tract 113, Essex County, New Jersey",3993,8.1
ACSSF,NJ,1400000US34013011400,"Census Tract 114, Essex County, New Jersey",,,34013011400,592524,0,34,,"Census Tract 114, Essex County, New Jersey",4054,17.55
ACSSF,NJ,1400000US34013011500,"Census Tract 115, Essex County, New Jersey",,,34013011500,337248,0,34,,"Census Tract 115, Essex County, New Jersey",2884,12.77
ACSSF,NJ,1400000US34013011600,"Census Tract 116, Essex County, New Jersey",,,34013011600,303264,0,34,,"Census Tract 116, Essex County, New Jersey",3612,9.18
ACSSF,NJ,1400000US34013011700,"Census Tract 117, Essex County, New Jersey",,,34013011700,573069,0,34,,"Census Tract 117, Essex County, New Jersey",2973,41.29
ACSSF,NJ,1400000US34013011800,"Census Tract 118, Essex County, New Jersey",,,34013011800,306936,0,34,,"Census Tract 118, Essex County, New Jersey",2645,20.71
ACSSF,NJ,1400000US34013011900,"Census Tract 119, Essex County, New Jersey",,,34013011900,345499,0,34,,"Census Tract 119, Essex County, New Jersey",1856,30.6
ACSSF,NJ,1400000US34013012000,"Census Tract 120, Essex County, New Jersey",,,34013012000,945101,0,34,,"Census Tract 120, Essex County, New Jersey",7363,15.41
ACSSF,NJ,1400000US34013012100,"Census Tract 121, Essex County, New Jersey",,,34013012100,354751,0,34,,"Census Tract 121, Essex County, New Jersey",4148,12.22
ACSSF,NJ,1400000US34013012200,"Census Tract 122, Essex County, New Jersey",,,34013012200,601505,0,34,,"Census Tract 122, Essex County, New Jersey",6788,16.63
ACSSF,NJ,1400000US34013012300,"Census Tract 123, Essex County, New Jersey",,,34013012300,617151,0,34,,"Census Tract 123, Essex County, New Jersey",4790,27.09
ACSSF,NJ,1400000US34013012400,"Census Tract 124, Essex County, New Jersey",,,34013012400,594247,0,34,,"Census Tract 124, Essex County, New Jersey",4223,70.53
ACSSF,NJ,1400000US34013012500,"Census Tract 125, Essex County, New Jersey",,,34013012500,420799,0,34,,"Census Tract 125, Essex County, New Jersey",3570,4.26
ACSSF,NJ,1400000US34013012600,"Census Tract 126, Essex County, New Jersey",,,34013012600,389420,0,34,,"Census Tract 126, Essex County, New Jersey",3381,27.01
ACSSF,NJ,1400000US34013012700,"Census Tract 127, Essex County, New Jersey",,,34013012700,617383,0,34,,"Census Tract 127, Essex County, New Jersey",3793,57.8
ACSSF,NJ,1400000US34013012800,"Census Tract 128, Essex County, New Jersey",,,34013012800,592354,0,34,,"Census Tract 128, Essex County, New Jersey",4156,40.57
ACSSF,NJ,1400000US34013012900,"Census Tract 129, Essex County, New Jersey",,,34013012900,487742,5417,34,,"Census Tract 129, Essex County, New Jersey",3983,24.12
ACSSF,NJ,1400000US34013013000,"Census Tract 130, Essex County, New Jersey",,,34013013000,109870,0,34,,"Census Tract 130, Essex County, New Jersey",2459,0
ACSSF,NJ,1400000US34013013100,"Census Tract 131, Essex County, New Jersey",,,34013013100,718841,0,34,,"Census Tract 131, Essex County, New Jersey",2509,17.89
ACSSF,NJ,1400000US34013013200,"Census Tract 132, Essex County, New Jersey",,,34013013200,327929,0,34,,"Census Tract 132, Essex County, New Jersey",3016,38.33
ACSSF,NJ,1400000US34013013300,"Census Tract 133, Essex County, New Jersey",,,34013013300,425179,0,34,,"Census Tract 133, Essex County, New Jersey",4299,28.67
ACSSF,NJ,1400000US34013013400,"Census Tract 134, Essex County, New Jersey",,,34013013400,1537644,5828,34,,"Census Tract 134, Essex County, New Jersey",3942,0
ACSSF,NJ,1400000US34013013500,"Census Tract 135, Essex County, New Jersey",,,34013013500,1528812,12834,34,,"Census Tract 135, Essex County, New Jersey",4594,1.49
ACSSF,NJ,1400000US34013013600,"Census Tract 136, Essex County, New Jersey",,,34013013600,1701812,94870,34,,"Census Tract 136, Essex County, New Jersey",6968,4.18
ACSSF,NJ,1400000US34013013700,"Census Tract 137, Essex County, New Jersey",,,34013013700,1176528,8937,34,,"Census Tract 137, Essex County, New Jersey",4870,3.62
ACSSF,NJ,1400000US34013013800,"Census Tract 138, Essex County, New Jersey",,,34013013800,1300780,0,34,,"Census Tract 138, Essex County, New Jersey",4280,0
ACSSF,NJ,1400000US34013013900,"Census Tract 139, Essex County, New Jersey",,,34013013900,1487706,0,34,,"Census Tract 139, Essex County, New Jersey",5113,24.39
ACSSF,NJ,1400000US34013014000,"Census Tract 140, Essex County, New Jersey",,,34013014000,1218006,0,34,,"Census Tract 140, Essex County, New Jersey",3916,0
ACSSF,NJ,1400000US34013014100,"Census Tract 141, Essex County, New Jersey",,,34013014100,1075579,0,34,,"Census Tract 141, Essex County, New Jersey",3766,16.67
ACSSF,NJ,1400000US34013014200,"Census Tract 142, Essex County, New Jersey",,,34013014200,905967,0,34,,"Census Tract 142, Essex County, New Jersey",4384,4.65
ACSSF,NJ,1400000US34013014300,"Census Tract 143, Essex County, New Jersey",,,34013014300,840829,0,34,,"Census Tract 143, Essex County, New Jersey",6166,17.49
ACSSF,NJ,1400000US34013014400,"Census Tract 144, Essex County, New Jersey",,,34013014400,1568383,138360,34,,"Census Tract 144, Essex County, New Jersey",3982,10.08
ACSSF,NJ,1400000US34013014500,"Census Tract 145, Essex County, New Jersey",,,34013014500,922282,10326,34,,"Census Tract 145, Essex County, New Jersey",3968,15.9
ACSSF,NJ,1400000US34013014600,"Census Tract 146, Essex County, New Jersey",,,34013014600,735330,8784,34,,"Census Tract 146, Essex County, New Jersey",5101,21.53
ACSSF,NJ,1400000US34013014700,"Census Tract 147, Essex County, New Jersey",,,34013014700,1269780,20449,34,,"Census Tract 147, Essex County, New Jersey",6473,9.82
ACSSF,NJ,1400000US34013014800,"Census Tract 148, Essex County, New Jersey",,,34013014800,1688192,3155,34,,"Census Tract 148, Essex County, New Jersey",3478,0
ACSSF,NJ,1400000US34013014900,"Census Tract 149, Essex County, New Jersey",,,34013014900,2140167,7757,34,,"Census Tract 149, Essex County, New Jersey",4913,0
ACSSF,NJ,1400000US34013015000,"Census Tract 150, Essex County, New Jersey",,,34013015000,1394616,6893,34,,"Census Tract 150, Essex County, New Jersey",3657,0
ACSSF,NJ,1400000US34013015100,"Census Tract 151, Essex County, New Jersey",,,34013015100,1100746,13422,34,,"Census Tract 151, Essex County, New Jersey",4905,3.24
ACSSF,NJ,1400000US34013015200,"Census Tract 152, Essex County, New Jersey",,,34013015200,927380,0,34,,"Census Tract 152, Essex County, New Jersey",4463,11.27
ACSSF,NJ,1400000US34013015300,"Census Tract 153, Essex County, New Jersey",,,34013015300,1180259,0,34,,"Census Tract 153, Essex County, New Jersey",3178,9.76
ACSSF,NJ,1400000US34013015400,"Census Tract 154, Essex County, New Jersey",,,34013015400,1272880,2136,34,,"Census Tract 154, Essex County, New Jersey",6161,34.12
ACSSF,NJ,1400000US34013015500,"Census Tract 155, Essex County, New Jersey",,,34013015500,868794,15735,34,,"Census Tract 155, Essex County, New Jersey",4491,12.53
ACSSF,NJ,1400000US34013015600,"Census Tract 156, Essex County, New Jersey",,,34013015600,976011,13690,34,,"Census Tract 156, Essex County, New Jersey",4631,0
ACSSF,NJ,1400000US34013015700,"Census Tract 157, Essex County, New Jersey",,,34013015700,593557,0,34,,"Census Tract 157, Essex County, New Jersey",2835,0
ACSSF,NJ,1400000US34013015800,"Census Tract 158, Essex County, New Jersey",,,34013015800,779227,436,34,,"Census Tract 158, Essex County, New Jersey",4304,17.04
ACSSF,NJ,1400000US34013015900,"Census Tract 159, Essex County, New Jersey",,,34013015900,900738,0,34,,"Census Tract 159, Essex County, New Jersey",5958,27.41
ACSSF,NJ,1400000US34013016000,"Census Tract 160, Essex County, New Jersey",,,34013016000,3301621,12037,34,,"Census Tract 160, Essex County, New Jersey",7827,0
ACSSF,NJ,1400000US34013016100,"Census Tract 161, Essex County, New Jersey",,,34013016100,2050770,0,34,,"Census Tract 161, Essex County, New Jersey",3729,1.09
ACSSF,NJ,1400000US34013016200,"Census Tract 162, Essex County, New Jersey",,,34013016200,1948562,1990,34,,"Census Tract 162, Essex County, New Jersey",3872,0
ACSSF,NJ,1400000US34013016300,"Census Tract 163, Essex County, New Jersey",,,34013016300,1527377,0,34,,"Census Tract 163, Essex County, New Jersey",3606,0.62
ACSSF,NJ,1400000US34013016400,"Census Tract 164, Essex County, New Jersey",,,34013016400,2232910,12537,34,,"Census Tract 164, Essex County, New Jersey",3884,2.4
ACSSF,NJ,1400000US34013016500,"Census Tract 165, Essex County, New Jersey",,,34013016500,1695101,0,34,,"Census Tract 165, Essex County, New Jersey",3999,8.64
ACSSF,NJ,1400000US34013016600,"Census Tract 166, Essex County, New Jersey",,,34013016600,668296,0,34,,"Census Tract 166, Essex County, New Jersey",2747,1.48
ACSSF,NJ,1400000US34013016700,"Census Tract 167, Essex County, New Jersey",,,34013016700,510283,0,34,,"Census Tract 167, Essex County, New Jersey",2666,25.26
ACSSF,NJ,1400000US34013016800,"Census Tract 168, Essex County, New Jersey",,,34013016800,749914,0,34,,"Census Tract 168, Essex County, New Jersey",4271,5.01
ACSSF,NJ,1400000US34013016900,"Census Tract 169, Essex County, New Jersey",,,34013016900,2237828,0,34,,"Census Tract 169, Essex County, New Jersey",3017,3.29
ACSSF,NJ,1400000US34013017000,"Census Tract 170, Essex County, New Jersey",,,34013017000,1070050,0,34,,"Census Tract 170, Essex County, New Jersey",2680,3.33
ACSSF,NJ,1400000US34013017100,"Census Tract 171, Essex County, New Jersey",,,34013017100,437409,2798,34,,"Census Tract 171, Essex County, New Jersey",2039,36.45
ACSSF,NJ,1400000US34013017200,"Census Tract 172, Essex County, New Jersey",,,34013017200,1027626,0,34,,"Census Tract 172, Essex County, New Jersey",3363,14.29
ACSSF,NJ,1400000US34013017301,"Census Tract 173.01, Essex County, New Jersey",,,34013017301,4401118,10142,34,,"Census Tract 173.01, Essex County, New Jersey",5302,0.91
ACSSF,NJ,1400000US34013017302,"Census Tract 173.02, Essex County, New Jersey",,,34013017302,6324411,1453,34,,"Census Tract 173.02, Essex County, New Jersey",7485,14.8
ACSSF,NJ,1400000US34013017400,"Census Tract 174, Essex County, New Jersey",,,34013017400,7137606,27066,34,,"Census Tract 174, Essex County, New Jersey",5186,5.95
ACSSF,NJ,1400000US34013017500,"Census Tract 175, Essex County, New Jersey",,,34013017500,4647860,23765,34,,"Census Tract 175, Essex County, New Jersey",5996,4.53
ACSSF,NJ,1400000US34013017600,"Census Tract 176, Essex County, New Jersey",,,34013017600,812901,0,34,,"Census Tract 176, Essex County, New Jersey",5523,18.98
ACSSF,NJ,1400000US34013017700,"Census Tract 177, Essex County, New Jersey",,,34013017700,1003759,0,34,,"Census Tract 177, Essex County, New Jersey",5120,19.54
ACSSF,NJ,1400000US34013017800,"Census Tract 178, Essex County, New Jersey",,,34013017800,621593,0,34,,"Census Tract 178, Essex County, New Jersey",3694,7.91
ACSSF,NJ,1400000US34013017900,"Census Tract 179, Essex County, New Jersey",,,34013017900,1167241,0,34,,"Census Tract 179, Essex County, New Jersey",3680,0
ACSSF,NJ,1400000US34013018000,"Census Tract 180, Essex County, New Jersey",,,34013018000,4971553,254763,34,,"Census Tract 180, Essex County, New Jersey",6290,0
ACSSF,NJ,1400000US34013018100,"Census Tract 181, Essex County, New Jersey",,,34013018100,557560,0,34,,"Census Tract 181, Essex County, New Jersey",2161,15.09
ACSSF,NJ,1400000US34013018200,"Census Tract 182, Essex County, New Jersey",,,34013018200,489203,0,34,,"Census Tract 182, Essex County, New Jersey",4512,26.92
ACSSF,NJ,1400000US34013018300,"Census Tract 183, Essex County, New Jersey",,,34013018300,576534,0,34,,"Census Tract 183, Essex County, New Jersey",4577,5.23
ACSSF,NJ,1400000US34013018400,"Census Tract 184, Essex County, New Jersey",,,34013018400,456623,0,34,,"Census Tract 184, Essex County, New Jersey",2651,0
ACSSF,NJ,1400000US34013018600,"Census Tract 186, Essex County, New Jersey",,,34013018600,1001358,0,34,,"Census Tract 186, Essex County, New Jersey",5837,40.6
ACSSF,NJ,1400000US34013018700,"Census Tract 187, Essex County, New Jersey",,,34013018700,856790,5154,34,,"Census Tract 187, Essex County, New Jersey",5143,35.79
ACSSF,NJ,1400000US34013018800,"Census Tract 188, Essex County, New Jersey",,,34013018800,1247165,0,34,,"Census Tract 188, Essex County, New Jersey",4875,51.84
ACSSF,NJ,1400000US34013018900,"Census Tract 189, Essex County, New Jersey",,,34013018900,545567,0,34,,"Census Tract 189, Essex County, New Jersey",4217,14.69
ACSSF,NJ,1400000US34013019000,"Census Tract 190, Essex County, New Jersey",,,34013019000,3010165,0,34,,"Census Tract 190, Essex County, New Jersey",4941,1.75
ACSSF,NJ,1400000US34013019100,"Census Tract 191, Essex County, New Jersey",,,34013019100,2209040,0,34,,"Census Tract 191, Essex County, New Jersey",4716,3.43
ACSSF,NJ,1400000US34013019200,"Census Tract 192, Essex County, New Jersey",,,34013019200,1029128,0,34,,"Census Tract 192, Essex County, New Jersey",5049,0
ACSSF,NJ,1400000US34013019300,"Census Tract 193, Essex County, New Jersey",,,34013019300,1122226,4806,34,,"Census Tract 193, Essex County, New Jersey",3593,0
ACSSF,NJ,1400000US34013019400,"Census Tract 194, Essex County, New Jersey",,,34013019400,3113784,8951,34,,"Census Tract 194, Essex County, New Jersey",2986,5.66
ACSSF,NJ,1400000US34013019500,"Census Tract 195, Essex County, New Jersey",,,34013019500,1518145,0,34,,"Census Tract 195, Essex County, New Jersey",3862,0
ACSSF,NJ,1400000US34013019600,"Census Tract 196, Essex County, New Jersey",,,34013019600,1604237,0,34,,"Census Tract 196, Essex County, New Jersey",6344,5.08
ACSSF,NJ,1400000US34013019700,"Census Tract 197, Essex County, New Jersey",,,34013019700,1228935,0,34,,"Census Tract 197, Essex County, New Jersey",6816,0
ACSSF,NJ,1400000US34013019800,"Census Tract 198, Essex County, New Jersey",,,34013019800,851422,0,34,,"Census Tract 198, Essex County, New Jersey",2879,2.05
ACSSF,NJ,1400000US34013019900,"Census Tract 199, Essex County, New Jersey",,,34013019900,1717114,0,34,,"Census Tract 199, Essex County, New Jersey",2519,2.37
ACSSF,NJ,1400000US34013020000,"Census Tract 200, Essex County, New Jersey",,,34013020000,9131984,1333333,34,,"Census Tract 200, Essex County, New Jersey",6327,2.68
ACSSF,NJ,1400000US34013020100,"Census Tract 201, Essex County, New Jersey",,,34013020100,10483155,112425,34,,"Census Tract 201, Essex County, New Jersey",5245,0
ACSSF,NJ,1400000US34013020200,"Census Tract 202, Essex County, New Jersey",,,34013020200,2201918,1319,34,,"Census Tract 202, Essex County, New Jersey",5076,0.31
ACSSF,NJ,1400000US34013020300,"Census Tract 203, Essex County, New Jersey",,,34013020300,2356725,3972,34,,"Census Tract 203, Essex County, New Jersey",5145,4.19
ACSSF,NJ,1400000US34013020400,"Census Tract 204, Essex County, New Jersey",,,34013020400,6426124,54142,34,,"Census Tract 204, Essex County, New Jersey",4892,0
ACSSF,NJ,1400000US34013020500,"Census Tract 205, Essex County, New Jersey",,,34013020500,6729912,2288,34,,"Census Tract 205, Essex County, New Jersey",8210,0
ACSSF,NJ,1400000US34013020600,"Census Tract 206, Essex County, New Jersey",,,34013020600,5660535,2745,34,,"Census Tract 206, Essex County, New Jersey",5325,0.46
ACSSF,NJ,1400000US34013020700,"Census Tract 207, Essex County, New Jersey",,,34013020700,2450093,4213,34,,"Census Tract 207, Essex County, New Jersey",4627,1.72
ACSSF,NJ,1400000US34013020800,"Census Tract 208, Essex County, New Jersey",,,34013020800,14436936,814684,34,,"Census Tract 208, Essex County, New Jersey",8074,0
ACSSF,NJ,1400000US34013020901,"Census Tract 209.01, Essex County, New Jersey",,,34013020901,3647513,15705,34,,"Census Tract 209.01, Essex County, New Jersey",2320,0
ACSSF,NJ,1400000US34013020902,"Census Tract 209.02, Essex County, New Jersey",,,34013020902,9369871,59871,34,,"Census Tract 209.02, Essex County, New Jersey",6211,0
ACSSF,NJ,1400000US34013021000,"Census Tract 210, Essex County, New Jersey",,,34013021000,3007961,2460,34,,"Census Tract 210, Essex County, New Jersey",5634,0
ACSSF,NJ,1400000US34013021100,"Census Tract 211, Essex County, New Jersey",,,34013021100,1937554,1370,34,,"Census Tract 211, Essex County, New Jersey",5171,1.41
ACSSF,NJ,1400000US34013021200,"Census Tract 212, Essex County, New Jersey",,,34013021200,2291470,50540,34,,"Census Tract 212, Essex County, New Jersey",3636,5.06
ACSSF,NJ,1400000US34013021300,"Census Tract 213, Essex County, New Jersey",,,34013021300,5933401,7198,34,,"Census Tract 213, Essex County, New Jersey",6360,0
ACSSF,NJ,1400000US34013021400,"Census Tract 214, Essex County, New Jersey",,,34013021400,5039946,312053,34,,"Census Tract 214, Essex County, New Jersey",6892,0.97
ACSSF,NJ,1400000US34013021601,"Census Tract 216.01, Essex County, New Jersey",,,34013021601,26225811,572417,34,,"Census Tract 216.01, Essex County, New Jersey",7712,2.69
ACSSF,NJ,1400000US34013021602,"Census Tract 216.02, Essex County, New Jersey",,,34013021602,7945473,13324,34,,"Census Tract 216.02, Essex County, New Jersey",6622,0
ACSSF,NJ,1400000US34013021701,"Census Tract 217.01, Essex County, New Jersey",,,34013021701,1208739,0,34,,"Census Tract 217.01, Essex County, New Jersey",3868,15.32
ACSSF,NJ,1400000US34013021702,"Census Tract 217.02, Essex County, New Jersey",,,34013021702,1842539,3295,34,,"Census Tract 217.02, Essex County, New Jersey",5030,1.71
ACSSF,NJ,1400000US34013021801,"Census Tract 218.01, Essex County, New Jersey",,,34013021801,3479985,31214,34,,"Census Tract 218.01, Essex County, New Jersey",2825,9.2
ACSSF,NJ,1400000US34013021802,"Census Tract 218.02, Essex County, New Jersey",,,34013021802,7444090,10423,34,,"Census Tract 218.02, Essex County, New Jersey",3749,0
ACSSF,NJ,1400000US34013021803,"Census Tract 218.03, Essex County, New Jersey",,,34013021803,2276138,0,34,,"Census Tract 218.03, Essex County, New Jersey",4323,1
ACSSF,NJ,1400000US34013022700,"Census Tract 227, Essex County, New Jersey",,,34013022700,499226,0,34,,"Census Tract 227, Essex County, New Jersey",2725,52.02
ACSSF,NJ,1400000US34013022800,"Census Tract 228, Essex County, New Jersey",,,34013022800,316630,0,34,,"Census Tract 228, Essex County, New Jersey",1743,36.05
ACSSF,NJ,1400000US34013022900,"Census Tract 229, Essex County, New Jersey",,,34013022900,1193764,47234,34,,"Census Tract 229, Essex County, New Jersey",4914,29.22
ACSSF,NJ,1400000US34013023000,"Census Tract 230, Essex County, New Jersey",,,34013023000,367018,0,34,,"Census Tract 230, Essex County, New Jersey",3388,31.72
ACSSF,NJ,1400000US34013023100,"Census Tract 231, Essex County, New Jersey",,,34013023100,478035,0,34,,"Census Tract 231, Essex County, New Jersey",2408,27.84
ACSSF,NJ,1400000US34013023200,"Census Tract 232, Essex County, New Jersey",,,34013023200,524193,0,34,,"Census Tract 232, Essex County, New Jersey",3410,37.82
ACSSF,NJ,1400000US34013980100,"Census Tract 9801, Essex County, New Jersey",,,34013980100,1460681,2569,34,,"Census Tract 9801, Essex County, New Jersey",2186,
ACSSF,NJ,1400000US34013980200,"Census Tract 9802, Essex County, New Jersey",,,34013980200,15536164,2993500,34,,"Census Tract 9802, Essex County, New Jersey",0,
ACSSF,NJ,1400000US34015500100,"Census Tract 5001, Gloucester County, New Jersey",,,34015500100,2651428,926241,34,,"Census Tract 5001, Gloucester County, New Jersey",4285,32.17
ACSSF,NJ,1400000US34015500201,"Census Tract 5002.01, Gloucester County, New Jersey",,,34015500201,7772045,2397144,34,,"Census Tract 5002.01, Gloucester County, New Jersey",2386,4.1
ACSSF,NJ,1400000US34015500202,"Census Tract 5002.02, Gloucester County, New Jersey",,,34015500202,3459044,84818,34,,"Census Tract 5002.02, Gloucester County, New Jersey",5114,15.25
ACSSF,NJ,1400000US34015500203,"Census Tract 5002.03, Gloucester County, New Jersey",,,34015500203,5541118,171690,34,,"Census Tract 5002.03, Gloucester County, New Jersey",5972,4.09
ACSSF,NJ,1400000US34015500204,"Census Tract 5002.04, Gloucester County, New Jersey",,,34015500204,11364899,364505,34,,"Census Tract 5002.04, Gloucester County, New Jersey",5476,8.47
ACSSF,NJ,1400000US34015500205,"Census Tract 5002.05, Gloucester County, New Jersey",,,34015500205,11640184,3329439,34,,"Census Tract 5002.05, Gloucester County, New Jersey",3348,18.2
ACSSF,NJ,1400000US34015500300,"Census Tract 5003, Gloucester County, New Jersey",,,34015500300,2611252,1122125,34,,"Census Tract 5003, Gloucester County, New Jersey",3043,5.27
ACSSF,NJ,1400000US34015500400,"Census Tract 5004, Gloucester County, New Jersey",,,34015500400,4984406,1826931,34,,"Census Tract 5004, Gloucester County, New Jersey",6213,20.57
ACSSF,NJ,1400000US34015500500,"Census Tract 5005, Gloucester County, New Jersey",,,34015500500,23275568,7880372,34,,"Census Tract 5005, Gloucester County, New Jersey",4942,5.56
ACSSF,NJ,1400000US34015500601,"Census Tract 5006.01, Gloucester County, New Jersey",,,34015500601,18668993,1069600,34,,"Census Tract 5006.01, Gloucester County, New Jersey",7734,0
ACSSF,NJ,1400000US34015500602,"Census Tract 5006.02, Gloucester County, New Jersey",,,34015500602,18739326,140330,34,,"Census Tract 5006.02, Gloucester County, New Jersey",4241,0
ACSSF,NJ,1400000US34015500702,"Census Tract 5007.02, Gloucester County, New Jersey",,,34015500702,11878785,81786,34,,"Census Tract 5007.02, Gloucester County, New Jersey",5847,5.2
ACSSF,NJ,1400000US34015500703,"Census Tract 5007.03, Gloucester County, New Jersey",,,34015500703,19717934,75369,34,,"Census Tract 5007.03, Gloucester County, New Jersey",1686,0
ACSSF,NJ,1400000US34015500704,"Census Tract 5007.04, Gloucester County, New Jersey",,,34015500704,3349030,50712,34,,"Census Tract 5007.04, Gloucester County, New Jersey",3139,0
ACSSF,NJ,1400000US34015500705,"Census Tract 5007.05, Gloucester County, New Jersey",,,34015500705,6506278,11984,34,,"Census Tract 5007.05, Gloucester County, New Jersey",4646,9.69
ACSSF,NJ,1400000US34015500800,"Census Tract 5008, Gloucester County, New Jersey",,,34015500800,2578702,40318,34,,"Census Tract 5008, Gloucester County, New Jersey",2248,0
ACSSF,NJ,1400000US34015500900,"Census Tract 5009, Gloucester County, New Jersey",,,34015500900,3227605,16250,34,,"Census Tract 5009, Gloucester County, New Jersey",3116,7.17
ACSSF,NJ,1400000US34015501001,"Census Tract 5010.01, Gloucester County, New Jersey",,,34015501001,1159181,7234,34,,"Census Tract 5010.01, Gloucester County, New Jersey",1939,14.9
ACSSF,NJ,1400000US34015501002,"Census Tract 5010.02, Gloucester County, New Jersey",,,34015501002,2121689,143912,34,,"Census Tract 5010.02, Gloucester County, New Jersey",3619,24.2
ACSSF,NJ,1400000US34015501003,"Census Tract 5010.03, Gloucester County, New Jersey",,,34015501003,1950250,63956,34,,"Census Tract 5010.03, Gloucester County, New Jersey",4434,10.19
ACSSF,NJ,1400000US34015501101,"Census Tract 5011.01, Gloucester County, New Jersey",,,34015501101,3676329,55936,34,,"Census Tract 5011.01, Gloucester County, New Jersey",3454,30.82
ACSSF,NJ,1400000US34015501102,"Census Tract 5011.02, Gloucester County, New Jersey",,,34015501102,8763853,308432,34,,"Census Tract 5011.02, Gloucester County, New Jersey",6526,7.32
ACSSF,NJ,1400000US34015501103,"Census Tract 5011.03, Gloucester County, New Jersey",,,34015501103,10411794,147502,34,,"Census Tract 5011.03, Gloucester County, New Jersey",5304,11.03
ACSSF,NJ,1400000US34015501104,"Census Tract 5011.04, Gloucester County, New Jersey",,,34015501104,2754431,13185,34,,"Census Tract 5011.04, Gloucester County, New Jersey",3699,10.52
ACSSF,NJ,1400000US34015501105,"Census Tract 5011.05, Gloucester County, New Jersey",,,34015501105,3382918,0,34,,"Census Tract 5011.05, Gloucester County, New Jersey",3108,1.94
ACSSF,NJ,1400000US34015501106,"Census Tract 5011.06, Gloucester County, New Jersey",,,34015501106,13173124,62100,34,,"Census Tract 5011.06, Gloucester County, New Jersey",4350,2.18
ACSSF,NJ,1400000US34015501107,"Census Tract 5011.07, Gloucester County, New Jersey",,,34015501107,2725458,27770,34,,"Census Tract 5011.07, Gloucester County, New Jersey",5664,33.69
ACSSF,NJ,1400000US34015501201,"Census Tract 5012.01, Gloucester County, New Jersey",,,34015501201,7218002,81524,34,,"Census Tract 5012.01, Gloucester County, New Jersey",5600,0
ACSSF,NJ,1400000US34015501202,"Census Tract 5012.02, Gloucester County, New Jersey",,,34015501202,4209976,4584,34,,"Census Tract 5012.02, Gloucester County, New Jersey",4676,4.51
ACSSF,NJ,1400000US34015501203,"Census Tract 5012.03, Gloucester County, New Jersey",,,34015501203,2997630,133630,34,,"Census Tract 5012.03, Gloucester County, New Jersey",3630,23.67
ACSSF,NJ,1400000US34015501204,"Census Tract 5012.04, Gloucester County, New Jersey",,,34015501204,3321249,44249,34,,"Census Tract 5012.04, Gloucester County, New Jersey",3803,4.81
ACSSF,NJ,1400000US34015501205,"Census Tract 5012.05, Gloucester County, New Jersey",,,34015501205,7588350,14081,34,,"Census Tract 5012.05, Gloucester County, New Jersey",3528,2.56
ACSSF,NJ,1400000US34015501206,"Census Tract 5012.06, Gloucester County, New Jersey",,,34015501206,3773279,22025,34,,"Census Tract 5012.06, Gloucester County, New Jersey",4557,2.86
ACSSF,NJ,1400000US34015501208,"Census Tract 5012.08, Gloucester County, New Jersey",,,34015501208,6906517,87611,34,,"Census Tract 5012.08, Gloucester County, New Jersey",4228,7.36
ACSSF,NJ,1400000US34015501209,"Census Tract 5012.09, Gloucester County, New Jersey",,,34015501209,8823243,1996,34,,"Census Tract 5012.09, Gloucester County, New Jersey",7200,3.42
ACSSF,NJ,1400000US34015501210,"Census Tract 5012.10, Gloucester County, New Jersey",,,34015501210,3219842,56175,34,,"Census Tract 5012.10, Gloucester County, New Jersey",3628,0
ACSSF,NJ,1400000US34015501212,"Census Tract 5012.12, Gloucester County, New Jersey",,,34015501212,2807301,72730,34,,"Census Tract 5012.12, Gloucester County, New Jersey",3712,17.31
ACSSF,NJ,1400000US34015501213,"Census Tract 5012.13, Gloucester County, New Jersey",,,34015501213,4421618,7146,34,,"Census Tract 5012.13, Gloucester County, New Jersey",4399,5.97
ACSSF,NJ,1400000US34015501301,"Census Tract 5013.01, Gloucester County, New Jersey",,,34015501301,2571817,17928,34,,"Census Tract 5013.01, Gloucester County, New Jersey",3499,5.13
ACSSF,NJ,1400000US34015501302,"Census Tract 5013.02, Gloucester County, New Jersey",,,34015501302,993751,0,34,,"Census Tract 5013.02, Gloucester County, New Jersey",2512,5.74
ACSSF,NJ,1400000US34015501303,"Census Tract 5013.03, Gloucester County, New Jersey",,,34015501303,2179804,88145,34,,"Census Tract 5013.03, Gloucester County, New Jersey",2823,2.83
ACSSF,NJ,1400000US34015501402,"Census Tract 5014.02, Gloucester County, New Jersey",,,34015501402,9924917,30135,34,,"Census Tract 5014.02, Gloucester County, New Jersey",4025,28.5
ACSSF,NJ,1400000US34015501403,"Census Tract 5014.03, Gloucester County, New Jersey",,,34015501403,5984835,14199,34,,"Census Tract 5014.03, Gloucester County, New Jersey",5222,23.16
ACSSF,NJ,1400000US34015501404,"Census Tract 5014.04, Gloucester County, New Jersey",,,34015501404,2000841,10545,34,,"Census Tract 5014.04, Gloucester County, New Jersey",4890,3.31
ACSSF,NJ,1400000US34015501405,"Census Tract 5014.05, Gloucester County, New Jersey",,,34015501405,3059813,43808,34,,"Census Tract 5014.05, Gloucester County, New Jersey",4341,0
ACSSF,NJ,1400000US34015501406,"Census Tract 5014.06, Gloucester County, New Jersey",,,34015501406,3168726,0,34,,"Census Tract 5014.06, Gloucester County, New Jersey",4897,34.07
ACSSF,NJ,1400000US34015501501,"Census Tract 5015.01, Gloucester County, New Jersey",,,34015501501,11402713,212977,34,,"Census Tract 5015.01, Gloucester County, New Jersey",3394,8.37
ACSSF,NJ,1400000US34015501502,"Census Tract 5015.02, Gloucester County, New Jersey",,,34015501502,6920748,263642,34,,"Census Tract 5015.02, Gloucester County, New Jersey",5473,3.96
ACSSF,NJ,1400000US34015501603,"Census Tract 5016.03, Gloucester County, New Jersey",,,34015501603,6669588,1701,34,,"Census Tract 5016.03, Gloucester County, New Jersey",5888,1.84
ACSSF,NJ,1400000US34015501604,"Census Tract 5016.04, Gloucester County, New Jersey",,,34015501604,9150570,1701,34,,"Census Tract 5016.04, Gloucester County, New Jersey",6962,5.84
ACSSF,NJ,1400000US34015501605,"Census Tract 5016.05, Gloucester County, New Jersey",,,34015501605,51611464,544328,34,,"Census Tract 5016.05, Gloucester County, New Jersey",4600,0
ACSSF,NJ,1400000US34015501606,"Census Tract 5016.06, Gloucester County, New Jersey",,,34015501606,24423210,701348,34,,"Census Tract 5016.06, Gloucester County, New Jersey",7318,2.8
ACSSF,NJ,1400000US34015501608,"Census Tract 5016.08, Gloucester County, New Jersey",,,34015501608,7231880,36987,34,,"Census Tract 5016.08, Gloucester County, New Jersey",6425,1.69
ACSSF,NJ,1400000US34015501609,"Census Tract 5016.09, Gloucester County, New Jersey",,,34015501609,21142853,25914,34,,"Census Tract 5016.09, Gloucester County, New Jersey",6198,3.23
ACSSF,NJ,1400000US34015501701,"Census Tract 5017.01, Gloucester County, New Jersey",,,34015501701,33519345,14451,34,,"Census Tract 5017.01, Gloucester County, New Jersey",5225,6.27
ACSSF,NJ,1400000US34015501702,"Census Tract 5017.02, Gloucester County, New Jersey",,,34015501702,51480686,434357,34,,"Census Tract 5017.02, Gloucester County, New Jersey",2941,3.74
ACSSF,NJ,1400000US34015501703,"Census Tract 5017.03, Gloucester County, New Jersey",,,34015501703,32071132,408809,34,,"Census Tract 5017.03, Gloucester County, New Jersey",4344,17.41
ACSSF,NJ,1400000US34015501704,"Census Tract 5017.04, Gloucester County, New Jersey",,,34015501704,27528718,584565,34,,"Census Tract 5017.04, Gloucester County, New Jersey",3907,5.58
ACSSF,NJ,1400000US34015501800,"Census Tract 5018, Gloucester County, New Jersey",,,34015501800,4501732,7774,34,,"Census Tract 5018, Gloucester County, New Jersey",1811,4.09
ACSSF,NJ,1400000US34015501900,"Census Tract 5019, Gloucester County, New Jersey",,,34015501900,49616336,465006,34,,"Census Tract 5019, Gloucester County, New Jersey",4426,4.17
ACSSF,NJ,1400000US34015502001,"Census Tract 5020.01, Gloucester County, New Jersey",,,34015502001,17393968,18390,34,,"Census Tract 5020.01, Gloucester County, New Jersey",6959,6.5
ACSSF,NJ,1400000US34015502002,"Census Tract 5020.02, Gloucester County, New Jersey",,,34015502002,31638961,198888,34,,"Census Tract 5020.02, Gloucester County, New Jersey",6720,0
ACSSF,NJ,1400000US34015502100,"Census Tract 5021, Gloucester County, New Jersey",,,34015502100,41168461,154238,34,,"Census Tract 5021, Gloucester County, New Jersey",3411,20.57
ACSSF,NJ,1400000US34015502201,"Census Tract 5022.01, Gloucester County, New Jersey",,,34015502201,4934732,97786,34,,"Census Tract 5022.01, Gloucester County, New Jersey",3191,15
ACSSF,NJ,1400000US34015502202,"Census Tract 5022.02, Gloucester County, New Jersey",,,34015502202,9007881,185348,34,,"Census Tract 5022.02, Gloucester County, New Jersey",3037,5.87
ACSSF,NJ,1400000US34015502203,"Census Tract 5022.03, Gloucester County, New Jersey",,,34015502203,13204688,161874,34,,"Census Tract 5022.03, Gloucester County, New Jersey",4386,7.46
ACSSF,NJ,1400000US34015502204,"Census Tract 5022.04, Gloucester County, New Jersey",,,34015502204,27430029,387513,34,,"Census Tract 5022.04, Gloucester County, New Jersey",2442,0
ACSSF,NJ,1400000US34015502300,"Census Tract 5023, Gloucester County, New Jersey",,,34015502300,1893893,91849,34,,"Census Tract 5023, Gloucester County, New Jersey",2720,7.25
ACSSF,NJ,1400000US34015502400,"Census Tract 5024, Gloucester County, New Jersey",,,34015502400,56795997,12090350,34,,"Census Tract 5024, Gloucester County, New Jersey",6023,20.32
ACSSF,NJ,1400000US34017000101,"Census Tract 1.01, Hudson County, New Jersey",,,34017000101,273551,0,34,,"Census Tract 1.01, Hudson County, New Jersey",2728,12.22
ACSSF,NJ,1400000US34017000102,"Census Tract 1.02, Hudson County, New Jersey",,,34017000102,242943,0,34,,"Census Tract 1.02, Hudson County, New Jersey",3330,20.61
ACSSF,NJ,1400000US34017000200,"Census Tract 2, Hudson County, New Jersey",,,34017000200,262048,0,34,,"Census Tract 2, Hudson County, New Jersey",4336,35.45
ACSSF,NJ,1400000US34017000300,"Census Tract 3, Hudson County, New Jersey",,,34017000300,306909,0,34,,"Census Tract 3, Hudson County, New Jersey",3975,5.56
ACSSF,NJ,1400000US34017000400,"Census Tract 4, Hudson County, New Jersey",,,34017000400,464657,0,34,,"Census Tract 4, Hudson County, New Jersey",3543,6.18
ACSSF,NJ,1400000US34017000500,"Census Tract 5, Hudson County, New Jersey",,,34017000500,221479,0,34,,"Census Tract 5, Hudson County, New Jersey",4213,20.14
ACSSF,NJ,1400000US34017000600,"Census Tract 6, Hudson County, New Jersey",,,34017000600,321471,0,34,,"Census Tract 6, Hudson County, New Jersey",5427,16.34
ACSSF,NJ,1400000US34017000700,"Census Tract 7, Hudson County, New Jersey",,,34017000700,230570,0,34,,"Census Tract 7, Hudson County, New Jersey",3634,16.18
ACSSF,NJ,1400000US34017000800,"Census Tract 8, Hudson County, New Jersey",,,34017000800,331649,0,34,,"Census Tract 8, Hudson County, New Jersey",4088,39.88
ACSSF,NJ,1400000US34017000902,"Census Tract 9.02, Hudson County, New Jersey",,,34017000902,519397,0,34,,"Census Tract 9.02, Hudson County, New Jersey",5696,11.16
ACSSF,NJ,1400000US34017001000,"Census Tract 10, Hudson County, New Jersey",,,34017001000,124238,0,34,,"Census Tract 10, Hudson County, New Jersey",1940,30.2
ACSSF,NJ,1400000US34017001100,"Census Tract 11, Hudson County, New Jersey",,,34017001100,492168,48371,34,,"Census Tract 11, Hudson County, New Jersey",4896,14.02
ACSSF,NJ,1400000US34017001201,"Census Tract 12.01, Hudson County, New Jersey",,,34017001201,139358,0,34,,"Census Tract 12.01, Hudson County, New Jersey",2026,14.33
ACSSF,NJ,1400000US34017001202,"Census Tract 12.02, Hudson County, New Jersey",,,34017001202,231662,0,34,,"Census Tract 12.02, Hudson County, New Jersey",1606,26.24
ACSSF,NJ,1400000US34017001300,"Census Tract 13, Hudson County, New Jersey",,,34017001300,333335,0,34,,"Census Tract 13, Hudson County, New Jersey",2954,3.45
ACSSF,NJ,1400000US34017001400,"Census Tract 14, Hudson County, New Jersey",,,34017001400,234502,0,34,,"Census Tract 14, Hudson County, New Jersey",3693,15.56
ACSSF,NJ,1400000US34017001701,"Census Tract 17.01, Hudson County, New Jersey",,,34017001701,770963,46831,34,,"Census Tract 17.01, Hudson County, New Jersey",5794,28.49
ACSSF,NJ,1400000US34017001800,"Census Tract 18, Hudson County, New Jersey",,,34017001800,212933,0,34,,"Census Tract 18, Hudson County, New Jersey",4154,23.57
ACSSF,NJ,1400000US34017001900,"Census Tract 19, Hudson County, New Jersey",,,34017001900,230989,0,34,,"Census Tract 19, Hudson County, New Jersey",2526,18.06
ACSSF,NJ,1400000US34017002001,"Census Tract 20.01, Hudson County, New Jersey",,,34017002001,126839,0,34,,"Census Tract 20.01, Hudson County, New Jersey",1632,44.25
ACSSF,NJ,1400000US34017002002,"Census Tract 20.02, Hudson County, New Jersey",,,34017002002,182023,0,34,,"Census Tract 20.02, Hudson County, New Jersey",2839,15.83
ACSSF,NJ,1400000US34017002200,"Census Tract 22, Hudson County, New Jersey",,,34017002200,149476,0,34,,"Census Tract 22, Hudson County, New Jersey",2032,4.14
ACSSF,NJ,1400000US34017002300,"Census Tract 23, Hudson County, New Jersey",,,34017002300,144800,0,34,,"Census Tract 23, Hudson County, New Jersey",2584,0
ACSSF,NJ,1400000US34017002400,"Census Tract 24, Hudson County, New Jersey",,,34017002400,159733,0,34,,"Census Tract 24, Hudson County, New Jersey",2901,0
ACSSF,NJ,1400000US34017002700,"Census Tract 27, Hudson County, New Jersey",,,34017002700,1091302,60214,34,,"Census Tract 27, Hudson County, New Jersey",5556,47.48
ACSSF,NJ,1400000US34017002800,"Census Tract 28, Hudson County, New Jersey",,,34017002800,295626,0,34,,"Census Tract 28, Hudson County, New Jersey",6241,24.19
ACSSF,NJ,1400000US34017002900,"Census Tract 29, Hudson County, New Jersey",,,34017002900,203303,0,34,,"Census Tract 29, Hudson County, New Jersey",3614,15.89
ACSSF,NJ,1400000US34017003000,"Census Tract 30, Hudson County, New Jersey",,,34017003000,247815,0,34,,"Census Tract 30, Hudson County, New Jersey",2856,0
ACSSF,NJ,1400000US34017003101,"Census Tract 31.01, Hudson County, New Jersey",,,34017003101,69326,0,34,,"Census Tract 31.01, Hudson County, New Jersey",2276,28.42
ACSSF,NJ,1400000US34017003102,"Census Tract 31.02, Hudson County, New Jersey",,,34017003102,191100,0,34,,"Census Tract 31.02, Hudson County, New Jersey",3562,4.67
ACSSF,NJ,1400000US34017003500,"Census Tract 35, Hudson County, New Jersey",,,34017003500,89372,0,34,,"Census Tract 35, Hudson County, New Jersey",2369,32.82
ACSSF,NJ,1400000US34017004000,"Census Tract 40, Hudson County, New Jersey",,,34017004000,1564932,183672,34,,"Census Tract 40, Hudson County, New Jersey",6137,26.2
ACSSF,NJ,1400000US34017004102,"Census Tract 41.02, Hudson County, New Jersey",,,34017004102,237585,0,34,,"Census Tract 41.02, Hudson County, New Jersey",4183,42.66
ACSSF,NJ,1400000US34017004103,"Census Tract 41.03, Hudson County, New Jersey",,,34017004103,165495,0,34,,"Census Tract 41.03, Hudson County, New Jersey",2088,7.65
ACSSF,NJ,1400000US34017004104,"Census Tract 41.04, Hudson County, New Jersey",,,34017004104,211553,0,34,,"Census Tract 41.04, Hudson County, New Jersey",3546,13.01
ACSSF,NJ,1400000US34017004200,"Census Tract 42, Hudson County, New Jersey",,,34017004200,297680,0,34,,"Census Tract 42, Hudson County, New Jersey",4786,43.79
ACSSF,NJ,1400000US34017004300,"Census Tract 43, Hudson County, New Jersey",,,34017004300,219063,0,34,,"Census Tract 43, Hudson County, New Jersey",3193,60.47
ACSSF,NJ,1400000US34017004400,"Census Tract 44, Hudson County, New Jersey",,,34017004400,161415,0,34,,"Census Tract 44, Hudson County, New Jersey",2691,18.45
ACSSF,NJ,1400000US34017004500,"Census Tract 45, Hudson County, New Jersey",,,34017004500,389229,0,34,,"Census Tract 45, Hudson County, New Jersey",5725,24.13
ACSSF,NJ,1400000US34017004600,"Census Tract 46, Hudson County, New Jersey",,,34017004600,459149,0,34,,"Census Tract 46, Hudson County, New Jersey",2700,22.38
ACSSF,NJ,1400000US34017004700,"Census Tract 47, Hudson County, New Jersey",,,34017004700,878536,0,34,,"Census Tract 47, Hudson County, New Jersey",3213,21.9
ACSSF,NJ,1400000US34017004800,"Census Tract 48, Hudson County, New Jersey",,,34017004800,1024634,350385,34,,"Census Tract 48, Hudson County, New Jersey",5035,21.57
ACSSF,NJ,1400000US34017004900,"Census Tract 49, Hudson County, New Jersey",,,34017004900,369559,0,34,,"Census Tract 49, Hudson County, New Jersey",4807,63.82
ACSSF,NJ,1400000US34017005200,"Census Tract 52, Hudson County, New Jersey",,,34017005200,376346,0,34,,"Census Tract 52, Hudson County, New Jersey",4585,52.14
ACSSF,NJ,1400000US34017005300,"Census Tract 53, Hudson County, New Jersey",,,34017005300,385158,0,34,,"Census Tract 53, Hudson County, New Jersey",3910,26.1
ACSSF,NJ,1400000US34017005400,"Census Tract 54, Hudson County, New Jersey",,,34017005400,1388640,1381143,34,,"Census Tract 54, Hudson County, New Jersey",7597,3.54
ACSSF,NJ,1400000US34017005500,"Census Tract 55, Hudson County, New Jersey",,,34017005500,216661,0,34,,"Census Tract 55, Hudson County, New Jersey",4155,37.46
ACSSF,NJ,1400000US34017005600,"Census Tract 56, Hudson County, New Jersey",,,34017005600,230611,0,34,,"Census Tract 56, Hudson County, New Jersey",4500,32.17
ACSSF,NJ,1400000US34017005801,"Census Tract 58.01, Hudson County, New Jersey",,,34017005801,448252,0,34,,"Census Tract 58.01, Hudson County, New Jersey",6358,40.66
ACSSF,NJ,1400000US34017005802,"Census Tract 58.02, Hudson County, New Jersey",,,34017005802,4807205,7932243,34,,"Census Tract 58.02, Hudson County, New Jersey",1745,1.06
ACSSF,NJ,1400000US34017005901,"Census Tract 59.01, Hudson County, New Jersey",,,34017005901,269660,0,34,,"Census Tract 59.01, Hudson County, New Jersey",3330,25.28
ACSSF,NJ,1400000US34017005902,"Census Tract 59.02, Hudson County, New Jersey",,,34017005902,353601,0,34,,"Census Tract 59.02, Hudson County, New Jersey",4793,5.2
ACSSF,NJ,1400000US34017006000,"Census Tract 60, Hudson County, New Jersey",,,34017006000,379055,0,34,,"Census Tract 60, Hudson County, New Jersey",4668,43.02
ACSSF,NJ,1400000US34017006101,"Census Tract 61.01, Hudson County, New Jersey",,,34017006101,377377,0,34,,"Census Tract 61.01, Hudson County, New Jersey",4086,27.03
ACSSF,NJ,1400000US34017006102,"Census Tract 61.02, Hudson County, New Jersey",,,34017006102,398133,0,34,,"Census Tract 61.02, Hudson County, New Jersey",2969,17.08
ACSSF,NJ,1400000US34017006200,"Census Tract 62, Hudson County, New Jersey",,,34017006200,269137,0,34,,"Census Tract 62, Hudson County, New Jersey",4347,41.86
ACSSF,NJ,1400000US34017006300,"Census Tract 63, Hudson County, New Jersey",,,34017006300,677034,0,34,,"Census Tract 63, Hudson County, New Jersey",4044,16.58
ACSSF,NJ,1400000US34017006400,"Census Tract 64, Hudson County, New Jersey",,,34017006400,218104,0,34,,"Census Tract 64, Hudson County, New Jersey",3279,6.3
ACSSF,NJ,1400000US34017006500,"Census Tract 65, Hudson County, New Jersey",,,34017006500,373121,0,34,,"Census Tract 65, Hudson County, New Jersey",2237,42.79
ACSSF,NJ,1400000US34017006600,"Census Tract 66, Hudson County, New Jersey",,,34017006600,346099,0,34,,"Census Tract 66, Hudson County, New Jersey",1262,7.89
ACSSF,NJ,1400000US34017006700,"Census Tract 67, Hudson County, New Jersey",,,34017006700,737484,0,34,,"Census Tract 67, Hudson County, New Jersey",3746,33.54
ACSSF,NJ,1400000US34017006800,"Census Tract 68, Hudson County, New Jersey",,,34017006800,348015,0,34,,"Census Tract 68, Hudson County, New Jersey",4155,12.42
ACSSF,NJ,1400000US34017006900,"Census Tract 69, Hudson County, New Jersey",,,34017006900,3574318,280192,34,,"Census Tract 69, Hudson County, New Jersey",60,100
ACSSF,NJ,1400000US34017007001,"Census Tract 70.01, Hudson County, New Jersey",,,34017007001,121779,0,34,,"Census Tract 70.01, Hudson County, New Jersey",2617,11.36
ACSSF,NJ,1400000US34017007002,"Census Tract 70.02, Hudson County, New Jersey",,,34017007002,130148,0,34,,"Census Tract 70.02, Hudson County, New Jersey",2545,0
ACSSF,NJ,1400000US34017007100,"Census Tract 71, Hudson County, New Jersey",,,34017007100,340043,0,34,,"Census Tract 71, Hudson County, New Jersey",2872,0
ACSSF,NJ,1400000US34017007200,"Census Tract 72, Hudson County, New Jersey",,,34017007200,298390,0,34,,"Census Tract 72, Hudson County, New Jersey",3286,0
ACSSF,NJ,1400000US34017007300,"Census Tract 73, Hudson County, New Jersey",,,34017007300,599604,174540,34,,"Census Tract 73, Hudson County, New Jersey",4682,0
ACSSF,NJ,1400000US34017007400,"Census Tract 74, Hudson County, New Jersey",,,34017007400,251648,580863,34,,"Census Tract 74, Hudson County, New Jersey",6214,0
ACSSF,NJ,1400000US34017007500,"Census Tract 75, Hudson County, New Jersey",,,34017007500,302077,0,34,,"Census Tract 75, Hudson County, New Jersey",7455,0
ACSSF,NJ,1400000US34017007601,"Census Tract 76.01, Hudson County, New Jersey",,,34017007601,270665,0,34,,"Census Tract 76.01, Hudson County, New Jersey",8401,0
ACSSF,NJ,1400000US34017007602,"Census Tract 76.02, Hudson County, New Jersey",,,34017007602,282726,662926,34,,"Census Tract 76.02, Hudson County, New Jersey",4446,0
ACSSF,NJ,1400000US34017007701,"Census Tract 77.01, Hudson County, New Jersey",,,34017007701,418916,376372,34,,"Census Tract 77.01, Hudson County, New Jersey",5023,0
ACSSF,NJ,1400000US34017007702,"Census Tract 77.02, Hudson County, New Jersey",,,34017007702,195497,0,34,,"Census Tract 77.02, Hudson County, New Jersey",795,0
ACSSF,NJ,1400000US34017007703,"Census Tract 77.03, Hudson County, New Jersey",,,34017007703,388904,315460,34,,"Census Tract 77.03, Hudson County, New Jersey",4382,0
ACSSF,NJ,1400000US34017007800,"Census Tract 78, Hudson County, New Jersey",,,34017007800,561162,0,34,,"Census Tract 78, Hudson County, New Jersey",4022,10.09
ACSSF,NJ,1400000US34017010100,"Census Tract 101, Hudson County, New Jersey",,,34017010100,1062391,1067204,34,,"Census Tract 101, Hudson County, New Jersey",6688,15.21
ACSSF,NJ,1400000US34017010200,"Census Tract 102, Hudson County, New Jersey",,,34017010200,298774,0,34,,"Census Tract 102, Hudson County, New Jersey",3308,21.26
ACSSF,NJ,1400000US34017010300,"Census Tract 103, Hudson County, New Jersey",,,34017010300,969841,802310,34,,"Census Tract 103, Hudson County, New Jersey",3014,18.06
ACSSF,NJ,1400000US34017010400,"Census Tract 104, Hudson County, New Jersey",,,34017010400,2235178,1547014,34,,"Census Tract 104, Hudson County, New Jersey",5089,14.53
ACSSF,NJ,1400000US34017010500,"Census Tract 105, Hudson County, New Jersey",,,34017010500,981966,1371912,34,,"Census Tract 105, Hudson County, New Jersey",5310,0
ACSSF,NJ,1400000US34017010601,"Census Tract 106.01, Hudson County, New Jersey",,,34017010601,319325,1081723,34,,"Census Tract 106.01, Hudson County, New Jersey",2847,0
ACSSF,NJ,1400000US34017010602,"Census Tract 106.02, Hudson County, New Jersey",,,34017010602,359488,0,34,,"Census Tract 106.02, Hudson County, New Jersey",4659,11.79
ACSSF,NJ,1400000US34017010701,"Census Tract 107.01, Hudson County, New Jersey",,,34017010701,245924,0,34,,"Census Tract 107.01, Hudson County, New Jersey",2425,38.6
ACSSF,NJ,1400000US34017010702,"Census Tract 107.02, Hudson County, New Jersey",,,34017010702,138244,0,34,,"Census Tract 107.02, Hudson County, New Jersey",1563,27.02
ACSSF,NJ,1400000US34017010800,"Census Tract 108, Hudson County, New Jersey",,,34017010800,4524851,4105846,34,,"Census Tract 108, Hudson County, New Jersey",3725,18.48
ACSSF,NJ,1400000US34017010900,"Census Tract 109, Hudson County, New Jersey",,,34017010900,284012,0,34,,"Census Tract 109, Hudson County, New Jersey",2613,40.62
ACSSF,NJ,1400000US34017011000,"Census Tract 110, Hudson County, New Jersey",,,34017011000,202587,0,34,,"Census Tract 110, Hudson County, New Jersey",3072,20.93
ACSSF,NJ,1400000US34017011100,"Census Tract 111, Hudson County, New Jersey",,,34017011100,287713,313189,34,,"Census Tract 111, Hudson County, New Jersey",4287,20.95
ACSSF,NJ,1400000US34017011200,"Census Tract 112, Hudson County, New Jersey",,,34017011200,847223,1758892,34,,"Census Tract 112, Hudson County, New Jersey",6565,41.91
ACSSF,NJ,1400000US34017011300,"Census Tract 113, Hudson County, New Jersey",,,34017011300,285818,0,34,,"Census Tract 113, Hudson County, New Jersey",3708,32.56
ACSSF,NJ,1400000US34017011400,"Census Tract 114, Hudson County, New Jersey",,,34017011400,611566,108934,34,,"Census Tract 114, Hudson County, New Jersey",3830,6
ACSSF,NJ,1400000US34017011500,"Census Tract 115, Hudson County, New Jersey",,,34017011500,958128,1515570,34,,"Census Tract 115, Hudson County, New Jersey",2949,21.69
ACSSF,NJ,1400000US34017011600,"Census Tract 116, Hudson County, New Jersey",,,34017011600,464554,305530,34,,"Census Tract 116, Hudson County, New Jersey",4816,28.45
ACSSF,NJ,1400000US34017012300,"Census Tract 123, Hudson County, New Jersey",,,34017012300,243496,0,34,,"Census Tract 123, Hudson County, New Jersey",2145,4.98
ACSSF,NJ,1400000US34017012400,"Census Tract 124, Hudson County, New Jersey",,,34017012400,736543,41892,34,,"Census Tract 124, Hudson County, New Jersey",3142,3.58
ACSSF,NJ,1400000US34017012500,"Census Tract 125, Hudson County, New Jersey",,,34017012500,879969,115089,34,,"Census Tract 125, Hudson County, New Jersey",3571,2.33
ACSSF,NJ,1400000US34017012600,"Census Tract 126, Hudson County, New Jersey",,,34017012600,446913,0,34,,"Census Tract 126, Hudson County, New Jersey",3647,22.49
ACSSF,NJ,1400000US34017012700,"Census Tract 127, Hudson County, New Jersey",,,34017012700,17406755,3435639,34,,"Census Tract 127, Hudson County, New Jersey",6187,27.02
ACSSF,NJ,1400000US34017012800,"Census Tract 128, Hudson County, New Jersey",,,34017012800,1303715,4266,34,,"Census Tract 128, Hudson County, New Jersey",4785,34.04
ACSSF,NJ,1400000US34017012900,"Census Tract 129, Hudson County, New Jersey",,,34017012900,342422,0,34,,"Census Tract 129, Hudson County, New Jersey",3765,12.18
ACSSF,NJ,1400000US34017013000,"Census Tract 130, Hudson County, New Jersey",,,34017013000,284803,0,34,,"Census Tract 130, Hudson County, New Jersey",3499,27.2
ACSSF,NJ,1400000US34017013100,"Census Tract 131, Hudson County, New Jersey",,,34017013100,231152,20889,34,,"Census Tract 131, Hudson County, New Jersey",2291,7
ACSSF,NJ,1400000US34017013200,"Census Tract 132, Hudson County, New Jersey",,,34017013200,298621,0,34,,"Census Tract 132, Hudson County, New Jersey",4096,30.02
ACSSF,NJ,1400000US34017013300,"Census Tract 133, Hudson County, New Jersey",,,34017013300,732414,83240,34,,"Census Tract 133, Hudson County, New Jersey",3442,21.78
ACSSF,NJ,1400000US34017013400,"Census Tract 134, Hudson County, New Jersey",,,34017013400,265535,56602,34,,"Census Tract 134, Hudson County, New Jersey",2529,30.13
ACSSF,NJ,1400000US34017013500,"Census Tract 135, Hudson County, New Jersey",,,34017013500,546653,9247,34,,"Census Tract 135, Hudson County, New Jersey",5203,18.27
ACSSF,NJ,1400000US34017013600,"Census Tract 136, Hudson County, New Jersey",,,34017013600,130750,0,34,,"Census Tract 136, Hudson County, New Jersey",2070,18.06
ACSSF,NJ,1400000US34017013700,"Census Tract 137, Hudson County, New Jersey",,,34017013700,202694,16289,34,,"Census Tract 137, Hudson County, New Jersey",2777,29.54
ACSSF,NJ,1400000US34017013800,"Census Tract 138, Hudson County, New Jersey",,,34017013800,760250,128825,34,,"Census Tract 138, Hudson County, New Jersey",4891,0
ACSSF,NJ,1400000US34017013900,"Census Tract 139, Hudson County, New Jersey",,,34017013900,1496541,147074,34,,"Census Tract 139, Hudson County, New Jersey",4658,20.39
ACSSF,NJ,1400000US34017014000,"Census Tract 140, Hudson County, New Jersey",,,34017014000,361813,0,34,,"Census Tract 140, Hudson County, New Jersey",4821,0
ACSSF,NJ,1400000US34017014101,"Census Tract 141.01, Hudson County, New Jersey",,,34017014101,533995,715267,34,,"Census Tract 141.01, Hudson County, New Jersey",4475,8.73
ACSSF,NJ,1400000US34017014102,"Census Tract 141.02, Hudson County, New Jersey",,,34017014102,929035,65555,34,,"Census Tract 141.02, Hudson County, New Jersey",4450,0
ACSSF,NJ,1400000US34017014200,"Census Tract 142, Hudson County, New Jersey",,,34017014200,329769,0,34,,"Census Tract 142, Hudson County, New Jersey",6343,0
ACSSF,NJ,1400000US34017014300,"Census Tract 143, Hudson County, New Jersey",,,34017014300,410783,0,34,,"Census Tract 143, Hudson County, New Jersey",5459,3.71
ACSSF,NJ,1400000US34017014401,"Census Tract 144.01, Hudson County, New Jersey",,,34017014401,382739,0,34,,"Census Tract 144.01, Hudson County, New Jersey",4259,0
ACSSF,NJ,1400000US34017014402,"Census Tract 144.02, Hudson County, New Jersey",,,34017014402,383323,0,34,,"Census Tract 144.02, Hudson County, New Jersey",3804,9.02
ACSSF,NJ,1400000US34017014501,"Census Tract 145.01, Hudson County, New Jersey",,,34017014501,462258,0,34,,"Census Tract 145.01, Hudson County, New Jersey",4995,39.37
ACSSF,NJ,1400000US34017014502,"Census Tract 145.02, Hudson County, New Jersey",,,34017014502,319878,0,34,,"Census Tract 145.02, Hudson County, New Jersey",3841,29.38
ACSSF,NJ,1400000US34017014600,"Census Tract 146, Hudson County, New Jersey",,,34017014600,5210137,338849,34,,"Census Tract 146, Hudson County, New Jersey",4262,16.48
ACSSF,NJ,1400000US34017014700,"Census Tract 147, Hudson County, New Jersey",,,34017014700,598421,0,34,,"Census Tract 147, Hudson County, New Jersey",5444,10.76
ACSSF,NJ,1400000US34017014801,"Census Tract 148.01, Hudson County, New Jersey",,,34017014801,989095,0,34,,"Census Tract 148.01, Hudson County, New Jersey",4931,31.03
ACSSF,NJ,1400000US34017014802,"Census Tract 148.02, Hudson County, New Jersey",,,34017014802,2175387,5972,34,,"Census Tract 148.02, Hudson County, New Jersey",1267,36.36
ACSSF,NJ,1400000US34017014900,"Census Tract 149, Hudson County, New Jersey",,,34017014900,203394,0,34,,"Census Tract 149, Hudson County, New Jersey",2851,48.97
ACSSF,NJ,1400000US34017015001,"Census Tract 150.01, Hudson County, New Jersey",,,34017015001,65847,122590,34,,"Census Tract 150.01, Hudson County, New Jersey",2180,0
ACSSF,NJ,1400000US34017015003,"Census Tract 150.03, Hudson County, New Jersey",,,34017015003,113485,0,34,,"Census Tract 150.03, Hudson County, New Jersey",2418,6.95
ACSSF,NJ,1400000US34017015004,"Census Tract 150.04, Hudson County, New Jersey",,,34017015004,151175,0,34,,"Census Tract 150.04, Hudson County, New Jersey",4016,16.8
ACSSF,NJ,1400000US34017015100,"Census Tract 151, Hudson County, New Jersey",,,34017015100,169399,0,34,,"Census Tract 151, Hudson County, New Jersey",3024,26.38
ACSSF,NJ,1400000US34017015201,"Census Tract 152.01, Hudson County, New Jersey",,,34017015201,281606,397149,34,,"Census Tract 152.01, Hudson County, New Jersey",3069,0
ACSSF,NJ,1400000US34017015202,"Census Tract 152.02, Hudson County, New Jersey",,,34017015202,256773,0,34,,"Census Tract 152.02, Hudson County, New Jersey",5809,21.26
ACSSF,NJ,1400000US34017015300,"Census Tract 153, Hudson County, New Jersey",,,34017015300,148313,0,34,,"Census Tract 153, Hudson County, New Jersey",4863,49.22
ACSSF,NJ,1400000US34017015500,"Census Tract 155, Hudson County, New Jersey",,,34017015500,302309,0,34,,"Census Tract 155, Hudson County, New Jersey",4624,51.43
ACSSF,NJ,1400000US34017015600,"Census Tract 156, Hudson County, New Jersey",,,34017015600,128020,0,34,,"Census Tract 156, Hudson County, New Jersey",4363,41.05
ACSSF,NJ,1400000US34017015700,"Census Tract 157, Hudson County, New Jersey",,,34017015700,161711,0,34,,"Census Tract 157, Hudson County, New Jersey",3674,15.05
ACSSF,NJ,1400000US34017015801,"Census Tract 158.01, Hudson County, New Jersey",,,34017015801,300210,451521,34,,"Census Tract 158.01, Hudson County, New Jersey",3378,25.1
ACSSF,NJ,1400000US34017015802,"Census Tract 158.02, Hudson County, New Jersey",,,34017015802,237656,0,34,,"Census Tract 158.02, Hudson County, New Jersey",5166,35.86
ACSSF,NJ,1400000US34017015900,"Census Tract 159, Hudson County, New Jersey",,,34017015900,197552,0,34,,"Census Tract 159, Hudson County, New Jersey",6282,26.38
ACSSF,NJ,1400000US34017016000,"Census Tract 160, Hudson County, New Jersey",,,34017016000,221854,0,34,,"Census Tract 160, Hudson County, New Jersey",3728,3.52
ACSSF,NJ,1400000US34017016100,"Census Tract 161, Hudson County, New Jersey",,,34017016100,122352,0,34,,"Census Tract 161, Hudson County, New Jersey",3970,15.55
ACSSF,NJ,1400000US34017016200,"Census Tract 162, Hudson County, New Jersey",,,34017016200,228418,0,34,,"Census Tract 162, Hudson County, New Jersey",4240,24.35
ACSSF,NJ,1400000US34017016300,"Census Tract 163, Hudson County, New Jersey",,,34017016300,165973,0,34,,"Census Tract 163, Hudson County, New Jersey",4295,23.07
ACSSF,NJ,1400000US34017016400,"Census Tract 164, Hudson County, New Jersey",,,34017016400,195361,0,34,,"Census Tract 164, Hudson County, New Jersey",3616,58.83
ACSSF,NJ,1400000US34017016500,"Census Tract 165, Hudson County, New Jersey",,,34017016500,204736,0,34,,"Census Tract 165, Hudson County, New Jersey",4585,15.23
ACSSF,NJ,1400000US34017016600,"Census Tract 166, Hudson County, New Jersey",,,34017016600,228071,0,34,,"Census Tract 166, Hudson County, New Jersey",3207,5.2
ACSSF,NJ,1400000US34017016700,"Census Tract 167, Hudson County, New Jersey",,,34017016700,145111,0,34,,"Census Tract 167, Hudson County, New Jersey",1706,14.8
ACSSF,NJ,1400000US34017016800,"Census Tract 168, Hudson County, New Jersey",,,34017016800,164709,0,34,,"Census Tract 168, Hudson County, New Jersey",3807,64.59
ACSSF,NJ,1400000US34017016900,"Census Tract 169, Hudson County, New Jersey",,,34017016900,144606,0,34,,"Census Tract 169, Hudson County, New Jersey",3195,45.92
ACSSF,NJ,1400000US34017017000,"Census Tract 170, Hudson County, New Jersey",,,34017017000,205798,0,34,,"Census Tract 170, Hudson County, New Jersey",5276,49.66
ACSSF,NJ,1400000US34017017100,"Census Tract 171, Hudson County, New Jersey",,,34017017100,339707,0,34,,"Census Tract 171, Hudson County, New Jersey",4683,28.52
ACSSF,NJ,1400000US34017017200,"Census Tract 172, Hudson County, New Jersey",,,34017017200,125563,0,34,,"Census Tract 172, Hudson County, New Jersey",3146,32.63
ACSSF,NJ,1400000US34017017300,"Census Tract 173, Hudson County, New Jersey",,,34017017300,147811,0,34,,"Census Tract 173, Hudson County, New Jersey",2380,41.31
ACSSF,NJ,1400000US34017017400,"Census Tract 174, Hudson County, New Jersey",,,34017017400,115742,0,34,,"Census Tract 174, Hudson County, New Jersey",2212,27.8
ACSSF,NJ,1400000US34017017500,"Census Tract 175, Hudson County, New Jersey",,,34017017500,117987,0,34,,"Census Tract 175, Hudson County, New Jersey",4628,29.96
ACSSF,NJ,1400000US34017017600,"Census Tract 176, Hudson County, New Jersey",,,34017017600,130226,0,34,,"Census Tract 176, Hudson County, New Jersey",3176,21.13
ACSSF,NJ,1400000US34017017700,"Census Tract 177, Hudson County, New Jersey",,,34017017700,131328,0,34,,"Census Tract 177, Hudson County, New Jersey",1713,30.9
ACSSF,NJ,1400000US34017017800,"Census Tract 178, Hudson County, New Jersey",,,34017017800,419840,0,34,,"Census Tract 178, Hudson County, New Jersey",6540,3.01
ACSSF,NJ,1400000US34017017900,"Census Tract 179, Hudson County, New Jersey",,,34017017900,1102849,1655608,34,,"Census Tract 179, Hudson County, New Jersey",5123,0
ACSSF,NJ,1400000US34017018000,"Census Tract 180, Hudson County, New Jersey",,,34017018000,218045,0,34,,"Census Tract 180, Hudson County, New Jersey",4116,20.67
ACSSF,NJ,1400000US34017018100,"Census Tract 181, Hudson County, New Jersey",,,34017018100,278104,0,34,,"Census Tract 181, Hudson County, New Jersey",2757,0
ACSSF,NJ,1400000US34017018200,"Census Tract 182, Hudson County, New Jersey",,,34017018200,430953,46534,34,,"Census Tract 182, Hudson County, New Jersey",4950,8.05
ACSSF,NJ,1400000US34017018301,"Census Tract 183.01, Hudson County, New Jersey",,,34017018301,315005,1240934,34,,"Census Tract 183.01, Hudson County, New Jersey",2551,0
ACSSF,NJ,1400000US34017018302,"Census Tract 183.02, Hudson County, New Jersey",,,34017018302,177208,624348,34,,"Census Tract 183.02, Hudson County, New Jersey",5903,0
ACSSF,NJ,1400000US34017018401,"Census Tract 184.01, Hudson County, New Jersey",,,34017018401,138679,0,34,,"Census Tract 184.01, Hudson County, New Jersey",3098,0
ACSSF,NJ,1400000US34017018402,"Census Tract 184.02, Hudson County, New Jersey",,,34017018402,426090,0,34,,"Census Tract 184.02, Hudson County, New Jersey",3226,0
ACSSF,NJ,1400000US34017018501,"Census Tract 185.01, Hudson County, New Jersey",,,34017018501,266830,0,34,,"Census Tract 185.01, Hudson County, New Jersey",5441,0
ACSSF,NJ,1400000US34017018502,"Census Tract 185.02, Hudson County, New Jersey",,,34017018502,93253,0,34,,"Census Tract 185.02, Hudson County, New Jersey",1934,0
ACSSF,NJ,1400000US34017018600,"Census Tract 186, Hudson County, New Jersey",,,34017018600,94501,0,34,,"Census Tract 186, Hudson County, New Jersey",2509,1.39
ACSSF,NJ,1400000US34017018701,"Census Tract 187.01, Hudson County, New Jersey",,,34017018701,292793,0,34,,"Census Tract 187.01, Hudson County, New Jersey",3162,0
ACSSF,NJ,1400000US34017018702,"Census Tract 187.02, Hudson County, New Jersey",,,34017018702,164436,0,34,,"Census Tract 187.02, Hudson County, New Jersey",4294,21.6
ACSSF,NJ,1400000US34017018800,"Census Tract 188, Hudson County, New Jersey",,,34017018800,166365,0,34,,"Census Tract 188, Hudson County, New Jersey",3163,0
ACSSF,NJ,1400000US34017018900,"Census Tract 189, Hudson County, New Jersey",,,34017018900,196889,0,34,,"Census Tract 189, Hudson County, New Jersey",4391,4.08
ACSSF,NJ,1400000US34017019000,"Census Tract 190, Hudson County, New Jersey",,,34017019000,221599,0,34,,"Census Tract 190, Hudson County, New Jersey",4963,31.25
ACSSF,NJ,1400000US34017019100,"Census Tract 191, Hudson County, New Jersey",,,34017019100,152522,0,34,,"Census Tract 191, Hudson County, New Jersey",3706,0
ACSSF,NJ,1400000US34017019200,"Census Tract 192, Hudson County, New Jersey",,,34017019200,274685,0,34,,"Census Tract 192, Hudson County, New Jersey",4545,1.77
ACSSF,NJ,1400000US34017019300,"Census Tract 193, Hudson County, New Jersey",,,34017019300,148765,0,34,,"Census Tract 193, Hudson County, New Jersey",2672,19.64
ACSSF,NJ,1400000US34017019400,"Census Tract 194, Hudson County, New Jersey",,,34017019400,108410,0,34,,"Census Tract 194, Hudson County, New Jersey",2782,13.97
ACSSF,NJ,1400000US34017019800,"Census Tract 198, Hudson County, New Jersey",,,34017019800,4302489,473716,34,,"Census Tract 198, Hudson County, New Jersey",7320,7.66
ACSSF,NJ,1400000US34017019900,"Census Tract 199, Hudson County, New Jersey",,,34017019900,5337524,501378,34,,"Census Tract 199, Hudson County, New Jersey",5194,2.59
ACSSF,NJ,1400000US34017020000,"Census Tract 200, Hudson County, New Jersey",,,34017020000,1315392,0,34,,"Census Tract 200, Hudson County, New Jersey",5247,3.76
ACSSF,NJ,1400000US34017020100,"Census Tract 201, Hudson County, New Jersey",,,34017020100,4134965,881947,34,,"Census Tract 201, Hudson County, New Jersey",3676,0
ACSSF,NJ,1400000US34017032400,"Census Tract 324, Hudson County, New Jersey",,,34017032400,339144,0,34,,"Census Tract 324, Hudson County, New Jersey",6727,60.49
ACSSF,NJ,1400000US34017980100,"Census Tract 9801, Hudson County, New Jersey",,,34017980100,2987306,3884735,34,,"Census Tract 9801, Hudson County, New Jersey",0,
ACSSF,NJ,1400000US34019010100,"Census Tract 101, Hunterdon County, New Jersey",,,34019010100,81961275,337665,34,,"Census Tract 101, Hunterdon County, New Jersey",5883,0
ACSSF,NJ,1400000US34019010201,"Census Tract 102.01, Hunterdon County, New Jersey",,,34019010201,45174599,354601,34,,"Census Tract 102.01, Hunterdon County, New Jersey",2972,14.5
ACSSF,NJ,1400000US34019010202,"Census Tract 102.02, Hunterdon County, New Jersey",,,34019010202,38709857,349342,34,,"Census Tract 102.02, Hunterdon County, New Jersey",4306,7.66
ACSSF,NJ,1400000US34019010300,"Census Tract 103, Hunterdon County, New Jersey",,,34019010300,7906403,31702,34,,"Census Tract 103, Hunterdon County, New Jersey",2829,11.49
ACSSF,NJ,1400000US34019010400,"Census Tract 104, Hunterdon County, New Jersey",,,34019010400,55982620,378654,34,,"Census Tract 104, Hunterdon County, New Jersey",4558,6.24
ACSSF,NJ,1400000US34019010500,"Census Tract 105, Hunterdon County, New Jersey",,,34019010500,60784406,1296856,34,,"Census Tract 105, Hunterdon County, New Jersey",5184,1.12
ACSSF,NJ,1400000US34019010600,"Census Tract 106, Hunterdon County, New Jersey",,,34019010600,74373707,792438,34,,"Census Tract 106, Hunterdon County, New Jersey",6121,1.86
ACSSF,NJ,1400000US34019010701,"Census Tract 107.01, Hunterdon County, New Jersey",,,34019010701,48601961,4825363,34,,"Census Tract 107.01, Hunterdon County, New Jersey",6402,1.66
ACSSF,NJ,1400000US34019010702,"Census Tract 107.02, Hunterdon County, New Jersey",,,34019010702,59660440,363339,34,,"Census Tract 107.02, Hunterdon County, New Jersey",3270,0
ACSSF,NJ,1400000US34019010801,"Census Tract 108.01, Hunterdon County, New Jersey",,,34019010801,3487392,237102,34,,"Census Tract 108.01, Hunterdon County, New Jersey",2784,3.89
ACSSF,NJ,1400000US34019010802,"Census Tract 108.02, Hunterdon County, New Jersey",,,34019010802,2336246,821,34,,"Census Tract 108.02, Hunterdon County, New Jersey",1664,0.84
ACSSF,NJ,1400000US34019010900,"Census Tract 109, Hunterdon County, New Jersey",,,34019010900,6193210,102515,34,,"Census Tract 109, Hunterdon County, New Jersey",3584,1.38
ACSSF,NJ,1400000US34019011001,"Census Tract 110.01, Hunterdon County, New Jersey",,,34019011001,31514771,965764,34,,"Census Tract 110.01, Hunterdon County, New Jersey",6845,0
ACSSF,NJ,1400000US34019011003,"Census Tract 110.03, Hunterdon County, New Jersey",,,34019011003,14145584,240479,34,,"Census Tract 110.03, Hunterdon County, New Jersey",4838,3.19
ACSSF,NJ,1400000US34019011004,"Census Tract 110.04, Hunterdon County, New Jersey",,,34019011004,31699070,9155410,34,,"Census Tract 110.04, Hunterdon County, New Jersey",1664,0
ACSSF,NJ,1400000US34019011100,"Census Tract 111, Hunterdon County, New Jersey",,,34019011100,36429271,374628,34,,"Census Tract 111, Hunterdon County, New Jersey",5764,1.25
ACSSF,NJ,1400000US34019011202,"Census Tract 112.02, Hunterdon County, New Jersey",,,34019011202,28293349,146570,34,,"Census Tract 112.02, Hunterdon County, New Jersey",3517,1.02
ACSSF,NJ,1400000US34019011203,"Census Tract 112.03, Hunterdon County, New Jersey",,,34019011203,33863978,28307,34,,"Census Tract 112.03, Hunterdon County, New Jersey",4500,0.99
ACSSF,NJ,1400000US34019011204,"Census Tract 112.04, Hunterdon County, New Jersey",,,34019011204,24588293,152205,34,,"Census Tract 112.04, Hunterdon County, New Jersey",2432,2.26
ACSSF,NJ,1400000US34019011301,"Census Tract 113.01, Hunterdon County, New Jersey",,,34019011301,43570522,309585,34,,"Census Tract 113.01, Hunterdon County, New Jersey",7658,0
ACSSF,NJ,1400000US34019011303,"Census Tract 113.03, Hunterdon County, New Jersey",,,34019011303,6700177,31224,34,,"Census Tract 113.03, Hunterdon County, New Jersey",4985,7.26
ACSSF,NJ,1400000US34019011304,"Census Tract 113.04, Hunterdon County, New Jersey",,,34019011304,10934102,28223,34,,"Census Tract 113.04, Hunterdon County, New Jersey",3260,0
ACSSF,NJ,1400000US34019011305,"Census Tract 113.05, Hunterdon County, New Jersey",,,34019011305,12375276,52540,34,,"Census Tract 113.05, Hunterdon County, New Jersey",3404,2.65
ACSSF,NJ,1400000US34019011306,"Census Tract 113.06, Hunterdon County, New Jersey",,,34019011306,23497405,23340,34,,"Census Tract 113.06, Hunterdon County, New Jersey",4650,1.87
ACSSF,NJ,1400000US34019011400,"Census Tract 114, Hunterdon County, New Jersey",,,34019011400,2790694,0,34,,"Census Tract 114, Hunterdon County, New Jersey",4887,15.28
ACSSF,NJ,1400000US34019011500,"Census Tract 115, Hunterdon County, New Jersey",,,34019011500,93587222,1836167,34,,"Census Tract 115, Hunterdon County, New Jersey",5430,5.71
ACSSF,NJ,1400000US34019011600,"Census Tract 116, Hunterdon County, New Jersey",,,34019011600,96352349,1207935,34,,"Census Tract 116, Hunterdon County, New Jersey",4984,1.18
ACSSF,NJ,1400000US34019011700,"Census Tract 117, Hunterdon County, New Jersey",,,34019011700,73697968,265484,34,,"Census Tract 117, Hunterdon County, New Jersey",3922,2.38
ACSSF,NJ,1400000US34019011800,"Census Tract 118, Hunterdon County, New Jersey",,,34019011800,56065862,509351,34,,"Census Tract 118, Hunterdon County, New Jersey",3010,2.9
ACSSF,NJ,1400000US34019011900,"Census Tract 119, Hunterdon County, New Jersey",,,34019011900,2808275,363988,34,,"Census Tract 119, Hunterdon County, New Jersey",4141,0
ACSSF,NJ,1400000US34021000100,"Census Tract 1, Mercer County, New Jersey",,,34021000100,1224267,265708,34,,"Census Tract 1, Mercer County, New Jersey",3157,23.37
ACSSF,NJ,1400000US34021000200,"Census Tract 2, Mercer County, New Jersey",,,34021000200,500237,0,34,,"Census Tract 2, Mercer County, New Jersey",3627,34.25
ACSSF,NJ,1400000US34021000300,"Census Tract 3, Mercer County, New Jersey",,,34021000300,647607,0,34,,"Census Tract 3, Mercer County, New Jersey",5059,11.64
ACSSF,NJ,1400000US34021000400,"Census Tract 4, Mercer County, New Jersey",,,34021000400,519752,0,34,,"Census Tract 4, Mercer County, New Jersey",6573,61.12
ACSSF,NJ,1400000US34021000500,"Census Tract 5, Mercer County, New Jersey",,,34021000500,407773,0,34,,"Census Tract 5, Mercer County, New Jersey",6638,25.85
ACSSF,NJ,1400000US34021000600,"Census Tract 6, Mercer County, New Jersey",,,34021000600,630640,0,34,,"Census Tract 6, Mercer County, New Jersey",5277,5.24
ACSSF,NJ,1400000US34021000700,"Census Tract 7, Mercer County, New Jersey",,,34021000700,333070,0,34,,"Census Tract 7, Mercer County, New Jersey",4024,0
ACSSF,NJ,1400000US34021000800,"Census Tract 8, Mercer County, New Jersey",,,34021000800,493030,0,34,,"Census Tract 8, Mercer County, New Jersey",2549,41.45
ACSSF,NJ,1400000US34021000900,"Census Tract 9, Mercer County, New Jersey",,,34021000900,1338737,0,34,,"Census Tract 9, Mercer County, New Jersey",4175,18.74
ACSSF,NJ,1400000US34021001000,"Census Tract 10, Mercer County, New Jersey",,,34021001000,884544,203483,34,,"Census Tract 10, Mercer County, New Jersey",2998,50.06
ACSSF,NJ,1400000US34021001101,"Census Tract 11.01, Mercer County, New Jersey",,,34021001101,749834,365623,34,,"Census Tract 11.01, Mercer County, New Jersey",2400,4.84
ACSSF,NJ,1400000US34021001102,"Census Tract 11.02, Mercer County, New Jersey",,,34021001102,558756,40473,34,,"Census Tract 11.02, Mercer County, New Jersey",3361,10.91
ACSSF,NJ,1400000US34021001200,"Census Tract 12, Mercer County, New Jersey",,,34021001200,1351485,561599,34,,"Census Tract 12, Mercer County, New Jersey",4060,63.26
ACSSF,NJ,1400000US34021001300,"Census Tract 13, Mercer County, New Jersey",,,34021001300,2292669,23604,34,,"Census Tract 13, Mercer County, New Jersey",3638,17.35
ACSSF,NJ,1400000US34021001401,"Census Tract 14.01, Mercer County, New Jersey",,,34021001401,941842,32893,34,,"Census Tract 14.01, Mercer County, New Jersey",3616,49.51
ACSSF,NJ,1400000US34021001402,"Census Tract 14.02, Mercer County, New Jersey",,,34021001402,368703,0,34,,"Census Tract 14.02, Mercer County, New Jersey",1588,58.84
ACSSF,NJ,1400000US34021001500,"Census Tract 15, Mercer County, New Jersey",,,34021001500,627775,2393,34,,"Census Tract 15, Mercer County, New Jersey",3460,20.5
ACSSF,NJ,1400000US34021001600,"Census Tract 16, Mercer County, New Jersey",,,34021001600,303130,8128,34,,"Census Tract 16, Mercer County, New Jersey",1490,5.19
ACSSF,NJ,1400000US34021001700,"Census Tract 17, Mercer County, New Jersey",,,34021001700,976782,0,34,,"Census Tract 17, Mercer County, New Jersey",3702,35.69
ACSSF,NJ,1400000US34021001800,"Census Tract 18, Mercer County, New Jersey",,,34021001800,1159610,10550,34,,"Census Tract 18, Mercer County, New Jersey",4157,4.61
ACSSF,NJ,1400000US34021001900,"Census Tract 19, Mercer County, New Jersey",,,34021001900,714252,15677,34,,"Census Tract 19, Mercer County, New Jersey",1832,100
ACSSF,NJ,1400000US34021002000,"Census Tract 20, Mercer County, New Jersey",,,34021002000,512398,8193,34,,"Census Tract 20, Mercer County, New Jersey",1375,31.46
ACSSF,NJ,1400000US34021002100,"Census Tract 21, Mercer County, New Jersey",,,34021002100,933849,1829,34,,"Census Tract 21, Mercer County, New Jersey",4693,18.08
ACSSF,NJ,1400000US34021002200,"Census Tract 22, Mercer County, New Jersey",,,34021002200,1163978,8770,34,,"Census Tract 22, Mercer County, New Jersey",5476,21.48
ACSSF,NJ,1400000US34021002500,"Census Tract 25, Mercer County, New Jersey",,,34021002500,10255921,1504419,34,,"Census Tract 25, Mercer County, New Jersey",8714,0
ACSSF,NJ,1400000US34021002601,"Census Tract 26.01, Mercer County, New Jersey",,,34021002601,1898400,0,34,,"Census Tract 26.01, Mercer County, New Jersey",4777,11.76
ACSSF,NJ,1400000US34021002602,"Census Tract 26.02, Mercer County, New Jersey",,,34021002602,1931899,7108,34,,"Census Tract 26.02, Mercer County, New Jersey",4741,5.8
ACSSF,NJ,1400000US34021002701,"Census Tract 27.01, Mercer County, New Jersey",,,34021002701,2557007,1675,34,,"Census Tract 27.01, Mercer County, New Jersey",4731,19.53
ACSSF,NJ,1400000US34021002702,"Census Tract 27.02, Mercer County, New Jersey",,,34021002702,5399790,15413,34,,"Census Tract 27.02, Mercer County, New Jersey",6722,23.02
ACSSF,NJ,1400000US34021002800,"Census Tract 28, Mercer County, New Jersey",,,34021002800,2317338,1972,34,,"Census Tract 28, Mercer County, New Jersey",6871,5.23
ACSSF,NJ,1400000US34021002902,"Census Tract 29.02, Mercer County, New Jersey",,,34021002902,4990120,111611,34,,"Census Tract 29.02, Mercer County, New Jersey",5019,1.13
ACSSF,NJ,1400000US34021002903,"Census Tract 29.03, Mercer County, New Jersey",,,34021002903,5549311,61595,34,,"Census Tract 29.03, Mercer County, New Jersey",3996,0
ACSSF,NJ,1400000US34021002904,"Census Tract 29.04, Mercer County, New Jersey",,,34021002904,7597739,49442,34,,"Census Tract 29.04, Mercer County, New Jersey",4928,0
ACSSF,NJ,1400000US34021003001,"Census Tract 30.01, Mercer County, New Jersey",,,34021003001,26068847,176740,34,,"Census Tract 30.01, Mercer County, New Jersey",6118,11.1
ACSSF,NJ,1400000US34021003002,"Census Tract 30.02, Mercer County, New Jersey",,,34021003002,6002549,555,34,,"Census Tract 30.02, Mercer County, New Jersey",5592,0
ACSSF,NJ,1400000US34021003003,"Census Tract 30.03, Mercer County, New Jersey",,,34021003003,7953704,78072,34,,"Census Tract 30.03, Mercer County, New Jersey",5433,51.21
ACSSF,NJ,1400000US34021003004,"Census Tract 30.04, Mercer County, New Jersey",,,34021003004,4133284,0,34,,"Census Tract 30.04, Mercer County, New Jersey",5420,0.12
ACSSF,NJ,1400000US34021003006,"Census Tract 30.06, Mercer County, New Jersey",,,34021003006,4843828,154145,34,,"Census Tract 30.06, Mercer County, New Jersey",4712,0
ACSSF,NJ,1400000US34021003007,"Census Tract 30.07, Mercer County, New Jersey",,,34021003007,2042600,0,34,,"Census Tract 30.07, Mercer County, New Jersey",2959,4.55
ACSSF,NJ,1400000US34021003008,"Census Tract 30.08, Mercer County, New Jersey",,,34021003008,4002813,0,34,,"Census Tract 30.08, Mercer County, New Jersey",5479,3.47
ACSSF,NJ,1400000US34021003009,"Census Tract 30.09, Mercer County, New Jersey",,,34021003009,4623638,75545,34,,"Census Tract 30.09, Mercer County, New Jersey",5590,31.7
ACSSF,NJ,1400000US34021003100,"Census Tract 31, Mercer County, New Jersey",,,34021003100,2997700,99908,34,,"Census Tract 31, Mercer County, New Jersey",4340,17.63
ACSSF,NJ,1400000US34021003201,"Census Tract 32.01, Mercer County, New Jersey",,,34021003201,7430361,15969,34,,"Census Tract 32.01, Mercer County, New Jersey",8274,1.99
ACSSF,NJ,1400000US34021003202,"Census Tract 32.02, Mercer County, New Jersey",,,34021003202,8576487,222949,34,,"Census Tract 32.02, Mercer County, New Jersey",5061,0
ACSSF,NJ,1400000US34021003301,"Census Tract 33.01, Mercer County, New Jersey",,,34021003301,11932456,39541,34,,"Census Tract 33.01, Mercer County, New Jersey",7351,0.07
ACSSF,NJ,1400000US34021003303,"Census Tract 33.03, Mercer County, New Jersey",,,34021003303,5721802,91194,34,,"Census Tract 33.03, Mercer County, New Jersey",5554,11.21
ACSSF,NJ,1400000US34021003304,"Census Tract 33.04, Mercer County, New Jersey",,,34021003304,19608590,198254,34,,"Census Tract 33.04, Mercer County, New Jersey",1755,3.75
ACSSF,NJ,1400000US34021003400,"Census Tract 34, Mercer County, New Jersey",,,34021003400,2212965,0,34,,"Census Tract 34, Mercer County, New Jersey",2944,22.28
ACSSF,NJ,1400000US34021003500,"Census Tract 35, Mercer County, New Jersey",,,34021003500,5212058,0,34,,"Census Tract 35, Mercer County, New Jersey",6158,0.67
ACSSF,NJ,1400000US34021003601,"Census Tract 36.01, Mercer County, New Jersey",,,34021003601,1593679,235,34,,"Census Tract 36.01, Mercer County, New Jersey",3735,11.24
ACSSF,NJ,1400000US34021003602,"Census Tract 36.02, Mercer County, New Jersey",,,34021003602,1727093,0,34,,"Census Tract 36.02, Mercer County, New Jersey",2651,32.98
ACSSF,NJ,1400000US34021003703,"Census Tract 37.03, Mercer County, New Jersey",,,34021003703,3804908,66976,34,,"Census Tract 37.03, Mercer County, New Jersey",7459,3.63
ACSSF,NJ,1400000US34021003704,"Census Tract 37.04, Mercer County, New Jersey",,,34021003704,3443426,0,34,,"Census Tract 37.04, Mercer County, New Jersey",2568,0.22
ACSSF,NJ,1400000US34021003706,"Census Tract 37.06, Mercer County, New Jersey",,,34021003706,5070986,297753,34,,"Census Tract 37.06, Mercer County, New Jersey",3781,19.24
ACSSF,NJ,1400000US34021003707,"Census Tract 37.07, Mercer County, New Jersey",,,34021003707,6847860,8722,34,,"Census Tract 37.07, Mercer County, New Jersey",1581,0
ACSSF,NJ,1400000US34021003708,"Census Tract 37.08, Mercer County, New Jersey",,,34021003708,9472687,528084,34,,"Census Tract 37.08, Mercer County, New Jersey",4831,3.61
ACSSF,NJ,1400000US34021003800,"Census Tract 38, Mercer County, New Jersey",,,34021003800,78841066,1575871,34,,"Census Tract 38, Mercer County, New Jersey",6764,1.76
ACSSF,NJ,1400000US34021003902,"Census Tract 39.02, Mercer County, New Jersey",,,34021003902,1874277,0,34,,"Census Tract 39.02, Mercer County, New Jersey",1828,0
ACSSF,NJ,1400000US34021003903,"Census Tract 39.03, Mercer County, New Jersey",,,34021003903,2488739,7537,34,,"Census Tract 39.03, Mercer County, New Jersey",2798,6.5
ACSSF,NJ,1400000US34021003904,"Census Tract 39.04, Mercer County, New Jersey",,,34021003904,16061286,319910,34,,"Census Tract 39.04, Mercer County, New Jersey",6171,2.43
ACSSF,NJ,1400000US34021003905,"Census Tract 39.05, Mercer County, New Jersey",,,34021003905,55501631,367447,34,,"Census Tract 39.05, Mercer County, New Jersey",4534,0
ACSSF,NJ,1400000US34021004000,"Census Tract 40, Mercer County, New Jersey",,,34021004000,1747469,0,34,,"Census Tract 40, Mercer County, New Jersey",5804,1.41
ACSSF,NJ,1400000US34021004203,"Census Tract 42.03, Mercer County, New Jersey",,,34021004203,16376187,158276,34,,"Census Tract 42.03, Mercer County, New Jersey",3366,4.87
ACSSF,NJ,1400000US34021004204,"Census Tract 42.04, Mercer County, New Jersey",,,34021004204,14441099,1025688,34,,"Census Tract 42.04, Mercer County, New Jersey",5851,9.21
ACSSF,NJ,1400000US34021004205,"Census Tract 42.05, Mercer County, New Jersey",,,34021004205,9475763,21317,34,,"Census Tract 42.05, Mercer County, New Jersey",5180,0.83
ACSSF,NJ,1400000US34021004206,"Census Tract 42.06, Mercer County, New Jersey",,,34021004206,1500407,0,34,,"Census Tract 42.06, Mercer County, New Jersey",2228,2.22
ACSSF,NJ,1400000US34021004306,"Census Tract 43.06, Mercer County, New Jersey",,,34021004306,18348919,1264881,34,,"Census Tract 43.06, Mercer County, New Jersey",4961,0
ACSSF,NJ,1400000US34021004307,"Census Tract 43.07, Mercer County, New Jersey",,,34021004307,8429594,32132,34,,"Census Tract 43.07, Mercer County, New Jersey",6546,0
ACSSF,NJ,1400000US34021004309,"Census Tract 43.09, Mercer County, New Jersey",,,34021004309,34637514,243456,34,,"Census Tract 43.09, Mercer County, New Jersey",4845,0.87
ACSSF,NJ,1400000US34021004311,"Census Tract 43.11, Mercer County, New Jersey",,,34021004311,4444644,86319,34,,"Census Tract 43.11, Mercer County, New Jersey",7518,5.74
ACSSF,NJ,1400000US34021004312,"Census Tract 43.12, Mercer County, New Jersey",,,34021004312,13859469,32019,34,,"Census Tract 43.12, Mercer County, New Jersey",3069,0
ACSSF,NJ,1400000US34021004313,"Census Tract 43.13, Mercer County, New Jersey",,,34021004313,2381007,2296,34,,"Census Tract 43.13, Mercer County, New Jersey",5027,46.46
ACSSF,NJ,1400000US34021004314,"Census Tract 43.14, Mercer County, New Jersey",,,34021004314,15702645,310559,34,,"Census Tract 43.14, Mercer County, New Jersey",5700,0
ACSSF,NJ,1400000US34021004315,"Census Tract 43.15, Mercer County, New Jersey",,,34021004315,7315343,180812,34,,"Census Tract 43.15, Mercer County, New Jersey",3082,0
ACSSF,NJ,1400000US34021004316,"Census Tract 43.16, Mercer County, New Jersey",,,34021004316,13994240,35121,34,,"Census Tract 43.16, Mercer County, New Jersey",4475,0
ACSSF,NJ,1400000US34021004403,"Census Tract 44.03, Mercer County, New Jersey",,,34021004403,3194246,85685,34,,"Census Tract 44.03, Mercer County, New Jersey",5869,0
ACSSF,NJ,1400000US34021004404,"Census Tract 44.04, Mercer County, New Jersey",,,34021004404,3270296,102184,34,,"Census Tract 44.04, Mercer County, New Jersey",8315,3.12
ACSSF,NJ,1400000US34021004406,"Census Tract 44.06, Mercer County, New Jersey",,,34021004406,7961027,18249,34,,"Census Tract 44.06, Mercer County, New Jersey",5104,27.01
ACSSF,NJ,1400000US34021004407,"Census Tract 44.07, Mercer County, New Jersey",,,34021004407,5095429,5387,34,,"Census Tract 44.07, Mercer County, New Jersey",7298,0.79
ACSSF,NJ,1400000US34021004408,"Census Tract 44.08, Mercer County, New Jersey",,,34021004408,8193897,31173,34,,"Census Tract 44.08, Mercer County, New Jersey",5303,22.05
ACSSF,NJ,1400000US34021004409,"Census Tract 44.09, Mercer County, New Jersey",,,34021004409,15798661,73668,34,,"Census Tract 44.09, Mercer County, New Jersey",3817,18.27
ACSSF,NJ,1400000US34021004501,"Census Tract 45.01, Mercer County, New Jersey",,,34021004501,1579672,381,34,,"Census Tract 45.01, Mercer County, New Jersey",6972,0
ACSSF,NJ,1400000US34021004502,"Census Tract 45.02, Mercer County, New Jersey",,,34021004502,1358792,0,34,,"Census Tract 45.02, Mercer County, New Jersey",1050,0
ACSSF,NJ,1400000US34021980000,"Census Tract 9800, Mercer County, New Jersey",,,34021980000,65523,0,34,,"Census Tract 9800, Mercer County, New Jersey",1041,
ACSSF,NJ,1400000US34023000101,"Census Tract 1.01, Middlesex County, New Jersey",,,34023000101,1783946,0,34,,"Census Tract 1.01, Middlesex County, New Jersey",3601,0
ACSSF,NJ,1400000US34023000102,"Census Tract 1.02, Middlesex County, New Jersey",,,34023000102,2939816,46647,34,,"Census Tract 1.02, Middlesex County, New Jersey",4359,10.81
ACSSF,NJ,1400000US34023000200,"Census Tract 2, Middlesex County, New Jersey",,,34023000200,4310874,9308,34,,"Census Tract 2, Middlesex County, New Jersey",6558,6.46
ACSSF,NJ,1400000US34023000300,"Census Tract 3, Middlesex County, New Jersey",,,34023000300,2751130,0,34,,"Census Tract 3, Middlesex County, New Jersey",7711,30.88
ACSSF,NJ,1400000US34023000401,"Census Tract 4.01, Middlesex County, New Jersey",,,34023000401,2232068,4973,34,,"Census Tract 4.01, Middlesex County, New Jersey",3424,1.22
ACSSF,NJ,1400000US34023000403,"Census Tract 4.03, Middlesex County, New Jersey",,,34023000403,2232121,7523,34,,"Census Tract 4.03, Middlesex County, New Jersey",6101,0
ACSSF,NJ,1400000US34023000404,"Census Tract 4.04, Middlesex County, New Jersey",,,34023000404,2430196,29771,34,,"Census Tract 4.04, Middlesex County, New Jersey",6026,20.64
ACSSF,NJ,1400000US34023000501,"Census Tract 5.01, Middlesex County, New Jersey",,,34023000501,2499641,0,34,,"Census Tract 5.01, Middlesex County, New Jersey",5021,19.41
ACSSF,NJ,1400000US34023000503,"Census Tract 5.03, Middlesex County, New Jersey",,,34023000503,1478476,42498,34,,"Census Tract 5.03, Middlesex County, New Jersey",2943,4.67
ACSSF,NJ,1400000US34023000504,"Census Tract 5.04, Middlesex County, New Jersey",,,34023000504,871977,0,34,,"Census Tract 5.04, Middlesex County, New Jersey",4763,1.41
ACSSF,NJ,1400000US34023000603,"Census Tract 6.03, Middlesex County, New Jersey",,,34023000603,10652202,43267,34,,"Census Tract 6.03, Middlesex County, New Jersey",2367,1.28
ACSSF,NJ,1400000US34023000608,"Census Tract 6.08, Middlesex County, New Jersey",,,34023000608,716364,0,34,,"Census Tract 6.08, Middlesex County, New Jersey",1733,0
ACSSF,NJ,1400000US34023000609,"Census Tract 6.09, Middlesex County, New Jersey",,,34023000609,2370278,393,34,,"Census Tract 6.09, Middlesex County, New Jersey",2732,0
ACSSF,NJ,1400000US34023000610,"Census Tract 6.10, Middlesex County, New Jersey",,,34023000610,2704355,427,34,,"Census Tract 6.10, Middlesex County, New Jersey",5765,0
ACSSF,NJ,1400000US34023000701,"Census Tract 7.01, Middlesex County, New Jersey",,,34023000701,4303311,77372,34,,"Census Tract 7.01, Middlesex County, New Jersey",3234,2.2
ACSSF,NJ,1400000US34023000702,"Census Tract 7.02, Middlesex County, New Jersey",,,34023000702,7880888,89818,34,,"Census Tract 7.02, Middlesex County, New Jersey",5979,0
ACSSF,NJ,1400000US34023000801,"Census Tract 8.01, Middlesex County, New Jersey",,,34023000801,1842791,0,34,,"Census Tract 8.01, Middlesex County, New Jersey",3762,0
ACSSF,NJ,1400000US34023000802,"Census Tract 8.02, Middlesex County, New Jersey",,,34023000802,1674149,0,34,,"Census Tract 8.02, Middlesex County, New Jersey",2726,19.28
ACSSF,NJ,1400000US34023000901,"Census Tract 9.01, Middlesex County, New Jersey",,,34023000901,1397810,86747,34,,"Census Tract 9.01, Middlesex County, New Jersey",2468,3.99
ACSSF,NJ,1400000US34023000902,"Census Tract 9.02, Middlesex County, New Jersey",,,34023000902,2589349,1258,34,,"Census Tract 9.02, Middlesex County, New Jersey",4444,2.69
ACSSF,NJ,1400000US34023001001,"Census Tract 10.01, Middlesex County, New Jersey",,,34023001001,1887962,1490,34,,"Census Tract 10.01, Middlesex County, New Jersey",3258,0
ACSSF,NJ,1400000US34023001003,"Census Tract 10.03, Middlesex County, New Jersey",,,34023001003,8532326,935,34,,"Census Tract 10.03, Middlesex County, New Jersey",5358,1.36
ACSSF,NJ,1400000US34023001004,"Census Tract 10.04, Middlesex County, New Jersey",,,34023001004,3562518,0,34,,"Census Tract 10.04, Middlesex County, New Jersey",2215,0
ACSSF,NJ,1400000US34023001100,"Census Tract 11, Middlesex County, New Jersey",,,34023001100,2014472,14075,34,,"Census Tract 11, Middlesex County, New Jersey",5401,10.41
ACSSF,NJ,1400000US34023001200,"Census Tract 12, Middlesex County, New Jersey",,,34023001200,1296681,0,34,,"Census Tract 12, Middlesex County, New Jersey",5555,11.86
ACSSF,NJ,1400000US34023001300,"Census Tract 13, Middlesex County, New Jersey",,,34023001300,1405416,5418,34,,"Census Tract 13, Middlesex County, New Jersey",4025,0
ACSSF,NJ,1400000US34023001409,"Census Tract 14.09, Middlesex County, New Jersey",,,34023001409,2693909,378,34,,"Census Tract 14.09, Middlesex County, New Jersey",3562,0
ACSSF,NJ,1400000US34023001410,"Census Tract 14.10, Middlesex County, New Jersey",,,34023001410,1989399,0,34,,"Census Tract 14.10, Middlesex County, New Jersey",4134,0.97
ACSSF,NJ,1400000US34023001411,"Census Tract 14.11, Middlesex County, New Jersey",,,34023001411,2387775,0,34,,"Census Tract 14.11, Middlesex County, New Jersey",3559,0
ACSSF,NJ,1400000US34023001412,"Census Tract 14.12, Middlesex County, New Jersey",,,34023001412,4399190,7374,34,,"Census Tract 14.12, Middlesex County, New Jersey",3928,6.07
ACSSF,NJ,1400000US34023001413,"Census Tract 14.13, Middlesex County, New Jersey",,,34023001413,3392108,10258,34,,"Census Tract 14.13, Middlesex County, New Jersey",5836,4.79
ACSSF,NJ,1400000US34023001414,"Census Tract 14.14, Middlesex County, New Jersey",,,34023001414,3170899,0,34,,"Census Tract 14.14, Middlesex County, New Jersey",5777,0
ACSSF,NJ,1400000US34023001415,"Census Tract 14.15, Middlesex County, New Jersey",,,34023001415,5372214,2595,34,,"Census Tract 14.15, Middlesex County, New Jersey",5371,0
ACSSF,NJ,1400000US34023001417,"Census Tract 14.17, Middlesex County, New Jersey",,,34023001417,1670027,0,34,,"Census Tract 14.17, Middlesex County, New Jersey",2025,2.77
ACSSF,NJ,1400000US34023001418,"Census Tract 14.18, Middlesex County, New Jersey",,,34023001418,1755076,1336,34,,"Census Tract 14.18, Middlesex County, New Jersey",5184,10.22
ACSSF,NJ,1400000US34023001419,"Census Tract 14.19, Middlesex County, New Jersey",,,34023001419,820181,0,34,,"Census Tract 14.19, Middlesex County, New Jersey",3216,4.67
ACSSF,NJ,1400000US34023001502,"Census Tract 15.02, Middlesex County, New Jersey",,,34023001502,3665705,64495,34,,"Census Tract 15.02, Middlesex County, New Jersey",6499,2.44
ACSSF,NJ,1400000US34023001504,"Census Tract 15.04, Middlesex County, New Jersey",,,34023001504,3622804,0,34,,"Census Tract 15.04, Middlesex County, New Jersey",6732,5.78
ACSSF,NJ,1400000US34023001505,"Census Tract 15.05, Middlesex County, New Jersey",,,34023001505,1669664,7265,34,,"Census Tract 15.05, Middlesex County, New Jersey",2121,0
ACSSF,NJ,1400000US34023001506,"Census Tract 15.06, Middlesex County, New Jersey",,,34023001506,3596422,2331,34,,"Census Tract 15.06, Middlesex County, New Jersey",6931,17.82
ACSSF,NJ,1400000US34023001600,"Census Tract 16, Middlesex County, New Jersey",,,34023001600,1421655,0,34,,"Census Tract 16, Middlesex County, New Jersey",4833,15.71
ACSSF,NJ,1400000US34023001701,"Census Tract 17.01, Middlesex County, New Jersey",,,34023001701,3774789,0,34,,"Census Tract 17.01, Middlesex County, New Jersey",5666,2.7
ACSSF,NJ,1400000US34023001702,"Census Tract 17.02, Middlesex County, New Jersey",,,34023001702,1615242,0,34,,"Census Tract 17.02, Middlesex County, New Jersey",3406,0
ACSSF,NJ,1400000US34023001803,"Census Tract 18.03, Middlesex County, New Jersey",,,34023001803,2176244,19135,34,,"Census Tract 18.03, Middlesex County, New Jersey",3790,4.29
ACSSF,NJ,1400000US34023001804,"Census Tract 18.04, Middlesex County, New Jersey",,,34023001804,2097336,0,34,,"Census Tract 18.04, Middlesex County, New Jersey",3724,1.31
ACSSF,NJ,1400000US34023001805,"Census Tract 18.05, Middlesex County, New Jersey",,,34023001805,4086533,6158,34,,"Census Tract 18.05, Middlesex County, New Jersey",5604,0
ACSSF,NJ,1400000US34023001806,"Census Tract 18.06, Middlesex County, New Jersey",,,34023001806,17579182,1461475,34,,"Census Tract 18.06, Middlesex County, New Jersey",3777,11.82
ACSSF,NJ,1400000US34023001901,"Census Tract 19.01, Middlesex County, New Jersey",,,34023001901,2850476,35335,34,,"Census Tract 19.01, Middlesex County, New Jersey",5041,4.79
ACSSF,NJ,1400000US34023001902,"Census Tract 19.02, Middlesex County, New Jersey",,,34023001902,843766,0,34,,"Census Tract 19.02, Middlesex County, New Jersey",2233,6.1
ACSSF,NJ,1400000US34023001903,"Census Tract 19.03, Middlesex County, New Jersey",,,34023001903,1255412,0,34,,"Census Tract 19.03, Middlesex County, New Jersey",4078,0
ACSSF,NJ,1400000US34023002000,"Census Tract 20, Middlesex County, New Jersey",,,34023002000,2615366,5082,34,,"Census Tract 20, Middlesex County, New Jersey",4629,4.98
ACSSF,NJ,1400000US34023002101,"Census Tract 21.01, Middlesex County, New Jersey",,,34023002101,1241167,0,34,,"Census Tract 21.01, Middlesex County, New Jersey",2264,0
ACSSF,NJ,1400000US34023002102,"Census Tract 21.02, Middlesex County, New Jersey",,,34023002102,1849641,0,34,,"Census Tract 21.02, Middlesex County, New Jersey",4072,0
ACSSF,NJ,1400000US34023002200,"Census Tract 22, Middlesex County, New Jersey",,,34023002200,1642889,1241,34,,"Census Tract 22, Middlesex County, New Jersey",4017,1.54
ACSSF,NJ,1400000US34023002301,"Census Tract 23.01, Middlesex County, New Jersey",,,34023002301,1709051,0,34,,"Census Tract 23.01, Middlesex County, New Jersey",4044,7.15
ACSSF,NJ,1400000US34023002302,"Census Tract 23.02, Middlesex County, New Jersey",,,34023002302,1718210,0,34,,"Census Tract 23.02, Middlesex County, New Jersey",3971,0
ACSSF,NJ,1400000US34023002401,"Census Tract 24.01, Middlesex County, New Jersey",,,34023002401,2733247,647,34,,"Census Tract 24.01, Middlesex County, New Jersey",5789,18.41
ACSSF,NJ,1400000US34023002402,"Census Tract 24.02, Middlesex County, New Jersey",,,34023002402,2591873,8851,34,,"Census Tract 24.02, Middlesex County, New Jersey",1367,0
ACSSF,NJ,1400000US34023002500,"Census Tract 25, Middlesex County, New Jersey",,,34023002500,2430694,0,34,,"Census Tract 25, Middlesex County, New Jersey",7213,0
ACSSF,NJ,1400000US34023002603,"Census Tract 26.03, Middlesex County, New Jersey",,,34023002603,1900996,0,34,,"Census Tract 26.03, Middlesex County, New Jersey",4918,12.4
ACSSF,NJ,1400000US34023002604,"Census Tract 26.04, Middlesex County, New Jersey",,,34023002604,3171751,1380,34,,"Census Tract 26.04, Middlesex County, New Jersey",6382,17.18
ACSSF,NJ,1400000US34023002605,"Census Tract 26.05, Middlesex County, New Jersey",,,34023002605,1278628,0,34,,"Census Tract 26.05, Middlesex County, New Jersey",2661,4.37
ACSSF,NJ,1400000US34023002701,"Census Tract 27.01, Middlesex County, New Jersey",,,34023002701,2056772,0,34,,"Census Tract 27.01, Middlesex County, New Jersey",4696,3.72
ACSSF,NJ,1400000US34023002703,"Census Tract 27.03, Middlesex County, New Jersey",,,34023002703,2118399,0,34,,"Census Tract 27.03, Middlesex County, New Jersey",7117,18.9
ACSSF,NJ,1400000US34023002805,"Census Tract 28.05, Middlesex County, New Jersey",,,34023002805,1356258,0,34,,"Census Tract 28.05, Middlesex County, New Jersey",2632,7.5
ACSSF,NJ,1400000US34023002901,"Census Tract 29.01, Middlesex County, New Jersey",,,34023002901,2125046,20842,34,,"Census Tract 29.01, Middlesex County, New Jersey",3318,4.41
ACSSF,NJ,1400000US34023002902,"Census Tract 29.02, Middlesex County, New Jersey",,,34023002902,951053,0,34,,"Census Tract 29.02, Middlesex County, New Jersey",3224,7.39
ACSSF,NJ,1400000US34023003001,"Census Tract 30.01, Middlesex County, New Jersey",,,34023003001,1804444,5596,34,,"Census Tract 30.01, Middlesex County, New Jersey",4533,22.3
ACSSF,NJ,1400000US34023003002,"Census Tract 30.02, Middlesex County, New Jersey",,,34023003002,4044544,10275,34,,"Census Tract 30.02, Middlesex County, New Jersey",6162,1.3
ACSSF,NJ,1400000US34023003101,"Census Tract 31.01, Middlesex County, New Jersey",,,34023003101,1747357,1333,34,,"Census Tract 31.01, Middlesex County, New Jersey",2952,4.28
ACSSF,NJ,1400000US34023003102,"Census Tract 31.02, Middlesex County, New Jersey",,,34023003102,1529092,0,34,,"Census Tract 31.02, Middlesex County, New Jersey",4962,5.88
ACSSF,NJ,1400000US34023003201,"Census Tract 32.01, Middlesex County, New Jersey",,,34023003201,1293617,0,34,,"Census Tract 32.01, Middlesex County, New Jersey",3900,4.28
ACSSF,NJ,1400000US34023003203,"Census Tract 32.03, Middlesex County, New Jersey",,,34023003203,1691739,0,34,,"Census Tract 32.03, Middlesex County, New Jersey",4076,8.35
ACSSF,NJ,1400000US34023003300,"Census Tract 33, Middlesex County, New Jersey",,,34023003300,4085511,263211,34,,"Census Tract 33, Middlesex County, New Jersey",6409,17.29
ACSSF,NJ,1400000US34023003401,"Census Tract 34.01, Middlesex County, New Jersey",,,34023003401,5203498,1507518,34,,"Census Tract 34.01, Middlesex County, New Jersey",4113,3.45
ACSSF,NJ,1400000US34023003500,"Census Tract 35, Middlesex County, New Jersey",,,34023003500,2782504,78751,34,,"Census Tract 35, Middlesex County, New Jersey",3749,12.2
ACSSF,NJ,1400000US34023003601,"Census Tract 36.01, Middlesex County, New Jersey",,,34023003601,1313825,734,34,,"Census Tract 36.01, Middlesex County, New Jersey",7995,9.97
ACSSF,NJ,1400000US34023003700,"Census Tract 37, Middlesex County, New Jersey",,,34023003700,1226821,7162,34,,"Census Tract 37, Middlesex County, New Jersey",3632,0
ACSSF,NJ,1400000US34023003801,"Census Tract 38.01, Middlesex County, New Jersey",,,34023003801,1300710,0,34,,"Census Tract 38.01, Middlesex County, New Jersey",5712,0
ACSSF,NJ,1400000US34023003802,"Census Tract 38.02, Middlesex County, New Jersey",,,34023003802,412846,0,34,,"Census Tract 38.02, Middlesex County, New Jersey",4091,33.39
ACSSF,NJ,1400000US34023004000,"Census Tract 40, Middlesex County, New Jersey",,,34023004000,2084426,9996,34,,"Census Tract 40, Middlesex County, New Jersey",4956,26.88
ACSSF,NJ,1400000US34023004100,"Census Tract 41, Middlesex County, New Jersey",,,34023004100,544514,0,34,,"Census Tract 41, Middlesex County, New Jersey",3037,41.3
ACSSF,NJ,1400000US34023004200,"Census Tract 42, Middlesex County, New Jersey",,,34023004200,589567,0,34,,"Census Tract 42, Middlesex County, New Jersey",3349,28.89
ACSSF,NJ,1400000US34023004300,"Census Tract 43, Middlesex County, New Jersey",,,34023004300,639457,0,34,,"Census Tract 43, Middlesex County, New Jersey",3689,58.55
ACSSF,NJ,1400000US34023004400,"Census Tract 44, Middlesex County, New Jersey",,,34023004400,472411,0,34,,"Census Tract 44, Middlesex County, New Jersey",4915,26.57
ACSSF,NJ,1400000US34023004501,"Census Tract 45.01, Middlesex County, New Jersey",,,34023004501,502190,0,34,,"Census Tract 45.01, Middlesex County, New Jersey",3778,31.05
ACSSF,NJ,1400000US34023004502,"Census Tract 45.02, Middlesex County, New Jersey",,,34023004502,2849952,1200575,34,,"Census Tract 45.02, Middlesex County, New Jersey",3931,25.95
ACSSF,NJ,1400000US34023004600,"Census Tract 46, Middlesex County, New Jersey",,,34023004600,735802,266102,34,,"Census Tract 46, Middlesex County, New Jersey",6419,34.07
ACSSF,NJ,1400000US34023004700,"Census Tract 47, Middlesex County, New Jersey",,,34023004700,648594,0,34,,"Census Tract 47, Middlesex County, New Jersey",4146,22.64
ACSSF,NJ,1400000US34023004800,"Census Tract 48, Middlesex County, New Jersey",,,34023004800,1724461,694047,34,,"Census Tract 48, Middlesex County, New Jersey",6417,12.88
ACSSF,NJ,1400000US34023004900,"Census Tract 49, Middlesex County, New Jersey",,,34023004900,586203,182560,34,,"Census Tract 49, Middlesex County, New Jersey",5134,0
ACSSF,NJ,1400000US34023005000,"Census Tract 50, Middlesex County, New Jersey",,,34023005000,697209,1012019,34,,"Census Tract 50, Middlesex County, New Jersey",5507,25.99
ACSSF,NJ,1400000US34023005100,"Census Tract 51, Middlesex County, New Jersey",,,34023005100,1631211,389513,34,,"Census Tract 51, Middlesex County, New Jersey",6909,4.73
ACSSF,NJ,1400000US34023005200,"Census Tract 52, Middlesex County, New Jersey",,,34023005200,548120,0,34,,"Census Tract 52, Middlesex County, New Jersey",5726,56.8
ACSSF,NJ,1400000US34023005300,"Census Tract 53, Middlesex County, New Jersey",,,34023005300,423510,0,34,,"Census Tract 53, Middlesex County, New Jersey",3721,31.48
ACSSF,NJ,1400000US34023005500,"Census Tract 55, Middlesex County, New Jersey",,,34023005500,3062466,0,34,,"Census Tract 55, Middlesex County, New Jersey",3816,47.49
ACSSF,NJ,1400000US34023005601,"Census Tract 56.01, Middlesex County, New Jersey",,,34023005601,783607,0,34,,"Census Tract 56.01, Middlesex County, New Jersey",3264,4.2
ACSSF,NJ,1400000US34023005602,"Census Tract 56.02, Middlesex County, New Jersey",,,34023005602,693787,0,34,,"Census Tract 56.02, Middlesex County, New Jersey",7018,32.48
ACSSF,NJ,1400000US34023005700,"Census Tract 57, Middlesex County, New Jersey",,,34023005700,723125,0,34,,"Census Tract 57, Middlesex County, New Jersey",6086,41.53
ACSSF,NJ,1400000US34023005800,"Census Tract 58, Middlesex County, New Jersey",,,34023005800,519420,0,34,,"Census Tract 58, Middlesex County, New Jersey",5193,58.42
ACSSF,NJ,1400000US34023006001,"Census Tract 60.01, Middlesex County, New Jersey",,,34023006001,1932515,435483,34,,"Census Tract 60.01, Middlesex County, New Jersey",2336,9.49
ACSSF,NJ,1400000US34023006002,"Census Tract 60.02, Middlesex County, New Jersey",,,34023006002,2221844,275469,34,,"Census Tract 60.02, Middlesex County, New Jersey",5907,32.85
ACSSF,NJ,1400000US34023006101,"Census Tract 61.01, Middlesex County, New Jersey",,,34023006101,3298264,0,34,,"Census Tract 61.01, Middlesex County, New Jersey",5594,15.6
ACSSF,NJ,1400000US34023006103,"Census Tract 61.03, Middlesex County, New Jersey",,,34023006103,2845233,9920,34,,"Census Tract 61.03, Middlesex County, New Jersey",5618,10.69
ACSSF,NJ,1400000US34023006104,"Census Tract 61.04, Middlesex County, New Jersey",,,34023006104,3023283,0,34,,"Census Tract 61.04, Middlesex County, New Jersey",4184,0
ACSSF,NJ,1400000US34023006204,"Census Tract 62.04, Middlesex County, New Jersey",,,34023006204,1170009,0,34,,"Census Tract 62.04, Middlesex County, New Jersey",1582,7.55
ACSSF,NJ,1400000US34023006205,"Census Tract 62.05, Middlesex County, New Jersey",,,34023006205,3828907,34049,34,,"Census Tract 62.05, Middlesex County, New Jersey",6799,3.1
ACSSF,NJ,1400000US34023006206,"Census Tract 62.06, Middlesex County, New Jersey",,,34023006206,4154018,405821,34,,"Census Tract 62.06, Middlesex County, New Jersey",2260,5.49
ACSSF,NJ,1400000US34023006207,"Census Tract 62.07, Middlesex County, New Jersey",,,34023006207,4017445,12954,34,,"Census Tract 62.07, Middlesex County, New Jersey",7796,17.59
ACSSF,NJ,1400000US34023006208,"Census Tract 62.08, Middlesex County, New Jersey",,,34023006208,4880626,5320,34,,"Census Tract 62.08, Middlesex County, New Jersey",7566,7.74
ACSSF,NJ,1400000US34023006209,"Census Tract 62.09, Middlesex County, New Jersey",,,34023006209,3944719,246620,34,,"Census Tract 62.09, Middlesex County, New Jersey",2468,68.65
ACSSF,NJ,1400000US34023006300,"Census Tract 63, Middlesex County, New Jersey",,,34023006300,4023810,106413,34,,"Census Tract 63, Middlesex County, New Jersey",6994,0.89
ACSSF,NJ,1400000US34023006403,"Census Tract 64.03, Middlesex County, New Jersey",,,34023006403,6114286,646478,34,,"Census Tract 64.03, Middlesex County, New Jersey",2857,2.79
ACSSF,NJ,1400000US34023006500,"Census Tract 65, Middlesex County, New Jersey",,,34023006500,5178979,530,34,,"Census Tract 65, Middlesex County, New Jersey",6864,0.75
ACSSF,NJ,1400000US34023006601,"Census Tract 66.01, Middlesex County, New Jersey",,,34023006601,10989290,484871,34,,"Census Tract 66.01, Middlesex County, New Jersey",2233,0
ACSSF,NJ,1400000US34023006604,"Census Tract 66.04, Middlesex County, New Jersey",,,34023006604,8423890,372,34,,"Census Tract 66.04, Middlesex County, New Jersey",6797,5.67
ACSSF,NJ,1400000US34023006605,"Census Tract 66.05, Middlesex County, New Jersey",,,34023006605,4846389,79472,34,,"Census Tract 66.05, Middlesex County, New Jersey",4080,0
ACSSF,NJ,1400000US34023006606,"Census Tract 66.06, Middlesex County, New Jersey",,,34023006606,2886927,0,34,,"Census Tract 66.06, Middlesex County, New Jersey",2884,0
ACSSF,NJ,1400000US34023006607,"Census Tract 66.07, Middlesex County, New Jersey",,,34023006607,2631662,0,34,,"Census Tract 66.07, Middlesex County, New Jersey",2911,0
ACSSF,NJ,1400000US34023006608,"Census Tract 66.08, Middlesex County, New Jersey",,,34023006608,2355461,849,34,,"Census Tract 66.08, Middlesex County, New Jersey",4008,14.26
ACSSF,NJ,1400000US34023006701,"Census Tract 67.01, Middlesex County, New Jersey",,,34023006701,3461695,97412,34,,"Census Tract 67.01, Middlesex County, New Jersey",3882,0.62
ACSSF,NJ,1400000US34023006703,"Census Tract 67.03, Middlesex County, New Jersey",,,34023006703,3526322,109478,34,,"Census Tract 67.03, Middlesex County, New Jersey",6321,8.67
ACSSF,NJ,1400000US34023006800,"Census Tract 68, Middlesex County, New Jersey",,,34023006800,2502459,137913,34,,"Census Tract 68, Middlesex County, New Jersey",4463,12.94
ACSSF,NJ,1400000US34023006900,"Census Tract 69, Middlesex County, New Jersey",,,34023006900,963760,84820,34,,"Census Tract 69, Middlesex County, New Jersey",3853,19.5
ACSSF,NJ,1400000US34023007000,"Census Tract 70, Middlesex County, New Jersey",,,34023007000,3746778,178290,34,,"Census Tract 70, Middlesex County, New Jersey",7691,26.76
ACSSF,NJ,1400000US34023007101,"Census Tract 71.01, Middlesex County, New Jersey",,,34023007101,4268062,693468,34,,"Census Tract 71.01, Middlesex County, New Jersey",3597,0
ACSSF,NJ,1400000US34023007102,"Census Tract 71.02, Middlesex County, New Jersey",,,34023007102,2186493,125193,34,,"Census Tract 71.02, Middlesex County, New Jersey",4733,6.6
ACSSF,NJ,1400000US34023007103,"Census Tract 71.03, Middlesex County, New Jersey",,,34023007103,8916440,540352,34,,"Census Tract 71.03, Middlesex County, New Jersey",5742,11.67
ACSSF,NJ,1400000US34023007202,"Census Tract 72.02, Middlesex County, New Jersey",,,34023007202,2711365,6269,34,,"Census Tract 72.02, Middlesex County, New Jersey",4125,1.74
ACSSF,NJ,1400000US34023007203,"Census Tract 72.03, Middlesex County, New Jersey",,,34023007203,2161942,86270,34,,"Census Tract 72.03, Middlesex County, New Jersey",5000,15.27
ACSSF,NJ,1400000US34023007301,"Census Tract 73.01, Middlesex County, New Jersey",,,34023007301,3030414,3662,34,,"Census Tract 73.01, Middlesex County, New Jersey",3300,12.45
ACSSF,NJ,1400000US34023007303,"Census Tract 73.03, Middlesex County, New Jersey",,,34023007303,984478,0,34,,"Census Tract 73.03, Middlesex County, New Jersey",1976,2.15
ACSSF,NJ,1400000US34023007305,"Census Tract 73.05, Middlesex County, New Jersey",,,34023007305,1652402,0,34,,"Census Tract 73.05, Middlesex County, New Jersey",3585,21.49
ACSSF,NJ,1400000US34023007306,"Census Tract 73.06, Middlesex County, New Jersey",,,34023007306,1404603,83810,34,,"Census Tract 73.06, Middlesex County, New Jersey",3440,5.71
ACSSF,NJ,1400000US34023007402,"Census Tract 74.02, Middlesex County, New Jersey",,,34023007402,4271704,3036378,34,,"Census Tract 74.02, Middlesex County, New Jersey",5062,0
ACSSF,NJ,1400000US34023007500,"Census Tract 75, Middlesex County, New Jersey",,,34023007500,2235927,1857724,34,,"Census Tract 75, Middlesex County, New Jersey",3480,16.95
ACSSF,NJ,1400000US34023007600,"Census Tract 76, Middlesex County, New Jersey",,,34023007600,1746799,1151280,34,,"Census Tract 76, Middlesex County, New Jersey",6234,8.84
ACSSF,NJ,1400000US34023007702,"Census Tract 77.02, Middlesex County, New Jersey",,,34023007702,27854168,122029,34,,"Census Tract 77.02, Middlesex County, New Jersey",6612,15.26
ACSSF,NJ,1400000US34023007703,"Census Tract 77.03, Middlesex County, New Jersey",,,34023007703,3308143,468930,34,,"Census Tract 77.03, Middlesex County, New Jersey",3511,9.46
ACSSF,NJ,1400000US34023007704,"Census Tract 77.04, Middlesex County, New Jersey",,,34023007704,1896492,0,34,,"Census Tract 77.04, Middlesex County, New Jersey",2651,10.92
ACSSF,NJ,1400000US34023007801,"Census Tract 78.01, Middlesex County, New Jersey",,,34023007801,14573177,282092,34,,"Census Tract 78.01, Middlesex County, New Jersey",2985,10.15
ACSSF,NJ,1400000US34023007804,"Census Tract 78.04, Middlesex County, New Jersey",,,34023007804,5272119,2950,34,,"Census Tract 78.04, Middlesex County, New Jersey",5821,6.82
ACSSF,NJ,1400000US34023007805,"Census Tract 78.05, Middlesex County, New Jersey",,,34023007805,1886031,0,34,,"Census Tract 78.05, Middlesex County, New Jersey",4065,9.16
ACSSF,NJ,1400000US34023007806,"Census Tract 78.06, Middlesex County, New Jersey",,,34023007806,2140746,0,34,,"Census Tract 78.06, Middlesex County, New Jersey",4560,14.38
ACSSF,NJ,1400000US34023007905,"Census Tract 79.05, Middlesex County, New Jersey",,,34023007905,1735990,0,34,,"Census Tract 79.05, Middlesex County, New Jersey",2586,2.75
ACSSF,NJ,1400000US34023007906,"Census Tract 79.06, Middlesex County, New Jersey",,,34023007906,1613201,0,34,,"Census Tract 79.06, Middlesex County, New Jersey",1266,27.57
ACSSF,NJ,1400000US34023007907,"Census Tract 79.07, Middlesex County, New Jersey",,,34023007907,2903119,1967,34,,"Census Tract 79.07, Middlesex County, New Jersey",3132,4.64
ACSSF,NJ,1400000US34023007908,"Census Tract 79.08, Middlesex County, New Jersey",,,34023007908,2587615,74961,34,,"Census Tract 79.08, Middlesex County, New Jersey",6013,26.1
ACSSF,NJ,1400000US34023007909,"Census Tract 79.09, Middlesex County, New Jersey",,,34023007909,6477193,16797,34,,"Census Tract 79.09, Middlesex County, New Jersey",3475,2.73
ACSSF,NJ,1400000US34023007910,"Census Tract 79.10, Middlesex County, New Jersey",,,34023007910,6281622,101505,34,,"Census Tract 79.10, Middlesex County, New Jersey",3470,0
ACSSF,NJ,1400000US34023007911,"Census Tract 79.11, Middlesex County, New Jersey",,,34023007911,5803726,8685,34,,"Census Tract 79.11, Middlesex County, New Jersey",4075,1.14
ACSSF,NJ,1400000US34023007913,"Census Tract 79.13, Middlesex County, New Jersey",,,34023007913,3860972,3089,34,,"Census Tract 79.13, Middlesex County, New Jersey",3849,0
ACSSF,NJ,1400000US34023007914,"Census Tract 79.14, Middlesex County, New Jersey",,,34023007914,3056218,727,34,,"Census Tract 79.14, Middlesex County, New Jersey",3191,13.04
ACSSF,NJ,1400000US34023008001,"Census Tract 80.01, Middlesex County, New Jersey",,,34023008001,7638758,6023162,34,,"Census Tract 80.01, Middlesex County, New Jersey",6130,10.86
ACSSF,NJ,1400000US34023008101,"Census Tract 81.01, Middlesex County, New Jersey",,,34023008101,3884432,278703,34,,"Census Tract 81.01, Middlesex County, New Jersey",4142,0
ACSSF,NJ,1400000US34023008102,"Census Tract 81.02, Middlesex County, New Jersey",,,34023008102,2105615,757,34,,"Census Tract 81.02, Middlesex County, New Jersey",3970,0
ACSSF,NJ,1400000US34023008103,"Census Tract 81.03, Middlesex County, New Jersey",,,34023008103,2145337,126737,34,,"Census Tract 81.03, Middlesex County, New Jersey",2317,3.51
ACSSF,NJ,1400000US34023008204,"Census Tract 82.04, Middlesex County, New Jersey",,,34023008204,5307929,36912,34,,"Census Tract 82.04, Middlesex County, New Jersey",4476,0
ACSSF,NJ,1400000US34023008205,"Census Tract 82.05, Middlesex County, New Jersey",,,34023008205,2634233,81769,34,,"Census Tract 82.05, Middlesex County, New Jersey",3719,100
ACSSF,NJ,1400000US34023008206,"Census Tract 82.06, Middlesex County, New Jersey",,,34023008206,5080699,67889,34,,"Census Tract 82.06, Middlesex County, New Jersey",3697,0
ACSSF,NJ,1400000US34023008207,"Census Tract 82.07, Middlesex County, New Jersey",,,34023008207,2666337,14565,34,,"Census Tract 82.07, Middlesex County, New Jersey",2965,0
ACSSF,NJ,1400000US34023008209,"Census Tract 82.09, Middlesex County, New Jersey",,,34023008209,3124988,0,34,,"Census Tract 82.09, Middlesex County, New Jersey",3656,3.36
ACSSF,NJ,1400000US34023008210,"Census Tract 82.10, Middlesex County, New Jersey",,,34023008210,10718465,22173,34,,"Census Tract 82.10, Middlesex County, New Jersey",3741,1.26
ACSSF,NJ,1400000US34023008211,"Census Tract 82.11, Middlesex County, New Jersey",,,34023008211,8025888,17258,34,,"Census Tract 82.11, Middlesex County, New Jersey",5891,0
ACSSF,NJ,1400000US34023008212,"Census Tract 82.12, Middlesex County, New Jersey",,,34023008212,15975935,238790,34,,"Census Tract 82.12, Middlesex County, New Jersey",4554,0
ACSSF,NJ,1400000US34023008213,"Census Tract 82.13, Middlesex County, New Jersey",,,34023008213,32457796,91087,34,,"Census Tract 82.13, Middlesex County, New Jersey",5368,0
ACSSF,NJ,1400000US34023008214,"Census Tract 82.14, Middlesex County, New Jersey",,,34023008214,22626538,55926,34,,"Census Tract 82.14, Middlesex County, New Jersey",10232,0.92
ACSSF,NJ,1400000US34023008300,"Census Tract 83, Middlesex County, New Jersey",,,34023008300,2285188,20293,34,,"Census Tract 83, Middlesex County, New Jersey",5763,3.52
ACSSF,NJ,1400000US34023008403,"Census Tract 84.03, Middlesex County, New Jersey",,,34023008403,8374970,641,34,,"Census Tract 84.03, Middlesex County, New Jersey",7663,1.93
ACSSF,NJ,1400000US34023008404,"Census Tract 84.04, Middlesex County, New Jersey",,,34023008404,3904774,2621,34,,"Census Tract 84.04, Middlesex County, New Jersey",4165,4.95
ACSSF,NJ,1400000US34023008405,"Census Tract 84.05, Middlesex County, New Jersey",,,34023008405,4990770,4665,34,,"Census Tract 84.05, Middlesex County, New Jersey",5358,2.11
ACSSF,NJ,1400000US34023008406,"Census Tract 84.06, Middlesex County, New Jersey",,,34023008406,1972273,0,34,,"Census Tract 84.06, Middlesex County, New Jersey",2187,7.93
ACSSF,NJ,1400000US34023008501,"Census Tract 85.01, Middlesex County, New Jersey",,,34023008501,9281395,29186,34,,"Census Tract 85.01, Middlesex County, New Jersey",4862,11.07
ACSSF,NJ,1400000US34023008502,"Census Tract 85.02, Middlesex County, New Jersey",,,34023008502,54738465,812200,34,,"Census Tract 85.02, Middlesex County, New Jersey",5942,0
ACSSF,NJ,1400000US34023008504,"Census Tract 85.04, Middlesex County, New Jersey",,,34023008504,14097149,160981,34,,"Census Tract 85.04, Middlesex County, New Jersey",7330,5.78
ACSSF,NJ,1400000US34023008505,"Census Tract 85.05, Middlesex County, New Jersey",,,34023008505,5162997,29758,34,,"Census Tract 85.05, Middlesex County, New Jersey",4909,0
ACSSF,NJ,1400000US34023008506,"Census Tract 85.06, Middlesex County, New Jersey",,,34023008506,2666717,3185,34,,"Census Tract 85.06, Middlesex County, New Jersey",4270,1.7
ACSSF,NJ,1400000US34023008601,"Census Tract 86.01, Middlesex County, New Jersey",,,34023008601,12066472,412235,34,,"Census Tract 86.01, Middlesex County, New Jersey",4995,0
ACSSF,NJ,1400000US34023008602,"Census Tract 86.02, Middlesex County, New Jersey",,,34023008602,7920079,240477,34,,"Census Tract 86.02, Middlesex County, New Jersey",6091,0
ACSSF,NJ,1400000US34023008604,"Census Tract 86.04, Middlesex County, New Jersey",,,34023008604,8373264,235831,34,,"Census Tract 86.04, Middlesex County, New Jersey",5499,0
ACSSF,NJ,1400000US34023008605,"Census Tract 86.05, Middlesex County, New Jersey",,,34023008605,1123451,5563,34,,"Census Tract 86.05, Middlesex County, New Jersey",3030,3.59
ACSSF,NJ,1400000US34023008606,"Census Tract 86.06, Middlesex County, New Jersey",,,34023008606,982781,7937,34,,"Census Tract 86.06, Middlesex County, New Jersey",4339,0
ACSSF,NJ,1400000US34023008700,"Census Tract 87, Middlesex County, New Jersey",,,34023008700,34403357,388831,34,,"Census Tract 87, Middlesex County, New Jersey",4063,3.14
ACSSF,NJ,1400000US34023008801,"Census Tract 88.01, Middlesex County, New Jersey",,,34023008801,6200031,134460,34,,"Census Tract 88.01, Middlesex County, New Jersey",4793,0
ACSSF,NJ,1400000US34023009000,"Census Tract 90, Middlesex County, New Jersey",,,34023009000,5707390,90884,34,,"Census Tract 90, Middlesex County, New Jersey",6368,25.45
ACSSF,NJ,1400000US34023009101,"Census Tract 91.01, Middlesex County, New Jersey",,,34023009101,2267388,230039,34,,"Census Tract 91.01, Middlesex County, New Jersey",2570,1.41
ACSSF,NJ,1400000US34023009200,"Census Tract 92, Middlesex County, New Jersey",,,34023009200,9411227,2759793,34,,"Census Tract 92, Middlesex County, New Jersey",4677,6.39
ACSSF,NJ,1400000US34023009300,"Census Tract 93, Middlesex County, New Jersey",,,34023009300,1013220,248230,34,,"Census Tract 93, Middlesex County, New Jersey",5768,61.75
ACSSF,NJ,1400000US34023009400,"Census Tract 94, Middlesex County, New Jersey",,,34023009400,6006073,65207,34,,"Census Tract 94, Middlesex County, New Jersey",6574,2.71
ACSSF,NJ,1400000US34023980000,"Census Tract 9800, Middlesex County, New Jersey",,,34023980000,4335805,1314354,34,,"Census Tract 9800, Middlesex County, New Jersey",8,
ACSSF,NJ,1400000US34023980100,"Census Tract 9801, Middlesex County, New Jersey",,,34023980100,4720182,1274625,34,,"Census Tract 9801, Middlesex County, New Jersey",51,0
ACSSF,NJ,1400000US34023980200,"Census Tract 9802, Middlesex County, New Jersey",,,34023980200,2104043,1631,34,,"Census Tract 9802, Middlesex County, New Jersey",5751,20.9
ACSSF,NJ,1400000US34025800101,"Census Tract 8001.01, Monmouth County, New Jersey",,,34025800101,1235913,1473751,34,,"Census Tract 8001.01, Monmouth County, New Jersey",3384,0
ACSSF,NJ,1400000US34025800102,"Census Tract 8001.02, Monmouth County, New Jersey",,,34025800102,681169,199436,34,,"Census Tract 8001.02, Monmouth County, New Jersey",1191,0
ACSSF,NJ,1400000US34025800200,"Census Tract 8002, Monmouth County, New Jersey",,,34025800200,3273914,8543219,34,,"Census Tract 8002, Monmouth County, New Jersey",4409,2.92
ACSSF,NJ,1400000US34025800400,"Census Tract 8004, Monmouth County, New Jersey",,,34025800400,5274680,6946240,34,,"Census Tract 8004, Monmouth County, New Jersey",3482,5.36
ACSSF,NJ,1400000US34025800500,"Census Tract 8005, Monmouth County, New Jersey",,,34025800500,4610278,8816958,34,,"Census Tract 8005, Monmouth County, New Jersey",4465,2.63
ACSSF,NJ,1400000US34025800601,"Census Tract 8006.01, Monmouth County, New Jersey",,,34025800601,3274087,4921868,34,,"Census Tract 8006.01, Monmouth County, New Jersey",4987,0
ACSSF,NJ,1400000US34025800602,"Census Tract 8006.02, Monmouth County, New Jersey",,,34025800602,2214518,1528,34,,"Census Tract 8006.02, Monmouth County, New Jersey",3335,8.97
ACSSF,NJ,1400000US34025800701,"Census Tract 8007.01, Monmouth County, New Jersey",,,34025800701,3019057,4680,34,,"Census Tract 8007.01, Monmouth County, New Jersey",4986,12.35
ACSSF,NJ,1400000US34025800702,"Census Tract 8007.02, Monmouth County, New Jersey",,,34025800702,3698330,4315,34,,"Census Tract 8007.02, Monmouth County, New Jersey",3801,3.03
ACSSF,NJ,1400000US34025800800,"Census Tract 8008, Monmouth County, New Jersey",,,34025800800,5560937,5114,34,,"Census Tract 8008, Monmouth County, New Jersey",6134,0
ACSSF,NJ,1400000US34025800900,"Census Tract 8009, Monmouth County, New Jersey",,,34025800900,21708861,3645041,34,,"Census Tract 8009, Monmouth County, New Jersey",6076,1.18
ACSSF,NJ,1400000US34025801000,"Census Tract 8010, Monmouth County, New Jersey",,,34025801000,6489457,46841,34,,"Census Tract 8010, Monmouth County, New Jersey",4506,0
ACSSF,NJ,1400000US34025801100,"Census Tract 8011, Monmouth County, New Jersey",,,34025801100,9669173,18918,34,,"Census Tract 8011, Monmouth County, New Jersey",4554,2.75
ACSSF,NJ,1400000US34025801200,"Census Tract 8012, Monmouth County, New Jersey",,,34025801200,6399124,14101,34,,"Census Tract 8012, Monmouth County, New Jersey",3615,5.82
ACSSF,NJ,1400000US34025801300,"Census Tract 8013, Monmouth County, New Jersey",,,34025801300,8344235,657496,34,,"Census Tract 8013, Monmouth County, New Jersey",5754,4.54
ACSSF,NJ,1400000US34025801400,"Census Tract 8014, Monmouth County, New Jersey",,,34025801400,3603139,531956,34,,"Census Tract 8014, Monmouth County, New Jersey",4013,0
ACSSF,NJ,1400000US34025801500,"Census Tract 8015, Monmouth County, New Jersey",,,34025801500,14457587,551108,34,,"Census Tract 8015, Monmouth County, New Jersey",6901,0
ACSSF,NJ,1400000US34025801600,"Census Tract 8016, Monmouth County, New Jersey",,,34025801600,1761868,5498422,34,,"Census Tract 8016, Monmouth County, New Jersey",5146,14.49
ACSSF,NJ,1400000US34025801700,"Census Tract 8017, Monmouth County, New Jersey",,,34025801700,1066779,34298385,34,,"Census Tract 8017, Monmouth County, New Jersey",4814,11.86
ACSSF,NJ,1400000US34025801800,"Census Tract 8018, Monmouth County, New Jersey",,,34025801800,4616250,257859,34,,"Census Tract 8018, Monmouth County, New Jersey",5722,0
ACSSF,NJ,1400000US34025801900,"Census Tract 8019, Monmouth County, New Jersey",,,34025801900,1347924,24427,34,,"Census Tract 8019, Monmouth County, New Jersey",3522,8.13
ACSSF,NJ,1400000US34025802000,"Census Tract 8020, Monmouth County, New Jersey",,,34025802000,2229517,166123,34,,"Census Tract 8020, Monmouth County, New Jersey",3637,0
ACSSF,NJ,1400000US34025802100,"Census Tract 8021, Monmouth County, New Jersey",,,34025802100,5197069,105462,34,,"Census Tract 8021, Monmouth County, New Jersey",6530,0
ACSSF,NJ,1400000US34025802200,"Census Tract 8022, Monmouth County, New Jersey",,,34025802200,2157652,146654,34,,"Census Tract 8022, Monmouth County, New Jersey",3988,6.82
ACSSF,NJ,1400000US34025802300,"Census Tract 8023, Monmouth County, New Jersey",,,34025802300,3324432,4729,34,,"Census Tract 8023, Monmouth County, New Jersey",4348,0
ACSSF,NJ,1400000US34025802400,"Census Tract 8024, Monmouth County, New Jersey",,,34025802400,3745686,1103,34,,"Census Tract 8024, Monmouth County, New Jersey",5487,7.13
ACSSF,NJ,1400000US34025802500,"Census Tract 8025, Monmouth County, New Jersey",,,34025802500,2346642,5406460,34,,"Census Tract 8025, Monmouth County, New Jersey",3044,0
ACSSF,NJ,1400000US34025802600,"Census Tract 8026, Monmouth County, New Jersey",,,34025802600,3041090,39285,34,,"Census Tract 8026, Monmouth County, New Jersey",5630,10.2
ACSSF,NJ,1400000US34025802700,"Census Tract 8027, Monmouth County, New Jersey",,,34025802700,3150224,258725,34,,"Census Tract 8027, Monmouth County, New Jersey",3936,12.86
ACSSF,NJ,1400000US34025802800,"Census Tract 8028, Monmouth County, New Jersey",,,34025802800,3052533,0,34,,"Census Tract 8028, Monmouth County, New Jersey",4580,0
ACSSF,NJ,1400000US34025802900,"Census Tract 8029, Monmouth County, New Jersey",,,34025802900,2501600,90587,34,,"Census Tract 8029, Monmouth County, New Jersey",2084,0
ACSSF,NJ,1400000US34025803000,"Census Tract 8030, Monmouth County, New Jersey",,,34025803000,3558564,263753,34,,"Census Tract 8030, Monmouth County, New Jersey",5808,16.63
ACSSF,NJ,1400000US34025803100,"Census Tract 8031, Monmouth County, New Jersey",,,34025803100,2310024,103190,34,,"Census Tract 8031, Monmouth County, New Jersey",3828,13.17
ACSSF,NJ,1400000US34025803201,"Census Tract 8032.01, Monmouth County, New Jersey",,,34025803201,3898597,7289,34,,"Census Tract 8032.01, Monmouth County, New Jersey",3872,16.69
ACSSF,NJ,1400000US34025803202,"Census Tract 8032.02, Monmouth County, New Jersey",,,34025803202,12245088,12912,34,,"Census Tract 8032.02, Monmouth County, New Jersey",6145,4.19
ACSSF,NJ,1400000US34025803300,"Census Tract 8033, Monmouth County, New Jersey",,,34025803300,30080263,509309,34,,"Census Tract 8033, Monmouth County, New Jersey",7384,0
ACSSF,NJ,1400000US34025803400,"Census Tract 8034, Monmouth County, New Jersey",,,34025803400,1704600,146233,34,,"Census Tract 8034, Monmouth County, New Jersey",5579,11.22
ACSSF,NJ,1400000US34025803500,"Census Tract 8035, Monmouth County, New Jersey",,,34025803500,968314,0,34,,"Census Tract 8035, Monmouth County, New Jersey",2700,0
ACSSF,NJ,1400000US34025803601,"Census Tract 8036.01, Monmouth County, New Jersey",,,34025803601,919332,916493,34,,"Census Tract 8036.01, Monmouth County, New Jersey",1979,0
ACSSF,NJ,1400000US34025803602,"Census Tract 8036.02, Monmouth County, New Jersey",,,34025803602,929003,93,34,,"Census Tract 8036.02, Monmouth County, New Jersey",2606,11.76
ACSSF,NJ,1400000US34025803700,"Census Tract 8037, Monmouth County, New Jersey",,,34025803700,4127084,1342610,34,,"Census Tract 8037, Monmouth County, New Jersey",6182,0
ACSSF,NJ,1400000US34025803800,"Census Tract 8038, Monmouth County, New Jersey",,,34025803800,9103560,3172460,34,,"Census Tract 8038, Monmouth County, New Jersey",3511,1.05
ACSSF,NJ,1400000US34025803900,"Census Tract 8039, Monmouth County, New Jersey",,,34025803900,4019620,2124961,34,,"Census Tract 8039, Monmouth County, New Jersey",3754,0
ACSSF,NJ,1400000US34025804100,"Census Tract 8041, Monmouth County, New Jersey",,,34025804100,2698711,2669732,34,,"Census Tract 8041, Monmouth County, New Jersey",3201,0
ACSSF,NJ,1400000US34025804200,"Census Tract 8042, Monmouth County, New Jersey",,,34025804200,7024115,1573064,34,,"Census Tract 8042, Monmouth County, New Jersey",6096,0
ACSSF,NJ,1400000US34025804600,"Census Tract 8046, Monmouth County, New Jersey",,,34025804600,7729219,61430,34,,"Census Tract 8046, Monmouth County, New Jersey",3439,0
ACSSF,NJ,1400000US34025804801,"Census Tract 8048.01, Monmouth County, New Jersey",,,34025804801,17672514,121420,34,,"Census Tract 8048.01, Monmouth County, New Jersey",7003,1.47
ACSSF,NJ,1400000US34025804802,"Census Tract 8048.02, Monmouth County, New Jersey",,,34025804802,6218693,54017,34,,"Census Tract 8048.02, Monmouth County, New Jersey",2833,0
ACSSF,NJ,1400000US34025805001,"Census Tract 8050.01, Monmouth County, New Jersey",,,34025805001,2514939,29000,34,,"Census Tract 8050.01, Monmouth County, New Jersey",5322,3.87
ACSSF,NJ,1400000US34025805100,"Census Tract 8051, Monmouth County, New Jersey",,,34025805100,7568474,61183,34,,"Census Tract 8051, Monmouth County, New Jersey",4194,4.01
ACSSF,NJ,1400000US34025805300,"Census Tract 8053, Monmouth County, New Jersey",,,34025805300,6398635,1495464,34,,"Census Tract 8053, Monmouth County, New Jersey",5917,0
ACSSF,NJ,1400000US34025805400,"Census Tract 8054, Monmouth County, New Jersey",,,34025805400,2108715,843794,34,,"Census Tract 8054, Monmouth County, New Jersey",4704,16.64
ACSSF,NJ,1400000US34025805500,"Census Tract 8055, Monmouth County, New Jersey",,,34025805500,1593076,304474,34,,"Census Tract 8055, Monmouth County, New Jersey",4047,48.45
ACSSF,NJ,1400000US34025805600,"Census Tract 8056, Monmouth County, New Jersey",,,34025805600,611362,5719,34,,"Census Tract 8056, Monmouth County, New Jersey",2539,29.14
ACSSF,NJ,1400000US34025805700,"Census Tract 8057, Monmouth County, New Jersey",,,34025805700,1022872,0,34,,"Census Tract 8057, Monmouth County, New Jersey",2985,26.16
ACSSF,NJ,1400000US34025805800,"Census Tract 8058, Monmouth County, New Jersey",,,34025805800,1279834,502276,34,,"Census Tract 8058, Monmouth County, New Jersey",3859,22.78
ACSSF,NJ,1400000US34025805900,"Census Tract 8059, Monmouth County, New Jersey",,,34025805900,1461911,0,34,,"Census Tract 8059, Monmouth County, New Jersey",6092,17.67
ACSSF,NJ,1400000US34025806000,"Census Tract 8060, Monmouth County, New Jersey",,,34025806000,1882129,782096,34,,"Census Tract 8060, Monmouth County, New Jersey",4173,12.28
ACSSF,NJ,1400000US34025806100,"Census Tract 8061, Monmouth County, New Jersey",,,34025806100,3312121,573681,34,,"Census Tract 8061, Monmouth County, New Jersey",3785,9.42
ACSSF,NJ,1400000US34025806201,"Census Tract 8062.01, Monmouth County, New Jersey",,,34025806201,3066993,4547,34,,"Census Tract 8062.01, Monmouth County, New Jersey",3852,0
ACSSF,NJ,1400000US34025806202,"Census Tract 8062.02, Monmouth County, New Jersey",,,34025806202,4329974,88653,34,,"Census Tract 8062.02, Monmouth County, New Jersey",4724,6.69
ACSSF,NJ,1400000US34025806300,"Census Tract 8063, Monmouth County, New Jersey",,,34025806300,3582808,86070,34,,"Census Tract 8063, Monmouth County, New Jersey",2251,16.89
ACSSF,NJ,1400000US34025806400,"Census Tract 8064, Monmouth County, New Jersey",,,34025806400,5503460,8162,34,,"Census Tract 8064, Monmouth County, New Jersey",4996,0
ACSSF,NJ,1400000US34025806501,"Census Tract 8065.01, Monmouth County, New Jersey",,,34025806501,3186949,63894,34,,"Census Tract 8065.01, Monmouth County, New Jersey",4482,11.65
ACSSF,NJ,1400000US34025806502,"Census Tract 8065.02, Monmouth County, New Jersey",,,34025806502,3480436,11288,34,,"Census Tract 8065.02, Monmouth County, New Jersey",3353,0
ACSSF,NJ,1400000US34025806503,"Census Tract 8065.03, Monmouth County, New Jersey",,,34025806503,4117237,17198,34,,"Census Tract 8065.03, Monmouth County, New Jersey",3877,2.32
ACSSF,NJ,1400000US34025806504,"Census Tract 8065.04, Monmouth County, New Jersey",,,34025806504,3114652,4403,34,,"Census Tract 8065.04, Monmouth County, New Jersey",3193,12.93
ACSSF,NJ,1400000US34025806600,"Census Tract 8066, Monmouth County, New Jersey",,,34025806600,5159988,132083,34,,"Census Tract 8066, Monmouth County, New Jersey",5640,2.64
ACSSF,NJ,1400000US34025807004,"Census Tract 8070.04, Monmouth County, New Jersey",,,34025807004,580109,195243,34,,"Census Tract 8070.04, Monmouth County, New Jersey",2980,0
ACSSF,NJ,1400000US34025807005,"Census Tract 8070.05, Monmouth County, New Jersey",,,34025807005,614354,41524,34,,"Census Tract 8070.05, Monmouth County, New Jersey",2044,61.77
ACSSF,NJ,1400000US34025807006,"Census Tract 8070.06, Monmouth County, New Jersey",,,34025807006,658525,161323,34,,"Census Tract 8070.06, Monmouth County, New Jersey",1859,0
ACSSF,NJ,1400000US34025807100,"Census Tract 8071, Monmouth County, New Jersey",,,34025807100,921997,72277,34,,"Census Tract 8071, Monmouth County, New Jersey",2421,25.5
ACSSF,NJ,1400000US34025807200,"Census Tract 8072, Monmouth County, New Jersey",,,34025807200,375479,0,34,,"Census Tract 8072, Monmouth County, New Jersey",2322,30.39
ACSSF,NJ,1400000US34025807300,"Census Tract 8073, Monmouth County, New Jersey",,,34025807300,552623,0,34,,"Census Tract 8073, Monmouth County, New Jersey",3613,21.1
ACSSF,NJ,1400000US34025807401,"Census Tract 8074.01, Monmouth County, New Jersey",,,34025807401,511101,140907,34,,"Census Tract 8074.01, Monmouth County, New Jersey",1424,0
ACSSF,NJ,1400000US34025807402,"Census Tract 8074.02, Monmouth County, New Jersey",,,34025807402,449902,108,34,,"Census Tract 8074.02, Monmouth County, New Jersey",1492,0
ACSSF,NJ,1400000US34025807500,"Census Tract 8075, Monmouth County, New Jersey",,,34025807500,1029585,10145,34,,"Census Tract 8075, Monmouth County, New Jersey",3027,41.11
ACSSF,NJ,1400000US34025807600,"Census Tract 8076, Monmouth County, New Jersey",,,34025807600,1168145,6905,34,,"Census Tract 8076, Monmouth County, New Jersey",3562,35.23
ACSSF,NJ,1400000US34025807700,"Census Tract 8077, Monmouth County, New Jersey",,,34025807700,3736504,672,34,,"Census Tract 8077, Monmouth County, New Jersey",4245,21.15
ACSSF,NJ,1400000US34025807800,"Census Tract 8078, Monmouth County, New Jersey",,,34025807800,3522949,831,34,,"Census Tract 8078, Monmouth County, New Jersey",4414,1.52
ACSSF,NJ,1400000US34025807900,"Census Tract 8079, Monmouth County, New Jersey",,,34025807900,4736206,19475,34,,"Census Tract 8079, Monmouth County, New Jersey",4114,9
ACSSF,NJ,1400000US34025808001,"Census Tract 8080.01, Monmouth County, New Jersey",,,34025808001,2625979,1625998,34,,"Census Tract 8080.01, Monmouth County, New Jersey",3616,0
ACSSF,NJ,1400000US34025808002,"Census Tract 8080.02, Monmouth County, New Jersey",,,34025808002,3264224,49038,34,,"Census Tract 8080.02, Monmouth County, New Jersey",2214,3.13
ACSSF,NJ,1400000US34025808100,"Census Tract 8081, Monmouth County, New Jersey",,,34025808100,2319581,0,34,,"Census Tract 8081, Monmouth County, New Jersey",4607,50.06
ACSSF,NJ,1400000US34025808201,"Census Tract 8082.01, Monmouth County, New Jersey",,,34025808201,971078,35423,34,,"Census Tract 8082.01, Monmouth County, New Jersey",2437,9.23
ACSSF,NJ,1400000US34025808202,"Census Tract 8082.02, Monmouth County, New Jersey",,,34025808202,609995,18747,34,,"Census Tract 8082.02, Monmouth County, New Jersey",1827,0.9
ACSSF,NJ,1400000US34025808300,"Census Tract 8083, Monmouth County, New Jersey",,,34025808300,1102174,298587,34,,"Census Tract 8083, Monmouth County, New Jersey",1801,14.48
ACSSF,NJ,1400000US34025808401,"Census Tract 8084.01, Monmouth County, New Jersey",,,34025808401,1224319,376783,34,,"Census Tract 8084.01, Monmouth County, New Jersey",1866,0
ACSSF,NJ,1400000US34025808402,"Census Tract 8084.02, Monmouth County, New Jersey",,,34025808402,1482388,1099566,34,,"Census Tract 8084.02, Monmouth County, New Jersey",3995,22.97
ACSSF,NJ,1400000US34025808501,"Census Tract 8085.01, Monmouth County, New Jersey",,,34025808501,5035296,474211,34,,"Census Tract 8085.01, Monmouth County, New Jersey",3895,2.09
ACSSF,NJ,1400000US34025808502,"Census Tract 8085.02, Monmouth County, New Jersey",,,34025808502,1810636,29863,34,,"Census Tract 8085.02, Monmouth County, New Jersey",2931,0
ACSSF,NJ,1400000US34025808600,"Census Tract 8086, Monmouth County, New Jersey",,,34025808600,36396895,688960,34,,"Census Tract 8086, Monmouth County, New Jersey",6167,0
ACSSF,NJ,1400000US34025808701,"Census Tract 8087.01, Monmouth County, New Jersey",,,34025808701,14643571,208700,34,,"Census Tract 8087.01, Monmouth County, New Jersey",4936,5.12
ACSSF,NJ,1400000US34025808702,"Census Tract 8087.02, Monmouth County, New Jersey",,,34025808702,17521522,1231411,34,,"Census Tract 8087.02, Monmouth County, New Jersey",3866,7.56
ACSSF,NJ,1400000US34025808800,"Census Tract 8088, Monmouth County, New Jersey",,,34025808800,3995770,38152,34,,"Census Tract 8088, Monmouth County, New Jersey",4682,0
ACSSF,NJ,1400000US34025808901,"Census Tract 8089.01, Monmouth County, New Jersey",,,34025808901,2329720,76407,34,,"Census Tract 8089.01, Monmouth County, New Jersey",2148,8.73
ACSSF,NJ,1400000US34025808902,"Census Tract 8089.02, Monmouth County, New Jersey",,,34025808902,1023636,0,34,,"Census Tract 8089.02, Monmouth County, New Jersey",2718,8.51
ACSSF,NJ,1400000US34025809000,"Census Tract 8090, Monmouth County, New Jersey",,,34025809000,651943,19864,34,,"Census Tract 8090, Monmouth County, New Jersey",1660,18.88
ACSSF,NJ,1400000US34025809100,"Census Tract 8091, Monmouth County, New Jersey",,,34025809100,3451114,1069380,34,,"Census Tract 8091, Monmouth County, New Jersey",2782,0
ACSSF,NJ,1400000US34025809200,"Census Tract 8092, Monmouth County, New Jersey",,,34025809200,2746249,1026321,34,,"Census Tract 8092, Monmouth County, New Jersey",1978,0
ACSSF,NJ,1400000US34025809301,"Census Tract 8093.01, Monmouth County, New Jersey",,,34025809301,1670111,9867,34,,"Census Tract 8093.01, Monmouth County, New Jersey",3287,0
ACSSF,NJ,1400000US34025809302,"Census Tract 8093.02, Monmouth County, New Jersey",,,34025809302,1903517,2956764,34,,"Census Tract 8093.02, Monmouth County, New Jersey",2628,0.95
ACSSF,NJ,1400000US34025809400,"Census Tract 8094, Monmouth County, New Jersey",,,34025809400,4546762,1588245,34,,"Census Tract 8094, Monmouth County, New Jersey",4960,1.77
ACSSF,NJ,1400000US34025809503,"Census Tract 8095.03, Monmouth County, New Jersey",,,34025809503,14986651,33478,34,,"Census Tract 8095.03, Monmouth County, New Jersey",6307,2.48
ACSSF,NJ,1400000US34025809504,"Census Tract 8095.04, Monmouth County, New Jersey",,,34025809504,13398836,53561,34,,"Census Tract 8095.04, Monmouth County, New Jersey",2567,0
ACSSF,NJ,1400000US34025809505,"Census Tract 8095.05, Monmouth County, New Jersey",,,34025809505,7629767,25574,34,,"Census Tract 8095.05, Monmouth County, New Jersey",5192,4.03
ACSSF,NJ,1400000US34025809506,"Census Tract 8095.06, Monmouth County, New Jersey",,,34025809506,6032440,38598,34,,"Census Tract 8095.06, Monmouth County, New Jersey",4008,3.81
ACSSF,NJ,1400000US34025809600,"Census Tract 8096, Monmouth County, New Jersey",,,34025809600,9513025,16528,34,,"Census Tract 8096, Monmouth County, New Jersey",6976,0
ACSSF,NJ,1400000US34025809701,"Census Tract 8097.01, Monmouth County, New Jersey",,,34025809701,14076320,43341,34,,"Census Tract 8097.01, Monmouth County, New Jersey",5530,12.32
ACSSF,NJ,1400000US34025809703,"Census Tract 8097.03, Monmouth County, New Jersey",,,34025809703,4811037,29589,34,,"Census Tract 8097.03, Monmouth County, New Jersey",4806,0
ACSSF,NJ,1400000US34025809704,"Census Tract 8097.04, Monmouth County, New Jersey",,,34025809704,8142020,30338,34,,"Census Tract 8097.04, Monmouth County, New Jersey",6120,2.2
ACSSF,NJ,1400000US34025809901,"Census Tract 8099.01, Monmouth County, New Jersey",,,34025809901,23080728,327365,34,,"Census Tract 8099.01, Monmouth County, New Jersey",5181,5.25
ACSSF,NJ,1400000US34025809902,"Census Tract 8099.02, Monmouth County, New Jersey",,,34025809902,37699610,2351840,34,,"Census Tract 8099.02, Monmouth County, New Jersey",4530,1.51
ACSSF,NJ,1400000US34025809903,"Census Tract 8099.03, Monmouth County, New Jersey",,,34025809903,18771783,107272,34,,"Census Tract 8099.03, Monmouth County, New Jersey",231,0
ACSSF,NJ,1400000US34025810001,"Census Tract 8100.01, Monmouth County, New Jersey",,,34025810001,7173228,52370,34,,"Census Tract 8100.01, Monmouth County, New Jersey",5813,6.2
ACSSF,NJ,1400000US34025810002,"Census Tract 8100.02, Monmouth County, New Jersey",,,34025810002,2890480,14361,34,,"Census Tract 8100.02, Monmouth County, New Jersey",3358,0
ACSSF,NJ,1400000US34025810003,"Census Tract 8100.03, Monmouth County, New Jersey",,,34025810003,5361061,1031,34,,"Census Tract 8100.03, Monmouth County, New Jersey",5611,5.64
ACSSF,NJ,1400000US34025810004,"Census Tract 8100.04, Monmouth County, New Jersey",,,34025810004,5982529,48211,34,,"Census Tract 8100.04, Monmouth County, New Jersey",4568,4.59
ACSSF,NJ,1400000US34025810101,"Census Tract 8101.01, Monmouth County, New Jersey",,,34025810101,4614966,7262,34,,"Census Tract 8101.01, Monmouth County, New Jersey",4416,0
ACSSF,NJ,1400000US34025810102,"Census Tract 8101.02, Monmouth County, New Jersey",,,34025810102,7272818,22015,34,,"Census Tract 8101.02, Monmouth County, New Jersey",4193,0.99
ACSSF,NJ,1400000US34025810201,"Census Tract 8102.01, Monmouth County, New Jersey",,,34025810201,25772854,330114,34,,"Census Tract 8102.01, Monmouth County, New Jersey",5599,0
ACSSF,NJ,1400000US34025810202,"Census Tract 8102.02, Monmouth County, New Jersey",,,34025810202,20318125,125517,34,,"Census Tract 8102.02, Monmouth County, New Jersey",7108,3.52
ACSSF,NJ,1400000US34025810300,"Census Tract 8103, Monmouth County, New Jersey",,,34025810300,1475861,43341,34,,"Census Tract 8103, Monmouth County, New Jersey",2075,21.87
ACSSF,NJ,1400000US34025810401,"Census Tract 8104.01, Monmouth County, New Jersey",,,34025810401,11471405,119107,34,,"Census Tract 8104.01, Monmouth County, New Jersey",4389,3.74
ACSSF,NJ,1400000US34025810402,"Census Tract 8104.02, Monmouth County, New Jersey",,,34025810402,12538756,28947,34,,"Census Tract 8104.02, Monmouth County, New Jersey",7634,18.43
ACSSF,NJ,1400000US34025810501,"Census Tract 8105.01, Monmouth County, New Jersey",,,34025810501,8633488,55344,34,,"Census Tract 8105.01, Monmouth County, New Jersey",3524,0
ACSSF,NJ,1400000US34025810503,"Census Tract 8105.03, Monmouth County, New Jersey",,,34025810503,6101694,72370,34,,"Census Tract 8105.03, Monmouth County, New Jersey",4616,0
ACSSF,NJ,1400000US34025810504,"Census Tract 8105.04, Monmouth County, New Jersey",,,34025810504,5771297,5081,34,,"Census Tract 8105.04, Monmouth County, New Jersey",4887,4.85
ACSSF,NJ,1400000US34025810505,"Census Tract 8105.05, Monmouth County, New Jersey",,,34025810505,5119556,13700,34,,"Census Tract 8105.05, Monmouth County, New Jersey",3875,0
ACSSF,NJ,1400000US34025810600,"Census Tract 8106, Monmouth County, New Jersey",,,34025810600,50475274,300129,34,,"Census Tract 8106, Monmouth County, New Jersey",6592,27.7
ACSSF,NJ,1400000US34025810700,"Census Tract 8107, Monmouth County, New Jersey",,,34025810700,1172843,0,34,,"Census Tract 8107, Monmouth County, New Jersey",2072,20.94
ACSSF,NJ,1400000US34025810800,"Census Tract 8108, Monmouth County, New Jersey",,,34025810800,1156959,0,34,,"Census Tract 8108, Monmouth County, New Jersey",3717,7.24
ACSSF,NJ,1400000US34025810900,"Census Tract 8109, Monmouth County, New Jersey",,,34025810900,1483938,4392,34,,"Census Tract 8109, Monmouth County, New Jersey",2863,0
ACSSF,NJ,1400000US34025811000,"Census Tract 8110, Monmouth County, New Jersey",,,34025811000,1190728,0,34,,"Census Tract 8110, Monmouth County, New Jersey",3852,30.51
ACSSF,NJ,1400000US34025811101,"Census Tract 8111.01, Monmouth County, New Jersey",,,34025811101,7367882,80847,34,,"Census Tract 8111.01, Monmouth County, New Jersey",6113,7.02
ACSSF,NJ,1400000US34025811102,"Census Tract 8111.02, Monmouth County, New Jersey",,,34025811102,48955696,288659,34,,"Census Tract 8111.02, Monmouth County, New Jersey",6657,0
ACSSF,NJ,1400000US34025811200,"Census Tract 8112, Monmouth County, New Jersey",,,34025811200,33593920,1440216,34,,"Census Tract 8112, Monmouth County, New Jersey",6220,17.99
ACSSF,NJ,1400000US34025811301,"Census Tract 8113.01, Monmouth County, New Jersey",,,34025811301,9046112,47600,34,,"Census Tract 8113.01, Monmouth County, New Jersey",6140,17.03
ACSSF,NJ,1400000US34025811303,"Census Tract 8113.03, Monmouth County, New Jersey",,,34025811303,4458495,64590,34,,"Census Tract 8113.03, Monmouth County, New Jersey",4675,0
ACSSF,NJ,1400000US34025811304,"Census Tract 8113.04, Monmouth County, New Jersey",,,34025811304,6456439,105542,34,,"Census Tract 8113.04, Monmouth County, New Jersey",4075,9.47
ACSSF,NJ,1400000US34025811401,"Census Tract 8114.01, Monmouth County, New Jersey",,,34025811401,4150241,6912,34,,"Census Tract 8114.01, Monmouth County, New Jersey",5656,0
ACSSF,NJ,1400000US34025811402,"Census Tract 8114.02, Monmouth County, New Jersey",,,34025811402,2919456,20031,34,,"Census Tract 8114.02, Monmouth County, New Jersey",3881,11.83
ACSSF,NJ,1400000US34025811501,"Census Tract 8115.01, Monmouth County, New Jersey",,,34025811501,6793318,61450,34,,"Census Tract 8115.01, Monmouth County, New Jersey",6424,1.25
ACSSF,NJ,1400000US34025811502,"Census Tract 8115.02, Monmouth County, New Jersey",,,34025811502,32359075,323660,34,,"Census Tract 8115.02, Monmouth County, New Jersey",3820,4.85
ACSSF,NJ,1400000US34025811600,"Census Tract 8116, Monmouth County, New Jersey",,,34025811600,1347873,0,34,,"Census Tract 8116, Monmouth County, New Jersey",1399,1.54
ACSSF,NJ,1400000US34025811900,"Census Tract 8119, Monmouth County, New Jersey",,,34025811900,120426219,2255972,34,,"Census Tract 8119, Monmouth County, New Jersey",7237,5.5
ACSSF,NJ,1400000US34025812000,"Census Tract 8120, Monmouth County, New Jersey",,,34025812000,1544107,64010,34,,"Census Tract 8120, Monmouth County, New Jersey",1926,0.64
ACSSF,NJ,1400000US34025812100,"Census Tract 8121, Monmouth County, New Jersey",,,34025812100,9550368,21333299,34,,"Census Tract 8121, Monmouth County, New Jersey",1666,0
ACSSF,NJ,1400000US34025812200,"Census Tract 8122, Monmouth County, New Jersey",,,34025812200,5782096,148218,34,,"Census Tract 8122, Monmouth County, New Jersey",4234,0
ACSSF,NJ,1400000US34025812300,"Census Tract 8123, Monmouth County, New Jersey",,,34025812300,5852455,74918,34,,"Census Tract 8123, Monmouth County, New Jersey",5369,8.71
ACSSF,NJ,1400000US34025812400,"Census Tract 8124, Monmouth County, New Jersey",,,34025812400,4798642,703691,34,,"Census Tract 8124, Monmouth County, New Jersey",2039,6.19
ACSSF,NJ,1400000US34025812501,"Census Tract 8125.01, Monmouth County, New Jersey",,,34025812501,49031943,324045,34,,"Census Tract 8125.01, Monmouth County, New Jersey",6572,0
ACSSF,NJ,1400000US34025812502,"Census Tract 8125.02, Monmouth County, New Jersey",,,34025812502,50804770,1190476,34,,"Census Tract 8125.02, Monmouth County, New Jersey",4841,0.87
ACSSF,NJ,1400000US34025812600,"Census Tract 8126, Monmouth County, New Jersey",,,34025812600,9541913,109176,34,,"Census Tract 8126, Monmouth County, New Jersey",5977,27.2
ACSSF,NJ,1400000US34025990000,"Census Tract 9900, Monmouth County, New Jersey",,,34025990000,0,353084355,34,,"Census Tract 9900, Monmouth County, New Jersey",0,
ACSSF,NJ,1400000US34027040101,"Census Tract 401.01, Morris County, New Jersey",,,34027040101,7575226,836882,34,,"Census Tract 401.01, Morris County, New Jersey",4180,0
ACSSF,NJ,1400000US34027040102,"Census Tract 401.02, Morris County, New Jersey",,,34027040102,8994947,511445,34,,"Census Tract 401.02, Morris County, New Jersey",6721,6.97
ACSSF,NJ,1400000US34027040200,"Census Tract 402, Morris County, New Jersey",,,34027040200,7245521,759171,34,,"Census Tract 402, Morris County, New Jersey",6995,5.38
ACSSF,NJ,1400000US34027040301,"Census Tract 403.01, Morris County, New Jersey",,,34027040301,7180397,71403,34,,"Census Tract 403.01, Morris County, New Jersey",4168,3.37
ACSSF,NJ,1400000US34027040302,"Census Tract 403.02, Morris County, New Jersey",,,34027040302,3116591,3307,34,,"Census Tract 403.02, Morris County, New Jersey",4413,10.91
ACSSF,NJ,1400000US34027040400,"Census Tract 404, Morris County, New Jersey",,,34027040400,5247885,105916,34,,"Census Tract 404, Morris County, New Jersey",4084,10.21
ACSSF,NJ,1400000US34027040500,"Census Tract 405, Morris County, New Jersey",,,34027040500,1643130,11516,34,,"Census Tract 405, Morris County, New Jersey",3641,28.97
ACSSF,NJ,1400000US34027040600,"Census Tract 406, Morris County, New Jersey",,,34027040600,3623800,57816,34,,"Census Tract 406, Morris County, New Jersey",4431,3.56
ACSSF,NJ,1400000US34027040701,"Census Tract 407.01, Morris County, New Jersey",,,34027040701,21975227,1893085,34,,"Census Tract 407.01, Morris County, New Jersey",5835,4.38
ACSSF,NJ,1400000US34027040702,"Census Tract 407.02, Morris County, New Jersey",,,34027040702,24755574,1239193,34,,"Census Tract 407.02, Morris County, New Jersey",4136,1.08
ACSSF,NJ,1400000US34027040801,"Census Tract 408.01, Morris County, New Jersey",,,34027040801,22068600,707257,34,,"Census Tract 408.01, Morris County, New Jersey",4857,0
ACSSF,NJ,1400000US34027040803,"Census Tract 408.03, Morris County, New Jersey",,,34027040803,10514922,303178,34,,"Census Tract 408.03, Morris County, New Jersey",7348,5.73
ACSSF,NJ,1400000US34027040804,"Census Tract 408.04, Morris County, New Jersey",,,34027040804,5251719,59398,34,,"Census Tract 408.04, Morris County, New Jersey",3889,4.17
ACSSF,NJ,1400000US34027040805,"Census Tract 408.05, Morris County, New Jersey",,,34027040805,10394307,195527,34,,"Census Tract 408.05, Morris County, New Jersey",6327,0
ACSSF,NJ,1400000US34027040900,"Census Tract 409, Morris County, New Jersey",,,34027040900,21054657,956295,34,,"Census Tract 409, Morris County, New Jersey",4392,0
ACSSF,NJ,1400000US34027041000,"Census Tract 410, Morris County, New Jersey",,,34027041000,4028691,312633,34,,"Census Tract 410, Morris County, New Jersey",4982,7.33
ACSSF,NJ,1400000US34027041100,"Census Tract 411, Morris County, New Jersey",,,34027041100,2036365,62958,34,,"Census Tract 411, Morris County, New Jersey",3821,13.86
ACSSF,NJ,1400000US34027041200,"Census Tract 412, Morris County, New Jersey",,,34027041200,6847905,685265,34,,"Census Tract 412, Morris County, New Jersey",4535,0
ACSSF,NJ,1400000US34027041300,"Census Tract 413, Morris County, New Jersey",,,34027041300,12433592,968938,34,,"Census Tract 413, Morris County, New Jersey",4983,6.77
ACSSF,NJ,1400000US34027041400,"Census Tract 414, Morris County, New Jersey",,,34027041400,6171428,599301,34,,"Census Tract 414, Morris County, New Jersey",6032,2.76
ACSSF,NJ,1400000US34027041500,"Census Tract 415, Morris County, New Jersey",,,34027041500,12446000,366701,34,,"Census Tract 415, Morris County, New Jersey",6095,3.46
ACSSF,NJ,1400000US34027041602,"Census Tract 416.02, Morris County, New Jersey",,,34027041602,4382206,268878,34,,"Census Tract 416.02, Morris County, New Jersey",2835,0
ACSSF,NJ,1400000US34027041603,"Census Tract 416.03, Morris County, New Jersey",,,34027041603,4445538,1675571,34,,"Census Tract 416.03, Morris County, New Jersey",3597,5.64
ACSSF,NJ,1400000US34027041604,"Census Tract 416.04, Morris County, New Jersey",,,34027041604,5644438,41357,34,,"Census Tract 416.04, Morris County, New Jersey",5306,0
ACSSF,NJ,1400000US34027041605,"Census Tract 416.05, Morris County, New Jersey",,,34027041605,8189523,117012,34,,"Census Tract 416.05, Morris County, New Jersey",4566,0
ACSSF,NJ,1400000US34027041606,"Census Tract 416.06, Morris County, New Jersey",,,34027041606,1875976,1438,34,,"Census Tract 416.06, Morris County, New Jersey",4095,0
ACSSF,NJ,1400000US34027041701,"Census Tract 417.01, Morris County, New Jersey",,,34027041701,1591752,0,34,,"Census Tract 417.01, Morris County, New Jersey",6711,0
ACSSF,NJ,1400000US34027041702,"Census Tract 417.02, Morris County, New Jersey",,,34027041702,1177780,22960,34,,"Census Tract 417.02, Morris County, New Jersey",3220,10.53
ACSSF,NJ,1400000US34027041704,"Census Tract 417.04, Morris County, New Jersey",,,34027041704,5390388,10492,34,,"Census Tract 417.04, Morris County, New Jersey",5249,7.58
ACSSF,NJ,1400000US34027041705,"Census Tract 417.05, Morris County, New Jersey",,,34027041705,1600373,0,34,,"Census Tract 417.05, Morris County, New Jersey",1587,0
ACSSF,NJ,1400000US34027041706,"Census Tract 417.06, Morris County, New Jersey",,,34027041706,5007741,1457941,34,,"Census Tract 417.06, Morris County, New Jersey",5749,5.12
ACSSF,NJ,1400000US34027041801,"Census Tract 418.01, Morris County, New Jersey",,,34027041801,1294387,801,34,,"Census Tract 418.01, Morris County, New Jersey",2637,6.62
ACSSF,NJ,1400000US34027041802,"Census Tract 418.02, Morris County, New Jersey",,,34027041802,4480991,707308,34,,"Census Tract 418.02, Morris County, New Jersey",5337,0
ACSSF,NJ,1400000US34027041803,"Census Tract 418.03, Morris County, New Jersey",,,34027041803,16120375,186341,34,,"Census Tract 418.03, Morris County, New Jersey",5183,4.58
ACSSF,NJ,1400000US34027041901,"Census Tract 419.01, Morris County, New Jersey",,,34027041901,9949138,309895,34,,"Census Tract 419.01, Morris County, New Jersey",5647,0
ACSSF,NJ,1400000US34027041902,"Census Tract 419.02, Morris County, New Jersey",,,34027041902,10446550,272377,34,,"Census Tract 419.02, Morris County, New Jersey",5459,0
ACSSF,NJ,1400000US34027042000,"Census Tract 420, Morris County, New Jersey",,,34027042000,9631974,403102,34,,"Census Tract 420, Morris County, New Jersey",4633,6.89
ACSSF,NJ,1400000US34027042100,"Census Tract 421, Morris County, New Jersey",,,34027042100,9335539,96948,34,,"Census Tract 421, Morris County, New Jersey",4092,0
ACSSF,NJ,1400000US34027042200,"Census Tract 422, Morris County, New Jersey",,,34027042200,8264525,93993,34,,"Census Tract 422, Morris County, New Jersey",5902,0.42
ACSSF,NJ,1400000US34027042301,"Census Tract 423.01, Morris County, New Jersey",,,34027042301,1592589,16834,34,,"Census Tract 423.01, Morris County, New Jersey",2435,7.79
ACSSF,NJ,1400000US34027042302,"Census Tract 423.02, Morris County, New Jersey",,,34027042302,5021845,75273,34,,"Census Tract 423.02, Morris County, New Jersey",3779,4.92
ACSSF,NJ,1400000US34027042500,"Census Tract 425, Morris County, New Jersey",,,34027042500,3035400,1816,34,,"Census Tract 425, Morris County, New Jersey",3423,1.67
ACSSF,NJ,1400000US34027042601,"Census Tract 426.01, Morris County, New Jersey",,,34027042601,7224792,42974,34,,"Census Tract 426.01, Morris County, New Jersey",3393,1.35
ACSSF,NJ,1400000US34027042602,"Census Tract 426.02, Morris County, New Jersey",,,34027042602,8682953,377550,34,,"Census Tract 426.02, Morris County, New Jersey",6318,17.28
ACSSF,NJ,1400000US34027042700,"Census Tract 427, Morris County, New Jersey",,,34027042700,3162115,55719,34,,"Census Tract 427, Morris County, New Jersey",4457,2.97
ACSSF,NJ,1400000US34027042800,"Census Tract 428, Morris County, New Jersey",,,34027042800,2906858,34616,34,,"Census Tract 428, Morris County, New Jersey",4762,0.73
ACSSF,NJ,1400000US34027042900,"Census Tract 429, Morris County, New Jersey",,,34027042900,2064320,10617,34,,"Census Tract 429, Morris County, New Jersey",3714,0
ACSSF,NJ,1400000US34027043000,"Census Tract 430, Morris County, New Jersey",,,34027043000,2868107,2182,34,,"Census Tract 430, Morris County, New Jersey",4399,0
ACSSF,NJ,1400000US34027043100,"Census Tract 431, Morris County, New Jersey",,,34027043100,3001242,4054,34,,"Census Tract 431, Morris County, New Jersey",3636,2.63
ACSSF,NJ,1400000US34027043200,"Census Tract 432, Morris County, New Jersey",,,34027043200,3233569,15647,34,,"Census Tract 432, Morris County, New Jersey",4715,3.49
ACSSF,NJ,1400000US34027043301,"Census Tract 433.01, Morris County, New Jersey",,,34027043301,4143573,22599,34,,"Census Tract 433.01, Morris County, New Jersey",2386,0
ACSSF,NJ,1400000US34027043302,"Census Tract 433.02, Morris County, New Jersey",,,34027043302,4535772,40394,34,,"Census Tract 433.02, Morris County, New Jersey",3782,0
ACSSF,NJ,1400000US34027043303,"Census Tract 433.03, Morris County, New Jersey",,,34027043303,7415254,104731,34,,"Census Tract 433.03, Morris County, New Jersey",3831,0
ACSSF,NJ,1400000US34027043401,"Census Tract 434.01, Morris County, New Jersey",,,34027043401,7908434,30963,34,,"Census Tract 434.01, Morris County, New Jersey",7543,12.8
ACSSF,NJ,1400000US34027043402,"Census Tract 434.02, Morris County, New Jersey",,,34027043402,16613911,141140,34,,"Census Tract 434.02, Morris County, New Jersey",5697,0
ACSSF,NJ,1400000US34027043500,"Census Tract 435, Morris County, New Jersey",,,34027043500,1121636,97987,34,,"Census Tract 435, Morris County, New Jersey",3669,19.94
ACSSF,NJ,1400000US34027043601,"Census Tract 436.01, Morris County, New Jersey",,,34027043601,996172,3261,34,,"Census Tract 436.01, Morris County, New Jersey",3007,0
ACSSF,NJ,1400000US34027043602,"Census Tract 436.02, Morris County, New Jersey",,,34027043602,1105637,8384,34,,"Census Tract 436.02, Morris County, New Jersey",2923,23.38
ACSSF,NJ,1400000US34027043700,"Census Tract 437, Morris County, New Jersey",,,34027043700,2171696,19315,34,,"Census Tract 437, Morris County, New Jersey",3429,0
ACSSF,NJ,1400000US34027043801,"Census Tract 438.01, Morris County, New Jersey",,,34027043801,1164896,32522,34,,"Census Tract 438.01, Morris County, New Jersey",2844,18.88
ACSSF,NJ,1400000US34027043802,"Census Tract 438.02, Morris County, New Jersey",,,34027043802,974639,91739,34,,"Census Tract 438.02, Morris County, New Jersey",4384,5.59
ACSSF,NJ,1400000US34027043900,"Census Tract 439, Morris County, New Jersey",,,34027043900,4768900,60353,34,,"Census Tract 439, Morris County, New Jersey",5085,0
ACSSF,NJ,1400000US34027044000,"Census Tract 440, Morris County, New Jersey",,,34027044000,18740696,643770,34,,"Census Tract 440, Morris County, New Jersey",5916,0
ACSSF,NJ,1400000US34027044101,"Census Tract 441.01, Morris County, New Jersey",,,34027044101,7966303,137356,34,,"Census Tract 441.01, Morris County, New Jersey",2723,4.97
ACSSF,NJ,1400000US34027044102,"Census Tract 441.02, Morris County, New Jersey",,,34027044102,22587391,531496,34,,"Census Tract 441.02, Morris County, New Jersey",5886,7.44
ACSSF,NJ,1400000US34027044200,"Census Tract 442, Morris County, New Jersey",,,34027044200,51939965,1336022,34,,"Census Tract 442, Morris County, New Jersey",3882,0
ACSSF,NJ,1400000US34027044300,"Census Tract 443, Morris County, New Jersey",,,34027044300,5375670,121043,34,,"Census Tract 443, Morris County, New Jersey",6589,5.42
ACSSF,NJ,1400000US34027044401,"Census Tract 444.01, Morris County, New Jersey",,,34027044401,85542386,9172123,34,,"Census Tract 444.01, Morris County, New Jersey",5303,7.36
ACSSF,NJ,1400000US34027044403,"Census Tract 444.03, Morris County, New Jersey",,,34027044403,7650235,1230418,34,,"Census Tract 444.03, Morris County, New Jersey",4880,0
ACSSF,NJ,1400000US34027044404,"Census Tract 444.04, Morris County, New Jersey",,,34027044404,2625151,19787,34,,"Census Tract 444.04, Morris County, New Jersey",4453,0
ACSSF,NJ,1400000US34027044502,"Census Tract 445.02, Morris County, New Jersey",,,34027044502,2954848,18812,34,,"Census Tract 445.02, Morris County, New Jersey",4373,14.34
ACSSF,NJ,1400000US34027044503,"Census Tract 445.03, Morris County, New Jersey",,,34027044503,5072565,261404,34,,"Census Tract 445.03, Morris County, New Jersey",2455,0
ACSSF,NJ,1400000US34027044504,"Census Tract 445.04, Morris County, New Jersey",,,34027044504,4224955,81453,34,,"Census Tract 445.04, Morris County, New Jersey",4346,2.77
ACSSF,NJ,1400000US34027044601,"Census Tract 446.01, Morris County, New Jersey",,,34027044601,17608730,945434,34,,"Census Tract 446.01, Morris County, New Jersey",4660,1.47
ACSSF,NJ,1400000US34027044602,"Census Tract 446.02, Morris County, New Jersey",,,34027044602,42934261,2806270,34,,"Census Tract 446.02, Morris County, New Jersey",5492,7.07
ACSSF,NJ,1400000US34027044701,"Census Tract 447.01, Morris County, New Jersey",,,34027044701,6510494,3271071,34,,"Census Tract 447.01, Morris County, New Jersey",4771,2.36
ACSSF,NJ,1400000US34027044702,"Census Tract 447.02, Morris County, New Jersey",,,34027044702,33870635,2931716,34,,"Census Tract 447.02, Morris County, New Jersey",5612,2.21
ACSSF,NJ,1400000US34027044800,"Census Tract 448, Morris County, New Jersey",,,34027044800,2139318,23118,34,,"Census Tract 448, Morris County, New Jersey",7148,15.39
ACSSF,NJ,1400000US34027044900,"Census Tract 449, Morris County, New Jersey",,,34027044900,2303245,22198,34,,"Census Tract 449, Morris County, New Jersey",5818,3.49
ACSSF,NJ,1400000US34027045000,"Census Tract 450, Morris County, New Jersey",,,34027045000,2487414,89015,34,,"Census Tract 450, Morris County, New Jersey",5454,33.49
ACSSF,NJ,1400000US34027045100,"Census Tract 451, Morris County, New Jersey",,,34027045100,5384728,146982,34,,"Census Tract 451, Morris County, New Jersey",7254,30.95
ACSSF,NJ,1400000US34027045200,"Census Tract 452, Morris County, New Jersey",,,34027045200,7605020,149605,34,,"Census Tract 452, Morris County, New Jersey",3993,10.36
ACSSF,NJ,1400000US34027045300,"Census Tract 453, Morris County, New Jersey",,,34027045300,19590682,1322921,34,,"Census Tract 453, Morris County, New Jersey",4436,5.65
ACSSF,NJ,1400000US34027045402,"Census Tract 454.02, Morris County, New Jersey",,,34027045402,8252550,1212092,34,,"Census Tract 454.02, Morris County, New Jersey",5668,18.01
ACSSF,NJ,1400000US34027045403,"Census Tract 454.03, Morris County, New Jersey",,,34027045403,2987559,78686,34,,"Census Tract 454.03, Morris County, New Jersey",3358,6.12
ACSSF,NJ,1400000US34027045404,"Census Tract 454.04, Morris County, New Jersey",,,34027045404,2560167,1624401,34,,"Census Tract 454.04, Morris County, New Jersey",2543,17.76
ACSSF,NJ,1400000US34027045501,"Census Tract 455.01, Morris County, New Jersey",,,34027045501,7875925,104341,34,,"Census Tract 455.01, Morris County, New Jersey",5059,7.83
ACSSF,NJ,1400000US34027045503,"Census Tract 455.03, Morris County, New Jersey",,,34027045503,5516055,49613,34,,"Census Tract 455.03, Morris County, New Jersey",3358,3.26
ACSSF,NJ,1400000US34027045504,"Census Tract 455.04, Morris County, New Jersey",,,34027045504,12754235,151544,34,,"Census Tract 455.04, Morris County, New Jersey",4590,0
ACSSF,NJ,1400000US34027045603,"Census Tract 456.03, Morris County, New Jersey",,,34027045603,3503169,8402,34,,"Census Tract 456.03, Morris County, New Jersey",5454,14.42
ACSSF,NJ,1400000US34027045701,"Census Tract 457.01, Morris County, New Jersey",,,34027045701,20187590,163842,34,,"Census Tract 457.01, Morris County, New Jersey",5894,3.06
ACSSF,NJ,1400000US34027045703,"Census Tract 457.03, Morris County, New Jersey",,,34027045703,4914619,4887,34,,"Census Tract 457.03, Morris County, New Jersey",4342,7.04
ACSSF,NJ,1400000US34027045704,"Census Tract 457.04, Morris County, New Jersey",,,34027045704,11004485,325038,34,,"Census Tract 457.04, Morris County, New Jersey",5281,0.89
ACSSF,NJ,1400000US34027045804,"Census Tract 458.04, Morris County, New Jersey",,,34027045804,46061301,592079,34,,"Census Tract 458.04, Morris County, New Jersey",5994,0
ACSSF,NJ,1400000US34027045901,"Census Tract 459.01, Morris County, New Jersey",,,34027045901,4124807,4041,34,,"Census Tract 459.01, Morris County, New Jersey",1359,1.07
ACSSF,NJ,1400000US34027045903,"Census Tract 459.03, Morris County, New Jersey",,,34027045903,39086247,89444,34,,"Census Tract 459.03, Morris County, New Jersey",3264,0
ACSSF,NJ,1400000US34027045904,"Census Tract 459.04, Morris County, New Jersey",,,34027045904,36343092,130626,34,,"Census Tract 459.04, Morris County, New Jersey",4445,0
ACSSF,NJ,1400000US34027046000,"Census Tract 460, Morris County, New Jersey",,,34027046000,2154693,320307,34,,"Census Tract 460, Morris County, New Jersey",3543,1.89
ACSSF,NJ,1400000US34027046103,"Census Tract 461.03, Morris County, New Jersey",,,34027046103,6697727,41749,34,,"Census Tract 461.03, Morris County, New Jersey",6095,11.98
ACSSF,NJ,1400000US34027046104,"Census Tract 461.04, Morris County, New Jersey",,,34027046104,23562284,144334,34,,"Census Tract 461.04, Morris County, New Jersey",5812,0
ACSSF,NJ,1400000US34027046107,"Census Tract 461.07, Morris County, New Jersey",,,34027046107,3051411,2322150,34,,"Census Tract 461.07, Morris County, New Jersey",3776,24.03
ACSSF,NJ,1400000US34027046108,"Census Tract 461.08, Morris County, New Jersey",,,34027046108,3173384,82252,34,,"Census Tract 461.08, Morris County, New Jersey",3974,2.84
ACSSF,NJ,1400000US34027046109,"Census Tract 461.09, Morris County, New Jersey",,,34027046109,9117294,166487,34,,"Census Tract 461.09, Morris County, New Jersey",3083,2.75
ACSSF,NJ,1400000US34027046110,"Census Tract 461.10, Morris County, New Jersey",,,34027046110,31113764,1455234,34,,"Census Tract 461.10, Morris County, New Jersey",6224,1.35
ACSSF,NJ,1400000US34027046201,"Census Tract 462.01, Morris County, New Jersey",,,34027046201,16471128,51789,34,,"Census Tract 462.01, Morris County, New Jersey",6104,0
ACSSF,NJ,1400000US34027046202,"Census Tract 462.02, Morris County, New Jersey",,,34027046202,19541437,152241,34,,"Census Tract 462.02, Morris County, New Jersey",3780,7.96
ACSSF,NJ,1400000US34027046297,"Census Tract 462.97, Morris County, New Jersey",,,34027046297,33856694,222852,34,,"Census Tract 462.97, Morris County, New Jersey",2942,9.05
ACSSF,NJ,1400000US34027046298,"Census Tract 462.98, Morris County, New Jersey",,,34027046298,45601961,382558,34,,"Census Tract 462.98, Morris County, New Jersey",5351,3.13
ACSSF,NJ,1400000US34027046400,"Census Tract 464, Morris County, New Jersey",,,34027046400,15359682,129967,34,,"Census Tract 464, Morris County, New Jersey",4977,1.95
ACSSF,NJ,1400000US34027046500,"Census Tract 465, Morris County, New Jersey",,,34027046500,14910363,166501,34,,"Census Tract 465, Morris County, New Jersey",7380,18.46
ACSSF,NJ,1400000US34029710101,"Census Tract 7101.01, Ocean County, New Jersey",,,34029710101,2100682,995516,34,,"Census Tract 7101.01, Ocean County, New Jersey",2870,9.71
ACSSF,NJ,1400000US34029710102,"Census Tract 7101.02, Ocean County, New Jersey",,,34029710102,1586481,826369,34,,"Census Tract 7101.02, Ocean County, New Jersey",1956,3.07
ACSSF,NJ,1400000US34029711100,"Census Tract 7111, Ocean County, New Jersey",,,34029711100,2062706,375997,34,,"Census Tract 7111, Ocean County, New Jersey",4594,6.6
ACSSF,NJ,1400000US34029711200,"Census Tract 7112, Ocean County, New Jersey",,,34029711200,2029959,381969,34,,"Census Tract 7112, Ocean County, New Jersey",4038,0
ACSSF,NJ,1400000US34029711300,"Census Tract 7113, Ocean County, New Jersey",,,34029711300,1837249,27959,34,,"Census Tract 7113, Ocean County, New Jersey",4265,1.17
ACSSF,NJ,1400000US34029711400,"Census Tract 7114, Ocean County, New Jersey",,,34029711400,3111940,959047,34,,"Census Tract 7114, Ocean County, New Jersey",6261,8.17
ACSSF,NJ,1400000US34029713000,"Census Tract 7130, Ocean County, New Jersey",,,34029713000,2866445,28086,34,,"Census Tract 7130, Ocean County, New Jersey",4128,4.37
ACSSF,NJ,1400000US34029713100,"Census Tract 7131, Ocean County, New Jersey",,,34029713100,4318149,284389,34,,"Census Tract 7131, Ocean County, New Jersey",6773,0
ACSSF,NJ,1400000US34029713201,"Census Tract 7132.01, Ocean County, New Jersey",,,34029713201,4288578,886672,34,,"Census Tract 7132.01, Ocean County, New Jersey",2601,0
ACSSF,NJ,1400000US34029713202,"Census Tract 7132.02, Ocean County, New Jersey",,,34029713202,2795250,0,34,,"Census Tract 7132.02, Ocean County, New Jersey",3577,2.37
ACSSF,NJ,1400000US34029713203,"Census Tract 7132.03, Ocean County, New Jersey",,,34029713203,3624454,21777,34,,"Census Tract 7132.03, Ocean County, New Jersey",5412,2.64
ACSSF,NJ,1400000US34029713300,"Census Tract 7133, Ocean County, New Jersey",,,34029713300,2739413,26291,34,,"Census Tract 7133, Ocean County, New Jersey",4005,45.83
ACSSF,NJ,1400000US34029713401,"Census Tract 7134.01, Ocean County, New Jersey",,,34029713401,3513233,0,34,,"Census Tract 7134.01, Ocean County, New Jersey",5318,3.21
ACSSF,NJ,1400000US34029713402,"Census Tract 7134.02, Ocean County, New Jersey",,,34029713402,4975120,154227,34,,"Census Tract 7134.02, Ocean County, New Jersey",3396,11.38
ACSSF,NJ,1400000US34029713500,"Census Tract 7135, Ocean County, New Jersey",,,34029713500,3330545,556314,34,,"Census Tract 7135, Ocean County, New Jersey",2773,1.79
ACSSF,NJ,1400000US34029713600,"Census Tract 7136, Ocean County, New Jersey",,,34029713600,2255549,32178,34,,"Census Tract 7136, Ocean County, New Jersey",3637,1.19
ACSSF,NJ,1400000US34029713700,"Census Tract 7137, Ocean County, New Jersey",,,34029713700,2020423,2552535,34,,"Census Tract 7137, Ocean County, New Jersey",2598,0
ACSSF,NJ,1400000US34029713800,"Census Tract 7138, Ocean County, New Jersey",,,34029713800,6947269,4161486,34,,"Census Tract 7138, Ocean County, New Jersey",3576,0
ACSSF,NJ,1400000US34029713900,"Census Tract 7139, Ocean County, New Jersey",,,34029713900,3954192,732513,34,,"Census Tract 7139, Ocean County, New Jersey",6508,2.42
ACSSF,NJ,1400000US34029714000,"Census Tract 7140, Ocean County, New Jersey",,,34029714000,3683869,212551,34,,"Census Tract 7140, Ocean County, New Jersey",6200,3
ACSSF,NJ,1400000US34029714100,"Census Tract 7141, Ocean County, New Jersey",,,34029714100,3415067,330359,34,,"Census Tract 7141, Ocean County, New Jersey",3301,0
ACSSF,NJ,1400000US34029714200,"Census Tract 7142, Ocean County, New Jersey",,,34029714200,5936496,1324440,34,,"Census Tract 7142, Ocean County, New Jersey",6867,4.33
ACSSF,NJ,1400000US34029714300,"Census Tract 7143, Ocean County, New Jersey",,,34029714300,4081450,2675324,34,,"Census Tract 7143, Ocean County, New Jersey",3234,16.14
ACSSF,NJ,1400000US34029715001,"Census Tract 7150.01, Ocean County, New Jersey",,,34029715001,9866550,271344,34,,"Census Tract 7150.01, Ocean County, New Jersey",10687,17.97
ACSSF,NJ,1400000US34029715002,"Census Tract 7150.02, Ocean County, New Jersey",,,34029715002,3285731,5188,34,,"Census Tract 7150.02, Ocean County, New Jersey",4767,14.35
ACSSF,NJ,1400000US34029715201,"Census Tract 7152.01, Ocean County, New Jersey",,,34029715201,2472630,7982,34,,"Census Tract 7152.01, Ocean County, New Jersey",10973,36.92
ACSSF,NJ,1400000US34029715202,"Census Tract 7152.02, Ocean County, New Jersey",,,34029715202,1071388,23836,34,,"Census Tract 7152.02, Ocean County, New Jersey",6569,43.17
ACSSF,NJ,1400000US34029715301,"Census Tract 7153.01, Ocean County, New Jersey",,,34029715301,1850054,0,34,,"Census Tract 7153.01, Ocean County, New Jersey",9139,43
ACSSF,NJ,1400000US34029715303,"Census Tract 7153.03, Ocean County, New Jersey",,,34029715303,249865,0,34,,"Census Tract 7153.03, Ocean County, New Jersey",3921,58.57
ACSSF,NJ,1400000US34029715304,"Census Tract 7153.04, Ocean County, New Jersey",,,34029715304,711033,0,34,,"Census Tract 7153.04, Ocean County, New Jersey",5485,51.21
ACSSF,NJ,1400000US34029715401,"Census Tract 7154.01, Ocean County, New Jersey",,,34029715401,4806970,14570,34,,"Census Tract 7154.01, Ocean County, New Jersey",5490,32.73
ACSSF,NJ,1400000US34029715403,"Census Tract 7154.03, Ocean County, New Jersey",,,34029715403,420195,0,34,,"Census Tract 7154.03, Ocean County, New Jersey",3159,44.28
ACSSF,NJ,1400000US34029715404,"Census Tract 7154.04, Ocean County, New Jersey",,,34029715404,627624,163588,34,,"Census Tract 7154.04, Ocean County, New Jersey",3512,42.36
ACSSF,NJ,1400000US34029715501,"Census Tract 7155.01, Ocean County, New Jersey",,,34029715501,2092940,158711,34,,"Census Tract 7155.01, Ocean County, New Jersey",4852,0
ACSSF,NJ,1400000US34029715502,"Census Tract 7155.02, Ocean County, New Jersey",,,34029715502,929999,0,34,,"Census Tract 7155.02, Ocean County, New Jersey",8130,21.6
ACSSF,NJ,1400000US34029715503,"Census Tract 7155.03, Ocean County, New Jersey",,,34029715503,3508263,61747,34,,"Census Tract 7155.03, Ocean County, New Jersey",4426,4.9
ACSSF,NJ,1400000US34029715600,"Census Tract 7156, Ocean County, New Jersey",,,34029715600,2354771,0,34,,"Census Tract 7156, Ocean County, New Jersey",10262,14.95
ACSSF,NJ,1400000US34029715701,"Census Tract 7157.01, Ocean County, New Jersey",,,34029715701,3832296,0,34,,"Census Tract 7157.01, Ocean County, New Jersey",12718,22.07
ACSSF,NJ,1400000US34029715702,"Census Tract 7157.02, Ocean County, New Jersey",,,34029715702,4144732,0,34,,"Census Tract 7157.02, Ocean County, New Jersey",3906,7.39
ACSSF,NJ,1400000US34029715800,"Census Tract 7158, Ocean County, New Jersey",,,34029715800,12610503,97131,34,,"Census Tract 7158, Ocean County, New Jersey",14239,27.45
ACSSF,NJ,1400000US34029715901,"Census Tract 7159.01, Ocean County, New Jersey",,,34029715901,1281417,0,34,,"Census Tract 7159.01, Ocean County, New Jersey",3804,42.84
ACSSF,NJ,1400000US34029715902,"Census Tract 7159.02, Ocean County, New Jersey",,,34029715902,3377191,201835,34,,"Census Tract 7159.02, Ocean County, New Jersey",6307,71.49
ACSSF,NJ,1400000US34029716000,"Census Tract 7160, Ocean County, New Jersey",,,34029716000,4428437,25347,34,,"Census Tract 7160, Ocean County, New Jersey",4309,
ACSSF,NJ,1400000US34029717001,"Census Tract 7170.01, Ocean County, New Jersey",,,34029717001,2709637,0,34,,"Census Tract 7170.01, Ocean County, New Jersey",4048,41.25
ACSSF,NJ,1400000US34029717002,"Census Tract 7170.02, Ocean County, New Jersey",,,34029717002,3270788,6135,34,,"Census Tract 7170.02, Ocean County, New Jersey",5235,31.58
ACSSF,NJ,1400000US34029717101,"Census Tract 7171.01, Ocean County, New Jersey",,,34029717101,14342790,19261,34,,"Census Tract 7171.01, Ocean County, New Jersey",9411,1.18
ACSSF,NJ,1400000US34029717102,"Census Tract 7171.02, Ocean County, New Jersey",,,34029717102,7790855,114291,34,,"Census Tract 7171.02, Ocean County, New Jersey",4601,14.98
ACSSF,NJ,1400000US34029717200,"Census Tract 7172, Ocean County, New Jersey",,,34029717200,40038839,184599,34,,"Census Tract 7172, Ocean County, New Jersey",9074,6.67
ACSSF,NJ,1400000US34029717300,"Census Tract 7173, Ocean County, New Jersey",,,34029717300,42967095,847287,34,,"Census Tract 7173, Ocean County, New Jersey",6066,6.92
ACSSF,NJ,1400000US34029717400,"Census Tract 7174, Ocean County, New Jersey",,,34029717400,94176022,1803429,34,,"Census Tract 7174, Ocean County, New Jersey",6217,0
ACSSF,NJ,1400000US34029717501,"Census Tract 7175.01, Ocean County, New Jersey",,,34029717501,7657902,0,34,,"Census Tract 7175.01, Ocean County, New Jersey",7325,15.46
ACSSF,NJ,1400000US34029717502,"Census Tract 7175.02, Ocean County, New Jersey",,,34029717502,18749525,301304,34,,"Census Tract 7175.02, Ocean County, New Jersey",7275,2.48
ACSSF,NJ,1400000US34029718000,"Census Tract 7180, Ocean County, New Jersey",,,34029718000,53929655,520164,34,,"Census Tract 7180, Ocean County, New Jersey",8397,9.61
ACSSF,NJ,1400000US34029720001,"Census Tract 7200.01, Ocean County, New Jersey",,,34029720001,35058334,124018,34,,"Census Tract 7200.01, Ocean County, New Jersey",4415,7.78
ACSSF,NJ,1400000US34029720102,"Census Tract 7201.02, Ocean County, New Jersey",,,34029720102,6772338,164989,34,,"Census Tract 7201.02, Ocean County, New Jersey",3895,0
ACSSF,NJ,1400000US34029720104,"Census Tract 7201.04, Ocean County, New Jersey",,,34029720104,2258412,7079,34,,"Census Tract 7201.04, Ocean County, New Jersey",2782,
ACSSF,NJ,1400000US34029720105,"Census Tract 7201.05, Ocean County, New Jersey",,,34029720105,59734302,988566,34,,"Census Tract 7201.05, Ocean County, New Jersey",3130,61.5
ACSSF,NJ,1400000US34029720106,"Census Tract 7201.06, Ocean County, New Jersey",,,34029720106,4091823,21533,34,,"Census Tract 7201.06, Ocean County, New Jersey",2756,
ACSSF,NJ,1400000US34029720107,"Census Tract 7201.07, Ocean County, New Jersey",,,34029720107,3962869,26058,34,,"Census Tract 7201.07, Ocean County, New Jersey",2447,
ACSSF,NJ,1400000US34029720202,"Census Tract 7202.02, Ocean County, New Jersey",,,34029720202,7527621,194848,34,,"Census Tract 7202.02, Ocean County, New Jersey",3987,0
ACSSF,NJ,1400000US34029720203,"Census Tract 7202.03, Ocean County, New Jersey",,,34029720203,3820782,90945,34,,"Census Tract 7202.03, Ocean County, New Jersey",4775,6.91
ACSSF,NJ,1400000US34029720204,"Census Tract 7202.04, Ocean County, New Jersey",,,34029720204,3680602,351,34,,"Census Tract 7202.04, Ocean County, New Jersey",5721,10.13
ACSSF,NJ,1400000US34029720205,"Census Tract 7202.05, Ocean County, New Jersey",,,34029720205,6669087,18482,34,,"Census Tract 7202.05, Ocean County, New Jersey",3938,32.68
ACSSF,NJ,1400000US34029720206,"Census Tract 7202.06, Ocean County, New Jersey",,,34029720206,8865115,38410,34,,"Census Tract 7202.06, Ocean County, New Jersey",5921,10.75
ACSSF,NJ,1400000US34029721000,"Census Tract 7210, Ocean County, New Jersey",,,34029721000,2337008,240040,34,,"Census Tract 7210, Ocean County, New Jersey",2666,13.94
ACSSF,NJ,1400000US34029722001,"Census Tract 7220.01, Ocean County, New Jersey",,,34029722001,4963692,0,34,,"Census Tract 7220.01, Ocean County, New Jersey",5107,1.89
ACSSF,NJ,1400000US34029722003,"Census Tract 7220.03, Ocean County, New Jersey",,,34029722003,5549885,0,34,,"Census Tract 7220.03, Ocean County, New Jersey",7516,9.21
ACSSF,NJ,1400000US34029722004,"Census Tract 7220.04, Ocean County, New Jersey",,,34029722004,5041305,58166,34,,"Census Tract 7220.04, Ocean County, New Jersey",3832,1.13
ACSSF,NJ,1400000US34029722100,"Census Tract 7221, Ocean County, New Jersey",,,34029722100,12614516,1943,34,,"Census Tract 7221, Ocean County, New Jersey",6756,0.98
ACSSF,NJ,1400000US34029722200,"Census Tract 7222, Ocean County, New Jersey",,,34029722200,3459865,110965,34,,"Census Tract 7222, Ocean County, New Jersey",2284,0
ACSSF,NJ,1400000US34029722300,"Census Tract 7223, Ocean County, New Jersey",,,34029722300,11077075,53600,34,,"Census Tract 7223, Ocean County, New Jersey",3887,2.5
ACSSF,NJ,1400000US34029722401,"Census Tract 7224.01, Ocean County, New Jersey",,,34029722401,3292047,3455129,34,,"Census Tract 7224.01, Ocean County, New Jersey",5149,0.57
ACSSF,NJ,1400000US34029722402,"Census Tract 7224.02, Ocean County, New Jersey",,,34029722402,2507967,974401,34,,"Census Tract 7224.02, Ocean County, New Jersey",4506,4.07
ACSSF,NJ,1400000US34029722500,"Census Tract 7225, Ocean County, New Jersey",,,34029722500,2381989,8505405,34,,"Census Tract 7225, Ocean County, New Jersey",1599,0
ACSSF,NJ,1400000US34029722600,"Census Tract 7226, Ocean County, New Jersey",,,34029722600,5572106,6801706,34,,"Census Tract 7226, Ocean County, New Jersey",2750,0
ACSSF,NJ,1400000US34029722701,"Census Tract 7227.01, Ocean County, New Jersey",,,34029722701,6014188,31824,34,,"Census Tract 7227.01, Ocean County, New Jersey",4604,0
ACSSF,NJ,1400000US34029722702,"Census Tract 7227.02, Ocean County, New Jersey",,,34029722702,2706994,0,34,,"Census Tract 7227.02, Ocean County, New Jersey",4251,0.89
ACSSF,NJ,1400000US34029722800,"Census Tract 7228, Ocean County, New Jersey",,,34029722800,3019997,0,34,,"Census Tract 7228, Ocean County, New Jersey",4511,18.54
ACSSF,NJ,1400000US34029722900,"Census Tract 7229, Ocean County, New Jersey",,,34029722900,3041223,0,34,,"Census Tract 7229, Ocean County, New Jersey",5673,3.01
ACSSF,NJ,1400000US34029723000,"Census Tract 7230, Ocean County, New Jersey",,,34029723000,13297174,215647,34,,"Census Tract 7230, Ocean County, New Jersey",6055,3.6
ACSSF,NJ,1400000US34029723100,"Census Tract 7231, Ocean County, New Jersey",,,34029723100,3707977,39058,34,,"Census Tract 7231, Ocean County, New Jersey",4299,5.61
ACSSF,NJ,1400000US34029723200,"Census Tract 7232, Ocean County, New Jersey",,,34029723200,5084281,62828,34,,"Census Tract 7232, Ocean County, New Jersey",6873,9.22
ACSSF,NJ,1400000US34029723300,"Census Tract 7233, Ocean County, New Jersey",,,34029723300,4316961,27483,34,,"Census Tract 7233, Ocean County, New Jersey",6980,7.34
ACSSF,NJ,1400000US34029723400,"Census Tract 7234, Ocean County, New Jersey",,,34029723400,2026188,3636146,34,,"Census Tract 7234, Ocean County, New Jersey",3463,1.59
ACSSF,NJ,1400000US34029723500,"Census Tract 7235, Ocean County, New Jersey",,,34029723500,1623291,3188676,34,,"Census Tract 7235, Ocean County, New Jersey",2770,17.6
ACSSF,NJ,1400000US34029723600,"Census Tract 7236, Ocean County, New Jersey",,,34029723600,2068214,1610059,34,,"Census Tract 7236, Ocean County, New Jersey",2649,9.05
ACSSF,NJ,1400000US34029724000,"Census Tract 7240, Ocean County, New Jersey",,,34029724000,2997902,132406,34,,"Census Tract 7240, Ocean County, New Jersey",3701,11.32
ACSSF,NJ,1400000US34029725001,"Census Tract 7250.01, Ocean County, New Jersey",,,34029725001,3785681,1325,34,,"Census Tract 7250.01, Ocean County, New Jersey",3035,21.67
ACSSF,NJ,1400000US34029725002,"Census Tract 7250.02, Ocean County, New Jersey",,,34029725002,2284016,0,34,,"Census Tract 7250.02, Ocean County, New Jersey",5793,0
ACSSF,NJ,1400000US34029725100,"Census Tract 7251, Ocean County, New Jersey",,,34029725100,1086664,0,34,,"Census Tract 7251, Ocean County, New Jersey",2174,2.45
ACSSF,NJ,1400000US34029726000,"Census Tract 7260, Ocean County, New Jersey",,,34029726000,1577080,800216,34,,"Census Tract 7260, Ocean County, New Jersey",1691,0
ACSSF,NJ,1400000US34029727001,"Census Tract 7270.01, Ocean County, New Jersey",,,34029727001,2113177,3901333,34,,"Census Tract 7270.01, Ocean County, New Jersey",1836,0
ACSSF,NJ,1400000US34029727002,"Census Tract 7270.02, Ocean County, New Jersey",,,34029727002,1610463,1886977,34,,"Census Tract 7270.02, Ocean County, New Jersey",1520,0
ACSSF,NJ,1400000US34029728001,"Census Tract 7280.01, Ocean County, New Jersey",,,34029728001,1226893,1787954,34,,"Census Tract 7280.01, Ocean County, New Jersey",1035,0
ACSSF,NJ,1400000US34029728002,"Census Tract 7280.02, Ocean County, New Jersey",,,34029728002,1332258,4812634,34,,"Census Tract 7280.02, Ocean County, New Jersey",1332,0
ACSSF,NJ,1400000US34029728003,"Census Tract 7280.03, Ocean County, New Jersey",,,34029728003,778430,420869,34,,"Census Tract 7280.03, Ocean County, New Jersey",1375,93.27
ACSSF,NJ,1400000US34029728004,"Census Tract 7280.04, Ocean County, New Jersey",,,34029728004,820281,323623,34,,"Census Tract 7280.04, Ocean County, New Jersey",617,0
ACSSF,NJ,1400000US34029729000,"Census Tract 7290, Ocean County, New Jersey",,,34029729000,1165291,790613,34,,"Census Tract 7290, Ocean County, New Jersey",1768,0
ACSSF,NJ,1400000US34029730000,"Census Tract 7300, Ocean County, New Jersey",,,34029730000,1665856,13686,34,,"Census Tract 7300, Ocean County, New Jersey",2378,1.77
ACSSF,NJ,1400000US34029731001,"Census Tract 7310.01, Ocean County, New Jersey",,,34029731001,6953064,8314780,34,,"Census Tract 7310.01, Ocean County, New Jersey",3193,28.57
ACSSF,NJ,1400000US34029731002,"Census Tract 7310.02, Ocean County, New Jersey",,,34029731002,8044040,10296931,34,,"Census Tract 7310.02, Ocean County, New Jersey",4291,22.03
ACSSF,NJ,1400000US34029731101,"Census Tract 7311.01, Ocean County, New Jersey",,,34029731101,3134374,1435380,34,,"Census Tract 7311.01, Ocean County, New Jersey",3487,15.51
ACSSF,NJ,1400000US34029731102,"Census Tract 7311.02, Ocean County, New Jersey",,,34029731102,8952236,19801,34,,"Census Tract 7311.02, Ocean County, New Jersey",7094,0.97
ACSSF,NJ,1400000US34029731103,"Census Tract 7311.03, Ocean County, New Jersey",,,34029731103,13597521,147353,34,,"Census Tract 7311.03, Ocean County, New Jersey",4790,0
ACSSF,NJ,1400000US34029731201,"Census Tract 7312.01, Ocean County, New Jersey",,,34029731201,3574992,58480,34,,"Census Tract 7312.01, Ocean County, New Jersey",4228,0
ACSSF,NJ,1400000US34029731202,"Census Tract 7312.02, Ocean County, New Jersey",,,34029731202,4754444,4014,34,,"Census Tract 7312.02, Ocean County, New Jersey",4473,0
ACSSF,NJ,1400000US34029731203,"Census Tract 7312.03, Ocean County, New Jersey",,,34029731203,5710599,27621,34,,"Census Tract 7312.03, Ocean County, New Jersey",2375,0
ACSSF,NJ,1400000US34029731204,"Census Tract 7312.04, Ocean County, New Jersey",,,34029731204,41121194,211890,34,,"Census Tract 7312.04, Ocean County, New Jersey",3887,0
ACSSF,NJ,1400000US34029731205,"Census Tract 7312.05, Ocean County, New Jersey",,,34029731205,4231307,77153,34,,"Census Tract 7312.05, Ocean County, New Jersey",3385,0
ACSSF,NJ,1400000US34029731206,"Census Tract 7312.06, Ocean County, New Jersey",,,34029731206,1727570,84516,34,,"Census Tract 7312.06, Ocean County, New Jersey",2456,
ACSSF,NJ,1400000US34029732001,"Census Tract 7320.01, Ocean County, New Jersey",,,34029732001,182479161,1022085,34,,"Census Tract 7320.01, Ocean County, New Jersey",7081,0
ACSSF,NJ,1400000US34029732003,"Census Tract 7320.03, Ocean County, New Jersey",,,34029732003,2485682,279265,34,,"Census Tract 7320.03, Ocean County, New Jersey",4530,0
ACSSF,NJ,1400000US34029732004,"Census Tract 7320.04, Ocean County, New Jersey",,,34029732004,10196520,421875,34,,"Census Tract 7320.04, Ocean County, New Jersey",4537,3.46
ACSSF,NJ,1400000US34029732101,"Census Tract 7321.01, Ocean County, New Jersey",,,34029732101,8549739,2918561,34,,"Census Tract 7321.01, Ocean County, New Jersey",6057,0
ACSSF,NJ,1400000US34029732103,"Census Tract 7321.03, Ocean County, New Jersey",,,34029732103,6123707,2052276,34,,"Census Tract 7321.03, Ocean County, New Jersey",3298,0
ACSSF,NJ,1400000US34029732104,"Census Tract 7321.04, Ocean County, New Jersey",,,34029732104,5765783,32551083,34,,"Census Tract 7321.04, Ocean County, New Jersey",3661,21.57
ACSSF,NJ,1400000US34029733001,"Census Tract 7330.01, Ocean County, New Jersey",,,34029733001,7470854,21122333,34,,"Census Tract 7330.01, Ocean County, New Jersey",5153,0
ACSSF,NJ,1400000US34029733002,"Census Tract 7330.02, Ocean County, New Jersey",,,34029733002,44725336,197387,34,,"Census Tract 7330.02, Ocean County, New Jersey",3762,15.81
ACSSF,NJ,1400000US34029734002,"Census Tract 7340.02, Ocean County, New Jersey",,,34029734002,11095485,5634522,34,,"Census Tract 7340.02, Ocean County, New Jersey",6955,17.29
ACSSF,NJ,1400000US34029734003,"Census Tract 7340.03, Ocean County, New Jersey",,,34029734003,19536968,10629641,34,,"Census Tract 7340.03, Ocean County, New Jersey",7662,12.8
ACSSF,NJ,1400000US34029734004,"Census Tract 7340.04, Ocean County, New Jersey",,,34029734004,53714337,323109,34,,"Census Tract 7340.04, Ocean County, New Jersey",5767,0
ACSSF,NJ,1400000US34029734005,"Census Tract 7340.05, Ocean County, New Jersey",,,34029734005,3720770,0,34,,"Census Tract 7340.05, Ocean County, New Jersey",4347,0
ACSSF,NJ,1400000US34029735001,"Census Tract 7350.01, Ocean County, New Jersey",,,34029735001,4206749,36983,34,,"Census Tract 7350.01, Ocean County, New Jersey",6261,0
ACSSF,NJ,1400000US34029735003,"Census Tract 7350.03, Ocean County, New Jersey",,,34029735003,46727287,258766,34,,"Census Tract 7350.03, Ocean County, New Jersey",3464,0
ACSSF,NJ,1400000US34029735004,"Census Tract 7350.04, Ocean County, New Jersey",,,34029735004,3317103,35930,34,,"Census Tract 7350.04, Ocean County, New Jersey",7871,0
ACSSF,NJ,1400000US34029735101,"Census Tract 7351.01, Ocean County, New Jersey",,,34029735101,9107788,33470,34,,"Census Tract 7351.01, Ocean County, New Jersey",2362,9.72
ACSSF,NJ,1400000US34029735104,"Census Tract 7351.04, Ocean County, New Jersey",,,34029735104,39108803,15059580,34,,"Census Tract 7351.04, Ocean County, New Jersey",3753,7.3
ACSSF,NJ,1400000US34029735105,"Census Tract 7351.05, Ocean County, New Jersey",,,34029735105,2078995,982864,34,,"Census Tract 7351.05, Ocean County, New Jersey",2866,0
ACSSF,NJ,1400000US34029735106,"Census Tract 7351.06, Ocean County, New Jersey",,,34029735106,14888306,5848036,34,,"Census Tract 7351.06, Ocean County, New Jersey",2798,0
ACSSF,NJ,1400000US34029736001,"Census Tract 7360.01, Ocean County, New Jersey",,,34029736001,57281662,13198021,34,,"Census Tract 7360.01, Ocean County, New Jersey",3603,28.69
ACSSF,NJ,1400000US34029736002,"Census Tract 7360.02, Ocean County, New Jersey",,,34029736002,41707316,7405820,34,,"Census Tract 7360.02, Ocean County, New Jersey",1645,16.2
ACSSF,NJ,1400000US34029736101,"Census Tract 7361.01, Ocean County, New Jersey",,,34029736101,25936096,1061757,34,,"Census Tract 7361.01, Ocean County, New Jersey",5440,8.08
ACSSF,NJ,1400000US34029736105,"Census Tract 7361.05, Ocean County, New Jersey",,,34029736105,6718663,4903141,34,,"Census Tract 7361.05, Ocean County, New Jersey",3473,68.2
ACSSF,NJ,1400000US34029736106,"Census Tract 7361.06, Ocean County, New Jersey",,,34029736106,6098912,1766367,34,,"Census Tract 7361.06, Ocean County, New Jersey",3171,0
ACSSF,NJ,1400000US34029736107,"Census Tract 7361.07, Ocean County, New Jersey",,,34029736107,5571654,118249,34,,"Census Tract 7361.07, Ocean County, New Jersey",5405,5.31
ACSSF,NJ,1400000US34029737000,"Census Tract 7370, Ocean County, New Jersey",,,34029737000,8708424,1160050,34,,"Census Tract 7370, Ocean County, New Jersey",3616,2.1
ACSSF,NJ,1400000US34029738001,"Census Tract 7380.01, Ocean County, New Jersey",,,34029738001,5678885,29554530,34,,"Census Tract 7380.01, Ocean County, New Jersey",2282,0
ACSSF,NJ,1400000US34029738002,"Census Tract 7380.02, Ocean County, New Jersey",,,34029738002,5531044,10184645,34,,"Census Tract 7380.02, Ocean County, New Jersey",1249,6.14
ACSSF,NJ,1400000US34029738100,"Census Tract 7381, Ocean County, New Jersey",,,34029738100,9508203,23094208,34,,"Census Tract 7381, Ocean County, New Jersey",1646,1.99
ACSSF,NJ,1400000US34029739000,"Census Tract 7390, Ocean County, New Jersey",,,34029739000,3771552,3915306,34,,"Census Tract 7390, Ocean County, New Jersey",2234,0
ACSSF,NJ,1400000US34029739100,"Census Tract 7391, Ocean County, New Jersey",,,34029739100,141001290,1935143,34,,"Census Tract 7391, Ocean County, New Jersey",1860,0
ACSSF,NJ,1400000US34029739200,"Census Tract 7392, Ocean County, New Jersey",,,34029739200,4040492,7339104,34,,"Census Tract 7392, Ocean County, New Jersey",2572,0
ACSSF,NJ,1400000US34029980000,"Census Tract 9800, Ocean County, New Jersey",,,34029980000,9970857,19287108,34,,"Census Tract 9800, Ocean County, New Jersey",0,
ACSSF,NJ,1400000US34029980100,"Census Tract 9801, Ocean County, New Jersey",,,34029980100,21018073,45852352,34,,"Census Tract 9801, Ocean County, New Jersey",0,
ACSSF,NJ,1400000US34029990000,"Census Tract 9900, Ocean County, New Jersey",,,34029990000,0,383356136,34,,"Census Tract 9900, Ocean County, New Jersey",0,
ACSSF,NJ,1400000US34031116500,"Census Tract 1165, Passaic County, New Jersey",,,34031116500,22794891,1156236,34,,"Census Tract 1165, Passaic County, New Jersey",7686,24.18
ACSSF,NJ,1400000US34031124201,"Census Tract 1242.01, Passaic County, New Jersey",,,34031124201,896165,0,34,,"Census Tract 1242.01, Passaic County, New Jersey",3982,0
ACSSF,NJ,1400000US34031124202,"Census Tract 1242.02, Passaic County, New Jersey",,,34031124202,1919093,0,34,,"Census Tract 1242.02, Passaic County, New Jersey",4285,5.7
ACSSF,NJ,1400000US34031124311,"Census Tract 1243.11, Passaic County, New Jersey",,,34031124311,2443300,0,34,,"Census Tract 1243.11, Passaic County, New Jersey",5225,0.71
ACSSF,NJ,1400000US34031124312,"Census Tract 1243.12, Passaic County, New Jersey",,,34031124312,2591192,8006,34,,"Census Tract 1243.12, Passaic County, New Jersey",5009,11.6
ACSSF,NJ,1400000US34031124321,"Census Tract 1243.21, Passaic County, New Jersey",,,34031124321,2437381,0,34,,"Census Tract 1243.21, Passaic County, New Jersey",6217,0.5
ACSSF,NJ,1400000US34031124322,"Census Tract 1243.22, Passaic County, New Jersey",,,34031124322,2371091,1700,34,,"Census Tract 1243.22, Passaic County, New Jersey",5234,3.01
ACSSF,NJ,1400000US34031124323,"Census Tract 1243.23, Passaic County, New Jersey",,,34031124323,907069,0,34,,"Census Tract 1243.23, Passaic County, New Jersey",2962,3.38
ACSSF,NJ,1400000US34031124402,"Census Tract 1244.02, Passaic County, New Jersey",,,34031124402,3614514,151322,34,,"Census Tract 1244.02, Passaic County, New Jersey",5565,5.81
ACSSF,NJ,1400000US34031124403,"Census Tract 1244.03, Passaic County, New Jersey",,,34031124403,2205554,0,34,,"Census Tract 1244.03, Passaic County, New Jersey",3677,0
ACSSF,NJ,1400000US34031124404,"Census Tract 1244.04, Passaic County, New Jersey",,,34031124404,744315,0,34,,"Census Tract 1244.04, Passaic County, New Jersey",5158,1.94
ACSSF,NJ,1400000US34031124500,"Census Tract 1245, Passaic County, New Jersey",,,34031124500,1699723,6500,34,,"Census Tract 1245, Passaic County, New Jersey",7201,0
ACSSF,NJ,1400000US34031124601,"Census Tract 1246.01, Passaic County, New Jersey",,,34031124601,1598519,0,34,,"Census Tract 1246.01, Passaic County, New Jersey",4422,4.06
ACSSF,NJ,1400000US34031124602,"Census Tract 1246.02, Passaic County, New Jersey",,,34031124602,1236062,9117,34,,"Census Tract 1246.02, Passaic County, New Jersey",5550,6.79
ACSSF,NJ,1400000US34031124700,"Census Tract 1247, Passaic County, New Jersey",,,34031124700,1535406,136538,34,,"Census Tract 1247, Passaic County, New Jersey",6102,14.24
ACSSF,NJ,1400000US34031124800,"Census Tract 1248, Passaic County, New Jersey",,,34031124800,1004092,0,34,,"Census Tract 1248, Passaic County, New Jersey",4185,0
ACSSF,NJ,1400000US34031124900,"Census Tract 1249, Passaic County, New Jersey",,,34031124900,730196,0,34,,"Census Tract 1249, Passaic County, New Jersey",4769,8.96
ACSSF,NJ,1400000US34031125000,"Census Tract 1250, Passaic County, New Jersey",,,34031125000,851789,75551,34,,"Census Tract 1250, Passaic County, New Jersey",6075,6.11
ACSSF,NJ,1400000US34031125100,"Census Tract 1251, Passaic County, New Jersey",,,34031125100,415448,12369,34,,"Census Tract 1251, Passaic County, New Jersey",3629,46.31
ACSSF,NJ,1400000US34031133701,"Census Tract 1337.01, Passaic County, New Jersey",,,34031133701,1058455,0,34,,"Census Tract 1337.01, Passaic County, New Jersey",5246,12.3
ACSSF,NJ,1400000US34031133702,"Census Tract 1337.02, Passaic County, New Jersey",,,34031133702,2087998,2104,34,,"Census Tract 1337.02, Passaic County, New Jersey",3690,7.91
ACSSF,NJ,1400000US34031143201,"Census Tract 1432.01, Passaic County, New Jersey",,,34031143201,1145583,0,34,,"Census Tract 1432.01, Passaic County, New Jersey",2285,8.24
ACSSF,NJ,1400000US34031143202,"Census Tract 1432.02, Passaic County, New Jersey",,,34031143202,2737977,5983,34,,"Census Tract 1432.02, Passaic County, New Jersey",4443,2.09
ACSSF,NJ,1400000US34031143301,"Census Tract 1433.01, Passaic County, New Jersey",,,34031143301,762206,0,34,,"Census Tract 1433.01, Passaic County, New Jersey",2128,11.84
ACSSF,NJ,1400000US34031143302,"Census Tract 1433.02, Passaic County, New Jersey",,,34031143302,922579,0,34,,"Census Tract 1433.02, Passaic County, New Jersey",4002,7.64
ACSSF,NJ,1400000US34031143401,"Census Tract 1434.01, Passaic County, New Jersey",,,34031143401,1524583,54324,34,,"Census Tract 1434.01, Passaic County, New Jersey",3492,5.26
ACSSF,NJ,1400000US34031143402,"Census Tract 1434.02, Passaic County, New Jersey",,,34031143402,1501927,16865,34,,"Census Tract 1434.02, Passaic County, New Jersey",3122,0
ACSSF,NJ,1400000US34031154003,"Census Tract 1540.03, Passaic County, New Jersey",,,34031154003,2716106,59147,34,,"Census Tract 1540.03, Passaic County, New Jersey",3936,0
ACSSF,NJ,1400000US34031154004,"Census Tract 1540.04, Passaic County, New Jersey",,,34031154004,1424742,0,34,,"Census Tract 1540.04, Passaic County, New Jersey",2989,0
ACSSF,NJ,1400000US34031154005,"Census Tract 1540.05, Passaic County, New Jersey",,,34031154005,1058582,0,34,,"Census Tract 1540.05, Passaic County, New Jersey",2693,0
ACSSF,NJ,1400000US34031154006,"Census Tract 1540.06, Passaic County, New Jersey",,,34031154006,1822036,125523,34,,"Census Tract 1540.06, Passaic County, New Jersey",4638,8.28
ACSSF,NJ,1400000US34031163501,"Census Tract 1635.01, Passaic County, New Jersey",,,34031163501,4014244,76089,34,,"Census Tract 1635.01, Passaic County, New Jersey",4188,2.54
ACSSF,NJ,1400000US34031163502,"Census Tract 1635.02, Passaic County, New Jersey",,,34031163502,4957954,89606,34,,"Census Tract 1635.02, Passaic County, New Jersey",4569,2.36
ACSSF,NJ,1400000US34031175200,"Census Tract 1752, Passaic County, New Jersey",,,34031175200,468099,68886,34,,"Census Tract 1752, Passaic County, New Jersey",5289,48.97
ACSSF,NJ,1400000US34031175301,"Census Tract 1753.01, Passaic County, New Jersey",,,34031175301,216394,0,34,,"Census Tract 1753.01, Passaic County, New Jersey",3703,47.67
ACSSF,NJ,1400000US34031175302,"Census Tract 1753.02, Passaic County, New Jersey",,,34031175302,515902,0,34,,"Census Tract 1753.02, Passaic County, New Jersey",4064,35.39
ACSSF,NJ,1400000US34031175401,"Census Tract 1754.01, Passaic County, New Jersey",,,34031175401,513102,0,34,,"Census Tract 1754.01, Passaic County, New Jersey",5223,40.29
ACSSF,NJ,1400000US34031175402,"Census Tract 1754.02, Passaic County, New Jersey",,,34031175402,539624,3935,34,,"Census Tract 1754.02, Passaic County, New Jersey",3612,39.05
ACSSF,NJ,1400000US34031175501,"Census Tract 1755.01, Passaic County, New Jersey",,,34031175501,340001,0,34,,"Census Tract 1755.01, Passaic County, New Jersey",4270,40.2
ACSSF,NJ,1400000US34031175502,"Census Tract 1755.02, Passaic County, New Jersey",,,34031175502,283395,0,34,,"Census Tract 1755.02, Passaic County, New Jersey",3260,55.44
ACSSF,NJ,1400000US34031175601,"Census Tract 1756.01, Passaic County, New Jersey",,,34031175601,691517,8014,34,,"Census Tract 1756.01, Passaic County, New Jersey",2399,7.65
ACSSF,NJ,1400000US34031175603,"Census Tract 1756.03, Passaic County, New Jersey",,,34031175603,484111,0,34,,"Census Tract 1756.03, Passaic County, New Jersey",3463,6.69
ACSSF,NJ,1400000US34031175604,"Census Tract 1756.04, Passaic County, New Jersey",,,34031175604,640695,0,34,,"Census Tract 1756.04, Passaic County, New Jersey",4104,8.82
ACSSF,NJ,1400000US34031175701,"Census Tract 1757.01, Passaic County, New Jersey",,,34031175701,890983,105896,34,,"Census Tract 1757.01, Passaic County, New Jersey",5694,19.42
ACSSF,NJ,1400000US34031175703,"Census Tract 1757.03, Passaic County, New Jersey",,,34031175703,603976,0,34,,"Census Tract 1757.03, Passaic County, New Jersey",4562,16.49
ACSSF,NJ,1400000US34031175704,"Census Tract 1757.04, Passaic County, New Jersey",,,34031175704,617536,0,34,,"Census Tract 1757.04, Passaic County, New Jersey",4887,9.05
ACSSF,NJ,1400000US34031175801,"Census Tract 1758.01, Passaic County, New Jersey",,,34031175801,373820,0,34,,"Census Tract 1758.01, Passaic County, New Jersey",3383,24.09
ACSSF,NJ,1400000US34031175803,"Census Tract 1758.03, Passaic County, New Jersey",,,34031175803,159159,0,34,,"Census Tract 1758.03, Passaic County, New Jersey",2917,54.24
ACSSF,NJ,1400000US34031175804,"Census Tract 1758.04, Passaic County, New Jersey",,,34031175804,210604,0,34,,"Census Tract 1758.04, Passaic County, New Jersey",4148,42.21
ACSSF,NJ,1400000US34031175900,"Census Tract 1759, Passaic County, New Jersey",,,34031175900,565366,93070,34,,"Census Tract 1759, Passaic County, New Jersey",4673,48.68
ACSSF,NJ,1400000US34031180101,"Census Tract 1801.01, Passaic County, New Jersey",,,34031180101,827797,90566,34,,"Census Tract 1801.01, Passaic County, New Jersey",4626,19.94
ACSSF,NJ,1400000US34031180102,"Census Tract 1801.02, Passaic County, New Jersey",,,34031180102,677422,0,34,,"Census Tract 1801.02, Passaic County, New Jersey",3959,6.91
ACSSF,NJ,1400000US34031180201,"Census Tract 1802.01, Passaic County, New Jersey",,,34031180201,532375,0,34,,"Census Tract 1802.01, Passaic County, New Jersey",3655,44.28
ACSSF,NJ,1400000US34031180203,"Census Tract 1802.03, Passaic County, New Jersey",,,34031180203,259954,0,34,,"Census Tract 1802.03, Passaic County, New Jersey",3789,40
ACSSF,NJ,1400000US34031180204,"Census Tract 1802.04, Passaic County, New Jersey",,,34031180204,233706,23361,34,,"Census Tract 1802.04, Passaic County, New Jersey",4082,57.78
ACSSF,NJ,1400000US34031180301,"Census Tract 1803.01, Passaic County, New Jersey",,,34031180301,260281,0,34,,"Census Tract 1803.01, Passaic County, New Jersey",3960,37.46
ACSSF,NJ,1400000US34031180302,"Census Tract 1803.02, Passaic County, New Jersey",,,34031180302,459287,0,34,,"Census Tract 1803.02, Passaic County, New Jersey",3586,37.8
ACSSF,NJ,1400000US34031180600,"Census Tract 1806, Passaic County, New Jersey",,,34031180600,396248,0,34,,"Census Tract 1806, Passaic County, New Jersey",4732,28.62
ACSSF,NJ,1400000US34031180700,"Census Tract 1807, Passaic County, New Jersey",,,34031180700,311465,37526,34,,"Census Tract 1807, Passaic County, New Jersey",2836,41.97
ACSSF,NJ,1400000US34031180800,"Census Tract 1808, Passaic County, New Jersey",,,34031180800,638634,43916,34,,"Census Tract 1808, Passaic County, New Jersey",3261,51.09
ACSSF,NJ,1400000US34031180900,"Census Tract 1809, Passaic County, New Jersey",,,34031180900,589293,21983,34,,"Census Tract 1809, Passaic County, New Jersey",3894,50.73
ACSSF,NJ,1400000US34031181000,"Census Tract 1810, Passaic County, New Jersey",,,34031181000,825894,96952,34,,"Census Tract 1810, Passaic County, New Jersey",5749,44.79
ACSSF,NJ,1400000US34031181101,"Census Tract 1811.01, Passaic County, New Jersey",,,34031181101,383274,31527,34,,"Census Tract 1811.01, Passaic County, New Jersey",2239,8.28
ACSSF,NJ,1400000US34031181102,"Census Tract 1811.02, Passaic County, New Jersey",,,34031181102,378715,0,34,,"Census Tract 1811.02, Passaic County, New Jersey",4110,6.81
ACSSF,NJ,1400000US34031181200,"Census Tract 1812, Passaic County, New Jersey",,,34031181200,401623,0,34,,"Census Tract 1812, Passaic County, New Jersey",4928,25.58
ACSSF,NJ,1400000US34031181300,"Census Tract 1813, Passaic County, New Jersey",,,34031181300,449277,0,34,,"Census Tract 1813, Passaic County, New Jersey",5602,37.74
ACSSF,NJ,1400000US34031181400,"Census Tract 1814, Passaic County, New Jersey",,,34031181400,344554,0,34,,"Census Tract 1814, Passaic County, New Jersey",3904,24.67
ACSSF,NJ,1400000US34031181500,"Census Tract 1815, Passaic County, New Jersey",,,34031181500,348800,0,34,,"Census Tract 1815, Passaic County, New Jersey",3437,43.74
ACSSF,NJ,1400000US34031181702,"Census Tract 1817.02, Passaic County, New Jersey",,,34031181702,219351,0,34,,"Census Tract 1817.02, Passaic County, New Jersey",3732,58.37
ACSSF,NJ,1400000US34031181800,"Census Tract 1818, Passaic County, New Jersey",,,34031181800,421765,22980,34,,"Census Tract 1818, Passaic County, New Jersey",3299,46.69
ACSSF,NJ,1400000US34031181900,"Census Tract 1819, Passaic County, New Jersey",,,34031181900,953843,59756,34,,"Census Tract 1819, Passaic County, New Jersey",5558,40.73
ACSSF,NJ,1400000US34031182000,"Census Tract 1820, Passaic County, New Jersey",,,34031182000,249923,0,34,,"Census Tract 1820, Passaic County, New Jersey",1659,15.96
ACSSF,NJ,1400000US34031182100,"Census Tract 1821, Passaic County, New Jersey",,,34031182100,1080187,0,34,,"Census Tract 1821, Passaic County, New Jersey",3808,15.92
ACSSF,NJ,1400000US34031182200,"Census Tract 1822, Passaic County, New Jersey",,,34031182200,389591,0,34,,"Census Tract 1822, Passaic County, New Jersey",3046,48.79
ACSSF,NJ,1400000US34031182301,"Census Tract 1823.01, Passaic County, New Jersey",,,34031182301,218524,0,34,,"Census Tract 1823.01, Passaic County, New Jersey",1749,15.12
ACSSF,NJ,1400000US34031182302,"Census Tract 1823.02, Passaic County, New Jersey",,,34031182302,437690,0,34,,"Census Tract 1823.02, Passaic County, New Jersey",6118,11.43
ACSSF,NJ,1400000US34031182400,"Census Tract 1824, Passaic County, New Jersey",,,34031182400,645069,0,34,,"Census Tract 1824, Passaic County, New Jersey",5858,35.67
ACSSF,NJ,1400000US34031182501,"Census Tract 1825.01, Passaic County, New Jersey",,,34031182501,537764,0,34,,"Census Tract 1825.01, Passaic County, New Jersey",4255,34.39
ACSSF,NJ,1400000US34031182502,"Census Tract 1825.02, Passaic County, New Jersey",,,34031182502,984859,101897,34,,"Census Tract 1825.02, Passaic County, New Jersey",3215,10.21
ACSSF,NJ,1400000US34031182600,"Census Tract 1826, Passaic County, New Jersey",,,34031182600,1812624,157335,34,,"Census Tract 1826, Passaic County, New Jersey",6170,15.07
ACSSF,NJ,1400000US34031182701,"Census Tract 1827.01, Passaic County, New Jersey",,,34031182701,256184,0,34,,"Census Tract 1827.01, Passaic County, New Jersey",3334,12.28
ACSSF,NJ,1400000US34031182702,"Census Tract 1827.02, Passaic County, New Jersey",,,34031182702,271836,0,34,,"Census Tract 1827.02, Passaic County, New Jersey",3017,21.45
ACSSF,NJ,1400000US34031182800,"Census Tract 1828, Passaic County, New Jersey",,,34031182800,615613,0,34,,"Census Tract 1828, Passaic County, New Jersey",3714,24.18
ACSSF,NJ,1400000US34031182900,"Census Tract 1829, Passaic County, New Jersey",,,34031182900,456572,0,34,,"Census Tract 1829, Passaic County, New Jersey",1902,43.16
ACSSF,NJ,1400000US34031183001,"Census Tract 1830.01, Passaic County, New Jersey",,,34031183001,522559,0,34,,"Census Tract 1830.01, Passaic County, New Jersey",3829,36.32
ACSSF,NJ,1400000US34031183002,"Census Tract 1830.02, Passaic County, New Jersey",,,34031183002,349113,0,34,,"Census Tract 1830.02, Passaic County, New Jersey",3672,54.55
ACSSF,NJ,1400000US34031183101,"Census Tract 1831.01, Passaic County, New Jersey",,,34031183101,681103,0,34,,"Census Tract 1831.01, Passaic County, New Jersey",3883,37.11
ACSSF,NJ,1400000US34031183102,"Census Tract 1831.02, Passaic County, New Jersey",,,34031183102,1027751,0,34,,"Census Tract 1831.02, Passaic County, New Jersey",5356,10.86
ACSSF,NJ,1400000US34031183200,"Census Tract 1832, Passaic County, New Jersey",,,34031183200,801086,20349,34,,"Census Tract 1832, Passaic County, New Jersey",3241,60.51
ACSSF,NJ,1400000US34031196401,"Census Tract 1964.01, Passaic County, New Jersey",,,34031196401,2563952,75910,34,,"Census Tract 1964.01, Passaic County, New Jersey",4103,21.49
ACSSF,NJ,1400000US34031196403,"Census Tract 1964.03, Passaic County, New Jersey",,,34031196403,3044013,103016,34,,"Census Tract 1964.03, Passaic County, New Jersey",3398,23.59
ACSSF,NJ,1400000US34031196404,"Census Tract 1964.04, Passaic County, New Jersey",,,34031196404,1870970,530368,34,,"Census Tract 1964.04, Passaic County, New Jersey",3509,0
ACSSF,NJ,1400000US34031203600,"Census Tract 2036, Passaic County, New Jersey",,,34031203600,1204999,13446,34,,"Census Tract 2036, Passaic County, New Jersey",6286,37.33
ACSSF,NJ,1400000US34031216701,"Census Tract 2167.01, Passaic County, New Jersey",,,34031216701,38272104,1783316,34,,"Census Tract 2167.01, Passaic County, New Jersey",5721,0
ACSSF,NJ,1400000US34031216702,"Census Tract 2167.02, Passaic County, New Jersey",,,34031216702,28006670,5740747,34,,"Census Tract 2167.02, Passaic County, New Jersey",5879,0.86
ACSSF,NJ,1400000US34031223801,"Census Tract 2238.01, Passaic County, New Jersey",,,34031223801,1505971,79304,34,,"Census Tract 2238.01, Passaic County, New Jersey",2869,0
ACSSF,NJ,1400000US34031223802,"Census Tract 2238.02, Passaic County, New Jersey",,,34031223802,7993877,117548,34,,"Census Tract 2238.02, Passaic County, New Jersey",7949,2.17
ACSSF,NJ,1400000US34031223900,"Census Tract 2239, Passaic County, New Jersey",,,34031223900,860679,1233,34,,"Census Tract 2239, Passaic County, New Jersey",101,0
ACSSF,NJ,1400000US34031236601,"Census Tract 2366.01, Passaic County, New Jersey",,,34031236601,4119496,148274,34,,"Census Tract 2366.01, Passaic County, New Jersey",4248,10.1
ACSSF,NJ,1400000US34031236603,"Census Tract 2366.03, Passaic County, New Jersey",,,34031236603,8622527,494380,34,,"Census Tract 2366.03, Passaic County, New Jersey",2831,0
ACSSF,NJ,1400000US34031236604,"Census Tract 2366.04, Passaic County, New Jersey",,,34031236604,8139961,2621028,34,,"Census Tract 2366.04, Passaic County, New Jersey",4083,2.87
ACSSF,NJ,1400000US34031246001,"Census Tract 2460.01, Passaic County, New Jersey",,,34031246001,11708540,105868,34,,"Census Tract 2460.01, Passaic County, New Jersey",5260,9.94
ACSSF,NJ,1400000US34031246002,"Census Tract 2460.02, Passaic County, New Jersey",,,34031246002,3607314,795734,34,,"Census Tract 2460.02, Passaic County, New Jersey",2860,9.88
ACSSF,NJ,1400000US34031246003,"Census Tract 2460.03, Passaic County, New Jersey",,,34031246003,6580966,1795496,34,,"Census Tract 2460.03, Passaic County, New Jersey",6394,2.31
ACSSF,NJ,1400000US34031246101,"Census Tract 2461.01, Passaic County, New Jersey",,,34031246101,6037569,20881,34,,"Census Tract 2461.01, Passaic County, New Jersey",6465,3.33
ACSSF,NJ,1400000US34031246102,"Census Tract 2461.02, Passaic County, New Jersey",,,34031246102,649014,1391,34,,"Census Tract 2461.02, Passaic County, New Jersey",3359,1.96
ACSSF,NJ,1400000US34031246103,"Census Tract 2461.03, Passaic County, New Jersey",,,34031246103,5520294,42887,34,,"Census Tract 2461.03, Passaic County, New Jersey",6507,0
ACSSF,NJ,1400000US34031246104,"Census Tract 2461.04, Passaic County, New Jersey",,,34031246104,3426242,8930,34,,"Census Tract 2461.04, Passaic County, New Jersey",2933,0
ACSSF,NJ,1400000US34031246201,"Census Tract 2462.01, Passaic County, New Jersey",,,34031246201,5289698,52868,34,,"Census Tract 2462.01, Passaic County, New Jersey",6497,0.28
ACSSF,NJ,1400000US34031246202,"Census Tract 2462.02, Passaic County, New Jersey",,,34031246202,3761249,331919,34,,"Census Tract 2462.02, Passaic County, New Jersey",5298,0
ACSSF,NJ,1400000US34031246203,"Census Tract 2462.03, Passaic County, New Jersey",,,34031246203,4758466,37100,34,,"Census Tract 2462.03, Passaic County, New Jersey",3703,0.11
ACSSF,NJ,1400000US34031246300,"Census Tract 2463, Passaic County, New Jersey",,,34031246300,10100078,478623,34,,"Census Tract 2463, Passaic County, New Jersey",4453,5.25
ACSSF,NJ,1400000US34031256801,"Census Tract 2568.01, Passaic County, New Jersey",,,34031256801,15136570,1789457,34,,"Census Tract 2568.01, Passaic County, New Jersey",4614,6.52
ACSSF,NJ,1400000US34031256802,"Census Tract 2568.02, Passaic County, New Jersey",,,34031256802,49795596,3626239,34,,"Census Tract 2568.02, Passaic County, New Jersey",4822,0
ACSSF,NJ,1400000US34031256803,"Census Tract 2568.03, Passaic County, New Jersey",,,34031256803,14231672,740595,34,,"Census Tract 2568.03, Passaic County, New Jersey",4495,0
ACSSF,NJ,1400000US34031256804,"Census Tract 2568.04, Passaic County, New Jersey",,,34031256804,29792622,809082,34,,"Census Tract 2568.04, Passaic County, New Jersey",5551,0
ACSSF,NJ,1400000US34031256805,"Census Tract 2568.05, Passaic County, New Jersey",,,34031256805,88015211,6258339,34,,"Census Tract 2568.05, Passaic County, New Jersey",5152,9.58
ACSSF,NJ,1400000US34031264101,"Census Tract 2641.01, Passaic County, New Jersey",,,34031264101,1576462,94254,34,,"Census Tract 2641.01, Passaic County, New Jersey",6195,13.87
ACSSF,NJ,1400000US34031264102,"Census Tract 2641.02, Passaic County, New Jersey",,,34031264102,6254018,270133,34,,"Census Tract 2641.02, Passaic County, New Jersey",7089,3.99
ACSSF,NJ,1400000US34031264200,"Census Tract 2642, Passaic County, New Jersey",,,34031264200,538505,54555,34,,"Census Tract 2642, Passaic County, New Jersey",4896,43.48
ACSSF,NJ,1400000US34033020100,"Census Tract 201, Salem County, New Jersey",,,34033020100,50531558,3052966,34,,"Census Tract 201, Salem County, New Jersey",1826,9.86
ACSSF,NJ,1400000US34033020200,"Census Tract 202, Salem County, New Jersey",,,34033020200,951186,0,34,,"Census Tract 202, Salem County, New Jersey",1890,30.52
ACSSF,NJ,1400000US34033020300,"Census Tract 203, Salem County, New Jersey",,,34033020300,1360742,0,34,,"Census Tract 203, Salem County, New Jersey",2970,59.43
ACSSF,NJ,1400000US34033020400,"Census Tract 204, Salem County, New Jersey",,,34033020400,5676738,373717,34,,"Census Tract 204, Salem County, New Jersey",2766,35.38
ACSSF,NJ,1400000US34033020500,"Census Tract 205, Salem County, New Jersey",,,34033020500,2898858,0,34,,"Census Tract 205, Salem County, New Jersey",2977,30.35
ACSSF,NJ,1400000US34033020600,"Census Tract 206, Salem County, New Jersey",,,34033020600,35225914,1871876,34,,"Census Tract 206, Salem County, New Jersey",2868,0
ACSSF,NJ,1400000US34033020700,"Census Tract 207, Salem County, New Jersey",,,34033020700,90480215,605548,34,,"Census Tract 207, Salem County, New Jersey",4202,0
ACSSF,NJ,1400000US34033020800,"Census Tract 208, Salem County, New Jersey",,,34033020800,4078940,104738,34,,"Census Tract 208, Salem County, New Jersey",3690,10.12
ACSSF,NJ,1400000US34033020900,"Census Tract 209, Salem County, New Jersey",,,34033020900,104232091,377321,34,,"Census Tract 209, Salem County, New Jersey",3440,0
ACSSF,NJ,1400000US34033021000,"Census Tract 210, Salem County, New Jersey",,,34033021000,2303659,47348,34,,"Census Tract 210, Salem County, New Jersey",1152,6.45
ACSSF,NJ,1400000US34033021101,"Census Tract 211.01, Salem County, New Jersey",,,34033021101,49484131,697846,34,,"Census Tract 211.01, Salem County, New Jersey",4744,14.21
ACSSF,NJ,1400000US34033021102,"Census Tract 211.02, Salem County, New Jersey",,,34033021102,66803858,1518956,34,,"Census Tract 211.02, Salem County, New Jersey",4059,18.93
ACSSF,NJ,1400000US34033021201,"Census Tract 212.01, Salem County, New Jersey",,,34033021201,86705311,1130633,34,,"Census Tract 212.01, Salem County, New Jersey",3292,0
ACSSF,NJ,1400000US34033021202,"Census Tract 212.02, Salem County, New Jersey",,,34033021202,61623445,1245025,34,,"Census Tract 212.02, Salem County, New Jersey",2596,0
ACSSF,NJ,1400000US34033021300,"Census Tract 213, Salem County, New Jersey",,,34033021300,87756328,10414613,34,,"Census Tract 213, Salem County, New Jersey",1925,0
ACSSF,NJ,1400000US34033021400,"Census Tract 214, Salem County, New Jersey",,,34033021400,8705644,662034,34,,"Census Tract 214, Salem County, New Jersey",3511,3.16
ACSSF,NJ,1400000US34033021500,"Census Tract 215, Salem County, New Jersey",,,34033021500,4873920,184268,34,,"Census Tract 215, Salem County, New Jersey",1745,18.55
ACSSF,NJ,1400000US34033021600,"Census Tract 216, Salem County, New Jersey",,,34033021600,27213485,3960173,34,,"Census Tract 216, Salem County, New Jersey",5163,36
ACSSF,NJ,1400000US34033021700,"Census Tract 217, Salem County, New Jersey",,,34033021700,14285446,3775384,34,,"Census Tract 217, Salem County, New Jersey",2290,7.67
ACSSF,NJ,1400000US34033021900,"Census Tract 219, Salem County, New Jersey",,,34033021900,1603855,176172,34,,"Census Tract 219, Salem County, New Jersey",1367,16.29
ACSSF,NJ,1400000US34033022000,"Census Tract 220, Salem County, New Jersey",,,34033022000,1879864,0,34,,"Census Tract 220, Salem County, New Jersey",2209,42.31
ACSSF,NJ,1400000US34033022100,"Census Tract 221, Salem County, New Jersey",,,34033022100,2588340,1040205,34,,"Census Tract 221, Salem County, New Jersey",1739,61.95
ACSSF,NJ,1400000US34033022201,"Census Tract 222.01, Salem County, New Jersey",,,34033022201,117349916,16487668,34,,"Census Tract 222.01, Salem County, New Jersey",1619,6.91
ACSSF,NJ,1400000US34033022202,"Census Tract 222.02, Salem County, New Jersey",,,34033022202,30901777,3656526,34,,"Census Tract 222.02, Salem County, New Jersey",933,26.9
ACSSF,NJ,1400000US34033990000,"Census Tract 9900, Salem County, New Jersey",,,34033990000,0,54006606,34,,"Census Tract 9900, Salem County, New Jersey",0,
ACSSF,NJ,1400000US34035050100,"Census Tract 501, Somerset County, New Jersey",,,34035050100,1334090,7870,34,,"Census Tract 501, Somerset County, New Jersey",2894,0
ACSSF,NJ,1400000US34035050200,"Census Tract 502, Somerset County, New Jersey",,,34035050200,931517,457,34,,"Census Tract 502, Somerset County, New Jersey",3047,1.24
ACSSF,NJ,1400000US34035050300,"Census Tract 503, Somerset County, New Jersey",,,34035050300,1612474,0,34,,"Census Tract 503, Somerset County, New Jersey",3410,0
ACSSF,NJ,1400000US34035050400,"Census Tract 504, Somerset County, New Jersey",,,34035050400,2176618,63821,34,,"Census Tract 504, Somerset County, New Jersey",3607,6.79
ACSSF,NJ,1400000US34035050500,"Census Tract 505, Somerset County, New Jersey",,,34035050500,1161959,18063,34,,"Census Tract 505, Somerset County, New Jersey",3755,30.91
ACSSF,NJ,1400000US34035050600,"Census Tract 506, Somerset County, New Jersey",,,34035050600,3996894,88603,34,,"Census Tract 506, Somerset County, New Jersey",4437,0
ACSSF,NJ,1400000US34035050701,"Census Tract 507.01, Somerset County, New Jersey",,,34035050701,5426166,259397,34,,"Census Tract 507.01, Somerset County, New Jersey",4517,1.38
ACSSF,NJ,1400000US34035050703,"Census Tract 507.03, Somerset County, New Jersey",,,34035050703,5508891,6107,34,,"Census Tract 507.03, Somerset County, New Jersey",4428,2.8
ACSSF,NJ,1400000US34035050704,"Census Tract 507.04, Somerset County, New Jersey",,,34035050704,4820120,86266,34,,"Census Tract 507.04, Somerset County, New Jersey",6836,11.93
ACSSF,NJ,1400000US34035050801,"Census Tract 508.01, Somerset County, New Jersey",,,34035050801,8663687,54171,34,,"Census Tract 508.01, Somerset County, New Jersey",4109,0
ACSSF,NJ,1400000US34035050802,"Census Tract 508.02, Somerset County, New Jersey",,,34035050802,8957534,7955,34,,"Census Tract 508.02, Somerset County, New Jersey",5007,0.86
ACSSF,NJ,1400000US34035050901,"Census Tract 509.01, Somerset County, New Jersey",,,34035050901,9621905,54073,34,,"Census Tract 509.01, Somerset County, New Jersey",5175,11.27
ACSSF,NJ,1400000US34035050902,"Census Tract 509.02, Somerset County, New Jersey",,,34035050902,14057266,58900,34,,"Census Tract 509.02, Somerset County, New Jersey",3518,0
ACSSF,NJ,1400000US34035050903,"Census Tract 509.03, Somerset County, New Jersey",,,34035050903,14256444,79407,34,,"Census Tract 509.03, Somerset County, New Jersey",5254,0
ACSSF,NJ,1400000US34035051000,"Census Tract 510, Somerset County, New Jersey",,,34035051000,11276319,620006,34,,"Census Tract 510, Somerset County, New Jersey",7099,6.7
ACSSF,NJ,1400000US34035051100,"Census Tract 511, Somerset County, New Jersey",,,34035051100,949199,3700,34,,"Census Tract 511, Somerset County, New Jersey",4521,20.9
ACSSF,NJ,1400000US34035051200,"Census Tract 512, Somerset County, New Jersey",,,34035051200,1634765,81881,34,,"Census Tract 512, Somerset County, New Jersey",5054,3.02
ACSSF,NJ,1400000US34035051300,"Census Tract 513, Somerset County, New Jersey",,,34035051300,1718776,1862,34,,"Census Tract 513, Somerset County, New Jersey",2448,1.57
ACSSF,NJ,1400000US34035051400,"Census Tract 514, Somerset County, New Jersey",,,34035051400,2806990,121740,34,,"Census Tract 514, Somerset County, New Jersey",4284,20.77
ACSSF,NJ,1400000US34035051500,"Census Tract 515, Somerset County, New Jersey",,,34035051500,884074,2528,34,,"Census Tract 515, Somerset County, New Jersey",3467,33.17
ACSSF,NJ,1400000US34035051600,"Census Tract 516, Somerset County, New Jersey",,,34035051600,2423634,102704,34,,"Census Tract 516, Somerset County, New Jersey",3119,14.11
ACSSF,NJ,1400000US34035051700,"Census Tract 517, Somerset County, New Jersey",,,34035051700,900413,0,34,,"Census Tract 517, Somerset County, New Jersey",5422,29.03
ACSSF,NJ,1400000US34035051800,"Census Tract 518, Somerset County, New Jersey",,,34035051800,1556799,25390,34,,"Census Tract 518, Somerset County, New Jersey",4921,27.55
ACSSF,NJ,1400000US34035051900,"Census Tract 519, Somerset County, New Jersey",,,34035051900,2105334,8716,34,,"Census Tract 519, Somerset County, New Jersey",4225,24.67
ACSSF,NJ,1400000US34035052001,"Census Tract 520.01, Somerset County, New Jersey",,,34035052001,1541993,0,34,,"Census Tract 520.01, Somerset County, New Jersey",3848,13.79
ACSSF,NJ,1400000US34035052002,"Census Tract 520.02, Somerset County, New Jersey",,,34035052002,1166747,0,34,,"Census Tract 520.02, Somerset County, New Jersey",4251,13.08
ACSSF,NJ,1400000US34035052100,"Census Tract 521, Somerset County, New Jersey",,,34035052100,11415190,19554,34,,"Census Tract 521, Somerset County, New Jersey",6982,10.11
ACSSF,NJ,1400000US34035052201,"Census Tract 522.01, Somerset County, New Jersey",,,34035052201,19557513,103789,34,,"Census Tract 522.01, Somerset County, New Jersey",5592,0
ACSSF,NJ,1400000US34035052203,"Census Tract 522.03, Somerset County, New Jersey",,,34035052203,14319512,14132,34,,"Census Tract 522.03, Somerset County, New Jersey",4938,0
ACSSF,NJ,1400000US34035052204,"Census Tract 522.04, Somerset County, New Jersey",,,34035052204,16798228,66137,34,,"Census Tract 522.04, Somerset County, New Jersey",5432,0
ACSSF,NJ,1400000US34035052300,"Census Tract 523, Somerset County, New Jersey",,,34035052300,15580586,71737,34,,"Census Tract 523, Somerset County, New Jersey",6429,3.35
ACSSF,NJ,1400000US34035052400,"Census Tract 524, Somerset County, New Jersey",,,34035052400,15651373,126195,34,,"Census Tract 524, Somerset County, New Jersey",5790,2.12
ACSSF,NJ,1400000US34035052603,"Census Tract 526.03, Somerset County, New Jersey",,,34035052603,7259762,93949,34,,"Census Tract 526.03, Somerset County, New Jersey",4564,2.98
ACSSF,NJ,1400000US34035052604,"Census Tract 526.04, Somerset County, New Jersey",,,34035052604,21302817,37564,34,,"Census Tract 526.04, Somerset County, New Jersey",4006,0
ACSSF,NJ,1400000US34035052605,"Census Tract 526.05, Somerset County, New Jersey",,,34035052605,5969316,14971,34,,"Census Tract 526.05, Somerset County, New Jersey",5211,0.79
ACSSF,NJ,1400000US34035052701,"Census Tract 527.01, Somerset County, New Jersey",,,34035052701,23830321,167477,34,,"Census Tract 527.01, Somerset County, New Jersey",4537,0
ACSSF,NJ,1400000US34035052702,"Census Tract 527.02, Somerset County, New Jersey",,,34035052702,9413544,25797,34,,"Census Tract 527.02, Somerset County, New Jersey",3334,0
ACSSF,NJ,1400000US34035052800,"Census Tract 528, Somerset County, New Jersey",,,34035052800,14847556,181056,34,,"Census Tract 528, Somerset County, New Jersey",2547,0
ACSSF,NJ,1400000US34035052901,"Census Tract 529.01, Somerset County, New Jersey",,,34035052901,12552797,141485,34,,"Census Tract 529.01, Somerset County, New Jersey",1004,4.4
ACSSF,NJ,1400000US34035052904,"Census Tract 529.04, Somerset County, New Jersey",,,34035052904,63934517,635471,34,,"Census Tract 529.04, Somerset County, New Jersey",2477,2.39
ACSSF,NJ,1400000US34035052905,"Census Tract 529.05, Somerset County, New Jersey",,,34035052905,2240702,14965,34,,"Census Tract 529.05, Somerset County, New Jersey",3104,0
ACSSF,NJ,1400000US34035052906,"Census Tract 529.06, Somerset County, New Jersey",,,34035052906,1482548,4801,34,,"Census Tract 529.06, Somerset County, New Jersey",2646,0
ACSSF,NJ,1400000US34035053000,"Census Tract 530, Somerset County, New Jersey",,,34035053000,1669694,246557,34,,"Census Tract 530, Somerset County, New Jersey",4833,30.65
ACSSF,NJ,1400000US34035053102,"Census Tract 531.02, Somerset County, New Jersey",,,34035053102,1631296,151757,34,,"Census Tract 531.02, Somerset County, New Jersey",3507,9.58
ACSSF,NJ,1400000US34035053103,"Census Tract 531.03, Somerset County, New Jersey",,,34035053103,4046001,0,34,,"Census Tract 531.03, Somerset County, New Jersey",5881,0
ACSSF,NJ,1400000US34035053105,"Census Tract 531.05, Somerset County, New Jersey",,,34035053105,5281376,144324,34,,"Census Tract 531.05, Somerset County, New Jersey",8246,23.33
ACSSF,NJ,1400000US34035053200,"Census Tract 532, Somerset County, New Jersey",,,34035053200,3145759,0,34,,"Census Tract 532, Somerset County, New Jersey",7684,3.31
ACSSF,NJ,1400000US34035053300,"Census Tract 533, Somerset County, New Jersey",,,34035053300,2365913,0,34,,"Census Tract 533, Somerset County, New Jersey",6353,35.6
ACSSF,NJ,1400000US34035053402,"Census Tract 534.02, Somerset County, New Jersey",,,34035053402,32911314,577422,34,,"Census Tract 534.02, Somerset County, New Jersey",6682,0
ACSSF,NJ,1400000US34035053403,"Census Tract 534.03, Somerset County, New Jersey",,,34035053403,2128970,4064,34,,"Census Tract 534.03, Somerset County, New Jersey",5222,28.67
ACSSF,NJ,1400000US34035053405,"Census Tract 534.05, Somerset County, New Jersey",,,34035053405,25109536,249850,34,,"Census Tract 534.05, Somerset County, New Jersey",4476,0
ACSSF,NJ,1400000US34035053406,"Census Tract 534.06, Somerset County, New Jersey",,,34035053406,9982059,9338,34,,"Census Tract 534.06, Somerset County, New Jersey",6030,20
ACSSF,NJ,1400000US34035053501,"Census Tract 535.01, Somerset County, New Jersey",,,34035053501,18914776,509036,34,,"Census Tract 535.01, Somerset County, New Jersey",5642,0
ACSSF,NJ,1400000US34035053602,"Census Tract 536.02, Somerset County, New Jersey",,,34035053602,27282722,338636,34,,"Census Tract 536.02, Somerset County, New Jersey",6424,1.17
ACSSF,NJ,1400000US34035053603,"Census Tract 536.03, Somerset County, New Jersey",,,34035053603,11330776,103806,34,,"Census Tract 536.03, Somerset County, New Jersey",4806,12.27
ACSSF,NJ,1400000US34035053604,"Census Tract 536.04, Somerset County, New Jersey",,,34035053604,13369083,156282,34,,"Census Tract 536.04, Somerset County, New Jersey",3718,1.63
ACSSF,NJ,1400000US34035053703,"Census Tract 537.03, Somerset County, New Jersey",,,34035053703,53307736,262589,34,,"Census Tract 537.03, Somerset County, New Jersey",4246,1.22
ACSSF,NJ,1400000US34035053704,"Census Tract 537.04, Somerset County, New Jersey",,,34035053704,5012801,16315,34,,"Census Tract 537.04, Somerset County, New Jersey",3121,0
ACSSF,NJ,1400000US34035053705,"Census Tract 537.05, Somerset County, New Jersey",,,34035053705,3225393,17855,34,,"Census Tract 537.05, Somerset County, New Jersey",6547,1.96
ACSSF,NJ,1400000US34035053706,"Census Tract 537.06, Somerset County, New Jersey",,,34035053706,12326137,102806,34,,"Census Tract 537.06, Somerset County, New Jersey",4632,3.74
ACSSF,NJ,1400000US34035053707,"Census Tract 537.07, Somerset County, New Jersey",,,34035053707,15391465,228792,34,,"Census Tract 537.07, Somerset County, New Jersey",4180,0
ACSSF,NJ,1400000US34035053801,"Census Tract 538.01, Somerset County, New Jersey",,,34035053801,1762708,52339,34,,"Census Tract 538.01, Somerset County, New Jersey",606,4.63
ACSSF,NJ,1400000US34035053804,"Census Tract 538.04, Somerset County, New Jersey",,,34035053804,10097325,318132,34,,"Census Tract 538.04, Somerset County, New Jersey",4694,8.12
ACSSF,NJ,1400000US34035053805,"Census Tract 538.05, Somerset County, New Jersey",,,34035053805,16913768,177932,34,,"Census Tract 538.05, Somerset County, New Jersey",6405,7.2
ACSSF,NJ,1400000US34035053806,"Census Tract 538.06, Somerset County, New Jersey",,,34035053806,11794832,6152,34,,"Census Tract 538.06, Somerset County, New Jersey",2439,0
ACSSF,NJ,1400000US34035053807,"Census Tract 538.07, Somerset County, New Jersey",,,34035053807,13389186,130091,34,,"Census Tract 538.07, Somerset County, New Jersey",7213,2.75
ACSSF,NJ,1400000US34035053901,"Census Tract 539.01, Somerset County, New Jersey",,,34035053901,1578649,8439,34,,"Census Tract 539.01, Somerset County, New Jersey",814,0
ACSSF,NJ,1400000US34035053904,"Census Tract 539.04, Somerset County, New Jersey",,,34035053904,11151395,141540,34,,"Census Tract 539.04, Somerset County, New Jersey",3503,0
ACSSF,NJ,1400000US34035053905,"Census Tract 539.05, Somerset County, New Jersey",,,34035053905,8694000,79844,34,,"Census Tract 539.05, Somerset County, New Jersey",6868,2.47
ACSSF,NJ,1400000US34035054100,"Census Tract 541, Somerset County, New Jersey",,,34035054100,12498287,55503,34,,"Census Tract 541, Somerset County, New Jersey",8269,0
ACSSF,NJ,1400000US34035054201,"Census Tract 542.01, Somerset County, New Jersey",,,34035054201,21208313,112456,34,,"Census Tract 542.01, Somerset County, New Jersey",7096,5.38
ACSSF,NJ,1400000US34035054202,"Census Tract 542.02, Somerset County, New Jersey",,,34035054202,42606518,149047,34,,"Census Tract 542.02, Somerset County, New Jersey",6176,0
ACSSF,NJ,1400000US34035054301,"Census Tract 543.01, Somerset County, New Jersey",,,34035054301,7160097,115195,34,,"Census Tract 543.01, Somerset County, New Jersey",3091,0
ACSSF,NJ,1400000US34035054302,"Census Tract 543.02, Somerset County, New Jersey",,,34035054302,6897291,54226,34,,"Census Tract 543.02, Somerset County, New Jersey",5553,0
ACSSF,NJ,1400000US34037371000,"Census Tract 3710, Sussex County, New Jersey",,,34037371000,117151041,3664406,34,,"Census Tract 3710, Sussex County, New Jersey",3808,13.96
ACSSF,NJ,1400000US34037371100,"Census Tract 3711, Sussex County, New Jersey",,,34037371100,86988226,686214,34,,"Census Tract 3711, Sussex County, New Jersey",3674,16.1
ACSSF,NJ,1400000US34037371200,"Census Tract 3712, Sussex County, New Jersey",,,34037371200,1536014,79446,34,,"Census Tract 3712, Sussex County, New Jersey",2004,12.62
ACSSF,NJ,1400000US34037371300,"Census Tract 3713, Sussex County, New Jersey",,,34037371300,32330267,499706,34,,"Census Tract 3713, Sussex County, New Jersey",3981,1.89
ACSSF,NJ,1400000US34037371400,"Census Tract 3714, Sussex County, New Jersey",,,34037371400,26538103,272574,34,,"Census Tract 3714, Sussex County, New Jersey",2936,0
ACSSF,NJ,1400000US34037371502,"Census Tract 3715.02, Sussex County, New Jersey",,,34037371502,37185459,3894191,34,,"Census Tract 3715.02, Sussex County, New Jersey",4758,3.38
ACSSF,NJ,1400000US34037371503,"Census Tract 3715.03, Sussex County, New Jersey",,,34037371503,34605263,492319,34,,"Census Tract 3715.03, Sussex County, New Jersey",2829,3.41
ACSSF,NJ,1400000US34037371600,"Census Tract 3716, Sussex County, New Jersey",,,34037371600,25451121,383138,34,,"Census Tract 3716, Sussex County, New Jersey",2952,0
ACSSF,NJ,1400000US34037371700,"Census Tract 3717, Sussex County, New Jersey",,,34037371700,18772837,559167,34,,"Census Tract 3717, Sussex County, New Jersey",5057,2.69
ACSSF,NJ,1400000US34037371801,"Census Tract 3718.01, Sussex County, New Jersey",,,34037371801,53275838,832930,34,,"Census Tract 3718.01, Sussex County, New Jersey",3906,0
ACSSF,NJ,1400000US34037371802,"Census Tract 3718.02, Sussex County, New Jersey",,,34037371802,32643675,353188,34,,"Census Tract 3718.02, Sussex County, New Jersey",3317,3.57
ACSSF,NJ,1400000US34037371900,"Census Tract 3719, Sussex County, New Jersey",,,34037371900,169577192,4018707,34,,"Census Tract 3719, Sussex County, New Jersey",1924,0
ACSSF,NJ,1400000US34037372000,"Census Tract 3720, Sussex County, New Jersey",,,34037372000,39430545,1615603,34,,"Census Tract 3720, Sussex County, New Jersey",3055,12.78
ACSSF,NJ,1400000US34037372100,"Census Tract 3721, Sussex County, New Jersey",,,34037372100,24207354,741920,34,,"Census Tract 3721, Sussex County, New Jersey",1855,0
ACSSF,NJ,1400000US34037372200,"Census Tract 3722, Sussex County, New Jersey",,,34037372200,21711939,3381769,34,,"Census Tract 3722, Sussex County, New Jersey",1941,0
ACSSF,NJ,1400000US34037372300,"Census Tract 3723, Sussex County, New Jersey",,,34037372300,67562085,311566,34,,"Census Tract 3723, Sussex County, New Jersey",4090,5.83
ACSSF,NJ,1400000US34037372400,"Census Tract 3724, Sussex County, New Jersey",,,34037372400,46317845,225998,34,,"Census Tract 3724, Sussex County, New Jersey",2462,9.56
ACSSF,NJ,1400000US34037372500,"Census Tract 3725, Sussex County, New Jersey",,,34037372500,22072036,80356,34,,"Census Tract 3725, Sussex County, New Jersey",3358,17.47
ACSSF,NJ,1400000US34037372600,"Census Tract 3726, Sussex County, New Jersey",,,34037372600,60639811,1637217,34,,"Census Tract 3726, Sussex County, New Jersey",4881,9.64
ACSSF,NJ,1400000US34037372700,"Census Tract 3727, Sussex County, New Jersey",,,34037372700,2964811,61923,34,,"Census Tract 3727, Sussex County, New Jersey",3293,28.04
ACSSF,NJ,1400000US34037372800,"Census Tract 3728, Sussex County, New Jersey",,,34037372800,4687084,160363,34,,"Census Tract 3728, Sussex County, New Jersey",1688,7.02
ACSSF,NJ,1400000US34037372900,"Census Tract 3729, Sussex County, New Jersey",,,34037372900,6595111,24757,34,,"Census Tract 3729, Sussex County, New Jersey",3250,9.03
ACSSF,NJ,1400000US34037373000,"Census Tract 3730, Sussex County, New Jersey",,,34037373000,5707308,112705,34,,"Census Tract 3730, Sussex County, New Jersey",2231,4.54
ACSSF,NJ,1400000US34037373100,"Census Tract 3731, Sussex County, New Jersey",,,34037373100,45237343,853152,34,,"Census Tract 3731, Sussex County, New Jersey",6418,11.78
ACSSF,NJ,1400000US34037373200,"Census Tract 3732, Sussex County, New Jersey",,,34037373200,32170790,1261873,34,,"Census Tract 3732, Sussex County, New Jersey",3800,0
ACSSF,NJ,1400000US34037373300,"Census Tract 3733, Sussex County, New Jersey",,,34037373300,10709560,220280,34,,"Census Tract 3733, Sussex County, New Jersey",3412,0.11
ACSSF,NJ,1400000US34037373400,"Census Tract 3734, Sussex County, New Jersey",,,34037373400,7050645,2875454,34,,"Census Tract 3734, Sussex County, New Jersey",6273,1.08
ACSSF,NJ,1400000US34037373500,"Census Tract 3735, Sussex County, New Jersey",,,34037373500,23260348,885495,34,,"Census Tract 3735, Sussex County, New Jersey",3648,0.59
ACSSF,NJ,1400000US34037373600,"Census Tract 3736, Sussex County, New Jersey",,,34037373600,32145624,1089782,34,,"Census Tract 3736, Sussex County, New Jersey",2939,22.64
ACSSF,NJ,1400000US34037373700,"Census Tract 3737, Sussex County, New Jersey",,,34037373700,3820497,38566,34,,"Census Tract 3737, Sussex County, New Jersey",3668,34.38
ACSSF,NJ,1400000US34037373800,"Census Tract 3738, Sussex County, New Jersey",,,34037373800,4882120,17862,34,,"Census Tract 3738, Sussex County, New Jersey",4668,16.8
ACSSF,NJ,1400000US34037373900,"Census Tract 3739, Sussex County, New Jersey",,,34037373900,69731655,3433768,34,,"Census Tract 3739, Sussex County, New Jersey",4030,16.86
ACSSF,NJ,1400000US34037374000,"Census Tract 3740, Sussex County, New Jersey",,,34037374000,45686444,712608,34,,"Census Tract 3740, Sussex County, New Jersey",3264,0
ACSSF,NJ,1400000US34037374100,"Census Tract 3741, Sussex County, New Jersey",,,34037374100,41527374,687209,34,,"Census Tract 3741, Sussex County, New Jersey",3644,5.33
ACSSF,NJ,1400000US34037374200,"Census Tract 3742, Sussex County, New Jersey",,,34037374200,19954961,1280202,34,,"Census Tract 3742, Sussex County, New Jersey",2338,0.92
ACSSF,NJ,1400000US34037374300,"Census Tract 3743, Sussex County, New Jersey",,,34037374300,16362014,1119404,34,,"Census Tract 3743, Sussex County, New Jersey",3358,6.59
ACSSF,NJ,1400000US34037374400,"Census Tract 3744, Sussex County, New Jersey",,,34037374400,19290505,671658,34,,"Census Tract 3744, Sussex County, New Jersey",2386,2.45
ACSSF,NJ,1400000US34037374500,"Census Tract 3745, Sussex County, New Jersey",,,34037374500,17083775,1115403,34,,"Census Tract 3745, Sussex County, New Jersey",1716,0
ACSSF,NJ,1400000US34037374600,"Census Tract 3746, Sussex County, New Jersey",,,34037374600,4760677,668880,34,,"Census Tract 3746, Sussex County, New Jersey",3551,4.84
ACSSF,NJ,1400000US34037374700,"Census Tract 3747, Sussex County, New Jersey",,,34037374700,3729452,2355177,34,,"Census Tract 3747, Sussex County, New Jersey",3914,5.41
ACSSF,NJ,1400000US34037374800,"Census Tract 3748, Sussex County, New Jersey",,,34037374800,5542341,507386,34,,"Census Tract 3748, Sussex County, New Jersey",4371,9.47
ACSSF,NJ,1400000US34037374900,"Census Tract 3749, Sussex County, New Jersey",,,34037374900,1979625,0,34,,"Census Tract 3749, Sussex County, New Jersey",4469,0
ACSSF,NJ,1400000US34039030200,"Census Tract 302, Union County, New Jersey",,,34039030200,396855,0,34,,"Census Tract 302, Union County, New Jersey",3998,29.74
ACSSF,NJ,1400000US34039030400,"Census Tract 304, Union County, New Jersey",,,34039030400,538486,0,34,,"Census Tract 304, Union County, New Jersey",6522,33.16
ACSSF,NJ,1400000US34039030500,"Census Tract 305, Union County, New Jersey",,,34039030500,943692,38924,34,,"Census Tract 305, Union County, New Jersey",6127,37.95
ACSSF,NJ,1400000US34039030600,"Census Tract 306, Union County, New Jersey",,,34039030600,1688959,191710,34,,"Census Tract 306, Union County, New Jersey",4493,28.63
ACSSF,NJ,1400000US34039030701,"Census Tract 307.01, Union County, New Jersey",,,34039030701,324112,0,34,,"Census Tract 307.01, Union County, New Jersey",2191,18.11
ACSSF,NJ,1400000US34039030703,"Census Tract 307.03, Union County, New Jersey",,,34039030703,515482,0,34,,"Census Tract 307.03, Union County, New Jersey",5301,4.11
ACSSF,NJ,1400000US34039030704,"Census Tract 307.04, Union County, New Jersey",,,34039030704,263824,2296,34,,"Census Tract 307.04, Union County, New Jersey",2743,17.23
ACSSF,NJ,1400000US34039030802,"Census Tract 308.02, Union County, New Jersey",,,34039030802,601392,19398,34,,"Census Tract 308.02, Union County, New Jersey",3246,11.03
ACSSF,NJ,1400000US34039030900,"Census Tract 309, Union County, New Jersey",,,34039030900,760385,20306,34,,"Census Tract 309, Union County, New Jersey",6609,7.13
ACSSF,NJ,1400000US34039031000,"Census Tract 310, Union County, New Jersey",,,34039031000,280705,0,34,,"Census Tract 310, Union County, New Jersey",4055,12.91
ACSSF,NJ,1400000US34039031100,"Census Tract 311, Union County, New Jersey",,,34039031100,603716,8074,34,,"Census Tract 311, Union County, New Jersey",6028,5.49
ACSSF,NJ,1400000US34039031200,"Census Tract 312, Union County, New Jersey",,,34039031200,866687,0,34,,"Census Tract 312, Union County, New Jersey",6385,20.65
ACSSF,NJ,1400000US34039031301,"Census Tract 313.01, Union County, New Jersey",,,34039031301,858253,0,34,,"Census Tract 313.01, Union County, New Jersey",3484,26.33
ACSSF,NJ,1400000US34039031302,"Census Tract 313.02, Union County, New Jersey",,,34039031302,417085,0,34,,"Census Tract 313.02, Union County, New Jersey",3857,10.02
ACSSF,NJ,1400000US34039031400,"Census Tract 314, Union County, New Jersey",,,34039031400,498555,0,34,,"Census Tract 314, Union County, New Jersey",5986,27.52
ACSSF,NJ,1400000US34039031500,"Census Tract 315, Union County, New Jersey",,,34039031500,833929,0,34,,"Census Tract 315, Union County, New Jersey",5592,19.25
ACSSF,NJ,1400000US34039031601,"Census Tract 316.01, Union County, New Jersey",,,34039031601,482172,0,34,,"Census Tract 316.01, Union County, New Jersey",4030,4.47
ACSSF,NJ,1400000US34039031602,"Census Tract 316.02, Union County, New Jersey",,,34039031602,858367,0,34,,"Census Tract 316.02, Union County, New Jersey",5558,8.03
ACSSF,NJ,1400000US34039031700,"Census Tract 317, Union County, New Jersey",,,34039031700,758872,6220,34,,"Census Tract 317, Union County, New Jersey",5732,26.82
ACSSF,NJ,1400000US34039031801,"Census Tract 318.01, Union County, New Jersey",,,34039031801,570315,0,34,,"Census Tract 318.01, Union County, New Jersey",5448,16.6
ACSSF,NJ,1400000US34039031802,"Census Tract 318.02, Union County, New Jersey",,,34039031802,282443,5894,34,,"Census Tract 318.02, Union County, New Jersey",3353,29.63
ACSSF,NJ,1400000US34039031903,"Census Tract 319.03, Union County, New Jersey",,,34039031903,517213,0,34,,"Census Tract 319.03, Union County, New Jersey",7011,26.99
ACSSF,NJ,1400000US34039031904,"Census Tract 319.04, Union County, New Jersey",,,34039031904,288073,2947,34,,"Census Tract 319.04, Union County, New Jersey",2988,38.73
ACSSF,NJ,1400000US34039032002,"Census Tract 320.02, Union County, New Jersey",,,34039032002,487019,0,34,,"Census Tract 320.02, Union County, New Jersey",5065,2.55
ACSSF,NJ,1400000US34039032003,"Census Tract 320.03, Union County, New Jersey",,,34039032003,468144,0,34,,"Census Tract 320.03, Union County, New Jersey",3427,15.97
ACSSF,NJ,1400000US34039032004,"Census Tract 320.04, Union County, New Jersey",,,34039032004,232569,0,34,,"Census Tract 320.04, Union County, New Jersey",2761,18.97
ACSSF,NJ,1400000US34039032101,"Census Tract 321.01, Union County, New Jersey",,,34039032101,840475,0,34,,"Census Tract 321.01, Union County, New Jersey",3617,0
ACSSF,NJ,1400000US34039032102,"Census Tract 321.02, Union County, New Jersey",,,34039032102,765935,0,34,,"Census Tract 321.02, Union County, New Jersey",3221,1.21
ACSSF,NJ,1400000US34039032200,"Census Tract 322, Union County, New Jersey",,,34039032200,1042522,0,34,,"Census Tract 322, Union County, New Jersey",6247,23.04
ACSSF,NJ,1400000US34039032300,"Census Tract 323, Union County, New Jersey",,,34039032300,2082089,0,34,,"Census Tract 323, Union County, New Jersey",2818,18.21
ACSSF,NJ,1400000US34039032401,"Census Tract 324.01, Union County, New Jersey",,,34039032401,814882,5322,34,,"Census Tract 324.01, Union County, New Jersey",3782,6.47
ACSSF,NJ,1400000US34039032402,"Census Tract 324.02, Union County, New Jersey",,,34039032402,946433,12674,34,,"Census Tract 324.02, Union County, New Jersey",3430,13.35
ACSSF,NJ,1400000US34039032500,"Census Tract 325, Union County, New Jersey",,,34039032500,2279888,20909,34,,"Census Tract 325, Union County, New Jersey",5902,7.08
ACSSF,NJ,1400000US34039032600,"Census Tract 326, Union County, New Jersey",,,34039032600,1482748,0,34,,"Census Tract 326, Union County, New Jersey",5169,13.55
ACSSF,NJ,1400000US34039032701,"Census Tract 327.01, Union County, New Jersey",,,34039032701,1238964,0,34,,"Census Tract 327.01, Union County, New Jersey",3587,8.81
ACSSF,NJ,1400000US34039032702,"Census Tract 327.02, Union County, New Jersey",,,34039032702,1884903,0,34,,"Census Tract 327.02, Union County, New Jersey",5402,0.56
ACSSF,NJ,1400000US34039032800,"Census Tract 328, Union County, New Jersey",,,34039032800,1174766,0,34,,"Census Tract 328, Union County, New Jersey",5547,10.04
ACSSF,NJ,1400000US34039032901,"Census Tract 329.01, Union County, New Jersey",,,34039032901,1489040,0,34,,"Census Tract 329.01, Union County, New Jersey",4813,0
ACSSF,NJ,1400000US34039032902,"Census Tract 329.02, Union County, New Jersey",,,34039032902,1776284,0,34,,"Census Tract 329.02, Union County, New Jersey",4500,8.94
ACSSF,NJ,1400000US34039033000,"Census Tract 330, Union County, New Jersey",,,34039033000,3958239,8573,34,,"Census Tract 330, Union County, New Jersey",4056,3.89
ACSSF,NJ,1400000US34039033100,"Census Tract 331, Union County, New Jersey",,,34039033100,1637010,0,34,,"Census Tract 331, Union County, New Jersey",6644,17.57
ACSSF,NJ,1400000US34039033200,"Census Tract 332, Union County, New Jersey",,,34039033200,2483032,43580,34,,"Census Tract 332, Union County, New Jersey",3908,5.18
ACSSF,NJ,1400000US34039033300,"Census Tract 333, Union County, New Jersey",,,34039033300,1051076,0,34,,"Census Tract 333, Union County, New Jersey",3782,11.28
ACSSF,NJ,1400000US34039033400,"Census Tract 334, Union County, New Jersey",,,34039033400,1234455,0,34,,"Census Tract 334, Union County, New Jersey",3754,4.95
ACSSF,NJ,1400000US34039033501,"Census Tract 335.01, Union County, New Jersey",,,34039033501,1762663,9318,34,,"Census Tract 335.01, Union County, New Jersey",4497,4.48
ACSSF,NJ,1400000US34039033502,"Census Tract 335.02, Union County, New Jersey",,,34039033502,2268292,20236,34,,"Census Tract 335.02, Union County, New Jersey",4460,0
ACSSF,NJ,1400000US34039033600,"Census Tract 336, Union County, New Jersey",,,34039033600,5559876,10391,34,,"Census Tract 336, Union County, New Jersey",8339,9.1
ACSSF,NJ,1400000US34039033700,"Census Tract 337, Union County, New Jersey",,,34039033700,999501,0,34,,"Census Tract 337, Union County, New Jersey",4644,0
ACSSF,NJ,1400000US34039033800,"Census Tract 338, Union County, New Jersey",,,34039033800,1327714,0,34,,"Census Tract 338, Union County, New Jersey",5940,1.08
ACSSF,NJ,1400000US34039033900,"Census Tract 339, Union County, New Jersey",,,34039033900,844237,0,34,,"Census Tract 339, Union County, New Jersey",3381,37.09
ACSSF,NJ,1400000US34039034000,"Census Tract 340, Union County, New Jersey",,,34039034000,1491350,0,34,,"Census Tract 340, Union County, New Jersey",6147,6.7
ACSSF,NJ,1400000US34039034100,"Census Tract 341, Union County, New Jersey",,,34039034100,1556596,32524,34,,"Census Tract 341, Union County, New Jersey",3371,10.1
ACSSF,NJ,1400000US34039034200,"Census Tract 342, Union County, New Jersey",,,34039034200,1053590,0,34,,"Census Tract 342, Union County, New Jersey",3917,30.09
ACSSF,NJ,1400000US34039034300,"Census Tract 343, Union County, New Jersey",,,34039034300,1524131,0,34,,"Census Tract 343, Union County, New Jersey",4415,0
ACSSF,NJ,1400000US34039034400,"Census Tract 344, Union County, New Jersey",,,34039034400,1198980,0,34,,"Census Tract 344, Union County, New Jersey",4605,51.01
ACSSF,NJ,1400000US34039034500,"Census Tract 345, Union County, New Jersey",,,34039034500,985278,0,34,,"Census Tract 345, Union County, New Jersey",4407,39.18
ACSSF,NJ,1400000US34039034600,"Census Tract 346, Union County, New Jersey",,,34039034600,781048,0,34,,"Census Tract 346, Union County, New Jersey",4330,3.2
ACSSF,NJ,1400000US34039034700,"Census Tract 347, Union County, New Jersey",,,34039034700,808242,0,34,,"Census Tract 347, Union County, New Jersey",4013,13.07
ACSSF,NJ,1400000US34039034800,"Census Tract 348, Union County, New Jersey",,,34039034800,1447723,0,34,,"Census Tract 348, Union County, New Jersey",5083,14.06
ACSSF,NJ,1400000US34039034900,"Census Tract 349, Union County, New Jersey",,,34039034900,1712234,0,34,,"Census Tract 349, Union County, New Jersey",6092,2.39
ACSSF,NJ,1400000US34039035000,"Census Tract 350, Union County, New Jersey",,,34039035000,1367484,0,34,,"Census Tract 350, Union County, New Jersey",2687,34.07
ACSSF,NJ,1400000US34039035100,"Census Tract 351, Union County, New Jersey",,,34039035100,867081,0,34,,"Census Tract 351, Union County, New Jersey",4241,23.66
ACSSF,NJ,1400000US34039035200,"Census Tract 352, Union County, New Jersey",,,34039035200,1826245,0,34,,"Census Tract 352, Union County, New Jersey",2758,7.05
ACSSF,NJ,1400000US34039035300,"Census Tract 353, Union County, New Jersey",,,34039035300,1109270,9016,34,,"Census Tract 353, Union County, New Jersey",6848,7.11
ACSSF,NJ,1400000US34039035400,"Census Tract 354, Union County, New Jersey",,,34039035400,16776190,1702367,34,,"Census Tract 354, Union County, New Jersey",3155,18.03
ACSSF,NJ,1400000US34039035500,"Census Tract 355, Union County, New Jersey",,,34039035500,2048209,85581,34,,"Census Tract 355, Union County, New Jersey",7150,0
ACSSF,NJ,1400000US34039035600,"Census Tract 356, Union County, New Jersey",,,34039035600,1483424,55223,34,,"Census Tract 356, Union County, New Jersey",3964,5.79
ACSSF,NJ,1400000US34039035700,"Census Tract 357, Union County, New Jersey",,,34039035700,1770113,35487,34,,"Census Tract 357, Union County, New Jersey",5266,3.44
ACSSF,NJ,1400000US34039035800,"Census Tract 358, Union County, New Jersey",,,34039035800,2025275,93618,34,,"Census Tract 358, Union County, New Jersey",3276,3.57
ACSSF,NJ,1400000US34039035900,"Census Tract 359, Union County, New Jersey",,,34039035900,774796,0,34,,"Census Tract 359, Union County, New Jersey",4324,15.66
ACSSF,NJ,1400000US34039036000,"Census Tract 360, Union County, New Jersey",,,34039036000,1989182,106041,34,,"Census Tract 360, Union County, New Jersey",5768,0
ACSSF,NJ,1400000US34039036100,"Census Tract 361, Union County, New Jersey",,,34039036100,469196,0,34,,"Census Tract 361, Union County, New Jersey",1487,6.57
ACSSF,NJ,1400000US34039036200,"Census Tract 362, Union County, New Jersey",,,34039036200,3909120,287280,34,,"Census Tract 362, Union County, New Jersey",6364,2.09
ACSSF,NJ,1400000US34039036301,"Census Tract 363.01, Union County, New Jersey",,,34039036301,3619438,178961,34,,"Census Tract 363.01, Union County, New Jersey",5470,0
ACSSF,NJ,1400000US34039036302,"Census Tract 363.02, Union County, New Jersey",,,34039036302,3539041,0,34,,"Census Tract 363.02, Union County, New Jersey",3576,2.86
ACSSF,NJ,1400000US34039036400,"Census Tract 364, Union County, New Jersey",,,34039036400,4962700,41815,34,,"Census Tract 364, Union County, New Jersey",7139,0.05
ACSSF,NJ,1400000US34039036500,"Census Tract 365, Union County, New Jersey",,,34039036500,3302807,1827,34,,"Census Tract 365, Union County, New Jersey",5799,0
ACSSF,NJ,1400000US34039036600,"Census Tract 366, Union County, New Jersey",,,34039036600,2309040,790,34,,"Census Tract 366, Union County, New Jersey",4119,7.51
ACSSF,NJ,1400000US34039036700,"Census Tract 367, Union County, New Jersey",,,34039036700,2397871,0,34,,"Census Tract 367, Union County, New Jersey",5615,1.09
ACSSF,NJ,1400000US34039036800,"Census Tract 368, Union County, New Jersey",,,34039036800,4442989,4366,34,,"Census Tract 368, Union County, New Jersey",8088,0
ACSSF,NJ,1400000US34039036900,"Census Tract 369, Union County, New Jersey",,,34039036900,1684494,0,34,,"Census Tract 369, Union County, New Jersey",4688,6.68
ACSSF,NJ,1400000US34039037000,"Census Tract 370, Union County, New Jersey",,,34039037000,2961425,13985,34,,"Census Tract 370, Union County, New Jersey",6074,0
ACSSF,NJ,1400000US34039037100,"Census Tract 371, Union County, New Jersey",,,34039037100,2927058,59640,34,,"Census Tract 371, Union County, New Jersey",4486,5.05
ACSSF,NJ,1400000US34039037200,"Census Tract 372, Union County, New Jersey",,,34039037200,1992503,5664,34,,"Census Tract 372, Union County, New Jersey",4196,0
ACSSF,NJ,1400000US34039037300,"Census Tract 373, Union County, New Jersey",,,34039037300,2789543,19990,34,,"Census Tract 373, Union County, New Jersey",4570,0
ACSSF,NJ,1400000US34039037400,"Census Tract 374, Union County, New Jersey",,,34039037400,1852226,0,34,,"Census Tract 374, Union County, New Jersey",4515,1.65
ACSSF,NJ,1400000US34039037500,"Census Tract 375, Union County, New Jersey",,,34039037500,3156603,24771,34,,"Census Tract 375, Union County, New Jersey",5527,0
ACSSF,NJ,1400000US34039037601,"Census Tract 376.01, Union County, New Jersey",,,34039037601,5580490,17095,34,,"Census Tract 376.01, Union County, New Jersey",5069,6.98
ACSSF,NJ,1400000US34039037602,"Census Tract 376.02, Union County, New Jersey",,,34039037602,4619185,770,34,,"Census Tract 376.02, Union County, New Jersey",6388,12.43
ACSSF,NJ,1400000US34039037700,"Census Tract 377, Union County, New Jersey",,,34039037700,4336244,29771,34,,"Census Tract 377, Union County, New Jersey",4817,1.71
ACSSF,NJ,1400000US34039037800,"Census Tract 378, Union County, New Jersey",,,34039037800,3802284,31427,34,,"Census Tract 378, Union County, New Jersey",6161,3.82
ACSSF,NJ,1400000US34039037900,"Census Tract 379, Union County, New Jersey",,,34039037900,4917627,53002,34,,"Census Tract 379, Union County, New Jersey",5802,0.58
ACSSF,NJ,1400000US34039038000,"Census Tract 380, Union County, New Jersey",,,34039038000,2468339,17043,34,,"Census Tract 380, Union County, New Jersey",5732,3.03
ACSSF,NJ,1400000US34039038101,"Census Tract 381.01, Union County, New Jersey",,,34039038101,3518528,2675,34,,"Census Tract 381.01, Union County, New Jersey",4630,0.44
ACSSF,NJ,1400000US34039038103,"Census Tract 381.03, Union County, New Jersey",,,34039038103,3143689,36379,34,,"Census Tract 381.03, Union County, New Jersey",3509,0
ACSSF,NJ,1400000US34039038104,"Census Tract 381.04, Union County, New Jersey",,,34039038104,2890440,15708,34,,"Census Tract 381.04, Union County, New Jersey",5438,2.42
ACSSF,NJ,1400000US34039038201,"Census Tract 382.01, Union County, New Jersey",,,34039038201,9582311,16732,34,,"Census Tract 382.01, Union County, New Jersey",6703,0
ACSSF,NJ,1400000US34039038202,"Census Tract 382.02, Union County, New Jersey",,,34039038202,6528346,78616,34,,"Census Tract 382.02, Union County, New Jersey",6418,7.3
ACSSF,NJ,1400000US34039038300,"Census Tract 383, Union County, New Jersey",,,34039038300,10350652,117410,34,,"Census Tract 383, Union County, New Jersey",6967,0
ACSSF,NJ,1400000US34039038400,"Census Tract 384, Union County, New Jersey",,,34039038400,4556513,14207,34,,"Census Tract 384, Union County, New Jersey",6612,3.56
ACSSF,NJ,1400000US34039038500,"Census Tract 385, Union County, New Jersey",,,34039038500,3169513,3706,34,,"Census Tract 385, Union County, New Jersey",6149,5.67
ACSSF,NJ,1400000US34039038601,"Census Tract 386.01, Union County, New Jersey",,,34039038601,7830647,65700,34,,"Census Tract 386.01, Union County, New Jersey",7686,1.22
ACSSF,NJ,1400000US34039038602,"Census Tract 386.02, Union County, New Jersey",,,34039038602,7808023,8894,34,,"Census Tract 386.02, Union County, New Jersey",4220,0
ACSSF,NJ,1400000US34039038701,"Census Tract 387.01, Union County, New Jersey",,,34039038701,1822253,0,34,,"Census Tract 387.01, Union County, New Jersey",3830,0
ACSSF,NJ,1400000US34039038702,"Census Tract 387.02, Union County, New Jersey",,,34039038702,1647416,0,34,,"Census Tract 387.02, Union County, New Jersey",3884,3.69
ACSSF,NJ,1400000US34039038800,"Census Tract 388, Union County, New Jersey",,,34039038800,1584903,0,34,,"Census Tract 388, Union County, New Jersey",4599,21.81
ACSSF,NJ,1400000US34039038900,"Census Tract 389, Union County, New Jersey",,,34039038900,1105233,0,34,,"Census Tract 389, Union County, New Jersey",6491,17.09
ACSSF,NJ,1400000US34039039000,"Census Tract 390, Union County, New Jersey",,,34039039000,1001035,0,34,,"Census Tract 390, Union County, New Jersey",4915,19.38
ACSSF,NJ,1400000US34039039100,"Census Tract 391, Union County, New Jersey",,,34039039100,2223670,9135,34,,"Census Tract 391, Union County, New Jersey",3259,0
ACSSF,NJ,1400000US34039039200,"Census Tract 392, Union County, New Jersey",,,34039039200,1308388,0,34,,"Census Tract 392, Union County, New Jersey",6022,30.37
ACSSF,NJ,1400000US34039039301,"Census Tract 393.01, Union County, New Jersey",,,34039039301,499702,0,34,,"Census Tract 393.01, Union County, New Jersey",3248,49.74
ACSSF,NJ,1400000US34039039302,"Census Tract 393.02, Union County, New Jersey",,,34039039302,412609,0,34,,"Census Tract 393.02, Union County, New Jersey",3023,48.86
ACSSF,NJ,1400000US34039039400,"Census Tract 394, Union County, New Jersey",,,34039039400,1733134,3273,34,,"Census Tract 394, Union County, New Jersey",6039,22.24
ACSSF,NJ,1400000US34039039501,"Census Tract 395.01, Union County, New Jersey",,,34039039501,590924,0,34,,"Census Tract 395.01, Union County, New Jersey",3299,18.78
ACSSF,NJ,1400000US34039039502,"Census Tract 395.02, Union County, New Jersey",,,34039039502,868293,0,34,,"Census Tract 395.02, Union County, New Jersey",3653,26.96
ACSSF,NJ,1400000US34039039600,"Census Tract 396, Union County, New Jersey",,,34039039600,1538879,0,34,,"Census Tract 396, Union County, New Jersey",4498,28.43
ACSSF,NJ,1400000US34039039700,"Census Tract 397, Union County, New Jersey",,,34039039700,2567721,11747,34,,"Census Tract 397, Union County, New Jersey",5469,16.23
ACSSF,NJ,1400000US34039039801,"Census Tract 398.01, Union County, New Jersey",,,34039039801,1035061,1662385,34,,"Census Tract 398.01, Union County, New Jersey",5212,18.51
ACSSF,NJ,1400000US34039039900,"Census Tract 399, Union County, New Jersey",,,34039039900,670963,8371,34,,"Census Tract 399, Union County, New Jersey",1706,12.7
ACSSF,NJ,1400000US34039980000,"Census Tract 9800, Union County, New Jersey",,,34039980000,13255733,1451505,34,,"Census Tract 9800, Union County, New Jersey",141,
ACSSF,NJ,1400000US34041030600,"Census Tract 306, Warren County, New Jersey",,,34041030600,2488204,81012,34,,"Census Tract 306, Warren County, New Jersey",4340,14.41
ACSSF,NJ,1400000US34041030700,"Census Tract 307, Warren County, New Jersey",,,34041030700,1167485,27059,34,,"Census Tract 307, Warren County, New Jersey",5113,13.97
ACSSF,NJ,1400000US34041030800,"Census Tract 308, Warren County, New Jersey",,,34041030800,2790435,9426,34,,"Census Tract 308, Warren County, New Jersey",3046,18.11
ACSSF,NJ,1400000US34041030900,"Census Tract 309, Warren County, New Jersey",,,34041030900,1820195,196868,34,,"Census Tract 309, Warren County, New Jersey",2752,62.32
ACSSF,NJ,1400000US34041031101,"Census Tract 311.01, Warren County, New Jersey",,,34041031101,131068988,5166326,34,,"Census Tract 311.01, Warren County, New Jersey",5725,0
ACSSF,NJ,1400000US34041031102,"Census Tract 311.02, Warren County, New Jersey",,,34041031102,104712203,1443121,34,,"Census Tract 311.02, Warren County, New Jersey",3456,2.95
ACSSF,NJ,1400000US34041031200,"Census Tract 312, Warren County, New Jersey",,,34041031200,141094471,2775503,34,,"Census Tract 312, Warren County, New Jersey",7430,8.11
ACSSF,NJ,1400000US34041031301,"Census Tract 313.01, Warren County, New Jersey",,,34041031301,51359481,392911,34,,"Census Tract 313.01, Warren County, New Jersey",5476,12.54
ACSSF,NJ,1400000US34041031302,"Census Tract 313.02, Warren County, New Jersey",,,34041031302,51779533,730931,34,,"Census Tract 313.02, Warren County, New Jersey",5373,0
ACSSF,NJ,1400000US34041031401,"Census Tract 314.01, Warren County, New Jersey",,,34041031401,5030897,95763,34,,"Census Tract 314.01, Warren County, New Jersey",4579,12.51
ACSSF,NJ,1400000US34041031402,"Census Tract 314.02, Warren County, New Jersey",,,34041031402,4323739,159754,34,,"Census Tract 314.02, Warren County, New Jersey",5564,11.94
ACSSF,NJ,1400000US34041031500,"Census Tract 315, Warren County, New Jersey",,,34041031500,76626862,271836,34,,"Census Tract 315, Warren County, New Jersey",7804,1.2
ACSSF,NJ,1400000US34041031601,"Census Tract 316.01, Warren County, New Jersey",,,34041031601,70878257,1387592,34,,"Census Tract 316.01, Warren County, New Jersey",4646,32.86
ACSSF,NJ,1400000US34041031602,"Census Tract 316.02, Warren County, New Jersey",,,34041031602,15432458,262701,34,,"Census Tract 316.02, Warren County, New Jersey",2906,1.55
ACSSF,NJ,1400000US34041031700,"Census Tract 317, Warren County, New Jersey",,,34041031700,3754042,90669,34,,"Census Tract 317, Warren County, New Jersey",2526,4.15
ACSSF,NJ,1400000US34041031800,"Census Tract 318, Warren County, New Jersey",,,34041031800,61513096,976463,34,,"Census Tract 318, Warren County, New Jersey",2515,0
ACSSF,NJ,1400000US34041031900,"Census Tract 319, Warren County, New Jersey",,,34041031900,46517810,228840,34,,"Census Tract 319, Warren County, New Jersey",6597,4.65
ACSSF,NJ,1400000US34041032000,"Census Tract 320, Warren County, New Jersey",,,34041032000,5089764,6878,34,,"Census Tract 320, Warren County, New Jersey",7287,17.08
ACSSF,NJ,1400000US34041032101,"Census Tract 321.01, Warren County, New Jersey",,,34041032101,60657041,232602,34,,"Census Tract 321.01, Warren County, New Jersey",2984,12.15
ACSSF,NJ,1400000US34041032102,"Census Tract 321.02, Warren County, New Jersey",,,34041032102,27404571,42089,34,,"Census Tract 321.02, Warren County, New Jersey",5481,1.72
ACSSF,NJ,1400000US34041032200,"Census Tract 322, Warren County, New Jersey",,,34041032200,18945929,156011,34,,"Census Tract 322, Warren County, New Jersey",9131,5.96
ACSSF,NJ,1400000US34041032300,"Census Tract 323, Warren County, New Jersey",,,34041032300,34627544,999673,34,,"Census Tract 323, Warren County, New Jersey",3258,16.15
ACSSF,NJ,1400000US34041032400,"Census Tract 324, Warren County, New Jersey",,,34041032400,4352916,91297,34,,"Census Tract 324, Warren County, New Jersey",2249,5.91