CMPLNT_NUM,CMPLNT_FR_,CMPLNT_F_1,CMPLNT_TO_,CMPLNT_T_1,RPT_DT,KY_CD,OFNS_DESC,PD_CD,PD_DESC,CRM_ATPT_C,LAW_CAT_CD,JURIS_DESC,BORO_NM,ADDR_PCT_C,LOC_OF_OCC,PREM_TYP_D,PARKS_NM,HADEVELOPT,X_COORD_CD,Y_COORD_CD,Latitude,Longitude,Lat_Lon
492537924,8/14/2014,17:00:00,8/17/2014,21:00:00,8/18/2014,124,KIDNAPPING & RELATED OFFENSES,187,KIDNAPPING 1,COMPLETED,FELONY,N.Y. POLICE DEPT,QUEENS,105,FRONT OF,HOSPITAL,,,"1,065,540","213,942",40.75353246,-73.70659676,"(40.753532458, -73.706596761)"
681179819,7/8/2013,8:30:00,7/8/2013,9:00:00,7/8/2013,124,KIDNAPPING & RELATED OFFENSES,193,CUSTODIAL INTERFERENCE 1,COMPLETED,FELONY,N.Y. POLICE DEPT,QUEENS,105,,RESIDENCE - APT. HOUSE,,,"1,063,463","212,154",40.74864373,-73.71411441,"(40.748643726, -73.714114406)"
835418503,3/19/2016,8:00:00,3/19/2016,10:30:00,3/19/2016,124,KIDNAPPING & RELATED OFFENSES,183,"IMPRISONMENT 1,UNLAWFUL",COMPLETED,FELONY,N.Y. POLICE DEPT,QUEENS,105,INSIDE,RESIDENCE-HOUSE,,,"1,063,213","207,863",40.7368683,-73.71506705,"(40.736868297, -73.715067046)"
350486343,11/17/2013,18:45:00,11/17/2013,18:55:00,11/17/2013,124,KIDNAPPING & RELATED OFFENSES,183,"IMPRISONMENT 1,UNLAWFUL",COMPLETED,FELONY,N.Y. POLICE DEPT,QUEENS,105,INSIDE,RESIDENCE-HOUSE,,,"1,059,506","203,150",40.72396464,-73.72849621,"(40.723964644, -73.72849621)"
738248923,7/27/2012,2:30:00,7/27/2012,16:00:00,7/27/2012,124,KIDNAPPING & RELATED OFFENSES,187,KIDNAPPING 1,COMPLETED,FELONY,N.Y. POLICE DEPT,QUEENS,105,FRONT OF,RESIDENCE-HOUSE,,,"1,059,116","189,805",40.68733924,-73.73005159,"(40.687339242, -73.730051594)"
585651217,1/4/2015,2:30:00,1/4/2015,6:30:00,1/5/2015,124,KIDNAPPING & RELATED OFFENSES,183,"IMPRISONMENT 1,UNLAWFUL",COMPLETED,FELONY,N.Y. POLICE DEPT,QUEENS,105,INSIDE,RESIDENCE-HOUSE,,,"1,059,039","179,173",40.65815757,-73.7304472,"(40.658157571, -73.730447204)"
647686922,3/30/2012,11:00:00,3/30/2012,11:10:00,3/30/2012,124,KIDNAPPING & RELATED OFFENSES,193,CUSTODIAL INTERFERENCE 1,COMPLETED,FELONY,N.Y. POLICE DEPT,QUEENS,111,INSIDE,PUBLIC SCHOOL,,,"1,058,758","215,902",40.75897188,-73.73105355,"(40.758971883, -73.731053545)"
187104606,7/18/2006,15:00:00,8/14/2006,15:00:00,8/15/2006,124,KIDNAPPING & RELATED OFFENSES,193,CUSTODIAL INTERFERENCE 1,COMPLETED,FELONY,N.Y. POLICE DEPT,QUEENS,105,INSIDE,RESIDENCE-HOUSE,,,"1,058,617","193,504",40.6974963,-73.73181003,"(40.697496303, -73.731810029)"
529809319,8/9/2013,8:00:00,,,8/9/2013,124,KIDNAPPING & RELATED OFFENSES,193,CUSTODIAL INTERFERENCE 1,COMPLETED,FELONY,N.Y. POLICE DEPT,QUEENS,105,INSIDE,COMMERCIAL BUILDING,,,"1,057,767","203,992",40.72629034,-73.73476086,"(40.726290343, -73.73476086)"
981710856,12/31/2006,18:00:00,1/6/2007,15:00:00,1/6/2007,124,KIDNAPPING & RELATED OFFENSES,193,CUSTODIAL INTERFERENCE 1,COMPLETED,FELONY,N.Y. POLICE DEPT,QUEENS,105,FRONT OF,RESIDENCE-HOUSE,,,"1,057,767","203,992",40.72629034,-73.73476086,"(40.726290343, -73.73476086)"
910646826,4/28/2006,19:00:00,,,4/28/2006,124,KIDNAPPING & RELATED OFFENSES,193,CUSTODIAL INTERFERENCE 1,COMPLETED,FELONY,N.Y. POLICE DEPT,QUEENS,105,INSIDE,,,,"1,057,767","203,992",40.72629034,-73.73476086,"(40.726290343, -73.73476086)"
334564364,5/9/2015,6:00:00,5/9/2015,11:45:00,5/9/2015,124,KIDNAPPING & RELATED OFFENSES,183,"IMPRISONMENT 1,UNLAWFUL",COMPLETED,FELONY,N.Y. POLICE DEPT,QUEENS,105,INSIDE,RESIDENCE-HOUSE,,,"1,057,538","203,789",40.72573506,-73.73558927,"(40.72573506, -73.73558927)"
393070377,5/2/2012,14:30:00,,,5/2/2012,124,KIDNAPPING & RELATED OFFENSES,193,CUSTODIAL INTERFERENCE 1,COMPLETED,FELONY,N.Y. POLICE DEPT,QUEENS,105,INSIDE,PUBLIC SCHOOL,,,"1,057,168","198,456",40.71110038,-73.73698194,"(40.711100378, -73.736981938)"
251939894,10/29/2006,9:45:00,10/29/2006,9:45:00,10/31/2006,124,KIDNAPPING & RELATED OFFENSES,183,"IMPRISONMENT 1,UNLAWFUL",COMPLETED,FELONY,N.Y. POLICE DEPT,QUEENS,111,INSIDE,COMMERCIAL BUILDING,,,"1,056,614","219,998",40.77023211,-73.7387485,"(40.770232105, -73.738748497)"
309561706,9/11/2009,8:00:00,9/11/2009,9:15:00,9/11/2009,124,KIDNAPPING & RELATED OFFENSES,193,CUSTODIAL INTERFERENCE 1,COMPLETED,FELONY,N.Y. POLICE DEPT,QUEENS,105,FRONT OF,RESIDENCE-HOUSE,,,"1,056,618","196,175",40.70484411,-73.73899032,"(40.704844114, -73.738990324)"
997145863,2/17/2006,18:00:00,,,2/17/2006,124,KIDNAPPING & RELATED OFFENSES,193,CUSTODIAL INTERFERENCE 1,COMPLETED,FELONY,N.Y. POLICE DEPT,QUEENS,105,FRONT OF,RESIDENCE-HOUSE,,,"1,056,610","185,186",40.67468203,-73.73913721,"(40.674682032, -73.739137206)"
670544152,7/18/2008,19:00:00,7/18/2008,20:40:00,7/18/2008,124,KIDNAPPING & RELATED OFFENSES,183,"IMPRISONMENT 1,UNLAWFUL",COMPLETED,FELONY,N.Y. POLICE DEPT,QUEENS,105,INSIDE,RESIDENCE - APT. HOUSE,,,"1,056,495","200,772",40.71746274,-73.73938462,"(40.717462739, -73.739384621)"
228585519,1/16/2009,16:00:00,1/16/2009,16:05:00,1/16/2009,124,KIDNAPPING & RELATED OFFENSES,193,CUSTODIAL INTERFERENCE 1,COMPLETED,FELONY,N.Y. POLICE DEPT,QUEENS,101,INSIDE,RESIDENCE - APT. HOUSE,,,"1,056,064","156,962",40.59721793,-73.74140594,"(40.597217933, -73.741405943)"
127325412,9/4/2010,8:00:00,9/4/2010,21:00:00,9/5/2010,124,KIDNAPPING & RELATED OFFENSES,183,"IMPRISONMENT 1,UNLAWFUL",COMPLETED,FELONY,N.Y. POLICE DEPT,QUEENS,101,INSIDE,RESIDENCE - APT. HOUSE,,,"1,055,868","156,522",40.59601181,-73.74211638,"(40.596011813, -73.742116381)"
159411117,8/21/2006,15:30:00,8/21/2006,16:02:00,8/21/2006,124,KIDNAPPING & RELATED OFFENSES,183,"IMPRISONMENT 1,UNLAWFUL",COMPLETED,FELONY,N.Y. POLICE DEPT,QUEENS,101,INSIDE,RESIDENCE - APT. HOUSE,,,"1,055,868","156,522",40.59601181,-73.74211638,"(40.596011813, -73.742116381)"
474530616,12/14/2009,8:00:00,,,12/14/2009,124,KIDNAPPING & RELATED OFFENSES,185,KIDNAPPING 2,ATTEMPTED,FELONY,N.Y. POLICE DEPT,QUEENS,105,,STREET,,,"1,055,757","185,920",40.67670362,-73.74220454,"(40.676703619, -73.742204542)"
927808233,5/9/2014,10:02:00,5/9/2014,10:05:00,5/9/2014,124,KIDNAPPING & RELATED OFFENSES,183,"IMPRISONMENT 1,UNLAWFUL",COMPLETED,FELONY,N.Y. POLICE DEPT,QUEENS,105,REAR OF,PUBLIC SCHOOL,,,"1,055,572","184,562",40.67297772,-73.74288587,"(40.672977722, -73.742885869)"
120818164,7/14/2007,12:00:00,7/14/2007,12:59:00,7/14/2007,124,KIDNAPPING & RELATED OFFENSES,193,CUSTODIAL INTERFERENCE 1,COMPLETED,FELONY,N.Y. POLICE DEPT,QUEENS,105,FRONT OF,RESIDENCE-HOUSE,,,"1,055,321","195,040",40.70173933,-73.74368019,"(40.701739331, -73.743680192)"
637051774,6/28/2008,7:00:00,6/28/2008,11:00:00,6/28/2008,124,KIDNAPPING & RELATED OFFENSES,193,CUSTODIAL INTERFERENCE 1,COMPLETED,FELONY,N.Y. POLICE DEPT,QUEENS,105,INSIDE,RESIDENCE-HOUSE,,,"1,055,143","185,848",40.67651094,-73.74441888,"(40.676510935, -73.744418878)"
687886987,5/26/2014,9:25:00,5/26/2014,9:30:00,5/26/2014,124,KIDNAPPING & RELATED OFFENSES,187,KIDNAPPING 1,ATTEMPTED,FELONY,N.Y. POLICE DEPT,QUEENS,105,FRONT OF,STREET,,,"1,054,718","192,792",40.69557394,-73.74587845,"(40.695573942, -73.745878449)"
562894886,1/15/2008,14:00:00,1/15/2008,14:30:00,1/16/2008,124,KIDNAPPING & RELATED OFFENSES,183,"IMPRISONMENT 1,UNLAWFUL",COMPLETED,FELONY,N.Y. POLICE DEPT,QUEENS,113,,STREET,,,"1,054,631","192,994",40.69612908,-73.74619008,"(40.696129075, -73.746190079)"
981694273,8/30/2008,12:00:00,9/13/2008,16:00:00,9/13/2008,124,KIDNAPPING & RELATED OFFENSES,183,"IMPRISONMENT 1,UNLAWFUL",COMPLETED,FELONY,N.Y. POLICE DEPT,QUEENS,105,INSIDE,RESIDENCE-HOUSE,,,"1,054,530","180,257",40.66116984,-73.74668713,"(40.661169836, -73.746687134)"
489234847,8/19/2006,12:15:00,8/20/2006,11:09:00,8/20/2006,124,KIDNAPPING & RELATED OFFENSES,193,CUSTODIAL INTERFERENCE 1,COMPLETED,FELONY,N.Y. POLICE DEPT,QUEENS,105,INSIDE,RESIDENCE-HOUSE,,,"1,054,274","185,175",40.67467063,-73.74755876,"(40.674670625, -73.747558761)"
615411229,6/12/2015,21:00:00,6/12/2015,21:08:00,6/12/2015,124,KIDNAPPING & RELATED OFFENSES,193,CUSTODIAL INTERFERENCE 1,COMPLETED,FELONY,N.Y. POLICE DEPT,QUEENS,105,FRONT OF,STREET,,,"1,054,262","185,897",40.67665244,-73.74759452,"(40.676652439, -73.747594522)"
632541890,4/30/2014,15:00:00,4/30/2014,15:18:00,4/30/2014,124,KIDNAPPING & RELATED OFFENSES,183,"IMPRISONMENT 1,UNLAWFUL",ATTEMPTED,FELONY,N.Y. POLICE DEPT,QUEENS,105,FRONT OF,STREET,,,"1,054,031","196,387",40.70544678,-73.74831866,"(40.705446781, -73.74831866)"
288007745,1/11/2013,22:00:00,1/11/2013,22:05:00,1/11/2013,124,KIDNAPPING & RELATED OFFENSES,187,KIDNAPPING 1,COMPLETED,FELONY,N.Y. POLICE DEPT,QUEENS,101,,STREET,,,"1,054,020","158,678",40.60194431,-73.74874843,"(40.601944313, -73.748748433)"
433894024,10/22/2012,18:30:00,10/22/2012,18:40:00,10/22/2012,124,KIDNAPPING & RELATED OFFENSES,183,"IMPRISONMENT 1,UNLAWFUL",ATTEMPTED,FELONY,N.Y. POLICE DEPT,QUEENS,105,,STREET,,,"1,053,942","181,828",40.66548651,-73.74879025,"(40.665486514, -73.748790246)"
133813173,7/13/2006,13:00:00,7/13/2006,14:30:00,7/13/2006,124,KIDNAPPING & RELATED OFFENSES,183,"IMPRISONMENT 1,UNLAWFUL",COMPLETED,FELONY,N.Y. POLICE DEPT,QUEENS,111,FRONT OF,RESIDENCE - APT. HOUSE,,,"1,053,828","219,650",40.76929931,-73.74881023,"(40.769299306, -73.748810231)"
918924884,8/17/2006,14:00:00,8/22/2006,20:59:00,8/22/2006,124,KIDNAPPING & RELATED OFFENSES,193,CUSTODIAL INTERFERENCE 1,COMPLETED,FELONY,N.Y. POLICE DEPT,QUEENS,101,INSIDE,RESIDENCE - APT. HOUSE,,,"1,053,936","156,259",40.59530533,-73.74907588,"(40.595305334, -73.749075881)"
590600395,10/10/2014,20:50:00,10/10/2014,23:00:00,10/10/2014,124,KIDNAPPING & RELATED OFFENSES,183,"IMPRISONMENT 1,UNLAWFUL",COMPLETED,FELONY,N.Y. POLICE DEPT,QUEENS,101,INSIDE,RESIDENCE - APT. HOUSE,,,"1,053,917","159,316",40.6036963,-73.74911277,"(40.603696297, -73.749112769)"
754528204,10/21/2012,17:00:00,10/21/2012,17:30:00,10/21/2012,124,KIDNAPPING & RELATED OFFENSES,187,KIDNAPPING 1,COMPLETED,FELONY,N.Y. POLICE DEPT,QUEENS,105,FRONT OF,STREET,,,"1,053,263","200,641",40.71712898,-73.75104503,"(40.717128978, -73.751045025)"
849466045,11/15/2007,16:20:00,11/15/2007,17:45:00,11/15/2007,124,KIDNAPPING & RELATED OFFENSES,183,"IMPRISONMENT 1,UNLAWFUL",COMPLETED,FELONY,N.Y. POLICE DEPT,QUEENS,101,INSIDE,RESIDENCE - APT. HOUSE,,,"1,053,364","158,349",40.60104642,-73.75111415,"(40.601046419, -73.751114148)"
467326121,9/18/2009,9:30:00,9/18/2009,20:30:00,9/18/2009,124,KIDNAPPING & RELATED OFFENSES,183,"IMPRISONMENT 1,UNLAWFUL",COMPLETED,FELONY,N.Y. HOUSING POLICE,QUEENS,101,INSIDE,RESIDENCE - PUBLIC HOUSING,,REDFERN,"1,052,788","161,189",40.60884608,-73.75315956,"(40.608846083, -73.753159558)"
445081409,4/1/2009,0:01:00,9/18/2009,19:00:00,9/18/2009,124,KIDNAPPING & RELATED OFFENSES,183,"IMPRISONMENT 1,UNLAWFUL",COMPLETED,FELONY,N.Y. HOUSING POLICE,QUEENS,101,INSIDE,RESIDENCE - PUBLIC HOUSING,,REDFERN,"1,052,788","161,189",40.60884608,-73.75315956,"(40.608846083, -73.753159558)"
194188680,1/9/2016,19:30:00,1/10/2016,11:36:00,1/10/2016,124,KIDNAPPING & RELATED OFFENSES,183,"IMPRISONMENT 1,UNLAWFUL",COMPLETED,FELONY,N.Y. POLICE DEPT,QUEENS,101,INSIDE,RESIDENCE-HOUSE,,,"1,052,753","160,863",40.60795155,-73.75328892,"(40.607951554, -73.753288918)"
946749687,2/11/2001,16:00:00,,,2/11/2010,124,KIDNAPPING & RELATED OFFENSES,185,KIDNAPPING 2,COMPLETED,FELONY,N.Y. POLICE DEPT,QUEENS,105,INSIDE,RESIDENCE - APT. HOUSE,,,"1,052,444","186,002",40.67695483,-73.75414767,"(40.676954831, -73.754147669)"
186468459,2/12/2006,20:00:00,2/17/2006,14:00:00,2/17/2006,124,KIDNAPPING & RELATED OFFENSES,183,"IMPRISONMENT 1,UNLAWFUL",COMPLETED,FELONY,N.Y. POLICE DEPT,QUEENS,113,INSIDE,RESIDENCE-HOUSE,,,"1,052,393","196,466",40.70567638,-73.75422569,"(40.705676383, -73.75422569)"
219260918,1/29/2008,0:01:00,,,10/10/2008,124,KIDNAPPING & RELATED OFFENSES,193,CUSTODIAL INTERFERENCE 1,COMPLETED,FELONY,N.Y. POLICE DEPT,QUEENS,105,INSIDE,RESIDENCE-HOUSE,,,"1,052,199","182,264",40.66669678,-73.75506862,"(40.666696781, -73.755068622)"
522013439,2/21/2006,5:30:00,2/21/2006,6:00:00,2/23/2006,124,KIDNAPPING & RELATED OFFENSES,193,CUSTODIAL INTERFERENCE 1,COMPLETED,FELONY,N.Y. POLICE DEPT,QUEENS,113,INSIDE,RESIDENCE-HOUSE,,,"1,052,144","196,388",40.70546421,-73.75512456,"(40.705464206, -73.755124555)"
395844165,1/13/2011,0:05:00,1/13/2011,13:45:00,1/31/2011,124,KIDNAPPING & RELATED OFFENSES,193,CUSTODIAL INTERFERENCE 1,COMPLETED,FELONY,N.Y. POLICE DEPT,QUEENS,105,INSIDE,RESIDENCE-HOUSE,,,"1,052,170","180,222",40.66109219,-73.75519373,"(40.661092186, -73.755193727)"
522509243,4/26/2013,7:00:00,4/26/2013,8:00:00,4/27/2013,124,KIDNAPPING & RELATED OFFENSES,183,"IMPRISONMENT 1,UNLAWFUL",COMPLETED,FELONY,N.Y. POLICE DEPT,QUEENS,105,INSIDE,RESIDENCE - APT. HOUSE,,,"1,052,128","185,997",40.67694354,-73.75528696,"(40.676943536, -73.75528696)"
260624827,7/17/2008,12:00:00,,,7/18/2008,124,KIDNAPPING & RELATED OFFENSES,193,CUSTODIAL INTERFERENCE 1,COMPLETED,FELONY,N.Y. POLICE DEPT,QUEENS,105,INSIDE,RESIDENCE - APT. HOUSE,,,"1,051,624","201,421",40.71928252,-73.75694969,"(40.719282517, -73.756949691)"
319383680,10/20/2009,21:00:00,10/20/2009,21:15:00,10/20/2009,124,KIDNAPPING & RELATED OFFENSES,183,"IMPRISONMENT 1,UNLAWFUL",ATTEMPTED,FELONY,N.Y. POLICE DEPT,QUEENS,113,,STREET,,,"1,051,601","184,718",40.67343701,-73.75719968,"(40.673437007, -73.757199677)"
266720634,8/3/2008,10:00:00,,,8/3/2008,124,KIDNAPPING & RELATED OFFENSES,193,CUSTODIAL INTERFERENCE 1,COMPLETED,FELONY,N.Y. POLICE DEPT,QUEENS,105,INSIDE,RESIDENCE-HOUSE,,,"1,051,432","202,534",40.72233888,-73.75763122,"(40.722338882, -73.757631218)"
892438790,1/14/2016,5:00:00,1/14/2016,5:11:00,1/14/2016,124,KIDNAPPING & RELATED OFFENSES,183,"IMPRISONMENT 1,UNLAWFUL",COMPLETED,FELONY,N.Y. POLICE DEPT,QUEENS,101,INSIDE,RESIDENCE-HOUSE,,,"1,051,265","158,539",40.60158405,-73.75867096,"(40.601584049, -73.758670958)"
958321011,3/29/2006,14:10:00,,,3/30/2006,124,KIDNAPPING & RELATED OFFENSES,183,"IMPRISONMENT 1,UNLAWFUL",COMPLETED,FELONY,N.Y. POLICE DEPT,QUEENS,105,,PARK/PLAYGROUND,,,"1,051,143","202,267",40.72160822,-73.75867648,"(40.721608224, -73.758676482)"
192515539,3/7/2010,12:00:00,3/7/2010,21:00:00,3/9/2010,124,KIDNAPPING & RELATED OFFENSES,193,CUSTODIAL INTERFERENCE 1,COMPLETED,FELONY,N.Y. POLICE DEPT,QUEENS,101,INSIDE,RESIDENCE-HOUSE,,,"1,051,113","160,811",40.60782135,-73.75919584,"(40.607821351, -73.759195838)"
267030337,8/12/2008,15:00:00,8/24/2008,16:55:00,8/24/2008,124,KIDNAPPING & RELATED OFFENSES,187,KIDNAPPING 1,COMPLETED,FELONY,N.Y. POLICE DEPT,QUEENS,113,INSIDE,RESIDENCE - APT. HOUSE,,,"1,050,964","189,413",40.6863285,-73.75944959,"(40.686328495, -73.759449585)"
489051056,4/9/2007,8:00:00,,,4/11/2007,124,KIDNAPPING & RELATED OFFENSES,193,CUSTODIAL INTERFERENCE 1,COMPLETED,FELONY,N.Y. POLICE DEPT,QUEENS,113,INSIDE,RESIDENCE-HOUSE,,,"1,050,944","182,530",40.66743643,-73.75958981,"(40.667436432, -73.759589811)"
445020413,4/19/2008,13:00:00,4/30/2008,0:45:00,4/30/2008,124,KIDNAPPING & RELATED OFFENSES,193,CUSTODIAL INTERFERENCE 1,COMPLETED,FELONY,N.Y. POLICE DEPT,QUEENS,101,INSIDE,RESIDENCE-HOUSE,,,"1,050,895","157,232",40.5979994,-73.76001627,"(40.597999401, -73.760016269)"
566073685,3/4/2011,16:00:00,3/23/2011,16:00:00,3/23/2011,124,KIDNAPPING & RELATED OFFENSES,193,CUSTODIAL INTERFERENCE 1,COMPLETED,FELONY,N.Y. POLICE DEPT,QUEENS,111,INSIDE,RESIDENCE-HOUSE,,,"1,050,725","211,484",40.74690968,-73.7600934,"(40.746909681, -73.760093397)"
207990464,6/10/2016,21:07:00,6/10/2016,22:25:00,6/10/2016,124,KIDNAPPING & RELATED OFFENSES,193,CUSTODIAL INTERFERENCE 1,COMPLETED,FELONY,N.Y. POLICE DEPT,QUEENS,111,INSIDE,RESIDENCE-HOUSE,,,"1,050,669","217,968",40.76470697,-73.76023145,"(40.764706968, -73.760231448)"
277468567,8/29/2014,12:00:00,,,9/2/2014,124,KIDNAPPING & RELATED OFFENSES,193,CUSTODIAL INTERFERENCE 1,COMPLETED,FELONY,N.Y. POLICE DEPT,QUEENS,113,FRONT OF,RESIDENCE-HOUSE,,,"1,050,737","183,798",40.67091835,-73.76032348,"(40.670918353, -73.760323475)"
310578433,7/31/2009,9:30:00,7/31/2009,10:00:00,7/31/2009,124,KIDNAPPING & RELATED OFFENSES,183,"IMPRISONMENT 1,UNLAWFUL",ATTEMPTED,FELONY,N.Y. POLICE DEPT,QUEENS,111,FRONT OF,RESIDENCE - APT. HOUSE,,,"1,050,642","209,021",40.74015001,-73.76041725,"(40.740150008, -73.760417253)"
971705030,11/27/2007,10:11:00,11/27/2007,11:43:00,11/27/2007,124,KIDNAPPING & RELATED OFFENSES,183,"IMPRISONMENT 1,UNLAWFUL",COMPLETED,FELONY,N.Y. POLICE DEPT,QUEENS,113,FRONT OF,RESIDENCE-HOUSE,,,"1,050,687","182,581",40.66757835,-73.76051571,"(40.667578347, -73.760515712)"
152508723,8/28/2006,17:34:00,8/28/2006,18:06:00,8/29/2006,124,KIDNAPPING & RELATED OFFENSES,185,KIDNAPPING 2,COMPLETED,FELONY,N.Y. POLICE DEPT,QUEENS,103,FRONT OF,STREET,,,"1,050,346","201,743",40.72017597,-73.76155689,"(40.720175967, -73.761556892)"
275863976,10/23/2015,17:38:00,10/23/2015,17:38:00,10/26/2015,124,KIDNAPPING & RELATED OFFENSES,193,CUSTODIAL INTERFERENCE 1,COMPLETED,FELONY,N.Y. POLICE DEPT,QUEENS,103,INSIDE,RESIDENCE - APT. HOUSE,,,"1,050,227","197,046",40.70728476,-73.76203222,"(40.707284755, -73.76203222)"
820306956,5/31/2009,17:00:00,10/14/2009,18:00:00,10/14/2009,124,KIDNAPPING & RELATED OFFENSES,193,CUSTODIAL INTERFERENCE 1,COMPLETED,FELONY,N.Y. POLICE DEPT,QUEENS,103,INSIDE,RESIDENCE-HOUSE,,,"1,050,213","199,294",40.71345507,-73.76206069,"(40.713455065, -73.762060691)"
916192431,1/8/2009,16:45:00,1/8/2009,17:05:00,1/8/2009,124,KIDNAPPING & RELATED OFFENSES,183,"IMPRISONMENT 1,UNLAWFUL",COMPLETED,FELONY,N.Y. POLICE DEPT,QUEENS,101,FRONT OF,RESIDENCE-HOUSE,,,"1,050,286","158,910",40.60260971,-73.76219283,"(40.602609714, -73.762192831)"
736135720,3/14/2015,14:00:00,3/14/2015,14:05:00,3/14/2015,124,KIDNAPPING & RELATED OFFENSES,185,KIDNAPPING 2,ATTEMPTED,FELONY,N.Y. POLICE DEPT,QUEENS,101,,STREET,,,"1,050,214","160,588",40.607216,-73.76243573,"(40.607216002, -73.762435729)"
364965069,2/25/2010,18:30:00,2/25/2010,18:35:00,2/25/2010,124,KIDNAPPING & RELATED OFFENSES,183,"IMPRISONMENT 1,UNLAWFUL",COMPLETED,FELONY,N.Y. POLICE DEPT,QUEENS,103,FRONT OF,STREET,,,"1,049,740","198,575",40.7114851,-73.76377388,"(40.711485101, -73.763773876)"
116551462,1/31/2006,6:30:00,1/31/2006,10:00:00,1/31/2006,124,KIDNAPPING & RELATED OFFENSES,183,"IMPRISONMENT 1,UNLAWFUL",COMPLETED,FELONY,N.Y. POLICE DEPT,QUEENS,113,INSIDE,RESIDENCE-HOUSE,,,"1,049,702","187,105",40.680003,-73.7640224,"(40.680003004, -73.764022397)"
947983063,3/30/2013,16:00:00,6/11/2013,14:30:00,6/11/2013,124,KIDNAPPING & RELATED OFFENSES,193,CUSTODIAL INTERFERENCE 1,COMPLETED,FELONY,N.Y. POLICE DEPT,QUEENS,101,INSIDE,PUBLIC SCHOOL,,,"1,049,620","161,053",40.60849673,-73.76457048,"(40.608496729, -73.764570475)"
445071976,10/23/2015,0:45:00,10/23/2015,0:55:00,10/23/2015,124,KIDNAPPING & RELATED OFFENSES,183,"IMPRISONMENT 1,UNLAWFUL",COMPLETED,FELONY,N.Y. POLICE DEPT,QUEENS,101,INSIDE,RESIDENCE - APT. HOUSE,,,"1,049,596","156,578",40.59621398,-73.7647002,"(40.596213982, -73.764700204)"
210386424,10/21/2006,15:30:00,,,11/3/2006,124,KIDNAPPING & RELATED OFFENSES,193,CUSTODIAL INTERFERENCE 1,COMPLETED,FELONY,N.Y. POLICE DEPT,QUEENS,101,INSIDE,RESIDENCE-HOUSE,,,"1,049,512","160,439",40.60681223,-73.76496537,"(40.606812227, -73.76496537)"
661047272,10/28/2009,23:00:00,10/29/2009,1:00:00,10/30/2009,124,KIDNAPPING & RELATED OFFENSES,183,"IMPRISONMENT 1,UNLAWFUL",COMPLETED,FELONY,N.Y. POLICE DEPT,QUEENS,113,INSIDE,BAR/NIGHT CLUB,,,"1,049,390","187,641",40.6814765,-73.76514209,"(40.681476499, -73.765142088)"
415027717,9/16/2006,13:00:00,9/19/2006,17:00:00,9/19/2006,124,KIDNAPPING & RELATED OFFENSES,185,KIDNAPPING 2,COMPLETED,FELONY,N.Y. POLICE DEPT,QUEENS,103,INSIDE,RESIDENCE - APT. HOUSE,,,"1,049,280","199,216",40.71324788,-73.76542693,"(40.71324788, -73.765426933)"
727598397,2/9/2016,15:00:00,2/9/2016,17:00:00,2/10/2016,124,KIDNAPPING & RELATED OFFENSES,187,KIDNAPPING 1,COMPLETED,FELONY,N.Y. POLICE DEPT,QUEENS,103,INSIDE,RESIDENCE-HOUSE,,,"1,049,272","200,234",40.7160421,-73.76544596,"(40.716042096, -73.765445958)"
792375556,2/18/2015,21:00:00,2/18/2015,21:22:00,2/18/2015,124,KIDNAPPING & RELATED OFFENSES,185,KIDNAPPING 2,ATTEMPTED,FELONY,N.Y. POLICE DEPT,QUEENS,111,,STREET,,,"1,049,160","216,544",40.76080968,-73.7656926,"(40.760809675, -73.765692603)"
302612790,5/31/2007,10:40:00,5/31/2007,12:00:00,5/31/2007,124,KIDNAPPING & RELATED OFFENSES,183,"IMPRISONMENT 1,UNLAWFUL",COMPLETED,FELONY,N.Y. POLICE DEPT,QUEENS,113,FRONT OF,LIQUOR STORE,,,"1,049,232","183,246",40.66941442,-73.76575412,"(40.669414416, -73.765754121)"
746131524,8/10/2011,17:00:00,8/10/2011,20:30:00,8/10/2011,124,KIDNAPPING & RELATED OFFENSES,193,CUSTODIAL INTERFERENCE 1,COMPLETED,FELONY,N.Y. POLICE DEPT,QUEENS,103,INSIDE,RESIDENCE-HOUSE,,,"1,049,150","196,232",40.70505849,-73.76592463,"(40.70505849, -73.765924625)"
703209599,4/6/2006,12:00:00,4/6/2006,12:14:00,4/6/2006,124,KIDNAPPING & RELATED OFFENSES,183,"IMPRISONMENT 1,UNLAWFUL",COMPLETED,FELONY,N.Y. POLICE DEPT,QUEENS,101,INSIDE,RESIDENCE-HOUSE,,,"1,049,114","158,935",40.60268699,-73.76641317,"(40.60268699, -73.766413174)"
870962052,6/6/2012,8:20:00,6/6/2012,11:15:00,6/6/2012,124,KIDNAPPING & RELATED OFFENSES,183,"IMPRISONMENT 1,UNLAWFUL",COMPLETED,FELONY,N.Y. POLICE DEPT,QUEENS,103,INSIDE,RESIDENCE - APT. HOUSE,,,"1,048,852","198,761",40.71200215,-73.76697516,"(40.712002153, -73.766975161)"
931585422,1/11/2012,16:00:00,1/12/2012,21:20:00,1/12/2012,124,KIDNAPPING & RELATED OFFENSES,193,CUSTODIAL INTERFERENCE 1,COMPLETED,FELONY,N.Y. POLICE DEPT,QUEENS,105,INSIDE,RESIDENCE - APT. HOUSE,,,"1,048,598","181,596",40.66489018,-73.76805531,"(40.664890179, -73.768055305)"
662248356,8/3/2012,18:30:00,8/3/2012,18:35:00,8/3/2012,124,KIDNAPPING & RELATED OFFENSES,183,"IMPRISONMENT 1,UNLAWFUL",COMPLETED,FELONY,N.Y. POLICE DEPT,QUEENS,103,INSIDE,RESIDENCE - APT. HOUSE,,,"1,048,517","198,601",40.71156543,-73.76818506,"(40.711565433, -73.768185063)"
273782982,2/12/2014,14:50:00,,,2/12/2014,124,KIDNAPPING & RELATED OFFENSES,185,KIDNAPPING 2,ATTEMPTED,FELONY,N.Y. POLICE DEPT,QUEENS,103,,STREET,,,"1,048,367","199,507",40.71405327,-73.7687175,"(40.714053267, -73.768717495)"
723314477,7/28/2007,5:30:00,7/30/2007,21:30:00,8/3/2007,124,KIDNAPPING & RELATED OFFENSES,193,CUSTODIAL INTERFERENCE 1,COMPLETED,FELONY,N.Y. POLICE DEPT,QUEENS,101,INSIDE,RESIDENCE-HOUSE,,,"1,048,437","156,820",40.59688669,-73.76887127,"(40.596886691, -73.768871272)"
825732933,8/14/2008,0:20:00,8/14/2008,0:50:00,8/14/2008,124,KIDNAPPING & RELATED OFFENSES,183,"IMPRISONMENT 1,UNLAWFUL",COMPLETED,FELONY,N.Y. POLICE DEPT,QUEENS,113,FRONT OF,RESIDENCE-HOUSE,,,"1,048,236","193,527",40.69764058,-73.76924686,"(40.697640579, -73.769246862)"
145659909,2/20/2012,10:30:00,2/20/2012,10:35:00,2/20/2012,124,KIDNAPPING & RELATED OFFENSES,183,"IMPRISONMENT 1,UNLAWFUL",COMPLETED,FELONY,N.Y. POLICE DEPT,QUEENS,105,INSIDE,RESIDENCE - APT. HOUSE,,,"1,048,039","178,985",40.65772763,-73.77009494,"(40.657727629, -73.770094944)"
378963297,6/22/2011,2:18:00,6/22/2011,2:27:00,6/22/2011,124,KIDNAPPING & RELATED OFFENSES,183,"IMPRISONMENT 1,UNLAWFUL",COMPLETED,FELONY,N.Y. POLICE DEPT,QUEENS,105,INSIDE,RESIDENCE - APT. HOUSE,,,"1,048,039","178,985",40.65772763,-73.77009494,"(40.657727629, -73.770094944)"
415369789,1/20/2015,0:00:00,1/20/2015,0:10:00,1/20/2015,124,KIDNAPPING & RELATED OFFENSES,193,CUSTODIAL INTERFERENCE 1,COMPLETED,FELONY,N.Y. POLICE DEPT,QUEENS,113,INSIDE,STREET,,,"1,047,660","185,990",40.67695746,-73.77139503,"(40.676957455, -73.771395031)"
131658852,3/29/2014,3:15:00,3/29/2014,3:30:00,3/29/2014,124,KIDNAPPING & RELATED OFFENSES,185,KIDNAPPING 2,COMPLETED,FELONY,N.Y. HOUSING POLICE,QUEENS,101,INSIDE,RESIDENCE - PUBLIC HOUSING,,BEACH 41ST STREET-BEACH CHANNEL DRIVE,"1,047,410","156,429",40.59582086,-73.77257302,"(40.595820856, -73.772573021)"
489987497,10/1/2012,8:00:00,10/1/2012,16:00:00,10/1/2012,124,KIDNAPPING & RELATED OFFENSES,193,CUSTODIAL INTERFERENCE 1,COMPLETED,FELONY,N.Y. POLICE DEPT,QUEENS,113,INSIDE,RESIDENCE - APT. HOUSE,,,"1,047,012","186,490",40.67833446,-73.77372654,"(40.678334455, -73.773726541)"
502519396,3/7/2011,21:30:00,,,3/9/2011,124,KIDNAPPING & RELATED OFFENSES,183,"IMPRISONMENT 1,UNLAWFUL",COMPLETED,FELONY,N.Y. POLICE DEPT,QUEENS,103,INSIDE,RESIDENCE-HOUSE,,,"1,046,951","198,377",40.71096184,-73.77383582,"(40.710961844, -73.773835816)"
212815579,8/15/2009,12:00:00,,,8/21/2009,124,KIDNAPPING & RELATED OFFENSES,193,CUSTODIAL INTERFERENCE 1,COMPLETED,FELONY,N.Y. POLICE DEPT,QUEENS,105,,RESIDENCE - APT. HOUSE,,,"1,046,890","179,874",40.66017593,-73.77422786,"(40.660175933, -73.774227861)"
608187123,9/1/2011,16:00:00,,,4/3/2012,124,KIDNAPPING & RELATED OFFENSES,193,CUSTODIAL INTERFERENCE 1,COMPLETED,FELONY,N.Y. POLICE DEPT,QUEENS,113,INSIDE,OTHER,,,"1,046,405","187,113",40.68004873,-73.77590919,"(40.680048726, -73.775909194)"
510762297,7/21/2007,14:00:00,7/31/2007,11:30:00,7/31/2007,124,KIDNAPPING & RELATED OFFENSES,193,CUSTODIAL INTERFERENCE 1,COMPLETED,FELONY,N.Y. POLICE DEPT,QUEENS,113,FRONT OF,RESIDENCE-HOUSE,,,"1,046,174","184,138",40.67188467,-73.77676937,"(40.671884666, -73.776769365)"
458088511,11/27/2006,14:00:00,11/27/2006,18:00:00,11/27/2006,124,KIDNAPPING & RELATED OFFENSES,187,KIDNAPPING 1,COMPLETED,FELONY,N.Y. POLICE DEPT,QUEENS,113,INSIDE,RESIDENCE - APT. HOUSE,,,"1,046,125","185,873",40.67664718,-73.77693008,"(40.676647179, -73.77693008)"
661017479,2/27/2010,13:00:00,,,2/27/2010,124,KIDNAPPING & RELATED OFFENSES,183,"IMPRISONMENT 1,UNLAWFUL",COMPLETED,FELONY,N.Y. POLICE DEPT,QUEENS,105,,STREET,,,"1,046,071","181,130",40.66362912,-73.77716826,"(40.663629121, -73.777168257)"
884981759,2/16/2006,22:30:00,2/17/2006,0:30:00,2/17/2006,124,KIDNAPPING & RELATED OFFENSES,183,"IMPRISONMENT 1,UNLAWFUL",COMPLETED,FELONY,N.Y. POLICE DEPT,QUEENS,103,,STREET,,,"1,045,684","198,906",40.71242271,-73.7784011,"(40.712422707, -73.778401101)"
114339842,5/11/2016,19:00:00,5/11/2016,22:30:00,5/11/2016,124,KIDNAPPING & RELATED OFFENSES,193,CUSTODIAL INTERFERENCE 1,COMPLETED,FELONY,N.Y. POLICE DEPT,QUEENS,113,INSIDE,RESIDENCE-HOUSE,,,"1,045,696","190,281",40.68874909,-73.77843651,"(40.688749087, -73.778436506)"
891144146,5/11/2016,19:00:00,5/11/2016,22:30:00,5/11/2016,124,KIDNAPPING & RELATED OFFENSES,193,CUSTODIAL INTERFERENCE 1,COMPLETED,FELONY,N.Y. POLICE DEPT,QUEENS,113,INSIDE,RESIDENCE-HOUSE,,,"1,045,696","190,281",40.68874909,-73.77843651,"(40.688749087, -73.778436506)"
593878848,1/27/2010,12:35:00,1/27/2010,12:45:00,1/27/2010,124,KIDNAPPING & RELATED OFFENSES,183,"IMPRISONMENT 1,UNLAWFUL",COMPLETED,FELONY,N.Y. POLICE DEPT,QUEENS,113,INSIDE,RESIDENCE-HOUSE,,,"1,045,524","192,134",40.69383632,-73.77903986,"(40.693836322, -73.779039855)"
432135176,1/18/2007,14:45:00,,,1/19/2007,124,KIDNAPPING & RELATED OFFENSES,187,KIDNAPPING 1,ATTEMPTED,FELONY,N.Y. POLICE DEPT,QUEENS,113,FRONT OF,STREET,,,"1,045,486","189,477",40.68654375,-73.77920104,"(40.686543754, -73.779201039)"
346755696,10/26/2013,17:00:00,10/26/2013,17:30:00,10/27/2013,124,KIDNAPPING & RELATED OFFENSES,187,KIDNAPPING 1,COMPLETED,FELONY,N.Y. POLICE DEPT,QUEENS,103,FRONT OF,STREET,,,"1,045,186","195,828",40.70397779,-73.7802253,"(40.703977794, -73.780225299)"
912295042,5/3/2006,8:15:00,5/3/2006,8:20:00,5/3/2006,124,KIDNAPPING & RELATED OFFENSES,187,KIDNAPPING 1,ATTEMPTED,FELONY,N.Y. POLICE DEPT,QUEENS,103,INSIDE,PUBLIC SCHOOL,,,"1,045,138","199,029",40.71276409,-73.78036947,"(40.712764086, -73.780369473)"
582033670,11/25/2012,20:15:00,11/25/2012,20:30:00,11/25/2012,124,KIDNAPPING & RELATED OFFENSES,183,"IMPRISONMENT 1,UNLAWFUL",COMPLETED,FELONY,N.Y. POLICE DEPT,QUEENS,113,,STREET,,,"1,045,109","182,550",40.66753336,-73.78062294,"(40.667533359, -73.780622944)"
868303839,4/14/2009,3:10:00,4/14/2009,3:15:00,4/14/2009,124,KIDNAPPING & RELATED OFFENSES,183,"IMPRISONMENT 1,UNLAWFUL",COMPLETED,FELONY,N.Y. POLICE DEPT,QUEENS,113,,STREET,,,"1,045,109","182,550",40.66753336,-73.78062294,"(40.667533359, -73.780622944)"
798541552,2/1/2016,12:00:00,2/1/2016,21:00:00,2/1/2016,124,KIDNAPPING & RELATED OFFENSES,187,KIDNAPPING 1,COMPLETED,FELONY,N.Y. POLICE DEPT,QUEENS,113,FRONT OF,STREET,,,"1,044,997","183,834",40.67105841,-73.7810151,"(40.671058411, -73.781015098)"
976877630,1/4/2015,15:41:00,,,1/4/2015,124,KIDNAPPING & RELATED OFFENSES,185,KIDNAPPING 2,COMPLETED,FELONY,N.Y. POLICE DEPT,QUEENS,103,INSIDE,RESIDENCE-HOUSE,,,"1,044,714","196,020",40.70450803,-73.78192592,"(40.704508025, -73.781925917)"
789846998,11/29/2006,0:30:00,12/1/2006,17:00:00,12/2/2006,124,KIDNAPPING & RELATED OFFENSES,187,KIDNAPPING 1,COMPLETED,FELONY,N.Y. POLICE DEPT,QUEENS,103,INSIDE,RESIDENCE - APT. HOUSE,,,"1,044,672","197,859",40.70955592,-73.7820609,"(40.709555918, -73.782060897)"
737764500,2/4/2013,22:30:00,,,2/5/2013,124,KIDNAPPING & RELATED OFFENSES,183,"IMPRISONMENT 1,UNLAWFUL",COMPLETED,FELONY,N.Y. POLICE DEPT,QUEENS,113,INSIDE,RESIDENCE-HOUSE,,,"1,044,484","190,446",40.6892103,-73.7828053,"(40.689210304, -73.782805301)"
576646632,9/11/2010,22:00:00,9/12/2010,1:00:00,9/17/2010,124,KIDNAPPING & RELATED OFFENSES,183,"IMPRISONMENT 1,UNLAWFUL",COMPLETED,FELONY,N.Y. HOUSING POLICE,QUEENS,113,INSIDE,RESIDENCE - PUBLIC HOUSING,,,"1,044,350","188,827",40.68476744,-73.78330293,"(40.684767444, -73.783302928)"
630624546,3/26/2013,14:40:00,,,3/26/2013,124,KIDNAPPING & RELATED OFFENSES,193,CUSTODIAL INTERFERENCE 1,COMPLETED,FELONY,N.Y. POLICE DEPT,QUEENS,103,FRONT OF,STREET,,,"1,044,133","193,823",40.69848174,-73.78404094,"(40.698481742, -73.784040937)"
689416972,7/24/2009,10:00:00,,,8/11/2009,124,KIDNAPPING & RELATED OFFENSES,193,CUSTODIAL INTERFERENCE 1,COMPLETED,FELONY,N.Y. POLICE DEPT,QUEENS,105,INSIDE,HOTEL/MOTEL,,,"1,044,018","182,147",40.66643465,-73.78455923,"(40.666434649, -73.78455923)"
356035488,1/25/2006,14:10:00,1/25/2006,17:25:00,1/25/2006,124,KIDNAPPING & RELATED OFFENSES,187,KIDNAPPING 1,COMPLETED,FELONY,N.Y. POLICE DEPT,QUEENS,105,INSIDE,HOTEL/MOTEL,,,"1,044,018","182,147",40.66643465,-73.78455923,"(40.666434649, -73.78455923)"
726554237,10/16/2013,15:00:00,10/16/2013,15:03:00,10/16/2013,124,KIDNAPPING & RELATED OFFENSES,187,KIDNAPPING 1,ATTEMPTED,FELONY,N.Y. HOUSING POLICE,QUEENS,101,REAR OF,RESIDENCE - PUBLIC HOUSING,,,"1,044,075","156,299",40.59548717,-73.78458289,"(40.595487172, -73.78458289)"
716736165,4/25/2006,10:34:00,4/25/2006,12:35:00,6/1/2006,124,KIDNAPPING & RELATED OFFENSES,183,"IMPRISONMENT 1,UNLAWFUL",COMPLETED,FELONY,N.Y. HOUSING POLICE,QUEENS,101,INSIDE,RESIDENCE - PUBLIC HOUSING,,,"1,044,075","156,299",40.59548717,-73.78458289,"(40.595487172, -73.78458289)"
812775834,10/29/2011,13:30:00,,,10/29/2011,124,KIDNAPPING & RELATED OFFENSES,183,"IMPRISONMENT 1,UNLAWFUL",COMPLETED,FELONY,N.Y. POLICE DEPT,QUEENS,103,INSIDE,RESIDENCE-HOUSE,,,"1,043,798","194,822",40.70122602,-73.78524024,"(40.701226017, -73.785240235)"
840139928,10/19/2007,2:12:00,10/19/2007,2:13:00,10/19/2007,124,KIDNAPPING & RELATED OFFENSES,183,"IMPRISONMENT 1,UNLAWFUL",COMPLETED,FELONY,N.Y. POLICE DEPT,QUEENS,107,,PUBLIC BUILDING,,,"1,043,757","198,854",40.71229315,-73.78535247,"(40.71229315, -73.785352469)"
461712750,10/25/2009,19:00:00,10/25/2009,23:40:00,10/25/2009,124,KIDNAPPING & RELATED OFFENSES,193,CUSTODIAL INTERFERENCE 1,COMPLETED,FELONY,N.Y. POLICE DEPT,QUEENS,101,INSIDE,RESIDENCE - APT. HOUSE,,,"1,043,650","154,675",40.59103249,-73.78612751,"(40.591032489, -73.786127507)"
437552916,3/19/2013,17:00:00,3/19/2013,23:00:00,3/20/2013,124,KIDNAPPING & RELATED OFFENSES,183,"IMPRISONMENT 1,UNLAWFUL",COMPLETED,FELONY,N.Y. POLICE DEPT,QUEENS,113,INSIDE,RESIDENCE-HOUSE,,,"1,043,547","189,524",40.68668596,-73.7861921,"(40.68668596, -73.786192104)"
831914546,12/19/2007,15:00:00,12/19/2007,17:15:00,12/19/2007,124,KIDNAPPING & RELATED OFFENSES,193,CUSTODIAL INTERFERENCE 1,COMPLETED,FELONY,N.Y. POLICE DEPT,QUEENS,103,INSIDE,RESIDENCE - PUBLIC HOUSING,,,"1,043,518","198,488",40.71129017,-73.78621779,"(40.711290174, -73.786217791)"
715997166,10/5/2006,16:16:00,,,10/5/2006,124,KIDNAPPING & RELATED OFFENSES,185,KIDNAPPING 2,COMPLETED,FELONY,N.Y. POLICE DEPT,QUEENS,107,REAR OF,PARKING LOT/GARAGE (PRIVATE),,,"1,043,418","198,739",40.71197978,-73.78657629,"(40.711979776, -73.786576289)"
358075829,10/3/2015,14:40:00,10/3/2015,14:45:00,10/3/2015,124,KIDNAPPING & RELATED OFFENSES,185,KIDNAPPING 2,ATTEMPTED,FELONY,N.Y. POLICE DEPT,QUEENS,107,FRONT OF,STREET,,,"1,043,281","208,311",40.73825344,-73.7869865,"(40.738253435, -73.786986501)"
757274906,2/22/2008,20:00:00,2/23/2008,2:08:00,2/23/2008,124,KIDNAPPING & RELATED OFFENSES,193,CUSTODIAL INTERFERENCE 1,COMPLETED,FELONY,N.Y. POLICE DEPT,QUEENS,101,INSIDE,RESIDENCE - APT. HOUSE,,,"1,043,389","154,070",40.58937364,-73.78707255,"(40.589373635, -73.787072546)"
235987614,2/22/2008,20:00:00,,,2/23/2008,124,KIDNAPPING & RELATED OFFENSES,193,CUSTODIAL INTERFERENCE 1,COMPLETED,FELONY,N.Y. POLICE DEPT,QUEENS,101,INSIDE,RESIDENCE-HOUSE,,,"1,043,389","154,070",40.58937364,-73.78707255,"(40.589373635, -73.787072546)"
210357990,9/12/2008,23:00:00,9/12/2008,23:25:00,9/12/2008,124,KIDNAPPING & RELATED OFFENSES,183,"IMPRISONMENT 1,UNLAWFUL",COMPLETED,FELONY,N.Y. POLICE DEPT,QUEENS,103,INSIDE,RESIDENCE - APT. HOUSE,,,"1,043,092","195,701",40.70364338,-73.78777875,"(40.703643382, -73.787778749)"
254357875,8/5/2016,9:00:00,8/5/2016,18:00:00,8/15/2016,124,KIDNAPPING & RELATED OFFENSES,193,CUSTODIAL INTERFERENCE 1,COMPLETED,FELONY,N.Y. POLICE DEPT,QUEENS,101,INSIDE,RESIDENCE - APT. HOUSE,,,"1,042,943","154,220",40.58978832,-73.78867705,"(40.589788318, -73.788677052)"
365633957,12/25/2011,0:40:00,12/25/2011,0:51:00,12/25/2011,124,KIDNAPPING & RELATED OFFENSES,185,KIDNAPPING 2,COMPLETED,FELONY,N.Y. POLICE DEPT,QUEENS,103,,STREET,,,"1,042,793","196,381",40.7055118,-73.78885122,"(40.7055118, -73.788851223)"
169292907,10/5/2008,19:00:00,1/24/2009,16:59:00,1/24/2009,124,KIDNAPPING & RELATED OFFENSES,193,CUSTODIAL INTERFERENCE 1,COMPLETED,FELONY,N.Y. POLICE DEPT,QUEENS,103,FRONT OF,STREET,,,"1,042,569","198,303",40.7107887,-73.78964249,"(40.710788701, -73.789642486)"
493487794,9/1/2011,2:00:00,9/1/2011,2:20:00,9/1/2011,124,KIDNAPPING & RELATED OFFENSES,183,"IMPRISONMENT 1,UNLAWFUL",COMPLETED,FELONY,N.Y. POLICE DEPT,QUEENS,113,,STREET,,,"1,042,405","185,645",40.67604659,-73.79034332,"(40.676046592, -73.790343315)"
958261616,6/28/2014,18:30:00,,,6/28/2014,124,KIDNAPPING & RELATED OFFENSES,193,CUSTODIAL INTERFERENCE 1,COMPLETED,FELONY,N.Y. POLICE DEPT,QUEENS,113,INSIDE,RESIDENCE - APT. HOUSE,,,"1,042,337","187,768",40.68187418,-73.79057017,"(40.681874176, -73.790570167)"
718192776,7/17/2014,12:00:00,7/17/2014,15:15:00,7/17/2014,124,KIDNAPPING & RELATED OFFENSES,185,KIDNAPPING 2,COMPLETED,FELONY,N.Y. POLICE DEPT,QUEENS,113,FRONT OF,RESIDENCE-HOUSE,,,"1,042,218","185,109",40.67457662,-73.79102209,"(40.674576623, -73.791022088)"
305943339,10/15/2009,5:30:00,10/15/2009,5:35:00,10/15/2009,124,KIDNAPPING & RELATED OFFENSES,183,"IMPRISONMENT 1,UNLAWFUL",COMPLETED,FELONY,N.Y. POLICE DEPT,QUEENS,103,FRONT OF,RESIDENCE-HOUSE,,,"1,042,168","198,206",40.71052509,-73.79108974,"(40.710525093, -73.791089738)"
875448602,7/17/2014,6:50:00,,,7/17/2014,124,KIDNAPPING & RELATED OFFENSES,183,"IMPRISONMENT 1,UNLAWFUL",COMPLETED,FELONY,N.Y. POLICE DEPT,QUEENS,103,INSIDE,RESIDENCE - APT. HOUSE,,,"1,042,157","194,447",40.70020762,-73.79116174,"(40.700207623, -73.79116174)"
123492248,6/29/2013,18:00:00,6/29/2013,18:30:00,6/29/2013,124,KIDNAPPING & RELATED OFFENSES,183,"IMPRISONMENT 1,UNLAWFUL",COMPLETED,FELONY,N.Y. POLICE DEPT,QUEENS,111,INSIDE,RESIDENCE - APT. HOUSE,,,"1,041,999","216,273",40.76011552,-73.79154424,"(40.760115524, -73.791544244)"
346152820,12/31/2014,16:00:00,12/31/2014,17:00:00,1/3/2015,124,KIDNAPPING & RELATED OFFENSES,185,KIDNAPPING 2,COMPLETED,FELONY,N.Y. POLICE DEPT,QUEENS,103,,STREET,,,"1,042,008","191,532",40.69220762,-73.7917241,"(40.69220762, -73.791724097)"
580719797,9/1/2007,15:00:00,,,9/1/2007,124,KIDNAPPING & RELATED OFFENSES,193,CUSTODIAL INTERFERENCE 1,COMPLETED,FELONY,N.Y. POLICE DEPT,QUEENS,103,INSIDE,RESIDENCE-HOUSE,,,"1,041,885","198,079",40.71017836,-73.79211161,"(40.710178357, -73.79211161)"
193571985,4/27/2011,16:55:00,,,4/27/2011,124,KIDNAPPING & RELATED OFFENSES,183,"IMPRISONMENT 1,UNLAWFUL",COMPLETED,FELONY,N.Y. POLICE DEPT,QUEENS,103,INSIDE,OTHER,,,"1,041,879","197,084",40.70744736,-73.79214177,"(40.707447364, -73.792141768)"
811517357,12/25/2007,21:00:00,12/25/2007,22:00:00,12/25/2007,124,KIDNAPPING & RELATED OFFENSES,193,CUSTODIAL INTERFERENCE 1,COMPLETED,FELONY,N.Y. POLICE DEPT,QUEENS,103,INSIDE,OTHER,,,"1,041,879","197,084",40.70744736,-73.79214177,"(40.707447364, -73.792141768)"
237455651,8/29/2016,8:30:00,9/2/2016,17:00:00,9/29/2016,124,KIDNAPPING & RELATED OFFENSES,193,CUSTODIAL INTERFERENCE 1,COMPLETED,FELONY,N.Y. POLICE DEPT,QUEENS,113,INSIDE,COMMERCIAL BUILDING,,,"1,041,833","187,632",40.68150418,-73.79238848,"(40.681504182, -73.792388482)"
597854895,5/29/2011,13:40:00,5/29/2011,13:43:00,5/29/2011,124,KIDNAPPING & RELATED OFFENSES,183,"IMPRISONMENT 1,UNLAWFUL",COMPLETED,FELONY,N.Y. POLICE DEPT,QUEENS,103,INSIDE,RESIDENCE - APT. HOUSE,,,"1,041,500","197,568",40.70877829,-73.79350465,"(40.708778286, -73.793504647)"
715067005,5/30/2008,7:50:00,5/30/2008,8:05:00,5/30/2008,124,KIDNAPPING & RELATED OFFENSES,183,"IMPRISONMENT 1,UNLAWFUL",COMPLETED,FELONY,N.Y. POLICE DEPT,QUEENS,109,,STREET,,,"1,041,326","217,943",40.7647036,-73.79395939,"(40.764703603, -73.793959392)"
632166517,6/20/2016,16:00:00,8/8/2016,10:30:00,8/8/2016,124,KIDNAPPING & RELATED OFFENSES,183,"IMPRISONMENT 1,UNLAWFUL",COMPLETED,FELONY,N.Y. POLICE DEPT,QUEENS,103,,STREET,,,"1,041,376","196,496",40.70583671,-73.793961,"(40.705836709, -73.793961)"
344842496,10/9/2007,7:45:00,10/9/2007,7:55:00,10/9/2007,124,KIDNAPPING & RELATED OFFENSES,193,CUSTODIAL INTERFERENCE 1,ATTEMPTED,FELONY,N.Y. POLICE DEPT,QUEENS,107,FRONT OF,STREET,,,"1,041,326","207,918",40.73718758,-73.79404448,"(40.737187582, -73.794044479)"
168497700,8/8/2011,0:04:00,8/8/2011,4:30:00,8/8/2011,124,KIDNAPPING & RELATED OFFENSES,193,CUSTODIAL INTERFERENCE 1,COMPLETED,FELONY,N.Y. POLICE DEPT,QUEENS,113,INSIDE,RESIDENCE-HOUSE,,,"1,041,340","187,504",40.68115605,-73.79416705,"(40.681156045, -73.794167049)"
316335454,9/15/2014,21:00:00,9/16/2014,2:30:00,9/16/2014,124,KIDNAPPING & RELATED OFFENSES,185,KIDNAPPING 2,COMPLETED,FELONY,N.Y. POLICE DEPT,QUEENS,107,INSIDE,RESIDENCE-HOUSE,,,"1,041,246","205,248",40.72985962,-73.79435577,"(40.729859624, -73.794355774)"
473820709,6/21/2009,21:00:00,6/22/2009,2:00:00,6/22/2009,124,KIDNAPPING & RELATED OFFENSES,193,CUSTODIAL INTERFERENCE 1,COMPLETED,FELONY,N.Y. POLICE DEPT,QUEENS,103,INSIDE,RESIDENCE-HOUSE,,,"1,041,198","192,977",40.69617905,-73.79463276,"(40.696179049, -73.794632758)"
920339685,6/28/2006,17:30:00,8/21/2006,5:40:00,8/21/2006,124,KIDNAPPING & RELATED OFFENSES,193,CUSTODIAL INTERFERENCE 1,COMPLETED,FELONY,N.Y. POLICE DEPT,QUEENS,100,INSIDE,RESIDENCE-HOUSE,,,"1,041,267","157,134",40.59779758,-73.79468688,"(40.597797582, -73.794686884)"
764315174,10/14/2007,19:00:00,10/15/2007,9:00:00,10/15/2007,124,KIDNAPPING & RELATED OFFENSES,193,CUSTODIAL INTERFERENCE 1,COMPLETED,FELONY,N.Y. POLICE DEPT,QUEENS,113,INSIDE,RESIDENCE-HOUSE,,,"1,041,087","187,809",40.68199483,-73.79507665,"(40.681994827, -73.795076648)"
510818615,1/18/2007,7:50:00,1/18/2007,7:55:00,1/25/2007,124,KIDNAPPING & RELATED OFFENSES,187,KIDNAPPING 1,COMPLETED,FELONY,N.Y. POLICE DEPT,QUEENS,103,FRONT OF,STREET,,,"1,041,036","197,972",40.70989016,-73.79517485,"(40.709890158, -73.79517485)"
623180861,5/7/2012,9:30:00,5/7/2012,9:45:00,5/7/2012,124,KIDNAPPING & RELATED OFFENSES,183,"IMPRISONMENT 1,UNLAWFUL",COMPLETED,FELONY,N.Y. POLICE DEPT,QUEENS,113,,STREET,,,"1,040,932","190,239",40.6886656,-73.79561505,"(40.688665599, -73.795615054)"
356369120,4/14/2010,8:00:00,4/14/2010,9:00:00,4/14/2010,124,KIDNAPPING & RELATED OFFENSES,185,KIDNAPPING 2,COMPLETED,FELONY,N.Y. POLICE DEPT,QUEENS,113,INSIDE,RESIDENCE-HOUSE,,,"1,040,851","188,810",40.68474385,-73.79591913,"(40.684743849, -73.795919132)"
828382447,5/16/2010,16:00:00,,,5/16/2010,124,KIDNAPPING & RELATED OFFENSES,193,CUSTODIAL INTERFERENCE 1,COMPLETED,FELONY,N.Y. POLICE DEPT,QUEENS,113,FRONT OF,RESIDENCE-HOUSE,,,"1,040,766","183,026",40.66886866,-73.79627411,"(40.668868658, -73.796274111)"
302701814,9/23/2006,7:00:00,,,12/12/2007,124,KIDNAPPING & RELATED OFFENSES,193,CUSTODIAL INTERFERENCE 1,COMPLETED,FELONY,N.Y. POLICE DEPT,QUEENS,100,INSIDE,RESIDENCE-HOUSE,,,"1,040,736","157,091",40.59768296,-73.79659933,"(40.597682955, -73.796599334)"
268251484,7/15/2016,12:00:00,7/16/2016,13:00:00,7/16/2016,124,KIDNAPPING & RELATED OFFENSES,183,"IMPRISONMENT 1,UNLAWFUL",COMPLETED,FELONY,N.Y. POLICE DEPT,QUEENS,100,INSIDE,RESIDENCE-HOUSE,,,"1,040,730","155,322",40.59282746,-73.79663573,"(40.592827457, -73.796635728)"
197391821,4/20/2009,22:25:00,4/20/2009,22:35:00,4/21/2009,124,KIDNAPPING & RELATED OFFENSES,183,"IMPRISONMENT 1,UNLAWFUL",COMPLETED,FELONY,N.Y. POLICE DEPT,QUEENS,100,INSIDE,RESIDENCE-HOUSE,,,"1,040,566","155,693",40.59384682,-73.79722314,"(40.593846819, -73.797223143)"
991933633,3/30/2007,19:00:00,3/30/2007,19:05:00,3/30/2007,124,KIDNAPPING & RELATED OFFENSES,193,CUSTODIAL INTERFERENCE 1,COMPLETED,FELONY,N.Y. POLICE DEPT,QUEENS,103,INSIDE,RESIDENCE-HOUSE,,,"1,040,430","192,057",40.69365878,-73.79741002,"(40.693658778, -73.79741002)"
652982204,5/19/2006,14:40:00,,,5/19/2006,124,KIDNAPPING & RELATED OFFENSES,183,"IMPRISONMENT 1,UNLAWFUL",COMPLETED,FELONY,N.Y. POLICE DEPT,QUEENS,113,,STREET,,,"1,040,420","189,952",40.68788112,-73.79746363,"(40.687881115, -73.797463633)"
193123192,6/17/2008,14:30:00,6/17/2008,15:00:00,6/17/2008,124,KIDNAPPING & RELATED OFFENSES,193,CUSTODIAL INTERFERENCE 1,COMPLETED,FELONY,N.Y. POLICE DEPT,QUEENS,103,,STREET,,,"1,040,339","195,947",40.70433647,-73.79770578,"(40.70433647, -73.797705781)"
372948114,3/4/2008,14:50:00,3/4/2008,15:00:00,3/4/2008,124,KIDNAPPING & RELATED OFFENSES,183,"IMPRISONMENT 1,UNLAWFUL",COMPLETED,FELONY,N.Y. POLICE DEPT,QUEENS,103,,STREET,,,"1,040,143","195,368",40.7027485,-73.7984175,"(40.702748496, -73.798417495)"
120488848,5/11/2016,19:00:00,5/11/2016,22:30:00,5/11/2016,124,KIDNAPPING & RELATED OFFENSES,193,CUSTODIAL INTERFERENCE 1,COMPLETED,FELONY,N.Y. POLICE DEPT,QUEENS,103,INSIDE,COMMERCIAL BUILDING,,,"1,040,139","196,376",40.70551524,-73.79842356,"(40.705515237, -73.798423556)"
825022209,5/11/2016,19:00:00,5/11/2016,22:30:00,5/11/2016,124,KIDNAPPING & RELATED OFFENSES,193,CUSTODIAL INTERFERENCE 1,COMPLETED,FELONY,N.Y. POLICE DEPT,QUEENS,103,INSIDE,COMMERCIAL BUILDING,,,"1,040,139","196,376",40.70551524,-73.79842356,"(40.705515237, -73.798423556)"
556146951,5/11/2016,19:00:00,5/11/2016,22:30:00,5/11/2016,124,KIDNAPPING & RELATED OFFENSES,193,CUSTODIAL INTERFERENCE 1,COMPLETED,FELONY,N.Y. POLICE DEPT,QUEENS,103,INSIDE,COMMERCIAL BUILDING,,,"1,040,139","196,376",40.70551524,-73.79842356,"(40.705515237, -73.798423556)"
434835462,5/11/2016,19:00:00,5/11/2016,22:30:00,5/11/2016,124,KIDNAPPING & RELATED OFFENSES,193,CUSTODIAL INTERFERENCE 1,COMPLETED,FELONY,N.Y. POLICE DEPT,QUEENS,103,INSIDE,COMMERCIAL BUILDING,,,"1,040,139","196,376",40.70551524,-73.79842356,"(40.705515237, -73.798423556)"
360768420,4/20/2006,15:40:00,4/20/2006,19:45:00,4/20/2006,124,KIDNAPPING & RELATED OFFENSES,183,"IMPRISONMENT 1,UNLAWFUL",COMPLETED,FELONY,N.Y. POLICE DEPT,QUEENS,113,INSIDE,RESIDENCE-HOUSE,,,"1,040,117","187,806",40.68199277,-73.79857398,"(40.681992768, -73.798573979)"
395965727,4/1/2012,20:00:00,,,4/3/2012,124,KIDNAPPING & RELATED OFFENSES,183,"IMPRISONMENT 1,UNLAWFUL",COMPLETED,FELONY,N.Y. POLICE DEPT,QUEENS,103,INSIDE,RESIDENCE - APT. HOUSE,,,"1,040,058","193,008",40.6962714,-73.79874361,"(40.696271399, -73.798743611)"
472858702,6/4/2009,11:20:00,6/4/2009,11:25:00,6/4/2009,124,KIDNAPPING & RELATED OFFENSES,193,CUSTODIAL INTERFERENCE 1,COMPLETED,FELONY,N.Y. POLICE DEPT,QUEENS,103,INSIDE,PUBLIC BUILDING,,,"1,039,789","196,518",40.7059072,-73.79968474,"(40.705907197, -73.799684744)"
686366413,9/29/2006,14:00:00,9/29/2006,14:15:00,9/29/2006,124,KIDNAPPING & RELATED OFFENSES,193,CUSTODIAL INTERFERENCE 1,COMPLETED,FELONY,N.Y. POLICE DEPT,QUEENS,107,INSIDE,RESIDENCE-HOUSE,,,"1,039,672","198,242",40.71063989,-73.80009255,"(40.71063989, -73.800092545)"
985796393,4/4/2010,19:30:00,4/4/2010,19:40:00,4/4/2010,124,KIDNAPPING & RELATED OFFENSES,183,"IMPRISONMENT 1,UNLAWFUL",COMPLETED,FELONY,N.Y. POLICE DEPT,QUEENS,100,FRONT OF,STREET,,,"1,039,762","154,988",40.59191681,-73.80012391,"(40.591916812, -73.800123906)"
994880487,1/28/2006,20:50:00,,,1/28/2006,124,KIDNAPPING & RELATED OFFENSES,183,"IMPRISONMENT 1,UNLAWFUL",COMPLETED,FELONY,N.Y. POLICE DEPT,QUEENS,103,,STREET,,,"1,039,647","195,586",40.70334997,-73.80020457,"(40.703349972, -73.800204571)"
908578029,8/26/2010,12:00:00,8/28/2010,14:00:00,8/28/2010,124,KIDNAPPING & RELATED OFFENSES,193,CUSTODIAL INTERFERENCE 1,COMPLETED,FELONY,N.Y. POLICE DEPT,BRONX,45,INSIDE,RESIDENCE-HOUSE,,,"1,039,449","236,161",40.81471892,-73.80058555,"(40.814718917, -73.800585548)"
115483815,2/10/2016,3:00:00,2/10/2016,19:00:00,2/10/2016,124,KIDNAPPING & RELATED OFFENSES,183,"IMPRISONMENT 1,UNLAWFUL",COMPLETED,FELONY,N.Y. POLICE DEPT,QUEENS,113,INSIDE,RESIDENCE - APT. HOUSE,,,"1,039,552","183,783",40.67095411,-73.80064408,"(40.670954114, -73.80064408)"
298739826,7/25/2009,11:00:00,,,7/25/2009,124,KIDNAPPING & RELATED OFFENSES,193,CUSTODIAL INTERFERENCE 1,COMPLETED,FELONY,N.Y. POLICE DEPT,QUEENS,103,INSIDE,STREET,,,"1,039,521","195,860",40.70410282,-73.80065676,"(40.704102824, -73.800656758)"
967982447,9/21/2008,11:00:00,9/21/2008,11:30:00,9/21/2008,124,KIDNAPPING & RELATED OFFENSES,183,"IMPRISONMENT 1,UNLAWFUL",COMPLETED,FELONY,N.Y. POLICE DEPT,QUEENS,109,INSIDE,RESIDENCE-HOUSE,,,"1,039,461","212,437",40.74960292,-73.80073716,"(40.749602918, -73.800737156)"
382617131,1/16/2006,22:30:00,,,1/17/2006,124,KIDNAPPING & RELATED OFFENSES,183,"IMPRISONMENT 1,UNLAWFUL",COMPLETED,FELONY,N.Y. POLICE DEPT,QUEENS,113,INSIDE,RESIDENCE-HOUSE,,,"1,039,448","186,467",40.67832172,-73.80099701,"(40.678321723, -73.800997005)"
384065968,7/18/2016,19:30:00,,,7/19/2016,124,KIDNAPPING & RELATED OFFENSES,183,"IMPRISONMENT 1,UNLAWFUL",COMPLETED,FELONY,N.Y. POLICE DEPT,QUEENS,113,FRONT OF,OTHER,,,"1,039,385","188,988",40.68524167,-73.80120351,"(40.68524167, -73.801203512)"
387729651,3/25/2009,23:30:00,3/26/2009,1:00:00,3/26/2009,124,KIDNAPPING & RELATED OFFENSES,183,"IMPRISONMENT 1,UNLAWFUL",COMPLETED,FELONY,N.Y. POLICE DEPT,QUEENS,109,INSIDE,RESIDENCE - APT. HOUSE,,,"1,039,290","215,928",40.75918587,-73.80132574,"(40.759185869, -73.801325741)"
256388669,1/26/2007,14:30:00,1/26/2007,15:00:00,1/26/2007,124,KIDNAPPING & RELATED OFFENSES,193,CUSTODIAL INTERFERENCE 1,COMPLETED,FELONY,N.Y. POLICE DEPT,QUEENS,107,INSIDE,PUBLIC SCHOOL,,,"1,039,210","198,351",40.71094195,-73.8017581,"(40.710941951, -73.801758099)"
232075127,10/1/2011,16:20:00,10/1/2011,16:37:00,10/1/2011,124,KIDNAPPING & RELATED OFFENSES,183,"IMPRISONMENT 1,UNLAWFUL",COMPLETED,FELONY,N.Y. POLICE DEPT,QUEENS,103,,PARK/PLAYGROUND,,,"1,039,070","195,365",40.70274697,-73.80228739,"(40.702746974, -73.802287394)"
581120097,1/15/2006,2:00:00,,,1/15/2006,124,KIDNAPPING & RELATED OFFENSES,193,CUSTODIAL INTERFERENCE 1,COMPLETED,FELONY,N.Y. POLICE DEPT,QUEENS,103,FRONT OF,STREET,,,"1,039,005","197,002",40.70724055,-73.80250851,"(40.707240545, -73.802508511)"
407658543,10/23/2015,9:30:00,,,10/23/2015,124,KIDNAPPING & RELATED OFFENSES,193,CUSTODIAL INTERFERENCE 1,COMPLETED,FELONY,N.Y. POLICE DEPT,QUEENS,107,INSIDE,HOSPITAL,,,"1,038,774","200,592",40.71709565,-73.80331262,"(40.717095645, -73.803312617)"
540351815,11/2/2012,21:00:00,11/4/2012,16:00:00,11/4/2012,124,KIDNAPPING & RELATED OFFENSES,183,"IMPRISONMENT 1,UNLAWFUL",COMPLETED,FELONY,N.Y. POLICE DEPT,QUEENS,107,INSIDE,RESIDENCE - APT. HOUSE,,,"1,038,774","200,592",40.71709565,-73.80331262,"(40.717095645, -73.803312617)"
544199340,3/14/2012,12:50:00,3/14/2012,14:00:00,3/14/2012,124,KIDNAPPING & RELATED OFFENSES,185,KIDNAPPING 2,COMPLETED,FELONY,N.Y. POLICE DEPT,QUEENS,107,INSIDE,HOSPITAL,,,"1,038,774","200,592",40.71709565,-73.80331262,"(40.717095645, -73.803312617)"
755189731,1/9/2009,16:20:00,1/9/2009,21:50:00,1/9/2009,124,KIDNAPPING & RELATED OFFENSES,193,CUSTODIAL INTERFERENCE 1,COMPLETED,FELONY,N.Y. POLICE DEPT,QUEENS,103,INSIDE,OTHER,,,"1,038,771","195,254",40.70244415,-73.80336666,"(40.702444153, -73.803366663)"
177542975,8/13/2016,0:30:00,8/13/2016,0:45:00,8/31/2016,124,KIDNAPPING & RELATED OFFENSES,185,KIDNAPPING 2,COMPLETED,FELONY,N.Y. POLICE DEPT,QUEENS,109,FRONT OF,BAR/NIGHT CLUB,,,"1,038,429","217,143",40.76252604,-73.80442386,"(40.762526043, -73.804423857)"
387611592,11/20/2016,18:30:00,11/21/2016,22:00:00,11/21/2016,124,KIDNAPPING & RELATED OFFENSES,193,CUSTODIAL INTERFERENCE 1,COMPLETED,FELONY,N.Y. POLICE DEPT,QUEENS,107,INSIDE,RESIDENCE - APT. HOUSE,,,"1,038,334","206,759",40.73402522,-73.8048503,"(40.734025223, -73.804850298)"
385680996,5/7/2015,11:30:00,5/11/2015,13:20:00,5/11/2015,124,KIDNAPPING & RELATED OFFENSES,183,"IMPRISONMENT 1,UNLAWFUL",COMPLETED,FELONY,N.Y. POLICE DEPT,QUEENS,103,INSIDE,RESIDENCE - APT. HOUSE,,,"1,038,015","195,499",40.70312125,-73.80609128,"(40.703121245, -73.806091278)"
440700253,1/4/2014,5:00:00,1/4/2014,5:20:00,1/4/2014,124,KIDNAPPING & RELATED OFFENSES,183,"IMPRISONMENT 1,UNLAWFUL",COMPLETED,FELONY,N.Y. POLICE DEPT,QUEENS,103,INSIDE,RESIDENCE - APT. HOUSE,,,"1,038,015","195,499",40.70312125,-73.80609128,"(40.703121245, -73.806091278)"
526530785,3/7/2009,18:17:00,3/7/2009,18:30:00,3/7/2009,124,KIDNAPPING & RELATED OFFENSES,183,"IMPRISONMENT 1,UNLAWFUL",COMPLETED,FELONY,N.Y. POLICE DEPT,QUEENS,100,,STREET,,,"1,037,989","152,947",40.58632561,-73.80652401,"(40.586325614, -73.806524012)"
162726198,7/18/2013,14:45:00,7/18/2013,18:15:00,7/18/2013,124,KIDNAPPING & RELATED OFFENSES,183,"IMPRISONMENT 1,UNLAWFUL",COMPLETED,FELONY,N.Y. POLICE DEPT,QUEENS,103,INSIDE,RESIDENCE-HOUSE,,,"1,037,825","191,377",40.69180849,-73.80680932,"(40.691808491, -73.806809321)"
645625498,6/28/2007,19:00:00,7/11/2007,18:59:00,7/11/2007,124,KIDNAPPING & RELATED OFFENSES,193,CUSTODIAL INTERFERENCE 1,COMPLETED,FELONY,N.Y. POLICE DEPT,QUEENS,103,INSIDE,RESIDENCE-HOUSE,,,"1,037,610","190,493",40.68938342,-73.80759161,"(40.689383419, -73.807591614)"
895774555,6/19/2012,20:30:00,6/20/2012,0:04:00,6/20/2012,124,KIDNAPPING & RELATED OFFENSES,185,KIDNAPPING 2,COMPLETED,FELONY,N.Y. POLICE DEPT,QUEENS,103,,OTHER,,,"1,037,559","194,576",40.70059059,-73.8077432,"(40.70059059, -73.8077432)"
726954656,10/13/2013,14:30:00,10/13/2013,15:00:00,10/13/2013,124,KIDNAPPING & RELATED OFFENSES,185,KIDNAPPING 2,COMPLETED,FELONY,N.Y. POLICE DEPT,QUEENS,106,FRONT OF,STREET,,,"1,037,575","186,754",40.67912095,-73.80774741,"(40.679120951, -73.807747409)"
574409898,12/6/2006,0:40:00,,,12/6/2006,124,KIDNAPPING & RELATED OFFENSES,183,"IMPRISONMENT 1,UNLAWFUL",COMPLETED,FELONY,N.Y. POLICE DEPT,QUEENS,103,,STREET,,,"1,037,512","192,292",40.69432184,-73.80793077,"(40.694321838, -73.807930765)"
579958272,5/18/2006,14:30:00,5/18/2006,15:00:00,5/18/2006,124,KIDNAPPING & RELATED OFFENSES,183,"IMPRISONMENT 1,UNLAWFUL",COMPLETED,FELONY,N.Y. POLICE DEPT,QUEENS,103,,STREET,,,"1,037,506","195,011",40.70178488,-73.8079309,"(40.70178488, -73.807930903)"
666572927,4/15/2015,17:30:00,4/15/2015,20:20:00,4/15/2015,124,KIDNAPPING & RELATED OFFENSES,185,KIDNAPPING 2,COMPLETED,FELONY,N.Y. POLICE DEPT,QUEENS,106,INSIDE,RESIDENCE - APT. HOUSE,,,"1,037,358","184,467",40.67284497,-73.80854778,"(40.67284497, -73.808547783)"
891099208,3/9/2014,16:00:00,4/17/2014,14:00:00,4/17/2014,124,KIDNAPPING & RELATED OFFENSES,193,CUSTODIAL INTERFERENCE 1,COMPLETED,FELONY,N.Y. HOUSING POLICE,QUEENS,100,INSIDE,RESIDENCE - PUBLIC HOUSING,,HAMMEL,"1,037,418","153,512",40.58787987,-73.80857534,"(40.587879866, -73.808575342)"
455071834,6/7/2015,18:00:00,6/7/2015,19:00:00,6/11/2015,124,KIDNAPPING & RELATED OFFENSES,193,CUSTODIAL INTERFERENCE 1,COMPLETED,FELONY,N.Y. POLICE DEPT,QUEENS,103,INSIDE,PARKING LOT/GARAGE (PRIVATE),,,"1,037,153","192,156",40.6939507,-73.80922644,"(40.693950704, -73.809226436)"
601550599,7/14/2010,1:00:00,7/14/2010,7:17:00,7/14/2010,124,KIDNAPPING & RELATED OFFENSES,183,"IMPRISONMENT 1,UNLAWFUL",COMPLETED,FELONY,N.Y. POLICE DEPT,QUEENS,100,INSIDE,RESIDENCE - APT. HOUSE,,,"1,037,138","154,271",40.58996484,-73.80957751,"(40.58996484, -73.809577511)"
380486796,7/14/2013,16:30:00,7/14/2013,16:35:00,7/14/2013,124,KIDNAPPING & RELATED OFFENSES,185,KIDNAPPING 2,COMPLETED,FELONY,N.Y. POLICE DEPT,QUEENS,100,,PARK/PLAYGROUND,,,"1,037,129","152,602",40.58538383,-73.80962298,"(40.585383831, -73.809622975)"
355488212,1/6/2006,13:10:00,1/6/2006,13:50:00,1/6/2006,124,KIDNAPPING & RELATED OFFENSES,183,"IMPRISONMENT 1,UNLAWFUL",COMPLETED,FELONY,N.Y. POLICE DEPT,QUEENS,100,INSIDE,RESIDENCE - APT. HOUSE,,,"1,037,018","152,578",40.58531862,-73.81002279,"(40.585318618, -73.81002279)"
873944684,6/29/2007,19:20:00,6/29/2007,19:30:00,6/29/2007,124,KIDNAPPING & RELATED OFFENSES,193,CUSTODIAL INTERFERENCE 1,COMPLETED,FELONY,N.Y. POLICE DEPT,QUEENS,103,FRONT OF,RESIDENCE-HOUSE,,,"1,036,848","191,893",40.69323065,-73.81032836,"(40.69323065, -73.810328356)"
350148696,2/23/2008,10:00:00,2/23/2008,10:15:00,2/23/2008,124,KIDNAPPING & RELATED OFFENSES,183,"IMPRISONMENT 1,UNLAWFUL",COMPLETED,FELONY,N.Y. POLICE DEPT,QUEENS,106,INSIDE,RESIDENCE-HOUSE,,,"1,036,859","186,584",40.67865863,-73.81033014,"(40.678658625, -73.810330141)"
426836196,10/3/2013,23:55:00,10/3/2013,23:55:00,10/4/2013,124,KIDNAPPING & RELATED OFFENSES,183,"IMPRISONMENT 1,UNLAWFUL",COMPLETED,FELONY,N.Y. HOUSING POLICE,QUEENS,100,INSIDE,RESIDENCE - PUBLIC HOUSING,,HAMMEL,"1,036,867","153,432",40.58766357,-73.81055978,"(40.58766357, -73.810559779)"
176331741,2/16/2010,14:00:00,2/16/2010,14:20:00,2/16/2010,124,KIDNAPPING & RELATED OFFENSES,183,"IMPRISONMENT 1,UNLAWFUL",COMPLETED,FELONY,N.Y. HOUSING POLICE,QUEENS,100,INSIDE,RESIDENCE - PUBLIC HOUSING,,HAMMEL,"1,036,867","153,432",40.58766357,-73.81055978,"(40.58766357, -73.810559779)"
507446942,7/17/2012,10:15:00,,,7/17/2012,124,KIDNAPPING & RELATED OFFENSES,193,CUSTODIAL INTERFERENCE 1,COMPLETED,FELONY,N.Y. HOUSING POLICE,QUEENS,107,INSIDE,RESIDENCE - PUBLIC HOUSING,,POMONOK,"1,036,732","207,396",40.73578328,-73.8106258,"(40.735783278, -73.810625803)"
203096451,2/11/2007,2:25:00,2/11/2007,2:48:00,2/11/2007,124,KIDNAPPING & RELATED OFFENSES,183,"IMPRISONMENT 1,UNLAWFUL",COMPLETED,FELONY,N.Y. HOUSING POLICE,QUEENS,107,INSIDE,RESIDENCE - PUBLIC HOUSING,,POMONOK,"1,036,732","207,396",40.73578328,-73.8106258,"(40.735783278, -73.810625803)"
253856060,9/6/2006,19:50:00,,,9/6/2006,124,KIDNAPPING & RELATED OFFENSES,193,CUSTODIAL INTERFERENCE 1,COMPLETED,FELONY,N.Y. HOUSING POLICE,QUEENS,107,INSIDE,RESIDENCE - PUBLIC HOUSING,,POMONOK,"1,036,732","207,396",40.73578328,-73.8106258,"(40.735783278, -73.810625803)"
812308047,8/7/2014,15:00:00,12/17/2014,20:00:00,12/17/2014,124,KIDNAPPING & RELATED OFFENSES,193,CUSTODIAL INTERFERENCE 1,COMPLETED,FELONY,N.Y. POLICE DEPT,QUEENS,107,INSIDE,RESIDENCE-HOUSE,,,"1,036,672","202,461",40.72223829,-73.81088075,"(40.722238293, -73.81088075)"
844376789,10/11/2010,20:15:00,,,10/12/2010,124,KIDNAPPING & RELATED OFFENSES,183,"IMPRISONMENT 1,UNLAWFUL",COMPLETED,FELONY,N.Y. POLICE DEPT,QUEENS,100,,STREET,,,"1,036,618","153,940",40.5890594,-73.81145234,"(40.5890594, -73.811452337)"
771097732,6/4/2008,20:00:00,6/11/2008,14:00:00,6/11/2008,124,KIDNAPPING & RELATED OFFENSES,185,KIDNAPPING 2,COMPLETED,FELONY,N.Y. HOUSING POLICE,QUEENS,107,INSIDE,RESIDENCE - PUBLIC HOUSING,,POMONOK,"1,036,504","206,120",40.73228233,-73.81145842,"(40.732282329, -73.811458423)"
750286253,11/23/2007,3:00:00,,,11/23/2007,124,KIDNAPPING & RELATED OFFENSES,185,KIDNAPPING 2,COMPLETED,FELONY,N.Y. POLICE DEPT,QUEENS,106,,STREET,,,"1,036,523","188,274",40.68329927,-73.81152841,"(40.683299272, -73.81152841)"
434512910,6/1/2010,7:00:00,6/2/2010,4:30:00,6/2/2010,124,KIDNAPPING & RELATED OFFENSES,183,"IMPRISONMENT 1,UNLAWFUL",COMPLETED,FELONY,N.Y. HOUSING POLICE,QUEENS,107,INSIDE,RESIDENCE - PUBLIC HOUSING,,,"1,036,384","205,388",40.73027388,-73.81189708,"(40.730273881, -73.811897078)"
479287068,6/25/2010,18:00:00,9/1/2010,11:15:00,9/1/2010,124,KIDNAPPING & RELATED OFFENSES,193,CUSTODIAL INTERFERENCE 1,COMPLETED,FELONY,N.Y. POLICE DEPT,QUEENS,106,INSIDE,RESIDENCE-HOUSE,,,"1,036,380","187,857",40.68215555,-73.81204723,"(40.682155548, -73.812047228)"
957732520,8/8/2016,10:00:00,8/15/2016,19:40:00,8/15/2016,124,KIDNAPPING & RELATED OFFENSES,193,CUSTODIAL INTERFERENCE 1,COMPLETED,FELONY,N.Y. POLICE DEPT,QUEENS,106,FRONT OF,RESIDENCE - APT. HOUSE,,,"1,036,305","183,416",40.66996647,-73.81235194,"(40.669966471, -73.81235194)"
785064403,5/26/2010,11:00:00,5/26/2010,12:00:00,5/26/2010,124,KIDNAPPING & RELATED OFFENSES,183,"IMPRISONMENT 1,UNLAWFUL",COMPLETED,FELONY,N.Y. POLICE DEPT,QUEENS,106,INSIDE,RESIDENCE-HOUSE,,,"1,035,917","190,695",40.68994791,-73.8136948,"(40.689947906, -73.813694803)"
291875874,4/22/2016,7:05:00,4/22/2016,22:30:00,4/22/2016,124,KIDNAPPING & RELATED OFFENSES,193,CUSTODIAL INTERFERENCE 1,COMPLETED,FELONY,N.Y. HOUSING POLICE,QUEENS,107,FRONT OF,RESIDENCE - PUBLIC HOUSING,,POMONOK,"1,035,836","206,042",40.73207216,-73.81386929,"(40.73207216, -73.813869293)"
559739750,5/22/2009,18:00:00,5/23/2009,10:57:00,5/23/2009,124,KIDNAPPING & RELATED OFFENSES,193,CUSTODIAL INTERFERENCE 1,COMPLETED,FELONY,N.Y. POLICE DEPT,QUEENS,106,FRONT OF,RESIDENCE-HOUSE,,,"1,035,646","185,454",40.67556416,-73.81471198,"(40.675564162, -73.814711977)"
278028447,12/29/2008,16:30:00,,,12/29/2008,124,KIDNAPPING & RELATED OFFENSES,193,CUSTODIAL INTERFERENCE 1,COMPLETED,FELONY,N.Y. POLICE DEPT,BRONX,45,INSIDE,RESIDENCE-HOUSE,,,"1,035,453","241,066",40.82820579,-73.81498432,"(40.828205792, -73.814984316)"
994986084,7/18/2016,8:00:00,8/8/2016,11:00:00,9/20/2016,124,KIDNAPPING & RELATED OFFENSES,193,CUSTODIAL INTERFERENCE 1,COMPLETED,FELONY,N.Y. POLICE DEPT,QUEENS,107,INSIDE,RESIDENCE-HOUSE,,,"1,035,517","197,600",40.70890281,-73.8150846,"(40.708902807, -73.815084603)"
322774717,11/18/2013,12:00:00,11/18/2013,12:00:00,11/18/2013,124,KIDNAPPING & RELATED OFFENSES,183,"IMPRISONMENT 1,UNLAWFUL",COMPLETED,FELONY,N.Y. POLICE DEPT,QUEENS,109,FRONT OF,COMMERCIAL BUILDING,,,"1,035,433","218,345",40.76584307,-73.81522976,"(40.765843068, -73.815229756)"
530914214,5/12/2007,4:00:00,5/12/2007,4:00:00,5/12/2007,124,KIDNAPPING & RELATED OFFENSES,183,"IMPRISONMENT 1,UNLAWFUL",COMPLETED,FELONY,N.Y. POLICE DEPT,QUEENS,109,INSIDE,RESIDENCE-HOUSE,,,"1,035,379","221,065",40.77330906,-73.815404,"(40.773309057, -73.815404004)"
500990490,3/21/2010,22:48:00,,,3/22/2010,124,KIDNAPPING & RELATED OFFENSES,185,KIDNAPPING 2,COMPLETED,FELONY,N.Y. POLICE DEPT,QUEENS,109,FRONT OF,STREET,,,"1,035,349","221,461",40.77439615,-73.81550931,"(40.774396145, -73.815509306)"
710686457,11/15/2014,19:15:00,11/15/2014,19:41:00,11/15/2014,124,KIDNAPPING & RELATED OFFENSES,183,"IMPRISONMENT 1,UNLAWFUL",COMPLETED,FELONY,N.Y. POLICE DEPT,QUEENS,106,INSIDE,RESIDENCE-HOUSE,,,"1,035,149","188,121",40.68288733,-73.81648358,"(40.68288733, -73.81648358)"
637605352,3/25/2010,7:30:00,3/26/2010,7:55:00,3/27/2010,124,KIDNAPPING & RELATED OFFENSES,183,"IMPRISONMENT 1,UNLAWFUL",COMPLETED,FELONY,N.Y. POLICE DEPT,QUEENS,106,INSIDE,RESIDENCE - APT. HOUSE,,,"1,035,142","186,292",40.67786719,-73.81652263,"(40.67786719, -73.816522631)"
864441463,9/3/2015,11:00:00,9/4/2015,1:00:00,9/4/2015,124,KIDNAPPING & RELATED OFFENSES,193,CUSTODIAL INTERFERENCE 1,COMPLETED,FELONY,N.Y. POLICE DEPT,QUEENS,107,INSIDE,RESIDENCE-HOUSE,,,"1,035,063","198,373",40.71102712,-73.81671631,"(40.711027123, -73.816716314)"
538408737,7/6/2013,15:00:00,,,7/6/2013,124,KIDNAPPING & RELATED OFFENSES,183,"IMPRISONMENT 1,UNLAWFUL",COMPLETED,FELONY,N.Y. POLICE DEPT,BRONX,45,INSIDE,RESIDENCE - APT. HOUSE,,,"1,034,816","243,058",40.83367692,-73.81727103,"(40.83367692, -73.817271033)"
287046675,9/15/2012,12:45:00,9/15/2012,13:06:00,9/15/2012,124,KIDNAPPING & RELATED OFFENSES,183,"IMPRISONMENT 1,UNLAWFUL",COMPLETED,FELONY,N.Y. POLICE DEPT,QUEENS,109,INSIDE,,,,"1,034,836","218,813",40.76713104,-73.81738141,"(40.767131041, -73.817381411)"
705039086,5/22/2012,18:00:00,5/23/2012,22:06:00,5/23/2012,124,KIDNAPPING & RELATED OFFENSES,185,KIDNAPPING 2,COMPLETED,FELONY,N.Y. POLICE DEPT,QUEENS,109,FRONT OF,RESIDENCE-HOUSE,,,"1,034,786","215,438",40.75786784,-73.81758729,"(40.757867838, -73.817587286)"
247789924,9/28/2013,12:00:00,9/28/2013,12:30:00,9/29/2013,124,KIDNAPPING & RELATED OFFENSES,185,KIDNAPPING 2,ATTEMPTED,FELONY,N.Y. POLICE DEPT,QUEENS,102,FRONT OF,STREET,,,"1,034,686","195,228",40.70239702,-73.81809973,"(40.702397015, -73.818099726)"
767331094,9/8/2009,10:00:00,9/28/2009,10:00:00,9/28/2009,124,KIDNAPPING & RELATED OFFENSES,193,CUSTODIAL INTERFERENCE 1,COMPLETED,FELONY,N.Y. POLICE DEPT,QUEENS,100,INSIDE,OTHER,,,"1,034,728","152,132",40.58410778,-73.8182707,"(40.584107775, -73.818270698)"
746539770,12/1/2011,22:40:00,,,12/4/2011,124,KIDNAPPING & RELATED OFFENSES,183,"IMPRISONMENT 1,UNLAWFUL",COMPLETED,FELONY,N.Y. POLICE DEPT,QUEENS,109,INSIDE,RESIDENCE - APT. HOUSE,,,"1,034,560","218,129",40.76525522,-73.81838291,"(40.765255216, -73.818382912)"
992877011,10/2/2014,14:00:00,10/2/2014,15:00:00,10/16/2014,124,KIDNAPPING & RELATED OFFENSES,183,"IMPRISONMENT 1,UNLAWFUL",COMPLETED,FELONY,N.Y. POLICE DEPT,QUEENS,102,INSIDE,RESIDENCE-HOUSE,,,"1,034,602","192,916",40.69605161,-73.81841996,"(40.696051605, -73.818419962)"
529591378,6/23/2011,9:00:00,6/23/2011,15:00:00,6/23/2011,124,KIDNAPPING & RELATED OFFENSES,193,CUSTODIAL INTERFERENCE 1,COMPLETED,FELONY,N.Y. POLICE DEPT,QUEENS,102,INSIDE,RESIDENCE-HOUSE,,,"1,034,570","191,723",40.69277729,-73.81854427,"(40.692777285, -73.818544273)"
424236431,3/2/2007,8:00:00,4/8/2007,16:50:00,4/8/2007,124,KIDNAPPING & RELATED OFFENSES,193,CUSTODIAL INTERFERENCE 1,COMPLETED,FELONY,N.Y. POLICE DEPT,BRONX,45,FRONT OF,RESIDENCE-HOUSE,,,"1,034,455","237,233",40.81769104,-73.81861916,"(40.817691043, -73.818619161)"
690927081,6/22/2008,15:30:00,6/29/2008,20:00:00,6/29/2008,124,KIDNAPPING & RELATED OFFENSES,183,"IMPRISONMENT 1,UNLAWFUL",COMPLETED,FELONY,N.Y. POLICE DEPT,QUEENS,109,INSIDE,RESIDENCE-HOUSE,,,"1,034,497","212,088",40.7486746,-73.81865549,"(40.748674603, -73.818655487)"
200957184,5/15/2011,15:38:00,5/15/2011,15:40:00,5/15/2011,124,KIDNAPPING & RELATED OFFENSES,187,KIDNAPPING 1,COMPLETED,FELONY,N.Y. POLICE DEPT,QUEENS,109,FRONT OF,STREET,,,"1,034,454","222,012",40.77591362,-73.81873656,"(40.775913621, -73.818736564)"
426160600,4/15/2015,15:30:00,4/15/2015,15:30:00,4/17/2015,124,KIDNAPPING & RELATED OFFENSES,183,"IMPRISONMENT 1,UNLAWFUL",COMPLETED,FELONY,N.Y. POLICE DEPT,QUEENS,100,,COMMERCIAL BUILDING,,,"1,034,579","152,441",40.58495676,-73.81880483,"(40.584956764, -73.818804825)"
338008133,7/11/2007,17:45:00,7/11/2007,19:00:00,7/11/2007,124,KIDNAPPING & RELATED OFFENSES,193,CUSTODIAL INTERFERENCE 1,COMPLETED,FELONY,N.Y. POLICE DEPT,QUEENS,109,FRONT OF,RESIDENCE-HOUSE,,,"1,034,430","213,355",40.75215257,-73.81888784,"(40.752152571, -73.818887841)"
112486379,5/14/2008,20:00:00,5/17/2008,11:30:00,5/17/2008,124,KIDNAPPING & RELATED OFFENSES,187,KIDNAPPING 1,COMPLETED,FELONY,N.Y. POLICE DEPT,QUEENS,107,INSIDE,HOTEL/MOTEL,,,"1,034,415","200,579",40.71708575,-73.81903724,"(40.717085753, -73.819037239)"
524764976,2/10/2014,17:30:00,2/10/2014,17:50:00,2/10/2014,124,KIDNAPPING & RELATED OFFENSES,185,KIDNAPPING 2,COMPLETED,FELONY,N.Y. POLICE DEPT,QUEENS,109,INSIDE,RESIDENCE - APT. HOUSE,,,"1,034,334","217,729",40.76415861,-73.81920175,"(40.764158605, -73.819201748)"
277554793,8/25/2014,8:09:00,8/25/2014,10:00:00,8/27/2014,124,KIDNAPPING & RELATED OFFENSES,193,CUSTODIAL INTERFERENCE 1,COMPLETED,FELONY,N.Y. POLICE DEPT,QUEENS,102,INSIDE,OTHER,,,"1,034,359","191,898",40.69325882,-73.81930385,"(40.693258816, -73.819303849)"
208727705,2/2/2006,17:30:00,2/3/2006,6:05:00,2/3/2006,124,KIDNAPPING & RELATED OFFENSES,183,"IMPRISONMENT 1,UNLAWFUL",COMPLETED,FELONY,N.Y. POLICE DEPT,QUEENS,106,FRONT OF,STREET,,,"1,034,154","188,553",40.68407874,-73.82006787,"(40.684078735, -73.820067873)"
657253185,8/17/2008,22:30:00,8/17/2008,22:37:00,8/23/2008,124,KIDNAPPING & RELATED OFFENSES,183,"IMPRISONMENT 1,UNLAWFUL",COMPLETED,FELONY,N.Y. POLICE DEPT,QUEENS,106,,STREET,,,"1,034,124","189,908",40.68779806,-73.82016601,"(40.687798062, -73.82016601)"
219542179,1/29/2009,17:30:00,1/29/2009,18:00:00,1/29/2009,124,KIDNAPPING & RELATED OFFENSES,183,"IMPRISONMENT 1,UNLAWFUL",COMPLETED,FELONY,N.Y. POLICE DEPT,QUEENS,106,INSIDE,STREET,,,"1,033,934","188,027",40.68263623,-73.82086498,"(40.682636225, -73.820864979)"
705162623,12/16/2008,18:00:00,,,12/16/2008,124,KIDNAPPING & RELATED OFFENSES,183,"IMPRISONMENT 1,UNLAWFUL",COMPLETED,FELONY,N.Y. POLICE DEPT,QUEENS,106,INSIDE,RESIDENCE-HOUSE,,,"1,033,910","188,462",40.68383033,-73.82094831,"(40.683830334, -73.820948305)"
146364021,4/22/2012,20:47:00,4/22/2012,20:49:00,4/22/2012,124,KIDNAPPING & RELATED OFFENSES,183,"IMPRISONMENT 1,UNLAWFUL",COMPLETED,FELONY,N.Y. POLICE DEPT,BRONX,45,,BUS (NYC TRANSIT),,,"1,033,795","242,366",40.83178337,-73.82096572,"(40.831783369, -73.820965723)"
210604898,8/14/2015,23:20:00,8/14/2015,23:25:00,8/14/2015,124,KIDNAPPING & RELATED OFFENSES,185,KIDNAPPING 2,ATTEMPTED,FELONY,N.Y. POLICE DEPT,QUEENS,109,FRONT OF,STREET,,,"1,033,800","214,857",40.75627873,-73.82115061,"(40.756278725, -73.821150612)"
116603945,3/21/2007,18:00:00,3/25/2007,13:00:00,3/25/2007,124,KIDNAPPING & RELATED OFFENSES,193,CUSTODIAL INTERFERENCE 1,COMPLETED,FELONY,N.Y. HOUSING POLICE,BRONX,45,INSIDE,RESIDENCE - PUBLIC HOUSING,,THROGGS NECK,"1,033,678","238,650",40.82158468,-73.82141589,"(40.821584683, -73.821415888)"
676772964,5/25/2016,12:00:00,,,5/25/2016,124,KIDNAPPING & RELATED OFFENSES,193,CUSTODIAL INTERFERENCE 1,COMPLETED,FELONY,N.Y. POLICE DEPT,BRONX,45,INSIDE,RESIDENCE - APT. HOUSE,,,"1,033,647","239,803",40.82474951,-73.8215194,"(40.824749509, -73.821519404)"
611439333,12/11/2016,10:00:00,12/11/2016,10:13:00,12/11/2016,124,KIDNAPPING & RELATED OFFENSES,183,"IMPRISONMENT 1,UNLAWFUL",COMPLETED,FELONY,N.Y. HOUSING POLICE,BRONX,45,INSIDE,RESIDENCE - PUBLIC HOUSING,,THROGGS NECK,"1,033,577","239,043",40.82266392,-73.82177792,"(40.822663919, -73.821777915)"
322118357,5/11/2013,7:00:00,5/11/2013,7:10:00,5/11/2013,124,KIDNAPPING & RELATED OFFENSES,185,KIDNAPPING 2,ATTEMPTED,FELONY,N.Y. POLICE DEPT,QUEENS,109,,STREET,,,"1,033,582","220,158",40.7708298,-73.82189858,"(40.770829795, -73.821898579)"
529048595,4/26/2006,7:00:00,4/26/2006,13:00:00,4/26/2006,124,KIDNAPPING & RELATED OFFENSES,183,"IMPRISONMENT 1,UNLAWFUL",COMPLETED,FELONY,N.Y. POLICE DEPT,QUEENS,106,INSIDE,RESIDENCE-HOUSE,,,"1,033,627","189,217",40.68590422,-73.82196315,"(40.685904215, -73.82196315)"
659091265,9/25/2010,23:30:00,9/26/2010,0:55:00,9/26/2010,124,KIDNAPPING & RELATED OFFENSES,183,"IMPRISONMENT 1,UNLAWFUL",COMPLETED,FELONY,N.Y. POLICE DEPT,BRONX,45,INSIDE,RESIDENCE - APT. HOUSE,,,"1,033,479","254,043",40.863835,-73.82202189,"(40.863834998, -73.822021885)"
766319542,12/9/2014,20:45:00,12/10/2014,3:01:00,12/10/2014,124,KIDNAPPING & RELATED OFFENSES,185,KIDNAPPING 2,COMPLETED,FELONY,N.Y. POLICE DEPT,QUEENS,109,INSIDE,RESIDENCE-HOUSE,,,"1,033,528","214,466",40.75520705,-73.82213526,"(40.755207051, -73.82213526)"
271104078,3/19/2012,18:00:00,3/19/2012,18:30:00,3/20/2012,124,KIDNAPPING & RELATED OFFENSES,183,"IMPRISONMENT 1,UNLAWFUL",COMPLETED,FELONY,N.Y. POLICE DEPT,QUEENS,106,,OTHER,,,"1,033,322","187,795",40.68200285,-73.82307324,"(40.682002853, -73.823073239)"
250896444,3/9/2012,5:30:00,,,3/9/2012,124,KIDNAPPING & RELATED OFFENSES,193,CUSTODIAL INTERFERENCE 1,COMPLETED,FELONY,N.Y. POLICE DEPT,BRONX,45,INSIDE,RESIDENCE - APT. HOUSE,,,"1,033,179","254,670",40.86555759,-73.82310191,"(40.865557588, -73.823101907)"
631126988,3/14/2014,14:35:00,3/14/2014,14:45:00,3/14/2014,124,KIDNAPPING & RELATED OFFENSES,185,KIDNAPPING 2,ATTEMPTED,FELONY,N.Y. POLICE DEPT,QUEENS,109,,STREET,,,"1,033,232","212,829",40.75071555,-73.82321558,"(40.750715554, -73.823215576)"
191876279,7/8/2006,16:00:00,1/25/2007,20:30:00,1/25/2007,124,KIDNAPPING & RELATED OFFENSES,193,CUSTODIAL INTERFERENCE 1,COMPLETED,FELONY,N.Y. POLICE DEPT,BRONX,45,INSIDE,RESIDENCE-HOUSE,,,"1,033,044","246,908",40.844254,-73.82364649,"(40.844253999, -73.823646486)"
397660176,8/26/2015,1:00:00,8/26/2015,1:41:00,8/26/2015,124,KIDNAPPING & RELATED OFFENSES,183,"IMPRISONMENT 1,UNLAWFUL",COMPLETED,FELONY,N.Y. HOUSING POLICE,BRONX,45,INSIDE,RESIDENCE - PUBLIC HOUSING,,THROGGS NECK,"1,032,948","238,316",40.820672,-73.82405583,"(40.820672004, -73.824055827)"
673383687,5/20/2008,8:00:00,5/21/2008,9:00:00,5/21/2008,124,KIDNAPPING & RELATED OFFENSES,183,"IMPRISONMENT 1,UNLAWFUL",COMPLETED,FELONY,N.Y. HOUSING POLICE,BRONX,45,INSIDE,RESIDENCE - PUBLIC HOUSING,,THROGGS NECK,"1,032,930","239,207",40.82311764,-73.8241144,"(40.823117641, -73.824114397)"
795292708,2/7/2007,16:31:00,,,2/7/2007,124,KIDNAPPING & RELATED OFFENSES,193,CUSTODIAL INTERFERENCE 1,COMPLETED,FELONY,N.Y. HOUSING POLICE,BRONX,45,INSIDE,RESIDENCE - PUBLIC HOUSING,,THROGGS NECK,"1,032,930","239,207",40.82311764,-73.8241144,"(40.823117641, -73.824114397)"
184842766,1/11/2008,16:00:00,1/11/2008,16:00:00,1/11/2008,124,KIDNAPPING & RELATED OFFENSES,183,"IMPRISONMENT 1,UNLAWFUL",COMPLETED,FELONY,N.Y. POLICE DEPT,BRONX,45,,RESIDENCE - APT. HOUSE,,,"1,032,818","257,638",40.87370582,-73.82438556,"(40.87370582, -73.824385562)"
318364727,5/11/2012,7:05:00,,,5/11/2012,124,KIDNAPPING & RELATED OFFENSES,185,KIDNAPPING 2,ATTEMPTED,FELONY,N.Y. POLICE DEPT,BRONX,45,FRONT OF,PUBLIC SCHOOL,,,"1,032,762","254,233",40.86436046,-73.8246127,"(40.86436046, -73.824612701)"
407875793,10/4/2013,15:30:00,10/7/2013,16:00:00,10/8/2013,124,KIDNAPPING & RELATED OFFENSES,193,CUSTODIAL INTERFERENCE 1,COMPLETED,FELONY,N.Y. POLICE DEPT,QUEENS,102,,STREET,,,"1,032,792","190,801",40.69025654,-73.82496248,"(40.690256543, -73.824962482)"
580996079,12/16/2008,9:20:00,12/16/2008,9:20:00,12/16/2008,124,KIDNAPPING & RELATED OFFENSES,187,KIDNAPPING 1,COMPLETED,FELONY,N.Y. POLICE DEPT,QUEENS,102,FRONT OF,RESIDENCE-HOUSE,,,"1,032,746","194,303",40.69986896,-73.82510314,"(40.699868955, -73.825103142)"
688933957,7/1/2014,21:30:00,7/1/2014,21:40:00,7/2/2014,124,KIDNAPPING & RELATED OFFENSES,193,CUSTODIAL INTERFERENCE 1,COMPLETED,FELONY,N.Y. POLICE DEPT,BRONX,45,INSIDE,RESIDENCE - APT. HOUSE,,,"1,032,521","253,880",40.8633929,-73.82548655,"(40.863392904, -73.825486546)"
236085578,7/15/2015,17:59:00,7/16/2015,1:00:00,7/16/2015,124,KIDNAPPING & RELATED OFFENSES,183,"IMPRISONMENT 1,UNLAWFUL",COMPLETED,FELONY,N.Y. POLICE DEPT,BRONX,45,,PARK/PLAYGROUND,PELHAM BAY PARK,,"1,032,532","247,487",40.845846,-73.82549282,"(40.845845996, -73.825492821)"
885663333,12/1/2010,8:05:00,,,12/1/2010,124,KIDNAPPING & RELATED OFFENSES,185,KIDNAPPING 2,ATTEMPTED,FELONY,N.Y. POLICE DEPT,QUEENS,109,,STREET,,,"1,032,562","215,696",40.75858841,-73.82561314,"(40.758588413, -73.825613135)"
422314172,6/24/2011,18:00:00,,,6/24/2011,124,KIDNAPPING & RELATED OFFENSES,193,CUSTODIAL INTERFERENCE 1,COMPLETED,FELONY,N.Y. POLICE DEPT,QUEENS,106,INSIDE,RESIDENCE - APT. HOUSE,,,"1,032,422","188,798",40.6847608,-73.82631099,"(40.684760798, -73.826310993)"
162661896,6/16/2007,10:00:00,6/16/2007,10:05:00,6/16/2007,124,KIDNAPPING & RELATED OFFENSES,193,CUSTODIAL INTERFERENCE 1,COMPLETED,FELONY,N.Y. POLICE DEPT,BRONX,45,INSIDE,OTHER,,,"1,032,140","242,004",40.83079891,-73.8269488,"(40.830798914, -73.826948796)"
268581158,8/8/2008,18:00:00,8/10/2008,18:10:00,8/10/2008,124,KIDNAPPING & RELATED OFFENSES,193,CUSTODIAL INTERFERENCE 1,COMPLETED,FELONY,N.Y. POLICE DEPT,BRONX,45,INSIDE,RESIDENCE-HOUSE,,,"1,032,016","241,221",40.82865048,-73.82740245,"(40.828650478, -73.82740245)"
822360641,12/25/2014,0:01:00,4/22/2015,23:00:00,4/22/2015,124,KIDNAPPING & RELATED OFFENSES,185,KIDNAPPING 2,COMPLETED,FELONY,N.Y. POLICE DEPT,QUEENS,109,INSIDE,RESIDENCE - APT. HOUSE,,,"1,031,840","218,785",40.76707082,-73.82819741,"(40.767070824, -73.828197411)"
382823819,12/19/2013,16:40:00,12/19/2013,16:45:00,12/19/2013,124,KIDNAPPING & RELATED OFFENSES,185,KIDNAPPING 2,ATTEMPTED,FELONY,N.Y. POLICE DEPT,QUEENS,109,FRONT OF,STREET,,,"1,031,763","210,435",40.74415265,-73.82853439,"(40.744152653, -73.828534391)"
850975810,7/29/2009,7:00:00,7/30/2009,21:00:00,7/30/2009,124,KIDNAPPING & RELATED OFFENSES,193,CUSTODIAL INTERFERENCE 1,COMPLETED,FELONY,N.Y. POLICE DEPT,QUEENS,106,INSIDE,STREET,,,"1,031,780","176,717",40.65160467,-73.82871098,"(40.651604674, -73.828710978)"
364841850,11/28/2015,4:19:00,11/28/2015,4:26:00,11/28/2015,124,KIDNAPPING & RELATED OFFENSES,183,"IMPRISONMENT 1,UNLAWFUL",COMPLETED,FELONY,OTHER,BRONX,45,INSIDE,RESIDENCE - APT. HOUSE,,,"1,031,525","258,301",40.87553257,-73.8290562,"(40.875532568, -73.829056201)"
921801036,10/12/2006,16:00:00,10/12/2006,16:10:00,10/12/2006,124,KIDNAPPING & RELATED OFFENSES,187,KIDNAPPING 1,ATTEMPTED,FELONY,N.Y. POLICE DEPT,BRONX,45,FRONT OF,STREET,,,"1,031,525","258,301",40.87553257,-73.8290562,"(40.875532568, -73.829056201)"
598886217,6/8/2006,13:00:00,6/18/2006,16:00:00,6/18/2006,124,KIDNAPPING & RELATED OFFENSES,183,"IMPRISONMENT 1,UNLAWFUL",COMPLETED,FELONY,N.Y. POLICE DEPT,QUEENS,106,FRONT OF,RESIDENCE - APT. HOUSE,,,"1,031,572","186,263",40.6778074,-73.82939357,"(40.677807396, -73.829393573)"
637155588,7/23/2009,19:00:00,7/24/2009,4:00:00,8/1/2009,124,KIDNAPPING & RELATED OFFENSES,183,"IMPRISONMENT 1,UNLAWFUL",COMPLETED,FELONY,N.Y. POLICE DEPT,QUEENS,109,INSIDE,COMMERCIAL BUILDING,,,"1,031,396","216,336",40.76035134,-73.82981746,"(40.76035134, -73.829817462)"
667599194,8/22/2013,8:00:00,8/26/2013,8:00:00,8/26/2013,124,KIDNAPPING & RELATED OFFENSES,193,CUSTODIAL INTERFERENCE 1,COMPLETED,FELONY,N.Y. POLICE DEPT,BRONX,45,FRONT OF,RESIDENCE-HOUSE,,,"1,031,328","245,865",40.84140059,-73.82985589,"(40.84140059, -73.829855888)"
481744208,11/2/2008,0:22:00,,,11/2/2008,124,KIDNAPPING & RELATED OFFENSES,183,"IMPRISONMENT 1,UNLAWFUL",COMPLETED,FELONY,N.Y. POLICE DEPT,QUEENS,102,INSIDE,RESIDENCE-HOUSE,,,"1,031,414","190,787",40.69022557,-73.82993154,"(40.690225566, -73.829931536)"
442532428,5/24/2016,15:15:00,5/24/2016,15:20:00,5/24/2016,124,KIDNAPPING & RELATED OFFENSES,185,KIDNAPPING 2,COMPLETED,FELONY,N.Y. POLICE DEPT,BRONX,45,FRONT OF,STREET,,,"1,031,276","244,849",40.83861225,-73.83005095,"(40.838612247, -73.830050946)"
734916617,2/2/2007,11:00:00,,,2/3/2007,124,KIDNAPPING & RELATED OFFENSES,193,CUSTODIAL INTERFERENCE 1,COMPLETED,FELONY,N.Y. POLICE DEPT,BRONX,45,INSIDE,RESIDENCE-HOUSE,,,"1,031,195","256,988",40.87193055,-73.83025867,"(40.871930554, -73.830258669)"
587068765,12/27/2008,13:00:00,1/2/2009,19:00:00,1/2/2009,124,KIDNAPPING & RELATED OFFENSES,193,CUSTODIAL INTERFERENCE 1,COMPLETED,FELONY,N.Y. POLICE DEPT,BRONX,45,INSIDE,RESIDENCE-HOUSE,,,"1,031,214","242,733",40.83280478,-73.83028983,"(40.832804779, -73.830289827)"
740980451,4/24/2006,17:40:00,,,4/24/2006,124,KIDNAPPING & RELATED OFFENSES,193,CUSTODIAL INTERFERENCE 1,COMPLETED,FELONY,N.Y. POLICE DEPT,QUEENS,109,FRONT OF,STREET,,,"1,031,088","218,649",40.76670156,-73.83091314,"(40.766701556, -73.830913137)"
172999971,9/1/2011,22:00:00,9/3/2011,3:00:00,9/3/2011,124,KIDNAPPING & RELATED OFFENSES,185,KIDNAPPING 2,COMPLETED,FELONY,N.Y. POLICE DEPT,QUEENS,102,,STREET,,,"1,031,029","199,612",40.71445013,-73.83125852,"(40.714450125, -73.831258516)"
125084426,11/19/2015,16:50:00,11/19/2015,16:59:00,11/19/2015,124,KIDNAPPING & RELATED OFFENSES,185,KIDNAPPING 2,ATTEMPTED,FELONY,N.Y. POLICE DEPT,BRONX,47,,STREET,,,"1,030,898","262,777",40.88782111,-73.83129224,"(40.88782111, -73.831292241)"
912552605,9/8/2007,10:30:00,,,9/8/2007,124,KIDNAPPING & RELATED OFFENSES,183,"IMPRISONMENT 1,UNLAWFUL",COMPLETED,FELONY,N.Y. POLICE DEPT,QUEENS,109,FRONT OF,RESIDENCE - APT. HOUSE,,,"1,030,920","220,085",40.77064388,-73.83150966,"(40.770643884, -73.831509656)"
356413853,4/20/2009,16:00:00,4/20/2009,16:15:00,4/23/2009,124,KIDNAPPING & RELATED OFFENSES,183,"IMPRISONMENT 1,UNLAWFUL",COMPLETED,FELONY,N.Y. POLICE DEPT,QUEENS,100,INSIDE,OTHER,,,"1,031,046","150,775",40.58040329,-73.83153599,"(40.580403286, -73.831535985)"
185073849,8/25/2011,21:00:00,,,9/29/2011,124,KIDNAPPING & RELATED OFFENSES,193,CUSTODIAL INTERFERENCE 1,COMPLETED,FELONY,N.Y. POLICE DEPT,QUEENS,109,INSIDE,RESIDENCE-HOUSE,,,"1,030,930","210,542",40.74445078,-73.83153981,"(40.744450776, -73.831539809)"
720965490,10/28/2016,14:00:00,10/28/2016,14:30:00,10/28/2016,124,KIDNAPPING & RELATED OFFENSES,193,CUSTODIAL INTERFERENCE 1,COMPLETED,FELONY,N.Y. POLICE DEPT,BRONX,47,INSIDE,PRIVATE/PAROCHIAL SCHOOL,,,"1,030,768","263,289",40.88922707,-73.83175885,"(40.889227073, -73.831758846)"
697169033,1/5/2006,22:00:00,,,1/11/2006,124,KIDNAPPING & RELATED OFFENSES,183,"IMPRISONMENT 1,UNLAWFUL",COMPLETED,FELONY,N.Y. POLICE DEPT,BRONX,45,INSIDE,RESIDENCE-HOUSE,,,"1,030,748","241,500",40.82942302,-73.83198233,"(40.829423019, -73.831982332)"
746632767,6/3/2008,7:30:00,,,6/9/2008,124,KIDNAPPING & RELATED OFFENSES,193,CUSTODIAL INTERFERENCE 1,COMPLETED,FELONY,N.Y. POLICE DEPT,BRONX,45,INSIDE,RESIDENCE - APT. HOUSE,,,"1,030,638","259,253",40.87815022,-73.83225697,"(40.878150216, -73.832256971)"
557852832,10/18/2008,14:50:00,10/18/2008,16:33:00,10/18/2008,124,KIDNAPPING & RELATED OFFENSES,183,"IMPRISONMENT 1,UNLAWFUL",COMPLETED,FELONY,N.Y. POLICE DEPT,QUEENS,102,INSIDE,STREET,,,"1,030,708","190,546",40.68956781,-73.83247898,"(40.689567811, -73.832478977)"
958091935,7/22/2008,18:20:00,7/22/2008,22:30:00,7/23/2008,124,KIDNAPPING & RELATED OFFENSES,183,"IMPRISONMENT 1,UNLAWFUL",COMPLETED,FELONY,N.Y. POLICE DEPT,QUEENS,106,,STREET,,,"1,030,683","189,179",40.68581585,-73.83257855,"(40.685815848, -73.832578545)"
225044302,12/9/2005,9:30:00,,,9/2/2006,124,KIDNAPPING & RELATED OFFENSES,193,CUSTODIAL INTERFERENCE 1,COMPLETED,FELONY,N.Y. POLICE DEPT,QUEENS,102,INSIDE,RESIDENCE-HOUSE,,,"1,030,652","194,976",40.70172741,-73.83265039,"(40.701727407, -73.832650389)"
765845674,12/9/2014,17:00:00,12/9/2014,20:45:00,12/10/2014,124,KIDNAPPING & RELATED OFFENSES,187,KIDNAPPING 1,COMPLETED,FELONY,N.Y. POLICE DEPT,QUEENS,109,,STREET,,,"1,030,584","216,555",40.76095673,-73.83274704,"(40.76095673, -73.832747041)"
167141463,7/10/2008,19:00:00,7/11/2008,10:00:00,7/11/2008,124,KIDNAPPING & RELATED OFFENSES,183,"IMPRISONMENT 1,UNLAWFUL",COMPLETED,FELONY,N.Y. POLICE DEPT,QUEENS,109,INSIDE,RESTAURANT/DINER,,,"1,030,542","216,458",40.76069071,-73.83289932,"(40.76069071, -73.832899318)"
869283997,5/18/2009,22:20:00,,,5/18/2009,124,KIDNAPPING & RELATED OFFENSES,187,KIDNAPPING 1,ATTEMPTED,FELONY,N.Y. POLICE DEPT,BRONX,47,,STREET,,,"1,030,460","255,679",40.86834163,-73.83292529,"(40.868341633, -73.832925288)"
765534591,12/22/2014,15:00:00,12/30/2014,19:00:00,12/31/2014,124,KIDNAPPING & RELATED OFFENSES,193,CUSTODIAL INTERFERENCE 1,COMPLETED,FELONY,N.Y. HOUSING POLICE,BRONX,47,INSIDE,RESIDENCE - PUBLIC HOUSING,,BOSTON SECOR,"1,030,304","261,267",40.88367976,-73.83345091,"(40.88367976, -73.833450905)"
673001929,5/21/2010,14:55:00,5/21/2010,15:18:00,5/21/2010,124,KIDNAPPING & RELATED OFFENSES,185,KIDNAPPING 2,COMPLETED,FELONY,N.Y. POLICE DEPT,QUEENS,106,,STREET,,,"1,030,242","186,652",40.67888212,-73.8341859,"(40.678882122, -73.834185897)"
806694536,3/19/2011,1:00:00,3/19/2011,5:00:00,3/19/2011,124,KIDNAPPING & RELATED OFFENSES,183,"IMPRISONMENT 1,UNLAWFUL",COMPLETED,FELONY,N.Y. POLICE DEPT,QUEENS,102,INSIDE,RESIDENCE-HOUSE,,,"1,030,192","193,330",40.69721193,-73.83432063,"(40.697211929, -73.834320625)"
490904689,5/1/2008,22:50:00,5/2/2008,0:03:00,5/2/2008,124,KIDNAPPING & RELATED OFFENSES,183,"IMPRISONMENT 1,UNLAWFUL",COMPLETED,FELONY,N.Y. POLICE DEPT,QUEENS,102,FRONT OF,RESIDENCE-HOUSE,,,"1,030,192","193,330",40.69721193,-73.83432063,"(40.697211929, -73.834320625)"
717632859,1/3/2010,21:45:00,1/3/2010,22:15:00,1/3/2010,124,KIDNAPPING & RELATED OFFENSES,183,"IMPRISONMENT 1,UNLAWFUL",COMPLETED,FELONY,N.Y. POLICE DEPT,QUEENS,102,FRONT OF,STREET,,,"1,030,151","198,359",40.71101554,-73.83443421,"(40.711015542, -73.834434205)"
508732600,2/14/2014,15:50:00,2/14/2014,19:30:00,2/14/2014,124,KIDNAPPING & RELATED OFFENSES,185,KIDNAPPING 2,COMPLETED,FELONY,N.Y. POLICE DEPT,QUEENS,109,,STREET,,,"1,030,091","215,841",40.75899956,-73.83453151,"(40.758999557, -73.834531514)"
500460351,8/28/2013,6:45:00,8/28/2013,21:00:00,8/28/2013,124,KIDNAPPING & RELATED OFFENSES,193,CUSTODIAL INTERFERENCE 1,COMPLETED,FELONY,N.Y. POLICE DEPT,BRONX,45,INSIDE,RESIDENCE - APT. HOUSE,,,"1,029,989","245,987",40.84174248,-73.83469435,"(40.84174248, -73.834694352)"
526371816,4/20/2013,17:00:00,4/20/2013,19:10:00,4/20/2013,124,KIDNAPPING & RELATED OFFENSES,185,KIDNAPPING 2,COMPLETED,FELONY,N.Y. POLICE DEPT,QUEENS,106,,RESIDENCE-HOUSE,,,"1,030,058","182,403",40.66722054,-73.83487815,"(40.667220543, -73.834878148)"
758691020,9/21/2009,6:00:00,9/21/2009,13:00:00,9/21/2009,124,KIDNAPPING & RELATED OFFENSES,185,KIDNAPPING 2,COMPLETED,FELONY,N.Y. POLICE DEPT,QUEENS,106,FRONT OF,STREET,,,"1,030,026","187,794",40.68201777,-73.83495689,"(40.682017767, -73.834956885)"
194554832,4/5/2007,16:30:00,,,4/6/2007,124,KIDNAPPING & RELATED OFFENSES,193,CUSTODIAL INTERFERENCE 1,COMPLETED,FELONY,N.Y. POLICE DEPT,BRONX,45,INSIDE,RESIDENCE-HOUSE,,,"1,029,838","247,599",40.84616772,-73.83522913,"(40.846167721, -73.835229127)"
698186446,11/18/2006,23:15:00,11/18/2006,23:25:00,11/19/2006,124,KIDNAPPING & RELATED OFFENSES,185,KIDNAPPING 2,COMPLETED,FELONY,N.Y. POLICE DEPT,BRONX,47,INSIDE,RESIDENCE - APT. HOUSE,,,"1,029,795","256,561",40.87076591,-73.83532365,"(40.870765907, -73.835323651)"
499768548,8/5/2010,11:30:00,8/6/2010,6:30:00,8/6/2010,124,KIDNAPPING & RELATED OFFENSES,183,"IMPRISONMENT 1,UNLAWFUL",COMPLETED,FELONY,N.Y. POLICE DEPT,BRONX,45,INSIDE,RESIDENCE-HOUSE,,,"1,029,786","247,197",40.84506462,-73.8354198,"(40.84506462, -73.835419804)"
600655759,2/9/2009,8:00:00,2/9/2009,8:50:00,2/9/2009,124,KIDNAPPING & RELATED OFFENSES,187,KIDNAPPING 1,ATTEMPTED,FELONY,N.Y. POLICE DEPT,BRONX,47,,STREET,,,"1,029,704","255,379",40.86752215,-73.8356607,"(40.867522152, -73.835660699)"
663320793,3/5/2009,12:00:00,9/22/2009,19:00:00,9/22/2009,124,KIDNAPPING & RELATED OFFENSES,193,CUSTODIAL INTERFERENCE 1,COMPLETED,FELONY,N.Y. POLICE DEPT,QUEENS,112,INSIDE,RESIDENCE - APT. HOUSE,,,"1,029,764","199,785",40.71493157,-73.83582049,"(40.714931566, -73.83582049)"
803538457,12/30/2010,23:00:00,,,12/30/2010,124,KIDNAPPING & RELATED OFFENSES,183,"IMPRISONMENT 1,UNLAWFUL",COMPLETED,FELONY,N.Y. POLICE DEPT,BRONX,45,FRONT OF,STREET,,,"1,029,664","246,102",40.8420598,-73.83586817,"(40.842059798, -73.835868165)"
206899096,4/15/2006,3:05:00,,,4/15/2006,124,KIDNAPPING & RELATED OFFENSES,185,KIDNAPPING 2,ATTEMPTED,FELONY,N.Y. POLICE DEPT,QUEENS,102,FRONT OF,STREET,,,"1,029,720","193,480",40.69762608,-73.83602178,"(40.697626081, -73.836021784)"
765933535,8/12/2010,12:00:00,8/12/2010,14:09:00,8/12/2010,124,KIDNAPPING & RELATED OFFENSES,193,CUSTODIAL INTERFERENCE 1,COMPLETED,FELONY,N.Y. POLICE DEPT,BRONX,47,INSIDE,RESIDENCE-HOUSE,,,"1,029,555","257,219",40.87257315,-73.83618697,"(40.872573147, -73.836186972)"
434621446,4/23/2009,9:00:00,4/23/2009,10:00:00,4/23/2009,124,KIDNAPPING & RELATED OFFENSES,185,KIDNAPPING 2,COMPLETED,FELONY,N.Y. POLICE DEPT,BRONX,47,FRONT OF,RESIDENCE-HOUSE,,,"1,029,325","257,121",40.87230535,-73.83701927,"(40.872305345, -73.837019267)"
466588089,3/11/2010,4:15:00,3/11/2010,4:35:00,3/11/2010,124,KIDNAPPING & RELATED OFFENSES,183,"IMPRISONMENT 1,UNLAWFUL",COMPLETED,FELONY,N.Y. POLICE DEPT,BRONX,47,INSIDE,RESIDENCE-HOUSE,,,"1,029,307","259,307",40.87830533,-73.83706965,"(40.878305325, -73.837069649)"
724469989,11/7/2012,13:00:00,11/7/2012,13:30:00,11/7/2012,124,KIDNAPPING & RELATED OFFENSES,183,"IMPRISONMENT 1,UNLAWFUL",COMPLETED,FELONY,N.Y. POLICE DEPT,QUEENS,106,,STREET,,,"1,029,237","186,959",40.67972993,-73.83780718,"(40.67972993, -73.837807178)"
731421843,6/21/2012,9:00:00,6/21/2012,9:30:00,6/21/2012,124,KIDNAPPING & RELATED OFFENSES,193,CUSTODIAL INTERFERENCE 1,COMPLETED,FELONY,N.Y. POLICE DEPT,QUEENS,109,FRONT OF,RESIDENCE-HOUSE,,,"1,028,799","226,597",40.78852852,-73.83912387,"(40.788528519, -73.839123866)"
623125035,1/23/2012,23:00:00,1/23/2012,23:08:00,1/24/2012,124,KIDNAPPING & RELATED OFFENSES,183,"IMPRISONMENT 1,UNLAWFUL",COMPLETED,FELONY,N.Y. POLICE DEPT,QUEENS,102,OPPOSITE OF,STREET,,,"1,028,642","190,981",40.69077239,-73.83992586,"(40.690772388, -73.839925863)"
651038536,5/24/2007,20:00:00,5/24/2007,20:05:00,5/24/2007,124,KIDNAPPING & RELATED OFFENSES,183,"IMPRISONMENT 1,UNLAWFUL",COMPLETED,FELONY,N.Y. POLICE DEPT,QUEENS,102,,STREET,,,"1,028,409","190,598",40.68972231,-73.84076856,"(40.689722309, -73.84076856)"
635874794,3/4/2008,18:00:00,3/4/2008,18:35:00,3/4/2008,124,KIDNAPPING & RELATED OFFENSES,183,"IMPRISONMENT 1,UNLAWFUL",COMPLETED,FELONY,N.Y. POLICE DEPT,QUEENS,100,INSIDE,RESIDENCE - APT. HOUSE,,,"1,028,387","150,184",40.57879475,-73.84111221,"(40.578794747, -73.841112214)"
851984673,2/11/2007,3:30:00,2/11/2007,3:55:00,2/11/2007,124,KIDNAPPING & RELATED OFFENSES,183,"IMPRISONMENT 1,UNLAWFUL",COMPLETED,FELONY,N.Y. POLICE DEPT,QUEENS,102,,STREET,,,"1,028,201","193,500",40.69768865,-73.84149965,"(40.69768865, -73.841499651)"
100866423,12/18/2008,19:30:00,12/18/2008,20:00:00,12/18/2008,124,KIDNAPPING & RELATED OFFENSES,187,KIDNAPPING 1,ATTEMPTED,FELONY,N.Y. POLICE DEPT,BRONX,49,,STREET,,,"1,027,956","245,587",40.84065489,-73.84204449,"(40.840654894, -73.842044487)"
809220388,10/10/2008,18:05:00,10/10/2008,18:20:00,10/10/2008,124,KIDNAPPING & RELATED OFFENSES,193,CUSTODIAL INTERFERENCE 1,COMPLETED,FELONY,N.Y. POLICE DEPT,QUEENS,106,FRONT OF,RESIDENCE-HOUSE,,,"1,027,869","187,699",40.68176791,-73.84273451,"(40.681767906, -73.842734508)"
976871208,8/31/2006,3:15:00,8/31/2006,3:20:00,8/31/2006,124,KIDNAPPING & RELATED OFFENSES,187,KIDNAPPING 1,COMPLETED,FELONY,N.Y. POLICE DEPT,QUEENS,106,FRONT OF,STREET,,,"1,027,814","184,005",40.671629,-73.84295669,"(40.671628995, -73.842956685)"
565609060,1/16/2007,2:30:00,1/16/2007,2:50:00,1/16/2007,124,KIDNAPPING & RELATED OFFENSES,183,"IMPRISONMENT 1,UNLAWFUL",COMPLETED,FELONY,N.Y. POLICE DEPT,QUEENS,110,,STREET,,,"1,027,679","214,505",40.75534476,-73.8432466,"(40.755344758, -73.843246598)"
295200610,3/31/2006,20:00:00,,,3/31/2006,124,KIDNAPPING & RELATED OFFENSES,193,CUSTODIAL INTERFERENCE 1,COMPLETED,FELONY,N.Y. POLICE DEPT,BRONX,47,INSIDE,RESIDENCE-HOUSE,,,"1,027,583","265,155",40.89436486,-73.843266,"(40.894364859, -73.843266001)"
768548764,3/18/2011,20:25:00,3/18/2011,22:00:00,3/18/2011,124,KIDNAPPING & RELATED OFFENSES,183,"IMPRISONMENT 1,UNLAWFUL",COMPLETED,FELONY,N.Y. POLICE DEPT,BRONX,49,FRONT OF,STREET,,,"1,027,552","250,431",40.85395222,-73.84347329,"(40.853952218, -73.84347329)"
205295396,2/9/2009,7:00:00,2/9/2009,7:05:00,2/9/2009,124,KIDNAPPING & RELATED OFFENSES,185,KIDNAPPING 2,ATTEMPTED,FELONY,N.Y. POLICE DEPT,BRONX,49,FRONT OF,STREET,,,"1,027,421","256,009",40.86926277,-73.8439109,"(40.869262767, -73.8439109)"
808271243,2/18/2014,12:00:00,2/19/2014,18:00:00,2/20/2014,124,KIDNAPPING & RELATED OFFENSES,183,"IMPRISONMENT 1,UNLAWFUL",COMPLETED,FELONY,N.Y. POLICE DEPT,QUEENS,102,INSIDE,RESIDENCE-HOUSE,,,"1,027,535","191,472",40.69212555,-73.84391449,"(40.692125551, -73.843914493)"
557502592,12/5/2008,8:40:00,12/5/2008,14:30:00,12/5/2008,124,KIDNAPPING & RELATED OFFENSES,185,KIDNAPPING 2,COMPLETED,FELONY,N.Y. POLICE DEPT,QUEENS,102,INSIDE,RESIDENCE-HOUSE,,,"1,027,447","191,707",40.692771,-73.84423032,"(40.692771, -73.844230316)"
833732977,8/27/2016,15:54:00,8/27/2016,15:54:00,8/27/2016,124,KIDNAPPING & RELATED OFFENSES,185,KIDNAPPING 2,ATTEMPTED,FELONY,N.Y. POLICE DEPT,QUEENS,110,,PARK/PLAYGROUND,FLUSHING MEADOWS CORONA PARK,,"1,027,350","214,375",40.75498955,-73.84443494,"(40.754989552, -73.844434938)"
692506157,7/27/2016,7:00:00,7/27/2016,7:05:00,7/27/2016,124,KIDNAPPING,186,LURING A CHILD,COMPLETED,FELONY,N.Y. POLICE DEPT,QUEENS,102,FRONT OF,STREET,,,"1,027,359","191,941",40.69341371,-73.84454615,"(40.693413705, -73.844546151)"
170961724,10/31/2014,19:30:00,11/4/2014,23:00:00,11/4/2014,124,KIDNAPPING & RELATED OFFENSES,193,CUSTODIAL INTERFERENCE 1,COMPLETED,FELONY,N.Y. POLICE DEPT,BRONX,47,INSIDE,RESIDENCE - APT. HOUSE,,,"1,027,196","266,546",40.8981846,-73.84465686,"(40.898184598, -73.844656855)"
228031619,7/30/2015,10:30:00,7/30/2015,10:40:00,7/30/2015,124,KIDNAPPING & RELATED OFFENSES,183,"IMPRISONMENT 1,UNLAWFUL",COMPLETED,FELONY,N.Y. POLICE DEPT,BRONX,45,,STREET,,,"1,027,183","245,791",40.84121861,-73.84483686,"(40.841218606, -73.844836858)"
562148936,4/27/2014,0:15:00,4/27/2014,0:20:00,4/27/2014,124,KIDNAPPING & RELATED OFFENSES,187,KIDNAPPING 1,ATTEMPTED,FELONY,N.Y. POLICE DEPT,QUEENS,109,FRONT OF,STREET,,,"1,027,220","222,260",40.77663244,-73.84485376,"(40.776632441, -73.844853758)"
650377056,6/25/2008,0:01:00,6/25/2008,0:30:00,6/25/2008,124,KIDNAPPING & RELATED OFFENSES,183,"IMPRISONMENT 1,UNLAWFUL",COMPLETED,FELONY,N.Y. POLICE DEPT,QUEENS,106,,STREET,,,"1,027,265","187,149",40.68026124,-73.84491572,"(40.680261239, -73.844915717)"
162525532,5/18/2010,10:30:00,5/18/2010,11:00:00,5/18/2010,124,KIDNAPPING & RELATED OFFENSES,185,KIDNAPPING 2,COMPLETED,FELONY,N.Y. POLICE DEPT,QUEENS,106,,STREET,,,"1,027,201","186,572",40.67867782,-73.84515014,"(40.678677817, -73.845150138)"
169604001,12/9/2013,7:00:00,,,12/9/2013,124,KIDNAPPING & RELATED OFFENSES,185,KIDNAPPING 2,ATTEMPTED,FELONY,N.Y. POLICE DEPT,QUEENS,106,FRONT OF,PUBLIC SCHOOL,,,"1,027,173","183,718",40.67084438,-73.84526926,"(40.670844376, -73.845269262)"
901071989,9/24/2010,20:30:00,9/24/2010,21:15:00,9/24/2010,124,KIDNAPPING & RELATED OFFENSES,185,KIDNAPPING 2,COMPLETED,FELONY,N.Y. POLICE DEPT,QUEENS,102,INSIDE,STREET,,,"1,027,086","189,356",40.68631981,-73.84554705,"(40.68631981, -73.84554705)"
315902923,3/12/2016,11:50:00,3/12/2016,16:00:00,3/12/2016,124,KIDNAPPING & RELATED OFFENSES,193,CUSTODIAL INTERFERENCE 1,COMPLETED,FELONY,N.Y. POLICE DEPT,BRONX,47,INSIDE,RESIDENCE-HOUSE,,,"1,026,835","259,301",40.87830113,-73.84600873,"(40.87830113, -73.846008733)"
880084428,11/17/2014,18:30:00,11/17/2014,20:30:00,11/17/2014,124,KIDNAPPING & RELATED OFFENSES,185,KIDNAPPING 2,COMPLETED,FELONY,N.Y. POLICE DEPT,BRONX,43,INSIDE,RESIDENCE - APT. HOUSE,,,"1,026,837","242,107",40.83110878,-73.84611073,"(40.831108781, -73.846110728)"
506134589,2/3/2011,14:30:00,,,2/3/2011,124,KIDNAPPING & RELATED OFFENSES,193,CUSTODIAL INTERFERENCE 1,COMPLETED,FELONY,N.Y. POLICE DEPT,BRONX,43,INSIDE,RESIDENCE-HOUSE,,,"1,026,789","242,372",40.83183636,-73.8462825,"(40.83183636, -73.846282499)"
120933451,4/4/2008,19:30:00,4/5/2008,8:00:00,4/7/2008,124,KIDNAPPING & RELATED OFFENSES,183,"IMPRISONMENT 1,UNLAWFUL",COMPLETED,FELONY,N.Y. POLICE DEPT,BRONX,47,INSIDE,RESIDENCE-HOUSE,,,"1,026,621","263,931",40.89101004,-73.84675329,"(40.891010044, -73.846753293)"
106591132,3/10/2008,14:00:00,3/10/2008,14:35:00,3/10/2008,124,KIDNAPPING & RELATED OFFENSES,183,"IMPRISONMENT 1,UNLAWFUL",COMPLETED,FELONY,N.Y. POLICE DEPT,BRONX,47,,STREET,,,"1,026,594","267,639",40.90118744,-73.8468275,"(40.901187437, -73.846827497)"
508005885,12/23/2011,0:00:00,12/23/2011,20:00:00,12/23/2011,124,KIDNAPPING & RELATED OFFENSES,193,CUSTODIAL INTERFERENCE 1,COMPLETED,FELONY,N.Y. POLICE DEPT,BRONX,47,INSIDE,RESIDENCE-HOUSE,,,"1,026,589","263,584",40.89005779,-73.84687123,"(40.890057793, -73.846871225)"
802076106,10/20/2012,7:20:00,10/20/2012,10:37:00,10/20/2012,124,KIDNAPPING & RELATED OFFENSES,183,"IMPRISONMENT 1,UNLAWFUL",COMPLETED,FELONY,N.Y. POLICE DEPT,BRONX,45,INSIDE,RESIDENCE-HOUSE,,,"1,026,597","245,128",40.8394017,-73.84695891,"(40.839401696, -73.846958909)"
626003090,5/8/2013,8:15:00,5/8/2013,8:17:00,5/8/2013,124,KIDNAPPING & RELATED OFFENSES,183,"IMPRISONMENT 1,UNLAWFUL",ATTEMPTED,FELONY,N.Y. POLICE DEPT,QUEENS,102,FRONT OF,STREET,,,"1,026,637","193,113",40.69663406,-73.84714238,"(40.696634056, -73.847142375)"
468053011,4/2/2012,17:45:00,4/3/2012,1:35:00,4/3/2012,124,KIDNAPPING & RELATED OFFENSES,185,KIDNAPPING 2,COMPLETED,FELONY,N.Y. POLICE DEPT,QUEENS,106,,RESIDENCE - APT. HOUSE,,,"1,026,619","183,128",40.66922763,-73.84727007,"(40.669227628, -73.847270069)"
281056556,7/8/2008,1:50:00,7/8/2008,15:00:00,7/8/2008,124,KIDNAPPING & RELATED OFFENSES,185,KIDNAPPING 2,ATTEMPTED,FELONY,N.Y. POLICE DEPT,QUEENS,106,INSIDE,RESIDENCE-HOUSE,,,"1,026,559","186,079",40.67732774,-73.84746783,"(40.677327737, -73.847467832)"
547477607,9/21/2009,23:17:00,9/22/2009,0:13:00,9/22/2009,124,KIDNAPPING & RELATED OFFENSES,185,KIDNAPPING 2,COMPLETED,FELONY,N.Y. POLICE DEPT,BRONX,45,INSIDE,RESIDENCE - APT. HOUSE,,,"1,026,433","246,343",40.8427373,-73.84754396,"(40.842737298, -73.847543964)"
885155821,7/22/2008,20:00:00,7/22/2008,21:00:00,12/3/2008,124,KIDNAPPING & RELATED OFFENSES,183,"IMPRISONMENT 1,UNLAWFUL",COMPLETED,FELONY,N.Y. POLICE DEPT,BRONX,47,INSIDE,RESIDENCE - APT. HOUSE,,,"1,026,208","266,257",40.89739614,-73.84823246,"(40.89739614, -73.84823246)"
605850678,4/5/2010,7:15:00,4/5/2010,7:20:00,4/5/2010,124,KIDNAPPING & RELATED OFFENSES,185,KIDNAPPING 2,ATTEMPTED,FELONY,N.Y. POLICE DEPT,BRONX,43,FRONT OF,STREET,,,"1,026,227","236,504",40.81573308,-73.84835005,"(40.815733075, -73.848350047)"
591133788,11/1/2009,13:15:00,11/1/2009,13:30:00,11/1/2009,124,KIDNAPPING & RELATED OFFENSES,183,"IMPRISONMENT 1,UNLAWFUL",COMPLETED,FELONY,N.Y. POLICE DEPT,BRONX,47,INSIDE,RESIDENCE - APT. HOUSE,,,"1,026,142","269,205",40.90548776,-73.84845275,"(40.905487755, -73.848452745)"
364236327,11/18/2006,14:30:00,,,11/18/2006,124,KIDNAPPING & RELATED OFFENSES,187,KIDNAPPING 1,COMPLETED,FELONY,N.Y. POLICE DEPT,QUEENS,102,,STREET,,,"1,026,170","190,028",40.68816868,-73.8488457,"(40.688168679, -73.848845697)"
506807115,1/22/2014,15:55:00,1/22/2014,16:15:00,1/22/2014,124,KIDNAPPING & RELATED OFFENSES,187,KIDNAPPING 1,COMPLETED,FELONY,N.Y. POLICE DEPT,BRONX,43,,STREET,,,"1,026,062","239,111",40.82288933,-73.8489299,"(40.822889328, -73.848929903)"
488835488,8/6/2008,17:00:00,,,8/9/2008,124,KIDNAPPING & RELATED OFFENSES,193,CUSTODIAL INTERFERENCE 1,COMPLETED,FELONY,N.Y. POLICE DEPT,BRONX,47,INSIDE,RESIDENCE-HOUSE,,,"1,025,969","259,774",40.8796035,-73.84913735,"(40.879603502, -73.849137347)"
278632523,8/6/2007,17:00:00,8/7/2007,2:00:00,8/7/2007,124,KIDNAPPING & RELATED OFFENSES,183,"IMPRISONMENT 1,UNLAWFUL",COMPLETED,FELONY,N.Y. POLICE DEPT,BRONX,47,INSIDE,,,,"1,025,934","258,006",40.87475106,-73.84927491,"(40.874751061, -73.849274914)"
417424768,10/12/2014,17:00:00,10/12/2014,17:30:00,10/16/2014,124,KIDNAPPING & RELATED OFFENSES,193,CUSTODIAL INTERFERENCE 1,COMPLETED,FELONY,N.Y. POLICE DEPT,QUEENS,102,INSIDE,RESIDENCE - APT. HOUSE,,,"1,025,987","189,432",40.68653366,-73.84950925,"(40.686533663, -73.849509252)"
854830528,1/25/2006,17:00:00,1/25/2006,17:30:00,1/25/2006,124,KIDNAPPING & RELATED OFFENSES,193,CUSTODIAL INTERFERENCE 1,COMPLETED,FELONY,N.Y. HOUSING POLICE,BRONX,43,INSIDE,RESIDENCE - PUBLIC HOUSING,,CASTLE HILL,"1,025,866","238,415",40.82097993,-73.84964239,"(40.820979933, -73.849642388)"
839392026,7/14/2015,15:30:00,7/14/2015,15:35:00,7/16/2015,124,KIDNAPPING & RELATED OFFENSES,193,CUSTODIAL INTERFERENCE 1,COMPLETED,FELONY,N.Y. POLICE DEPT,BRONX,47,FRONT OF,RESIDENCE - APT. HOUSE,,,"1,025,793","268,868",40.90456445,-73.84971738,"(40.90456445, -73.849717378)"
315016214,10/7/2006,9:00:00,10/7/2006,9:30:00,10/7/2006,124,KIDNAPPING & RELATED OFFENSES,183,"IMPRISONMENT 1,UNLAWFUL",COMPLETED,FELONY,N.Y. POLICE DEPT,BRONX,47,INSIDE,RESIDENCE - APT. HOUSE,,,"1,025,793","268,868",40.90456445,-73.84971738,"(40.90456445, -73.849717378)"
984817068,12/28/2010,20:00:00,12/28/2010,21:00:00,12/28/2010,124,KIDNAPPING & RELATED OFFENSES,193,CUSTODIAL INTERFERENCE 1,COMPLETED,FELONY,N.Y. POLICE DEPT,BRONX,47,INSIDE,RESIDENCE-HOUSE,,,"1,025,668","269,373",40.9059511,-73.85016645,"(40.905951098, -73.850166446)"
378676982,1/23/2006,15:00:00,1/23/2006,16:00:00,1/23/2006,124,KIDNAPPING & RELATED OFFENSES,183,"IMPRISONMENT 1,UNLAWFUL",COMPLETED,FELONY,N.Y. HOUSING POLICE,BRONX,43,INSIDE,RESIDENCE - PUBLIC HOUSING,,CASTLE HILL,"1,025,708","238,315",40.82070621,-73.85021386,"(40.820706205, -73.850213861)"
573453319,2/24/2010,8:30:00,2/24/2010,9:30:00,2/24/2010,124,KIDNAPPING & RELATED OFFENSES,183,"IMPRISONMENT 1,UNLAWFUL",COMPLETED,FELONY,N.Y. POLICE DEPT,BRONX,45,INSIDE,RESIDENCE - APT. HOUSE,,,"1,025,661","243,553",40.83508322,-73.85035134,"(40.835083222, -73.850351342)"
172571979,12/8/2009,8:30:00,12/8/2009,8:40:00,12/8/2009,124,KIDNAPPING & RELATED OFFENSES,187,KIDNAPPING 1,ATTEMPTED,FELONY,N.Y. POLICE DEPT,QUEENS,112,,STREET,,,"1,025,683","204,569",40.72808253,-73.85051225,"(40.728082527, -73.850512249)"
300837657,12/26/2010,12:00:00,,,12/29/2010,124,KIDNAPPING & RELATED OFFENSES,193,CUSTODIAL INTERFERENCE 1,COMPLETED,FELONY,N.Y. HOUSING POLICE,BRONX,43,INSIDE,RESIDENCE - PUBLIC HOUSING,,CASTLE HILL,"1,025,622","237,609",40.81876884,-73.85052893,"(40.818768839, -73.850528931)"
159982491,8/3/2011,9:00:00,8/5/2011,9:37:00,8/5/2011,124,KIDNAPPING & RELATED OFFENSES,183,"IMPRISONMENT 1,UNLAWFUL",COMPLETED,FELONY,N.Y. POLICE DEPT,BRONX,47,INSIDE,RESIDENCE - APT. HOUSE,,,"1,025,454","268,214",40.90277102,-73.85094775,"(40.902771023, -73.850947753)"
161978082,7/29/2007,4:30:00,7/29/2007,4:45:00,7/29/2007,124,KIDNAPPING & RELATED OFFENSES,183,"IMPRISONMENT 1,UNLAWFUL",COMPLETED,FELONY,N.Y. POLICE DEPT,BRONX,49,,STREET,,,"1,025,441","253,693",40.86291552,-73.85108408,"(40.86291552, -73.851084077)"
788158929,9/24/2013,11:00:00,,,9/25/2013,124,KIDNAPPING & RELATED OFFENSES,193,CUSTODIAL INTERFERENCE 1,COMPLETED,FELONY,N.Y. POLICE DEPT,BRONX,43,INSIDE,RESIDENCE - APT. HOUSE,,,"1,025,377","240,497",40.82669672,-73.85139639,"(40.826696716, -73.851396386)"
558002906,8/15/2010,23:00:00,,,8/16/2010,124,KIDNAPPING & RELATED OFFENSES,183,"IMPRISONMENT 1,UNLAWFUL",COMPLETED,FELONY,N.Y. POLICE DEPT,BRONX,47,INSIDE,RESIDENCE-HOUSE,,,"1,025,312","261,118",40.88329544,-73.85150495,"(40.883295441, -73.851504945)"
787305958,5/28/2014,15:40:00,5/28/2014,15:50:00,5/28/2014,124,KIDNAPPING & RELATED OFFENSES,187,KIDNAPPING 1,ATTEMPTED,FELONY,N.Y. POLICE DEPT,BRONX,43,,STREET,,,"1,025,240","238,821",40.82209722,-73.85190165,"(40.822097215, -73.851901649)"
250566397,9/3/2015,15:30:00,,,9/4/2015,124,KIDNAPPING & RELATED OFFENSES,193,CUSTODIAL INTERFERENCE 1,COMPLETED,FELONY,N.Y. POLICE DEPT,BRONX,47,INSIDE,RESIDENCE-HOUSE,,,"1,025,188","266,465",40.89797182,-73.85192069,"(40.897971824, -73.851920689)"
521060292,5/20/2008,18:30:00,5/20/2008,21:00:00,5/21/2008,124,KIDNAPPING & RELATED OFFENSES,183,"IMPRISONMENT 1,UNLAWFUL",COMPLETED,FELONY,N.Y. POLICE DEPT,BRONX,49,INSIDE,RESIDENCE-HOUSE,,,"1,025,199","250,444",40.85399913,-73.85197882,"(40.853999127, -73.851978823)"
481029232,10/24/2011,14:00:00,10/24/2011,19:44:00,10/24/2011,124,KIDNAPPING & RELATED OFFENSES,183,"IMPRISONMENT 1,UNLAWFUL",COMPLETED,FELONY,N.Y. POLICE DEPT,BRONX,49,INSIDE,RESIDENCE-HOUSE,,,"1,025,203","246,614",40.8434869,-73.85198776,"(40.843486902, -73.851987757)"
724230735,10/12/2007,0:01:00,10/12/2007,11:00:00,10/12/2007,124,KIDNAPPING & RELATED OFFENSES,187,KIDNAPPING 1,COMPLETED,FELONY,N.Y. POLICE DEPT,QUEENS,102,FRONT OF,RESIDENCE-HOUSE,,,"1,025,230","188,903",40.68508522,-73.852242,"(40.685085218, -73.852241999)"
672093062,10/5/2007,14:40:00,10/5/2007,14:45:00,10/5/2007,124,KIDNAPPING & RELATED OFFENSES,185,KIDNAPPING 2,ATTEMPTED,FELONY,N.Y. POLICE DEPT,QUEENS,102,FRONT OF,PUBLIC SCHOOL,,,"1,025,219","191,520",40.69226832,-73.85226575,"(40.692268323, -73.852265747)"
360045895,7/2/2007,11:00:00,,,7/7/2007,124,KIDNAPPING & RELATED OFFENSES,193,CUSTODIAL INTERFERENCE 1,COMPLETED,FELONY,N.Y. POLICE DEPT,BRONX,43,INSIDE,RESIDENCE-HOUSE,,,"1,025,131","234,530",40.81032014,-73.85232161,"(40.810320142, -73.85232161)"
419796554,10/12/2013,7:30:00,10/12/2013,7:35:00,10/12/2013,124,KIDNAPPING & RELATED OFFENSES,185,KIDNAPPING 2,ATTEMPTED,FELONY,N.Y. POLICE DEPT,BRONX,43,OPPOSITE OF,STREET,,,"1,025,044","237,487",40.81843667,-73.85261792,"(40.818436673, -73.852617919)"
611383059,7/25/2014,11:15:00,,,7/25/2014,124,KIDNAPPING & RELATED OFFENSES,193,CUSTODIAL INTERFERENCE 1,COMPLETED,FELONY,N.Y. POLICE DEPT,BRONX,43,FRONT OF,PUBLIC BUILDING,,,"1,025,011","241,786",40.83023635,-73.85271103,"(40.830236345, -73.852711028)"
399733267,8/3/2004,0:01:00,,,1/23/2006,124,KIDNAPPING & RELATED OFFENSES,193,CUSTODIAL INTERFERENCE 1,COMPLETED,FELONY,N.Y. POLICE DEPT,QUEENS,102,INSIDE,RESIDENCE-HOUSE,,,"1,025,079","190,001",40.68809967,-73.8527798,"(40.68809967, -73.852779797)"
462294807,5/5/2010,22:00:00,5/6/2010,4:00:00,5/6/2010,124,KIDNAPPING & RELATED OFFENSES,183,"IMPRISONMENT 1,UNLAWFUL",COMPLETED,FELONY,N.Y. POLICE DEPT,BRONX,47,INSIDE,RESIDENCE-HOUSE,,,"1,024,862","258,927",40.87728392,-73.8531456,"(40.877283915, -73.853145603)"
515858232,7/19/2011,15:00:00,,,7/26/2011,124,KIDNAPPING & RELATED OFFENSES,193,CUSTODIAL INTERFERENCE 1,COMPLETED,FELONY,N.Y. POLICE DEPT,BRONX,47,INSIDE,RESIDENCE-HOUSE,,,"1,024,734","267,294",40.90024926,-73.85355788,"(40.900249255, -73.85355788)"
753775115,4/11/2011,17:00:00,4/12/2011,2:00:00,4/14/2011,124,KIDNAPPING & RELATED OFFENSES,185,KIDNAPPING 2,COMPLETED,FELONY,N.Y. POLICE DEPT,BRONX,43,,STREET,,,"1,024,767","241,469",40.82936739,-73.85359464,"(40.829367394, -73.853594639)"
392030466,3/10/2011,12:00:00,,,6/18/2012,124,KIDNAPPING & RELATED OFFENSES,193,CUSTODIAL INTERFERENCE 1,COMPLETED,FELONY,N.Y. POLICE DEPT,BRONX,49,INSIDE,RESIDENCE-HOUSE,,,"1,024,737","257,090",40.8722425,-73.85360871,"(40.872242497, -73.853608712)"
711997734,5/23/2011,19:30:00,5/23/2011,19:35:00,5/24/2011,124,KIDNAPPING & RELATED OFFENSES,185,KIDNAPPING 2,COMPLETED,FELONY,N.Y. POLICE DEPT,BRONX,43,FRONT OF,STREET,,,"1,024,767","239,022",40.82265108,-73.85360942,"(40.822651084, -73.853609415)"
185999340,12/30/2010,0:15:00,12/30/2010,0:30:00,12/30/2010,124,KIDNAPPING & RELATED OFFENSES,183,"IMPRISONMENT 1,UNLAWFUL",COMPLETED,FELONY,N.Y. POLICE DEPT,QUEENS,115,INSIDE,HOTEL/MOTEL,,,"1,024,804","214,216",40.75456518,-73.85362549,"(40.754565182, -73.853625494)"
497555900,10/11/2008,20:00:00,10/12/2008,0:01:00,10/13/2008,124,KIDNAPPING & RELATED OFFENSES,183,"IMPRISONMENT 1,UNLAWFUL",COMPLETED,FELONY,N.Y. POLICE DEPT,QUEENS,115,INSIDE,RESIDENCE - APT. HOUSE,,,"1,024,702","213,677",40.75308623,-73.8539969,"(40.753086232, -73.853996895)"
814337421,6/26/2011,11:45:00,6/26/2011,12:00:00,6/26/2011,124,KIDNAPPING & RELATED OFFENSES,187,KIDNAPPING 1,ATTEMPTED,FELONY,N.Y. POLICE DEPT,BRONX,43,,STREET,,,"1,024,625","245,571",40.84062684,-73.85408306,"(40.840626837, -73.85408306)"
648270553,2/11/2010,8:00:00,2/11/2010,10:57:00,2/11/2010,124,KIDNAPPING & RELATED OFFENSES,183,"IMPRISONMENT 1,UNLAWFUL",COMPLETED,FELONY,N.Y. POLICE DEPT,BRONX,43,INSIDE,RESIDENCE - APT. HOUSE,,,"1,024,625","239,822",40.82484751,-73.85411766,"(40.824847505, -73.854117661)"
872656749,8/13/2006,16:50:00,8/13/2006,16:51:00,8/13/2006,124,KIDNAPPING & RELATED OFFENSES,187,KIDNAPPING 1,COMPLETED,FELONY,N.Y. POLICE DEPT,BRONX,47,,STREET,,,"1,024,517","266,099",40.89697036,-73.85435002,"(40.89697036, -73.854350024)"
824742247,10/17/2009,23:30:00,,,10/18/2009,124,KIDNAPPING & RELATED OFFENSES,193,CUSTODIAL INTERFERENCE 1,COMPLETED,FELONY,N.Y. POLICE DEPT,QUEENS,110,INSIDE,RESIDENCE-HOUSE,,,"1,024,477","211,230",40.74637087,-73.85482363,"(40.746370869, -73.85482363)"
395948626,10/17/2009,23:30:00,,,10/18/2009,124,KIDNAPPING & RELATED OFFENSES,193,CUSTODIAL INTERFERENCE 1,COMPLETED,FELONY,N.Y. POLICE DEPT,QUEENS,110,INSIDE,RESIDENCE - APT. HOUSE,,,"1,024,477","211,230",40.74637087,-73.85482363,"(40.746370869, -73.85482363)"
432358881,9/22/2012,9:00:00,9/22/2012,9:40:00,9/22/2012,124,KIDNAPPING & RELATED OFFENSES,193,CUSTODIAL INTERFERENCE 1,COMPLETED,FELONY,N.Y. POLICE DEPT,BRONX,47,,RESIDENCE - APT. HOUSE,,,"1,024,393","258,265",40.87546908,-73.8548455,"(40.875469077, -73.854845504)"
453667069,10/18/2014,5:35:00,10/18/2014,6:05:00,10/18/2014,124,KIDNAPPING & RELATED OFFENSES,183,"IMPRISONMENT 1,UNLAWFUL",COMPLETED,FELONY,N.Y. POLICE DEPT,BRONX,47,INSIDE,RESIDENCE-HOUSE,,,"1,024,374","259,130",40.87784332,-73.85490903,"(40.87784332, -73.854909026)"
464208583,1/17/2008,19:16:00,1/17/2008,19:21:00,1/17/2008,124,KIDNAPPING & RELATED OFFENSES,183,"IMPRISONMENT 1,UNLAWFUL",COMPLETED,FELONY,N.Y. POLICE DEPT,BRONX,43,INSIDE,RESIDENCE - APT. HOUSE,,,"1,024,386","244,440",40.83752366,-73.85495359,"(40.837523663, -73.85495359)"
172300505,6/21/2006,14:55:00,,,6/23/2006,124,KIDNAPPING & RELATED OFFENSES,193,CUSTODIAL INTERFERENCE 1,COMPLETED,FELONY,N.Y. POLICE DEPT,BRONX,43,FRONT OF,PUBLIC SCHOOL,,,"1,024,386","244,440",40.83752366,-73.85495359,"(40.837523663, -73.85495359)"
702079500,5/18/2012,9:25:00,5/18/2012,9:35:00,5/18/2012,124,KIDNAPPING & RELATED OFFENSES,185,KIDNAPPING 2,ATTEMPTED,FELONY,N.Y. POLICE DEPT,BRONX,47,FRONT OF,STREET,,,"1,024,337","258,133",40.87510703,-73.85504879,"(40.875107033, -73.855048788)"
288507208,12/25/2011,3:30:00,12/25/2011,11:00:00,12/25/2011,124,KIDNAPPING & RELATED OFFENSES,183,"IMPRISONMENT 1,UNLAWFUL",COMPLETED,FELONY,N.Y. POLICE DEPT,BRONX,49,FRONT OF,STREET,,,"1,024,247","248,916",40.84980959,-73.85542923,"(40.849809589, -73.855429227)"
563390549,8/20/2015,8:00:00,,,10/5/2015,124,KIDNAPPING & RELATED OFFENSES,193,CUSTODIAL INTERFERENCE 1,COMPLETED,FELONY,N.Y. POLICE DEPT,BRONX,43,,STREET,,,"1,024,195","243,786",40.83572949,-73.85564774,"(40.835729491, -73.85564774)"
247331704,8/23/2007,6:30:00,8/23/2007,18:00:00,8/30/2007,124,KIDNAPPING & RELATED OFFENSES,193,CUSTODIAL INTERFERENCE 1,COMPLETED,FELONY,N.Y. POLICE DEPT,BRONX,47,INSIDE,RESIDENCE - APT. HOUSE,,,"1,024,133","262,519",40.88714615,-73.85576033,"(40.887146149, -73.855760327)"
775435974,10/29/2012,3:00:00,,,11/16/2012,124,KIDNAPPING & RELATED OFFENSES,183,"IMPRISONMENT 1,UNLAWFUL",COMPLETED,FELONY,N.Y. POLICE DEPT,BRONX,49,INSIDE,RESIDENCE - APT. HOUSE,,,"1,024,125","248,360",40.84828409,-73.85587351,"(40.848284087, -73.855873511)"
931596532,8/30/2008,13:00:00,9/1/2008,15:45:00,9/1/2008,124,KIDNAPPING & RELATED OFFENSES,185,KIDNAPPING 2,COMPLETED,FELONY,N.Y. POLICE DEPT,QUEENS,110,FRONT OF,RESIDENCE - APT. HOUSE,,,"1,024,079","212,236",40.74913389,-73.85625404,"(40.749133885, -73.856254037)"
614833007,1/31/2006,13:15:00,1/31/2006,13:52:00,1/31/2006,124,KIDNAPPING & RELATED OFFENSES,183,"IMPRISONMENT 1,UNLAWFUL",COMPLETED,FELONY,N.Y. POLICE DEPT,BRONX,43,FRONT OF,STREET,,,"1,023,996","243,333",40.83448704,-73.85636957,"(40.834487036, -73.856369573)"
772315138,5/6/2006,9:30:00,5/6/2006,20:30:00,6/4/2006,124,KIDNAPPING & RELATED OFFENSES,183,"IMPRISONMENT 1,UNLAWFUL",COMPLETED,FELONY,N.Y. POLICE DEPT,QUEENS,110,INSIDE,RESIDENCE-HOUSE,,,"1,024,007","209,834",40.74254133,-73.85652809,"(40.742541328, -73.856528092)"
478168203,12/26/2006,12:50:00,12/26/2006,13:00:00,12/26/2006,124,KIDNAPPING & RELATED OFFENSES,193,CUSTODIAL INTERFERENCE 1,COMPLETED,FELONY,N.Y. POLICE DEPT,BRONX,47,INSIDE,RESIDENCE-HOUSE,,,"1,023,839","266,037",40.89680326,-73.85680281,"(40.896803258, -73.856802809)"
999789887,1/30/2014,20:50:00,,,1/31/2014,124,KIDNAPPING & RELATED OFFENSES,187,KIDNAPPING 1,COMPLETED,FELONY,N.Y. POLICE DEPT,BRONX,47,FRONT OF,RESIDENCE-HOUSE,,,"1,023,809","261,748",40.88503146,-73.85693666,"(40.885031456, -73.856936659)"
232979854,8/26/2007,3:10:00,8/26/2007,4:05:00,8/26/2007,124,KIDNAPPING & RELATED OFFENSES,183,"IMPRISONMENT 1,UNLAWFUL",COMPLETED,FELONY,N.Y. POLICE DEPT,QUEENS,106,,STREET,,,"1,023,845","183,501",40.67026427,-73.85726755,"(40.670264269, -73.857267549)"
432814985,6/16/2010,17:45:00,,,6/24/2010,124,KIDNAPPING & RELATED OFFENSES,187,KIDNAPPING 1,COMPLETED,FELONY,N.Y. POLICE DEPT,QUEENS,110,FRONT OF,RESIDENCE-HOUSE,,,"1,023,788","212,972",40.75115532,-73.85729996,"(40.751155322, -73.85729996)"
880528225,7/20/2014,16:00:00,8/2/2014,1:00:00,8/1/2014,124,KIDNAPPING & RELATED OFFENSES,183,"IMPRISONMENT 1,UNLAWFUL",COMPLETED,FELONY,N.Y. POLICE DEPT,BRONX,47,INSIDE,RESIDENCE - APT. HOUSE,,,"1,023,705","259,409",40.8786121,-73.85732655,"(40.878612103, -73.85732655)"
409372572,5/4/2008,9:30:00,5/4/2008,9:35:00,5/4/2008,124,KIDNAPPING & RELATED OFFENSES,183,"IMPRISONMENT 1,UNLAWFUL",COMPLETED,FELONY,N.Y. POLICE DEPT,QUEENS,112,INSIDE,RESIDENCE - APT. HOUSE,,,"1,023,737","204,306",40.72736956,-73.8575349,"(40.727369557, -73.857534898)"
143031463,8/20/2007,16:00:00,8/20/2007,16:10:00,8/20/2007,124,KIDNAPPING & RELATED OFFENSES,187,KIDNAPPING 1,COMPLETED,FELONY,N.Y. POLICE DEPT,QUEENS,110,INSIDE,ABANDONED BUILDING,,,"1,023,718","211,963",40.74838619,-73.85755853,"(40.748386187, -73.857558527)"
810345652,2/7/2009,19:00:00,2/8/2009,11:03:00,2/8/2009,124,KIDNAPPING & RELATED OFFENSES,183,"IMPRISONMENT 1,UNLAWFUL",COMPLETED,FELONY,N.Y. POLICE DEPT,BRONX,47,INSIDE,RESIDENCE - APT. HOUSE,,,"1,023,593","261,234",40.88362165,-73.85772084,"(40.883621654, -73.857720839)"
365267094,7/10/2008,18:30:00,,,7/11/2008,124,KIDNAPPING & RELATED OFFENSES,193,CUSTODIAL INTERFERENCE 1,COMPLETED,FELONY,N.Y. POLICE DEPT,BRONX,43,INSIDE,RESIDENCE - APT. HOUSE,,,"1,023,600","246,073",40.84200931,-73.85778454,"(40.842009305, -73.857784537)"
706131138,3/24/2012,10:10:00,3/24/2012,12:55:00,3/24/2012,124,KIDNAPPING & RELATED OFFENSES,183,"IMPRISONMENT 1,UNLAWFUL",COMPLETED,FELONY,N.Y. POLICE DEPT,BRONX,47,FRONT OF,STREET,,,"1,023,551","263,366",40.88947351,-73.85786022,"(40.889473505, -73.857860217)"
471589902,12/26/2011,15:00:00,12/28/2011,10:50:00,12/28/2011,124,KIDNAPPING & RELATED OFFENSES,193,CUSTODIAL INTERFERENCE 1,COMPLETED,FELONY,N.Y. POLICE DEPT,QUEENS,102,FRONT OF,RESIDENCE-HOUSE,,,"1,023,643","190,963",40.69074664,-73.85795211,"(40.690746644, -73.857952107)"
837967853,6/17/2012,17:00:00,6/19/2012,9:35:00,6/19/2012,124,KIDNAPPING & RELATED OFFENSES,193,CUSTODIAL INTERFERENCE 1,COMPLETED,FELONY,N.Y. POLICE DEPT,BRONX,47,INSIDE,RESIDENCE - APT. HOUSE,,,"1,023,509","259,913",40.8799963,-73.85803236,"(40.879996299, -73.85803236)"
938865184,2/21/2011,16:30:00,,,2/21/2011,124,KIDNAPPING & RELATED OFFENSES,183,"IMPRISONMENT 1,UNLAWFUL",COMPLETED,FELONY,N.Y. POLICE DEPT,BRONX,47,INSIDE,RESIDENCE - APT. HOUSE,,,"1,023,485","260,977",40.88291675,-73.85811292,"(40.882916751, -73.858112917)"
596405182,10/23/2012,10:15:00,,,10/26/2012,124,KIDNAPPING & RELATED OFFENSES,193,CUSTODIAL INTERFERENCE 1,COMPLETED,FELONY,N.Y. POLICE DEPT,QUEENS,110,INSIDE,RESIDENCE - APT. HOUSE,,,"1,023,520","207,952",40.73737789,-73.85829654,"(40.737377888, -73.85829654)"
404623960,4/13/2015,21:40:00,,,4/13/2015,124,KIDNAPPING & RELATED OFFENSES,183,"IMPRISONMENT 1,UNLAWFUL",COMPLETED,FELONY,N.Y. POLICE DEPT,BRONX,43,INSIDE,FAST FOOD,,,"1,023,436","242,970",40.83349321,-73.85839539,"(40.833493209, -73.858395386)"
984741885,2/12/2016,5:00:00,,,2/22/2016,124,KIDNAPPING & RELATED OFFENSES,193,CUSTODIAL INTERFERENCE 1,COMPLETED,FELONY,N.Y. POLICE DEPT,BRONX,43,INSIDE,RESIDENCE - APT. HOUSE,,,"1,023,406","236,126",40.81470853,-73.85854373,"(40.814708525, -73.858543734)"
487626808,5/6/2010,14:30:00,5/6/2010,15:10:00,5/6/2010,124,KIDNAPPING & RELATED OFFENSES,185,KIDNAPPING 2,COMPLETED,FELONY,N.Y. POLICE DEPT,QUEENS,102,FRONT OF,STREET,,,"1,023,360","189,394",40.68644136,-73.8589817,"(40.686441359, -73.858981699)"
429000539,1/29/2014,18:00:00,,,1/29/2014,124,KIDNAPPING & RELATED OFFENSES,183,"IMPRISONMENT 1,UNLAWFUL",ATTEMPTED,FELONY,N.Y. POLICE DEPT,BRONX,43,INSIDE,RESIDENCE - APT. HOUSE,,,"1,023,266","244,631",40.83805292,-73.85900005,"(40.838052921, -73.859000051)"
235393768,7/25/2008,16:30:00,7/25/2008,17:00:00,7/25/2008,124,KIDNAPPING & RELATED OFFENSES,193,CUSTODIAL INTERFERENCE 1,COMPLETED,FELONY,N.Y. POLICE DEPT,BRONX,43,INSIDE,RESIDENCE - APT. HOUSE,,,"1,023,266","244,631",40.83805292,-73.85900005,"(40.838052921, -73.859000051)"
391856822,3/12/2009,16:10:00,,,3/12/2009,124,KIDNAPPING & RELATED OFFENSES,185,KIDNAPPING 2,COMPLETED,FELONY,N.Y. POLICE DEPT,BRONX,47,FRONT OF,STREET,,,"1,023,120","262,337",40.88665114,-73.859425,"(40.886651136, -73.859424999)"
508004518,1/19/2014,8:00:00,1/19/2014,16:40:00,1/19/2014,124,KIDNAPPING & RELATED OFFENSES,183,"IMPRISONMENT 1,UNLAWFUL",COMPLETED,FELONY,N.Y. POLICE DEPT,BRONX,49,INSIDE,RESIDENCE - APT. HOUSE,,,"1,023,070","254,194",40.86430136,-73.85965301,"(40.864301356, -73.859653011)"
565549659,8/28/2008,18:00:00,,,9/5/2008,124,KIDNAPPING & RELATED OFFENSES,193,CUSTODIAL INTERFERENCE 1,COMPLETED,FELONY,N.Y. POLICE DEPT,BRONX,43,INSIDE,RESIDENCE - APT. HOUSE,,,"1,023,069","243,845",40.83589645,-73.85971654,"(40.835896449, -73.859716544)"
278326393,12/11/2008,15:00:00,,,12/15/2008,124,KIDNAPPING & RELATED OFFENSES,193,CUSTODIAL INTERFERENCE 1,COMPLETED,FELONY,N.Y. POLICE DEPT,BRONX,47,INSIDE,RESIDENCE-HOUSE,,,"1,023,046","258,182",40.87524729,-73.85971669,"(40.875247292, -73.85971669)"
619569432,9/19/2013,19:00:00,,,9/19/2013,124,KIDNAPPING & RELATED OFFENSES,183,"IMPRISONMENT 1,UNLAWFUL",COMPLETED,FELONY,N.Y. POLICE DEPT,BRONX,43,INSIDE,RESIDENCE - APT. HOUSE,,,"1,023,074","238,719",40.82182704,-73.85972814,"(40.821827039, -73.859728138)"
941147786,9/25/2016,10:30:00,9/25/2016,11:00:00,9/25/2016,124,KIDNAPPING & RELATED OFFENSES,183,"IMPRISONMENT 1,UNLAWFUL",COMPLETED,FELONY,N.Y. POLICE DEPT,QUEENS,115,INSIDE,RESIDENCE-HOUSE,,,"1,023,058","214,559",40.75551446,-73.85992553,"(40.755514464, -73.85992553)"
100700874,2/15/2010,17:45:00,2/15/2010,18:30:00,2/15/2010,124,KIDNAPPING & RELATED OFFENSES,183,"IMPRISONMENT 1,UNLAWFUL",COMPLETED,FELONY,N.Y. POLICE DEPT,QUEENS,112,INSIDE,FAST FOOD,,,"1,023,009","205,046",40.7294039,-73.86015721,"(40.729403895, -73.860157209)"
355987155,7/12/2007,8:30:00,,,7/12/2007,124,KIDNAPPING & RELATED OFFENSES,185,KIDNAPPING 2,ATTEMPTED,FELONY,N.Y. POLICE DEPT,BRONX,43,INSIDE,RESIDENCE-HOUSE,,,"1,022,943","240,733",40.82735547,-73.86018983,"(40.827355465, -73.860189834)"
315316738,3/25/2009,17:45:00,,,3/25/2009,124,KIDNAPPING & RELATED OFFENSES,183,"IMPRISONMENT 1,UNLAWFUL",COMPLETED,FELONY,N.Y. POLICE DEPT,BRONX,47,INSIDE,RESIDENCE-HOUSE,,,"1,022,895","259,472",40.8787886,-73.86025526,"(40.878788602, -73.860255257)"
175711072,11/30/2011,21:00:00,,,12/1/2011,124,KIDNAPPING & RELATED OFFENSES,183,"IMPRISONMENT 1,UNLAWFUL",COMPLETED,FELONY,N.Y. POLICE DEPT,BRONX,43,INSIDE,RESIDENCE - APT. HOUSE,,,"1,022,918","235,907",40.81410958,-73.86030798,"(40.814109582, -73.860307976)"
846588574,2/13/2011,1:30:00,2/13/2011,1:50:00,2/13/2011,124,KIDNAPPING & RELATED OFFENSES,183,"IMPRISONMENT 1,UNLAWFUL",COMPLETED,FELONY,N.Y. POLICE DEPT,BROOKLYN,75,INSIDE,RESIDENCE - APT. HOUSE,,,"1,022,995","182,416",40.66728995,-73.8603379,"(40.667289951, -73.860337899)"
520845870,9/14/2007,17:15:00,9/14/2007,17:20:00,9/14/2007,124,KIDNAPPING & RELATED OFFENSES,185,KIDNAPPING 2,ATTEMPTED,FELONY,N.Y. POLICE DEPT,BROOKLYN,75,FRONT OF,STREET,,,"1,022,995","182,416",40.66728995,-73.8603379,"(40.667289951, -73.860337899)"
309991486,9/20/2014,9:00:00,9/20/2014,10:32:00,9/20/2014,124,KIDNAPPING & RELATED OFFENSES,183,"IMPRISONMENT 1,UNLAWFUL",COMPLETED,FELONY,N.Y. POLICE DEPT,BRONX,43,INSIDE,RESIDENCE - APT. HOUSE,,,"1,022,718","236,788",40.81652855,-73.86102545,"(40.81652855, -73.861025453)"
463267705,11/6/2009,21:00:00,11/7/2009,0:57:00,11/7/2009,124,KIDNAPPING & RELATED OFFENSES,193,CUSTODIAL INTERFERENCE 1,COMPLETED,FELONY,N.Y. POLICE DEPT,QUEENS,115,INSIDE,RESIDENCE - APT. HOUSE,,,"1,022,748","213,239",40.75189276,-73.86105202,"(40.751892758, -73.861052018)"
593832549,4/5/2014,5:00:00,4/5/2014,5:55:00,4/5/2014,124,KIDNAPPING & RELATED OFFENSES,183,"IMPRISONMENT 1,UNLAWFUL",COMPLETED,FELONY,N.Y. POLICE DEPT,BRONX,43,INSIDE,RESIDENCE - APT. HOUSE,,,"1,022,676","245,027",40.83914241,-73.86113,"(40.839142413, -73.861130002)"
315840364,6/28/2009,15:00:00,6/29/2009,10:00:00,7/3/2009,124,KIDNAPPING & RELATED OFFENSES,193,CUSTODIAL INTERFERENCE 1,COMPLETED,FELONY,N.Y. POLICE DEPT,BRONX,43,INSIDE,RESIDENCE - APT. HOUSE,,,"1,022,676","245,027",40.83914241,-73.86113,"(40.839142413, -73.861130002)"
787362747,4/14/2008,22:37:00,4/14/2008,23:45:00,4/15/2008,124,KIDNAPPING & RELATED OFFENSES,193,CUSTODIAL INTERFERENCE 1,COMPLETED,FELONY,N.Y. POLICE DEPT,BRONX,43,INSIDE,RESIDENCE - APT. HOUSE,,,"1,022,609","244,279",40.83708966,-73.86137642,"(40.837089663, -73.861376417)"
501312816,12/6/2007,11:30:00,12/6/2007,11:40:00,12/6/2007,124,KIDNAPPING & RELATED OFFENSES,183,"IMPRISONMENT 1,UNLAWFUL",COMPLETED,FELONY,N.Y. POLICE DEPT,QUEENS,110,INSIDE,RESIDENCE - APT. HOUSE,,,"1,022,557","211,637",40.74749651,-73.86175051,"(40.747496506, -73.861750511)"
617565187,7/30/2014,20:10:00,7/30/2014,20:37:00,7/30/2014,124,KIDNAPPING & RELATED OFFENSES,185,KIDNAPPING 2,ATTEMPTED,FELONY,N.Y. POLICE DEPT,BRONX,43,,PARK/PLAYGROUND,,,"1,022,478","243,347",40.83453216,-73.86185515,"(40.834532163, -73.861855147)"
341153687,10/2/2012,1:56:00,10/2/2012,2:30:00,10/2/2012,124,KIDNAPPING & RELATED OFFENSES,183,"IMPRISONMENT 1,UNLAWFUL",COMPLETED,FELONY,N.Y. POLICE DEPT,BRONX,43,,RESIDENCE - APT. HOUSE,,,"1,022,452","237,012",40.81714452,-73.86198517,"(40.817144522, -73.861985173)"
766994888,10/2/2012,0:19:00,10/2/2012,0:50:00,10/2/2012,124,KIDNAPPING & RELATED OFFENSES,183,"IMPRISONMENT 1,UNLAWFUL",COMPLETED,FELONY,N.Y. POLICE DEPT,BRONX,43,,RESIDENCE - APT. HOUSE,,,"1,022,452","237,012",40.81714452,-73.86198517,"(40.817144522, -73.861985173)"
617328898,10/2/2012,0:19:00,10/2/2012,0:50:00,10/2/2012,124,KIDNAPPING & RELATED OFFENSES,183,"IMPRISONMENT 1,UNLAWFUL",COMPLETED,FELONY,N.Y. POLICE DEPT,BRONX,43,,RESIDENCE - APT. HOUSE,,,"1,022,452","237,012",40.81714452,-73.86198517,"(40.817144522, -73.861985173)"
761670561,4/24/2007,15:00:00,4/24/2007,15:05:00,4/24/2007,124,KIDNAPPING & RELATED OFFENSES,185,KIDNAPPING 2,ATTEMPTED,FELONY,N.Y. POLICE DEPT,BRONX,49,,STREET,,,"1,022,427","250,586",40.85440129,-73.86199824,"(40.854401294, -73.861998236)"
224735644,2/1/2010,13:50:00,2/1/2010,14:00:00,2/1/2010,124,KIDNAPPING & RELATED OFFENSES,183,"IMPRISONMENT 1,UNLAWFUL",COMPLETED,FELONY,N.Y. POLICE DEPT,QUEENS,115,FRONT OF,STREET,,,"1,022,413","213,659",40.753047,-73.86225874,"(40.753047002, -73.862258735)"
660875114,2/7/2007,20:00:00,,,2/8/2007,124,KIDNAPPING & RELATED OFFENSES,183,"IMPRISONMENT 1,UNLAWFUL",COMPLETED,FELONY,N.Y. POLICE DEPT,BRONX,43,INSIDE,RESIDENCE - APT. HOUSE,,,"1,022,364","239,004",40.82261238,-73.86229179,"(40.822612375, -73.862291786)"
532865276,10/3/2006,16:00:00,,,10/3/2006,124,KIDNAPPING & RELATED OFFENSES,183,"IMPRISONMENT 1,UNLAWFUL",COMPLETED,FELONY,N.Y. POLICE DEPT,BRONX,43,INSIDE,RESIDENCE - APT. HOUSE,,,"1,022,364","239,004",40.82261238,-73.86229179,"(40.822612375, -73.862291786)"
860525254,8/12/2006,12:15:00,8/12/2006,12:20:00,8/12/2006,124,KIDNAPPING & RELATED OFFENSES,193,CUSTODIAL INTERFERENCE 1,COMPLETED,FELONY,N.Y. POLICE DEPT,BRONX,43,INSIDE,RESIDENCE - APT. HOUSE,,,"1,022,364","239,004",40.82261238,-73.86229179,"(40.822612375, -73.862291786)"
633392480,4/29/2009,8:00:00,4/29/2009,17:30:00,4/30/2009,124,KIDNAPPING & RELATED OFFENSES,183,"IMPRISONMENT 1,UNLAWFUL",COMPLETED,FELONY,N.Y. POLICE DEPT,QUEENS,106,,STREET,,,"1,022,431","186,744",40.67917178,-73.86234642,"(40.679171776, -73.862346422)"
264043642,5/18/2012,1:45:00,5/18/2012,2:05:00,5/18/2012,124,KIDNAPPING & RELATED OFFENSES,183,"IMPRISONMENT 1,UNLAWFUL",COMPLETED,FELONY,N.Y. POLICE DEPT,QUEENS,102,INSIDE,RESIDENCE - APT. HOUSE,,,"1,022,398","191,981",40.69354627,-73.86243575,"(40.69354627, -73.862435747)"
160058167,1/29/2013,18:00:00,3/19/2013,11:59:00,3/19/2013,124,KIDNAPPING & RELATED OFFENSES,193,CUSTODIAL INTERFERENCE 1,COMPLETED,FELONY,N.Y. POLICE DEPT,BROOKLYN,75,INSIDE,RESIDENCE-HOUSE,,,"1,022,337","183,744",40.67093787,-73.86270228,"(40.670937865, -73.862702275)"
700921323,3/7/2016,19:40:00,,,3/7/2016,124,KIDNAPPING & RELATED OFFENSES,183,"IMPRISONMENT 1,UNLAWFUL",COMPLETED,FELONY,N.Y. POLICE DEPT,BRONX,43,INSIDE,RESIDENCE - APT. HOUSE,,,"1,022,187","245,611",40.84074744,-73.86289394,"(40.840747435, -73.862893941)"
886378032,7/26/2010,9:00:00,7/26/2010,9:30:00,7/29/2010,124,KIDNAPPING & RELATED OFFENSES,193,CUSTODIAL INTERFERENCE 1,COMPLETED,FELONY,N.Y. POLICE DEPT,BRONX,47,INSIDE,RESIDENCE-HOUSE,,,"1,022,069","259,203",40.87805386,-73.86324371,"(40.878053859, -73.863243713)"
702679575,4/8/2006,13:00:00,4/8/2006,13:00:00,4/8/2006,124,KIDNAPPING & RELATED OFFENSES,183,"IMPRISONMENT 1,UNLAWFUL",COMPLETED,FELONY,N.Y. POLICE DEPT,QUEENS,115,FRONT OF,STREET,,,"1,022,130","213,853",40.7535807,-73.86327908,"(40.753580699, -73.863279081)"
232584267,9/22/2006,10:58:00,9/22/2006,11:15:00,9/22/2006,124,KIDNAPPING & RELATED OFFENSES,193,CUSTODIAL INTERFERENCE 1,COMPLETED,FELONY,N.Y. POLICE DEPT,QUEENS,110,INSIDE,PUBLIC SCHOOL,,,"1,022,123","209,882",40.74268134,-73.86332671,"(40.742681344, -73.863326708)"
956168643,7/14/2008,18:30:00,7/15/2008,8:30:00,7/15/2008,124,KIDNAPPING & RELATED OFFENSES,183,"IMPRISONMENT 1,UNLAWFUL",COMPLETED,FELONY,N.Y. POLICE DEPT,BRONX,43,FRONT OF,STREET,,,"1,022,049","238,538",40.82133469,-73.86343254,"(40.821334691, -73.863432536)"
906477035,2/15/2014,12:00:00,4/10/2014,10:35:00,4/10/2014,124,KIDNAPPING & RELATED OFFENSES,183,"IMPRISONMENT 1,UNLAWFUL",COMPLETED,FELONY,N.Y. POLICE DEPT,BROOKLYN,75,INSIDE,HOTEL/MOTEL,,,"1,022,081","185,162",40.67483105,-73.86361717,"(40.674831051, -73.863617165)"
641609551,3/4/2014,12:00:00,3/4/2014,14:30:00,3/4/2014,124,KIDNAPPING & RELATED OFFENSES,187,KIDNAPPING 1,COMPLETED,FELONY,N.Y. POLICE DEPT,BROOKLYN,75,INSIDE,HOTEL/MOTEL,,,"1,022,081","185,162",40.67483105,-73.86361717,"(40.674831051, -73.863617165)"
979949357,4/1/2011,11:00:00,4/1/2011,11:30:00,4/1/2011,124,KIDNAPPING & RELATED OFFENSES,185,KIDNAPPING 2,COMPLETED,FELONY,N.Y. POLICE DEPT,QUEENS,110,,STREET,,,"1,022,023","210,129",40.74335973,-73.8636862,"(40.743359725, -73.863686197)"
932352654,12/14/2006,14:50:00,12/14/2006,14:55:00,12/14/2006,124,KIDNAPPING & RELATED OFFENSES,183,"IMPRISONMENT 1,UNLAWFUL",COMPLETED,FELONY,N.Y. POLICE DEPT,BRONX,47,FRONT OF,STREET,,,"1,021,919","257,862",40.87437387,-73.86379367,"(40.874373873, -73.863793669)"
219768504,6/25/2006,8:00:00,6/26/2006,0:05:00,6/26/2006,124,KIDNAPPING & RELATED OFFENSES,187,KIDNAPPING 1,COMPLETED,FELONY,N.Y. POLICE DEPT,QUEENS,102,,STREET,,,"1,022,010","191,372",40.69187637,-73.86383833,"(40.691876371, -73.863838328)"
404787014,3/30/2007,19:50:00,3/30/2007,23:00:00,3/31/2007,124,KIDNAPPING & RELATED OFFENSES,187,KIDNAPPING 1,COMPLETED,FELONY,N.Y. POLICE DEPT,BRONX,49,FRONT OF,RESIDENCE - APT. HOUSE,,,"1,021,917","251,014",40.85557822,-73.86383939,"(40.855578216, -73.863839389)"
456256516,4/30/2014,8:25:00,,,4/30/2014,124,KIDNAPPING & RELATED OFFENSES,185,KIDNAPPING 2,ATTEMPTED,FELONY,N.Y. POLICE DEPT,BROOKLYN,75,,STREET,,,"1,021,998","186,236",40.67777929,-73.86391037,"(40.67777929, -73.863910372)"
806417639,6/3/2010,10:31:00,6/20/2010,20:00:00,6/21/2010,124,KIDNAPPING & RELATED OFFENSES,187,KIDNAPPING 1,COMPLETED,FELONY,N.Y. POLICE DEPT,QUEENS,102,INSIDE,RESIDENCE - APT. HOUSE,,,"1,021,987","188,565",40.68417191,-73.86393699,"(40.684171906, -73.863936988)"
116017676,12/22/2009,13:00:00,12/22/2009,13:01:00,12/22/2009,124,KIDNAPPING & RELATED OFFENSES,185,KIDNAPPING 2,COMPLETED,FELONY,N.Y. POLICE DEPT,BRONX,43,INSIDE,RESIDENCE - APT. HOUSE,,,"1,021,874","237,306",40.81795395,-73.86407172,"(40.817953948, -73.864071722)"
845914177,6/11/2014,12:20:00,6/11/2014,12:30:00,6/11/2014,124,KIDNAPPING & RELATED OFFENSES,193,CUSTODIAL INTERFERENCE 1,COMPLETED,FELONY,N.Y. HOUSING POLICE,BROOKLYN,75,INSIDE,RESIDENCE - PUBLIC HOUSING,,PINK,"1,021,910","182,503",40.66753343,-73.86424849,"(40.667533427, -73.86424849)"
798739974,9/1/2014,18:29:00,9/1/2014,18:35:00,9/2/2014,124,KIDNAPPING,186,LURING A CHILD,ATTEMPTED,FELONY,N.Y. POLICE DEPT,QUEENS,110,FRONT OF,STREET,,,"1,021,837","210,885",40.74543555,-73.86435321,"(40.745435546, -73.864353209)"
245786019,6/29/2010,15:00:00,7/2/2010,11:45:00,7/2/2010,124,KIDNAPPING & RELATED OFFENSES,183,"IMPRISONMENT 1,UNLAWFUL",COMPLETED,FELONY,N.Y. POLICE DEPT,QUEENS,110,INSIDE,RESIDENCE - APT. HOUSE,,,"1,021,804","207,825",40.73703676,-73.86448939,"(40.737036757, -73.864489386)"
740168290,10/27/2006,6:15:00,10/28/2006,0:55:00,10/28/2006,124,KIDNAPPING & RELATED OFFENSES,193,CUSTODIAL INTERFERENCE 1,COMPLETED,FELONY,N.Y. POLICE DEPT,BRONX,43,INSIDE,RESIDENCE - APT. HOUSE,,,"1,021,756","236,492",40.81572025,-73.86450259,"(40.815720251, -73.864502585)"
900469704,5/19/2006,4:20:00,5/19/2006,5:32:00,5/19/2006,124,KIDNAPPING & RELATED OFFENSES,183,"IMPRISONMENT 1,UNLAWFUL",COMPLETED,FELONY,N.Y. POLICE DEPT,BRONX,43,INSIDE,RESIDENCE - APT. HOUSE,,,"1,021,688","244,893",40.83877887,-73.86470137,"(40.838778865, -73.864701374)"
147371583,5/10/2011,16:00:00,10/3/2011,19:00:00,10/21/2011,124,KIDNAPPING & RELATED OFFENSES,183,"IMPRISONMENT 1,UNLAWFUL",COMPLETED,FELONY,N.Y. POLICE DEPT,QUEENS,112,INSIDE,RESIDENCE-HOUSE,,,"1,021,728","204,690",40.72843228,-73.86478109,"(40.728432283, -73.86478109)"
102136388,8/29/2012,18:30:00,8/29/2012,18:50:00,8/29/2012,124,KIDNAPPING & RELATED OFFENSES,183,"IMPRISONMENT 1,UNLAWFUL",COMPLETED,FELONY,N.Y. HOUSING POLICE,BRONX,43,FRONT OF,RESIDENCE - PUBLIC HOUSING,,BRONXDALE,"1,021,623","240,919",40.82787167,-73.86495842,"(40.827871665, -73.864958422)"
303630748,5/5/2009,8:00:00,5/6/2009,6:30:00,5/6/2009,124,KIDNAPPING & RELATED OFFENSES,183,"IMPRISONMENT 1,UNLAWFUL",COMPLETED,FELONY,N.Y. POLICE DEPT,BROOKLYN,75,,STREET,,,"1,021,665","186,211",40.67771208,-73.86511106,"(40.677712084, -73.865111058)"
902250508,12/6/2014,18:30:00,12/11/2014,10:20:00,12/11/2014,124,KIDNAPPING & RELATED OFFENSES,193,CUSTODIAL INTERFERENCE 1,COMPLETED,FELONY,N.Y. POLICE DEPT,BRONX,47,INSIDE,RESIDENCE - APT. HOUSE,,,"1,021,522","256,468",40.87054946,-73.86523694,"(40.87054946, -73.865236939)"
458915636,10/3/2007,11:00:00,10/3/2007,18:25:00,10/4/2007,124,KIDNAPPING & RELATED OFFENSES,193,CUSTODIAL INTERFERENCE 1,COMPLETED,FELONY,N.Y. HOUSING POLICE,BRONX,43,INSIDE,RESIDENCE - PUBLIC HOUSING,,MONROE,"1,021,543","239,271",40.82334872,-73.86525665,"(40.823348717, -73.865256652)"
212729752,10/16/2006,5:00:00,10/19/2006,18:00:00,10/19/2006,124,KIDNAPPING & RELATED OFFENSES,193,CUSTODIAL INTERFERENCE 1,COMPLETED,FELONY,N.Y. HOUSING POLICE,BRONX,43,INSIDE,RESIDENCE - PUBLIC HOUSING,,MONROE,"1,021,543","239,271",40.82334872,-73.86525665,"(40.823348717, -73.865256652)"
334811913,6/8/2014,1:17:00,,,6/8/2014,124,KIDNAPPING & RELATED OFFENSES,183,"IMPRISONMENT 1,UNLAWFUL",COMPLETED,FELONY,N.Y. POLICE DEPT,BROOKLYN,75,,STREET,,,"1,021,568","185,710",40.67633736,-73.86546354,"(40.676337363, -73.86546354)"
371345870,1/1/2012,4:58:00,1/1/2012,5:50:00,1/1/2012,124,KIDNAPPING & RELATED OFFENSES,183,"IMPRISONMENT 1,UNLAWFUL",COMPLETED,FELONY,N.Y. POLICE DEPT,BRONX,49,INSIDE,RESIDENCE - APT. HOUSE,,,"1,021,319","253,788",40.86319454,-73.86598575,"(40.863194537, -73.86598575)"
802506637,6/4/2015,23:30:00,6/4/2015,23:40:00,6/4/2015,124,KIDNAPPING & RELATED OFFENSES,183,"IMPRISONMENT 1,UNLAWFUL",COMPLETED,FELONY,N.Y. POLICE DEPT,BROOKLYN,75,INSIDE,RESIDENCE - APT. HOUSE,,,"1,021,396","183,855",40.67124653,-73.86609385,"(40.671246534, -73.866093853)"
218925123,7/16/2011,12:45:00,7/16/2011,12:50:00,7/16/2011,124,KIDNAPPING & RELATED OFFENSES,183,"IMPRISONMENT 1,UNLAWFUL",COMPLETED,FELONY,N.Y. POLICE DEPT,BROOKLYN,75,INSIDE,RESIDENCE - APT. HOUSE,,,"1,021,396","183,855",40.67124653,-73.86609385,"(40.671246534, -73.866093853)"
982079212,8/23/2008,10:00:00,,,8/25/2008,124,KIDNAPPING & RELATED OFFENSES,183,"IMPRISONMENT 1,UNLAWFUL",COMPLETED,FELONY,N.Y. POLICE DEPT,BROOKLYN,75,INSIDE,RESIDENCE - APT. HOUSE,,,"1,021,396","183,855",40.67124653,-73.86609385,"(40.671246534, -73.866093853)"
861086397,11/11/2006,16:30:00,11/21/2006,18:00:00,11/21/2006,124,KIDNAPPING & RELATED OFFENSES,193,CUSTODIAL INTERFERENCE 1,COMPLETED,FELONY,N.Y. POLICE DEPT,QUEENS,112,INSIDE,RESIDENCE - APT. HOUSE,,,"1,021,340","205,448",40.73051444,-73.86617681,"(40.73051444, -73.866176811)"
671391997,9/26/2015,14:20:00,9/26/2015,14:22:00,9/26/2015,124,KIDNAPPING & RELATED OFFENSES,185,KIDNAPPING 2,ATTEMPTED,FELONY,N.Y. POLICE DEPT,BRONX,43,FRONT OF,STREET,,,"1,021,279","244,027",40.83640367,-73.86618427,"(40.836403673, -73.866184268)"
507152710,12/5/2006,16:33:00,12/5/2006,17:00:00,12/5/2006,124,KIDNAPPING & RELATED OFFENSES,193,CUSTODIAL INTERFERENCE 1,COMPLETED,FELONY,N.Y. HOUSING POLICE,BRONX,43,INSIDE,RESIDENCE - PUBLIC HOUSING,,BRONXDALE,"1,021,275","240,025",40.82541936,-73.86622081,"(40.825419359, -73.866220811)"
441288249,6/28/2009,12:00:00,8/22/2009,14:20:00,8/22/2009,124,KIDNAPPING & RELATED OFFENSES,193,CUSTODIAL INTERFERENCE 1,COMPLETED,FELONY,N.Y. POLICE DEPT,BROOKLYN,75,INSIDE,RESIDENCE - APT. HOUSE,,,"1,021,290","184,415",40.67278405,-73.86647289,"(40.67278405, -73.866472894)"
354735859,4/2/2011,10:00:00,4/3/2011,20:00:00,4/3/2011,124,KIDNAPPING & RELATED OFFENSES,193,CUSTODIAL INTERFERENCE 1,COMPLETED,FELONY,N.Y. POLICE DEPT,BRONX,43,FRONT OF,RESIDENCE-HOUSE,,,"1,021,111","240,829",40.82762679,-73.86680897,"(40.827626793, -73.866808966)"
785997068,1/1/2006,11:00:00,3/1/2006,21:00:00,8/9/2006,124,KIDNAPPING & RELATED OFFENSES,193,CUSTODIAL INTERFERENCE 1,COMPLETED,FELONY,N.Y. POLICE DEPT,QUEENS,112,FRONT OF,RESIDENCE - APT. HOUSE,,,"1,021,156","202,326",40.72194609,-73.86685782,"(40.721946088, -73.866857823)"
870720560,2/10/2010,19:30:00,,,2/12/2010,124,KIDNAPPING & RELATED OFFENSES,185,KIDNAPPING 2,ATTEMPTED,FELONY,N.Y. POLICE DEPT,BROOKLYN,75,,STREET,,,"1,021,190","177,273",40.65318128,-73.86687252,"(40.653181277, -73.866872521)"
538811018,7/10/2015,17:00:00,7/10/2015,18:30:00,7/10/2015,124,KIDNAPPING & RELATED OFFENSES,193,CUSTODIAL INTERFERENCE 1,COMPLETED,FELONY,N.Y. HOUSING POLICE,BROOKLYN,75,INSIDE,RESIDENCE - PUBLIC HOUSING,,PINK,"1,021,153","182,357",40.66713588,-73.86697804,"(40.667135877, -73.866978042)"
608114499,9/11/2007,6:30:00,9/11/2007,6:40:00,9/11/2007,124,KIDNAPPING & RELATED OFFENSES,185,KIDNAPPING 2,ATTEMPTED,FELONY,N.Y. POLICE DEPT,QUEENS,115,,STREET,,,"1,021,060","212,720",40.75047542,-73.86714729,"(40.750475424, -73.867147287)"
150716858,11/24/2007,12:15:00,11/24/2007,12:40:00,11/24/2007,124,KIDNAPPING & RELATED OFFENSES,185,KIDNAPPING 2,ATTEMPTED,FELONY,N.Y. POLICE DEPT,BRONX,49,REAR OF,STREET,,,"1,020,963","246,821",40.8440737,-73.86731095,"(40.844073701, -73.867310948)"
822896057,2/16/2012,13:51:00,,,2/16/2012,124,KIDNAPPING & RELATED OFFENSES,185,KIDNAPPING 2,ATTEMPTED,FELONY,N.Y. POLICE DEPT,BRONX,49,,STREET,,,"1,020,921","253,797",40.8632209,-73.86742459,"(40.863220901, -73.867424589)"
379647719,11/20/2014,13:00:00,11/20/2014,20:08:00,11/20/2014,124,KIDNAPPING & RELATED OFFENSES,183,"IMPRISONMENT 1,UNLAWFUL",COMPLETED,FELONY,N.Y. POLICE DEPT,BRONX,47,INSIDE,RESIDENCE - APT. HOUSE,,,"1,020,865","260,336",40.88116867,-73.86759131,"(40.881168666, -73.867591313)"
985926051,5/7/2008,10:00:00,,,6/17/2008,124,KIDNAPPING & RELATED OFFENSES,183,"IMPRISONMENT 1,UNLAWFUL",COMPLETED,FELONY,N.Y. POLICE DEPT,BRONX,47,INSIDE,RESIDENCE - APT. HOUSE,,,"1,020,865","260,336",40.88116867,-73.86759131,"(40.881168666, -73.867591313)"
465587568,1/19/2013,13:36:00,1/19/2013,14:30:00,1/19/2013,124,KIDNAPPING & RELATED OFFENSES,183,"IMPRISONMENT 1,UNLAWFUL",COMPLETED,FELONY,N.Y. POLICE DEPT,BRONX,47,INSIDE,RESIDENCE - APT. HOUSE,,,"1,020,853","259,563",40.87904707,-73.86763893,"(40.879047073, -73.867638932)"
756184287,10/10/2010,19:45:00,10/10/2010,19:45:00,10/10/2010,124,KIDNAPPING & RELATED OFFENSES,183,"IMPRISONMENT 1,UNLAWFUL",ATTEMPTED,FELONY,N.Y. POLICE DEPT,QUEENS,110,,STREET,,,"1,020,868","210,625",40.74472598,-73.86785166,"(40.744725978, -73.867851656)"
375383772,9/1/2008,20:00:00,9/1/2008,20:30:00,9/1/2008,124,KIDNAPPING & RELATED OFFENSES,185,KIDNAPPING 2,ATTEMPTED,FELONY,N.Y. POLICE DEPT,BRONX,47,,PARK/PLAYGROUND,,,"1,020,740","259,111",40.87780694,-73.86805002,"(40.877806942, -73.86805002)"
174711524,3/21/2010,0:00:00,3/21/2010,1:00:00,3/21/2010,124,KIDNAPPING & RELATED OFFENSES,185,KIDNAPPING 2,COMPLETED,FELONY,N.Y. POLICE DEPT,QUEENS,110,,STREET,,,"1,020,802","210,947",40.74561006,-73.86808809,"(40.745610059, -73.868088091)"
538372022,4/30/2009,7:30:00,,,5/14/2009,124,KIDNAPPING & RELATED OFFENSES,185,KIDNAPPING 2,ATTEMPTED,FELONY,N.Y. POLICE DEPT,BRONX,47,,STREET,,,"1,020,719","258,202",40.87531211,-73.86813091,"(40.875312107, -73.868130906)"
409595254,11/28/2012,8:00:00,,,11/28/2012,124,KIDNAPPING & RELATED OFFENSES,185,KIDNAPPING 2,COMPLETED,FELONY,N.Y. POLICE DEPT,BRONX,47,,STREET,,,"1,020,699","257,448",40.87324269,-73.86820733,"(40.873242693, -73.868207327)"
722734966,5/14/2009,10:00:00,,,5/14/2009,124,KIDNAPPING & RELATED OFFENSES,185,KIDNAPPING 2,ATTEMPTED,FELONY,N.Y. POLICE DEPT,BRONX,47,,STREET,,,"1,020,699","257,448",40.87324269,-73.86820733,"(40.873242693, -73.868207327)"
176773504,7/12/2010,15:00:00,7/12/2010,15:02:00,7/13/2010,124,KIDNAPPING & RELATED OFFENSES,183,"IMPRISONMENT 1,UNLAWFUL",COMPLETED,FELONY,N.Y. POLICE DEPT,BRONX,43,INSIDE,RESIDENCE - APT. HOUSE,,,"1,020,699","244,977",40.83901356,-73.86827514,"(40.839013558, -73.868275135)"
105943137,5/13/2011,8:35:00,,,6/17/2011,124,KIDNAPPING & RELATED OFFENSES,183,"IMPRISONMENT 1,UNLAWFUL",COMPLETED,FELONY,N.Y. POLICE DEPT,BROOKLYN,75,,STREET,,,"1,020,745","181,696",40.66532327,-73.86845233,"(40.665323272, -73.868452326)"
158217494,5/10/2006,15:30:00,5/12/2006,14:29:00,5/12/2006,124,KIDNAPPING & RELATED OFFENSES,193,CUSTODIAL INTERFERENCE 1,COMPLETED,FELONY,N.Y. POLICE DEPT,BROOKLYN,75,INSIDE,RESIDENCE-HOUSE,,,"1,020,680","187,535",40.68135027,-73.86865507,"(40.681350269, -73.868655066)"
116616127,5/29/2012,8:00:00,5/29/2012,8:15:00,6/1/2012,124,KIDNAPPING & RELATED OFFENSES,187,KIDNAPPING 1,ATTEMPTED,FELONY,N.Y. POLICE DEPT,QUEENS,115,FRONT OF,PUBLIC SCHOOL,,,"1,020,635","214,550",40.75550006,-73.86867129,"(40.755500064, -73.868671286)"
319152266,10/30/2006,20:00:00,10/30/2006,20:45:00,10/30/2006,124,KIDNAPPING & RELATED OFFENSES,193,CUSTODIAL INTERFERENCE 1,COMPLETED,FELONY,N.Y. HOUSING POLICE,BRONX,43,INSIDE,RESIDENCE - PUBLIC HOUSING,,BRONXDALE,"1,020,586","240,735",40.82737097,-73.86870649,"(40.827370965, -73.868706492)"
986659581,8/2/2008,3:00:00,8/2/2008,6:30:00,8/2/2008,124,KIDNAPPING & RELATED OFFENSES,183,"IMPRISONMENT 1,UNLAWFUL",COMPLETED,FELONY,POLICE DEPT NYC,BRONX,49,INSIDE,RESIDENCE-HOUSE,,,"1,020,546","245,734",40.84109193,-73.86882398,"(40.841091931, -73.868823978)"
299341034,7/1/2006,6:00:00,7/1/2006,6:50:00,7/1/2006,124,KIDNAPPING & RELATED OFFENSES,183,"IMPRISONMENT 1,UNLAWFUL",COMPLETED,FELONY,N.Y. POLICE DEPT,BROOKLYN,75,INSIDE,RESIDENCE - APT. HOUSE,,,"1,020,625","183,708",40.67084625,-73.86887402,"(40.670846253, -73.868874019)"
500809479,6/18/2006,20:00:00,6/19/2006,17:00:00,6/28/2006,124,KIDNAPPING & RELATED OFFENSES,183,"IMPRISONMENT 1,UNLAWFUL",COMPLETED,FELONY,N.Y. POLICE DEPT,BROOKLYN,75,INSIDE,RESIDENCE - APT. HOUSE,,,"1,020,555","188,696",40.68453746,-73.86909949,"(40.68453746, -73.869099491)"
788062095,5/13/2006,11:00:00,,,5/13/2006,124,KIDNAPPING & RELATED OFFENSES,193,CUSTODIAL INTERFERENCE 1,COMPLETED,FELONY,N.Y. POLICE DEPT,BROOKLYN,75,INSIDE,RESIDENCE - APT. HOUSE,,,"1,020,548","189,403",40.68647804,-73.86912092,"(40.68647804, -73.869120922)"
221475463,3/7/2006,18:00:00,3/8/2006,8:40:00,3/8/2006,124,KIDNAPPING & RELATED OFFENSES,187,KIDNAPPING 1,COMPLETED,FELONY,N.Y. POLICE DEPT,BRONX,49,INSIDE,RESIDENCE - APT. HOUSE,,,"1,020,444","254,812",40.86600874,-73.86914361,"(40.866008735, -73.869143605)"
387264621,5/11/2007,15:10:00,5/11/2007,15:15:00,5/14/2007,124,KIDNAPPING & RELATED OFFENSES,187,KIDNAPPING 1,ATTEMPTED,FELONY,N.Y. POLICE DEPT,BROOKLYN,75,,STREET,,,"1,020,538","189,457",40.6866263,-73.86915669,"(40.686626299, -73.869156688)"
352974163,9/2/2010,3:00:00,9/2/2010,7:00:00,9/5/2010,124,KIDNAPPING & RELATED OFFENSES,183,"IMPRISONMENT 1,UNLAWFUL",COMPLETED,FELONY,N.Y. POLICE DEPT,QUEENS,115,INSIDE,RESIDENCE - APT. HOUSE,,,"1,020,439","212,857",40.75085402,-73.86938785,"(40.750854016, -73.86938785)"
131258304,5/14/2010,0:30:00,5/14/2010,0:36:00,5/14/2010,124,KIDNAPPING & RELATED OFFENSES,185,KIDNAPPING 2,ATTEMPTED,FELONY,N.Y. HOUSING POLICE,BRONX,43,FRONT OF,RESIDENCE - PUBLIC HOUSING,,SOUNDVIEW,"1,020,341","237,429",40.81829795,-73.86960955,"(40.818297945, -73.869609545)"
114460296,5/5/2008,10:00:00,,,5/5/2008,124,KIDNAPPING & RELATED OFFENSES,183,"IMPRISONMENT 1,UNLAWFUL",COMPLETED,FELONY,N.Y. HOUSING POLICE,BRONX,43,FRONT OF,RESIDENCE - PUBLIC HOUSING,,BRONXDALE,"1,020,325","240,688",40.82724303,-73.86964983,"(40.827243034, -73.86964983)"
864022565,5/24/2015,11:00:00,,,5/24/2015,124,KIDNAPPING & RELATED OFFENSES,193,CUSTODIAL INTERFERENCE 1,COMPLETED,FELONY,N.Y. POLICE DEPT,BRONX,43,INSIDE,OTHER,,,"1,020,183","239,283",40.82338729,-73.87017045,"(40.823387291, -73.87017045)"
252300989,11/6/2013,10:00:00,11/6/2013,10:45:00,11/6/2013,124,KIDNAPPING & RELATED OFFENSES,193,CUSTODIAL INTERFERENCE 1,COMPLETED,FELONY,N.Y. POLICE DEPT,BRONX,43,INSIDE,OTHER,,,"1,020,183","239,283",40.82338729,-73.87017045,"(40.823387291, -73.87017045)"
359575813,10/16/2011,17:00:00,10/16/2011,17:00:00,10/16/2011,124,KIDNAPPING & RELATED OFFENSES,193,CUSTODIAL INTERFERENCE 1,COMPLETED,FELONY,N.Y. POLICE DEPT,BRONX,43,INSIDE,OTHER,,,"1,020,183","239,283",40.82338729,-73.87017045,"(40.823387291, -73.87017045)"
501912102,4/22/2011,9:00:00,4/25/2011,17:00:00,4/25/2011,124,KIDNAPPING & RELATED OFFENSES,187,KIDNAPPING 1,COMPLETED,FELONY,N.Y. POLICE DEPT,BRONX,43,FRONT OF,RESIDENCE-HOUSE,,,"1,020,183","239,283",40.82338729,-73.87017045,"(40.823387291, -73.87017045)"
134405886,8/31/2007,19:00:00,,,8/31/2007,124,KIDNAPPING & RELATED OFFENSES,193,CUSTODIAL INTERFERENCE 1,COMPLETED,FELONY,N.Y. POLICE DEPT,BRONX,43,FRONT OF,STREET,,,"1,020,183","239,283",40.82338729,-73.87017045,"(40.823387291, -73.87017045)"
479413340,7/18/2006,6:30:00,7/18/2006,7:00:00,7/18/2006,124,KIDNAPPING & RELATED OFFENSES,193,CUSTODIAL INTERFERENCE 1,COMPLETED,FELONY,N.Y. POLICE DEPT,BRONX,49,,RESTAURANT/DINER,,,"1,020,133","245,188",40.83959501,-73.87031952,"(40.839595009, -73.870319521)"
475981982,5/14/2007,8:00:00,5/14/2007,19:00:00,5/14/2007,124,KIDNAPPING & RELATED OFFENSES,193,CUSTODIAL INTERFERENCE 1,COMPLETED,FELONY,N.Y. POLICE DEPT,BRONX,43,FRONT OF,RESIDENCE-HOUSE,,,"1,020,128","241,053",40.82824566,-73.87035971,"(40.828245656, -73.870359707)"
901560426,3/14/2009,1:46:00,,,3/14/2009,124,KIDNAPPING & RELATED OFFENSES,183,"IMPRISONMENT 1,UNLAWFUL",COMPLETED,FELONY,N.Y. POLICE DEPT,BRONX,49,FRONT OF,RESIDENCE - APT. HOUSE,,,"1,020,102","254,198",40.86432489,-73.87038337,"(40.864324888, -73.870383374)"
594675976,12/4/2007,15:30:00,12/4/2007,15:40:00,12/4/2007,124,KIDNAPPING & RELATED OFFENSES,183,"IMPRISONMENT 1,UNLAWFUL",COMPLETED,FELONY,N.Y. POLICE DEPT,BRONX,49,FRONT OF,STREET,,,"1,020,086","254,810",40.86600471,-73.87043795,"(40.866004706, -73.870437949)"
757010937,4/15/2006,16:00:00,4/15/2006,17:30:00,4/15/2006,124,KIDNAPPING & RELATED OFFENSES,193,CUSTODIAL INTERFERENCE 1,COMPLETED,FELONY,N.Y. POLICE DEPT,BROOKLYN,75,INSIDE,RESIDENCE-HOUSE,,,"1,020,178","187,418",40.68103118,-73.87046562,"(40.681031182, -73.870465621)"
480407121,4/14/2011,8:00:00,4/14/2011,17:00:00,4/15/2011,124,KIDNAPPING & RELATED OFFENSES,185,KIDNAPPING 2,COMPLETED,FELONY,N.Y. POLICE DEPT,QUEENS,110,,STREET,,,"1,020,090","210,317",40.74388378,-73.870661,"(40.743883782, -73.870660997)"
555292412,3/22/2006,15:15:00,,,3/22/2006,124,KIDNAPPING & RELATED OFFENSES,193,CUSTODIAL INTERFERENCE 1,COMPLETED,FELONY,N.Y. POLICE DEPT,BROOKLYN,75,INSIDE,RESIDENCE-HOUSE,,,"1,020,078","185,188",40.67491075,-73.87083802,"(40.674910748, -73.870838018)"
666131967,11/5/2014,14:35:00,11/5/2014,14:50:00,11/5/2014,124,KIDNAPPING & RELATED OFFENSES,185,KIDNAPPING 2,ATTEMPTED,FELONY,N.Y. HOUSING POLICE,BROOKLYN,75,INSIDE,RESIDENCE - PUBLIC HOUSING,,CYPRESS HILLS,"1,020,051","182,448",40.66739018,-73.87094991,"(40.667390177, -73.870949908)"
978596265,11/29/2009,23:00:00,12/1/2009,18:20:00,12/1/2009,124,KIDNAPPING & RELATED OFFENSES,183,"IMPRISONMENT 1,UNLAWFUL",COMPLETED,FELONY,N.Y. HOUSING POLICE,BROOKLYN,75,INSIDE,RESIDENCE - PUBLIC HOUSING,,CYPRESS HILLS,"1,020,051","182,448",40.66739018,-73.87094991,"(40.667390177, -73.870949908)"
696880051,10/18/2008,18:00:00,,,10/19/2008,124,KIDNAPPING & RELATED OFFENSES,193,CUSTODIAL INTERFERENCE 1,COMPLETED,FELONY,N.Y. HOUSING POLICE,BROOKLYN,75,INSIDE,RESIDENCE - PUBLIC HOUSING,,CYPRESS HILLS,"1,020,051","182,448",40.66739018,-73.87094991,"(40.667390177, -73.870949908)"
649834028,5/8/2008,1:20:00,5/8/2008,1:25:00,5/8/2008,124,KIDNAPPING & RELATED OFFENSES,183,"IMPRISONMENT 1,UNLAWFUL",COMPLETED,FELONY,N.Y. POLICE DEPT,BRONX,43,INSIDE,RESIDENCE - APT. HOUSE,,,"1,019,909","239,315",40.82347623,-73.87116028,"(40.823476232, -73.871160279)"
931087373,2/23/2009,22:29:00,,,2/24/2009,124,KIDNAPPING & RELATED OFFENSES,183,"IMPRISONMENT 1,UNLAWFUL",COMPLETED,FELONY,N.Y. POLICE DEPT,BROOKLYN,75,INSIDE,RESIDENCE-HOUSE,,,"1,019,914","190,278",40.68888229,-73.87140232,"(40.68888229, -73.871402315)"
943640848,6/22/2006,12:00:00,6/22/2006,18:15:00,6/22/2006,124,KIDNAPPING & RELATED OFFENSES,185,KIDNAPPING 2,COMPLETED,FELONY,N.Y. POLICE DEPT,BROOKLYN,75,INSIDE,RESIDENCE-HOUSE,,,"1,019,914","190,278",40.68888229,-73.87140232,"(40.68888229, -73.871402315)"
136320987,4/30/2014,15:20:00,4/30/2014,19:15:00,4/30/2014,124,KIDNAPPING & RELATED OFFENSES,185,KIDNAPPING 2,COMPLETED,FELONY,N.Y. POLICE DEPT,BROOKLYN,75,INSIDE,RESIDENCE - APT. HOUSE,,,"1,019,823","185,139",40.67477728,-73.87175758,"(40.674777282, -73.871757575)"
218155231,10/3/2016,19:40:00,,,10/3/2016,124,KIDNAPPING & RELATED OFFENSES,193,CUSTODIAL INTERFERENCE 1,COMPLETED,FELONY,N.Y. POLICE DEPT,BROOKLYN,75,INSIDE,RESIDENCE - APT. HOUSE,,,"1,019,781","186,579",40.67872992,-73.8719014,"(40.678729922, -73.871901397)"
458202225,12/12/2006,7:30:00,12/12/2006,7:55:00,12/12/2006,124,KIDNAPPING & RELATED OFFENSES,183,"IMPRISONMENT 1,UNLAWFUL",COMPLETED,FELONY,N.Y. POLICE DEPT,QUEENS,110,,TAXI/LIVERY (UNLICENSED),,,"1,019,675","209,590",40.74189002,-73.87216249,"(40.741890023, -73.872162489)"
369250721,5/7/2014,17:40:00,5/7/2014,18:50:00,5/9/2014,124,KIDNAPPING & RELATED OFFENSES,193,CUSTODIAL INTERFERENCE 1,COMPLETED,FELONY,N.Y. POLICE DEPT,BROOKLYN,75,INSIDE,RESIDENCE-HOUSE,,,"1,019,643","186,050",40.67727849,-73.87240171,"(40.677278491, -73.872401706)"
318704847,12/11/2010,12:00:00,,,2/24/2011,124,KIDNAPPING & RELATED OFFENSES,193,CUSTODIAL INTERFERENCE 1,COMPLETED,FELONY,N.Y. POLICE DEPT,BROOKLYN,75,INSIDE,RESIDENCE - APT. HOUSE,,,"1,019,643","186,050",40.67727849,-73.87240171,"(40.677278491, -73.872401706)"
320466321,7/11/2016,12:30:00,7/11/2016,13:30:00,7/11/2016,124,KIDNAPPING,186,LURING A CHILD,ATTEMPTED,FELONY,N.Y. POLICE DEPT,QUEENS,115,INSIDE,PARK/PLAYGROUND,JUNCTION PLAYGROUND,,"1,019,600","214,182",40.7544942,-73.87240901,"(40.754494197, -73.872409005)"
758923063,12/11/2006,14:30:00,,,12/15/2006,124,KIDNAPPING & RELATED OFFENSES,193,CUSTODIAL INTERFERENCE 1,COMPLETED,FELONY,N.Y. HOUSING POLICE,BROOKLYN,75,FRONT OF,RESIDENCE - PUBLIC HOUSING,,CYPRESS HILLS,"1,019,639","184,384",40.67270572,-73.87242487,"(40.672705716, -73.872424874)"
449560960,10/6/2011,10:00:00,10/6/2011,11:00:00,10/6/2011,124,KIDNAPPING & RELATED OFFENSES,193,CUSTODIAL INTERFERENCE 1,COMPLETED,FELONY,N.Y. POLICE DEPT,QUEENS,115,OPPOSITE OF,STREET,,,"1,019,596","213,314",40.75211177,-73.87242801,"(40.752111774, -73.872428005)"
652052092,9/24/2007,14:45:00,9/24/2007,16:00:00,9/24/2007,124,KIDNAPPING & RELATED OFFENSES,185,KIDNAPPING 2,ATTEMPTED,FELONY,N.Y. POLICE DEPT,QUEENS,115,INSIDE,STREET,,,"1,019,596","213,314",40.75211177,-73.87242801,"(40.752111774, -73.872428005)"
458399018,3/22/2013,15:30:00,,,3/22/2013,124,KIDNAPPING & RELATED OFFENSES,183,"IMPRISONMENT 1,UNLAWFUL",COMPLETED,FELONY,N.Y. POLICE DEPT,BRONX,49,,STREET,,,"1,019,540","251,286",40.8563346,-73.87243054,"(40.856334596, -73.872430539)"
139881117,3/11/2009,10:50:00,,,3/11/2009,124,KIDNAPPING & RELATED OFFENSES,187,KIDNAPPING 1,COMPLETED,FELONY,N.Y. POLICE DEPT,BRONX,43,INSIDE,RESIDENCE - APT. HOUSE,,,"1,019,536","242,890",40.83329008,-73.87248918,"(40.833290075, -73.872489178)"
417093393,7/18/2013,19:42:00,,,7/18/2013,124,KIDNAPPING & RELATED OFFENSES,183,"IMPRISONMENT 1,UNLAWFUL",COMPLETED,FELONY,N.Y. POLICE DEPT,BROOKLYN,75,INSIDE,RESIDENCE - APT. HOUSE,,,"1,019,615","178,291",40.65598189,-73.87254335,"(40.655981892, -73.872543353)"
688659834,6/18/2009,8:00:00,6/29/2009,14:00:00,6/29/2009,124,KIDNAPPING & RELATED OFFENSES,193,CUSTODIAL INTERFERENCE 1,COMPLETED,FELONY,N.Y. POLICE DEPT,BRONX,43,INSIDE,RESIDENCE - APT. HOUSE,,,"1,019,475","238,498",40.82123554,-73.87273267,"(40.821235542, -73.87273267)"
309259496,9/16/2015,10:05:00,9/16/2015,10:05:00,9/16/2015,124,KIDNAPPING & RELATED OFFENSES,185,KIDNAPPING 2,COMPLETED,FELONY,N.Y. POLICE DEPT,QUEENS,115,,STREET,,,"1,019,502","212,115",40.7488212,-73.87277356,"(40.748821201, -73.872773563)"
411577516,8/30/2012,19:15:00,,,8/30/2012,124,KIDNAPPING & RELATED OFFENSES,183,"IMPRISONMENT 1,UNLAWFUL",COMPLETED,FELONY,N.Y. POLICE DEPT,BRONX,52,INSIDE,RESIDENCE - APT. HOUSE,,,"1,019,388","259,017",40.87755443,-73.87293947,"(40.877554428, -73.872939471)"
202971181,1/15/2011,21:40:00,1/15/2011,22:00:00,1/16/2011,124,KIDNAPPING & RELATED OFFENSES,183,"IMPRISONMENT 1,UNLAWFUL",COMPLETED,FELONY,N.Y. POLICE DEPT,BROOKLYN,75,FRONT OF,STREET,,,"1,019,490","184,596",40.6732882,-73.87296091,"(40.673288202, -73.872960907)"
828729200,1/28/2008,3:00:00,1/30/2008,3:00:00,2/1/2008,124,KIDNAPPING & RELATED OFFENSES,183,"IMPRISONMENT 1,UNLAWFUL",COMPLETED,FELONY,N.Y. POLICE DEPT,BROOKLYN,75,INSIDE,RESIDENCE-HOUSE,,,"1,019,490","184,596",40.6732882,-73.87296091,"(40.673288202, -73.872960907)"
344630326,5/12/2009,20:30:00,5/12/2009,20:40:00,5/12/2009,124,KIDNAPPING & RELATED OFFENSES,183,"IMPRISONMENT 1,UNLAWFUL",COMPLETED,FELONY,N.Y. POLICE DEPT,BRONX,52,INSIDE,CANDY STORE,,,"1,019,366","259,474",40.87880884,-73.87301663,"(40.878808838, -73.87301663)"
635803030,5/16/2009,15:40:00,5/16/2009,15:45:00,5/16/2009,124,KIDNAPPING & RELATED OFFENSES,193,CUSTODIAL INTERFERENCE 1,COMPLETED,FELONY,N.Y. POLICE DEPT,QUEENS,115,INSIDE,RESIDENCE - APT. HOUSE,,,"1,019,361","214,340",40.75492882,-73.87327083,"(40.754928818, -73.873270827)"
138999802,4/16/2006,2:00:00,4/16/2006,11:32:00,4/16/2006,124,KIDNAPPING & RELATED OFFENSES,193,CUSTODIAL INTERFERENCE 1,COMPLETED,FELONY,N.Y. POLICE DEPT,QUEENS,115,INSIDE,RESIDENCE - APT. HOUSE,,,"1,019,361","214,340",40.75492882,-73.87327083,"(40.754928818, -73.873270827)"
218112571,8/12/2006,17:25:00,8/12/2006,17:45:00,8/12/2006,124,KIDNAPPING & RELATED OFFENSES,183,"IMPRISONMENT 1,UNLAWFUL",COMPLETED,FELONY,N.Y. HOUSING POLICE,BROOKLYN,75,FRONT OF,TAXI (LIVERY LICENSED),,CYPRESS HILLS,"1,019,405","182,905",40.66864713,-73.87327615,"(40.668647128, -73.873276152)"
461091089,2/23/2012,9:00:00,2/23/2012,10:10:00,2/23/2012,124,KIDNAPPING & RELATED OFFENSES,183,"IMPRISONMENT 1,UNLAWFUL",COMPLETED,FELONY,N.Y. POLICE DEPT,QUEENS,115,INSIDE,RESIDENCE - APT. HOUSE,,,"1,019,342","213,254",40.7519481,-73.87334507,"(40.751948102, -73.873345074)"
455350304,10/9/2007,23:00:00,10/10/2007,0:17:00,10/10/2007,124,KIDNAPPING & RELATED OFFENSES,183,"IMPRISONMENT 1,UNLAWFUL",COMPLETED,FELONY,N.Y. POLICE DEPT,QUEENS,115,INSIDE,RESIDENCE-HOUSE,,,"1,019,305","217,568",40.76378907,-73.87345612,"(40.763789066, -73.873456124)"
836960171,5/26/2015,20:00:00,5/27/2015,7:00:00,5/27/2015,124,KIDNAPPING & RELATED OFFENSES,183,"IMPRISONMENT 1,UNLAWFUL",COMPLETED,FELONY,N.Y. POLICE DEPT,QUEENS,110,INSIDE,RESIDENCE - APT. HOUSE,,,"1,019,165","210,167",40.74347577,-73.87399994,"(40.74347577, -73.873999939)"
535984281,9/2/2008,19:15:00,9/2/2008,19:30:00,9/2/2008,124,KIDNAPPING & RELATED OFFENSES,193,CUSTODIAL INTERFERENCE 1,COMPLETED,FELONY,N.Y. POLICE DEPT,BRONX,43,FRONT OF,STREET,,,"1,019,118","242,041",40.83096148,-73.87400411,"(40.830961476, -73.874004106)"
482718563,4/5/2008,13:00:00,,,4/22/2008,124,KIDNAPPING & RELATED OFFENSES,193,CUSTODIAL INTERFERENCE 1,COMPLETED,FELONY,N.Y. POLICE DEPT,BROOKLYN,75,INSIDE,RESIDENCE-HOUSE,,,"1,019,191","182,199",40.66671016,-73.87405123,"(40.666710164, -73.874051228)"
911503318,12/11/2009,20:55:00,12/11/2009,21:15:00,12/11/2009,124,KIDNAPPING & RELATED OFFENSES,183,"IMPRISONMENT 1,UNLAWFUL",COMPLETED,FELONY,N.Y. POLICE DEPT,BRONX,43,INSIDE,RESIDENCE - APT. HOUSE,,,"1,019,071","240,911",40.82786014,-73.87417981,"(40.827860137, -73.874179809)"
609017686,8/1/2009,12:00:00,,,3/26/2010,124,KIDNAPPING & RELATED OFFENSES,193,CUSTODIAL INTERFERENCE 1,COMPLETED,FELONY,N.Y. POLICE DEPT,BRONX,52,INSIDE,RESIDENCE - APT. HOUSE,,,"1,019,041","258,336",40.87568667,-73.87419779,"(40.875686669, -73.874197787)"
279452194,2/22/2015,19:30:00,2/22/2015,19:35:00,2/22/2015,124,KIDNAPPING & RELATED OFFENSES,185,KIDNAPPING 2,COMPLETED,FELONY,N.Y. POLICE DEPT,QUEENS,115,INSIDE,RESIDENCE - APT. HOUSE,,,"1,018,947","217,228",40.76285727,-73.87475022,"(40.762857267, -73.874750224)"
383043302,1/10/2009,14:00:00,1/10/2009,17:00:00,1/17/2009,124,KIDNAPPING & RELATED OFFENSES,183,"IMPRISONMENT 1,UNLAWFUL",COMPLETED,FELONY,N.Y. POLICE DEPT,QUEENS,115,INSIDE,RESIDENCE-HOUSE,,,"1,018,949","212,312",40.7493641,-73.87476837,"(40.749364102, -73.874768374)"
921050378,11/19/2014,17:00:00,,,11/19/2014,124,KIDNAPPING & RELATED OFFENSES,183,"IMPRISONMENT 1,UNLAWFUL",COMPLETED,FELONY,N.Y. POLICE DEPT,BRONX,52,INSIDE,RESIDENCE - APT. HOUSE,,,"1,018,810","259,520",40.87893729,-73.87502697,"(40.878937288, -73.87502697)"
311231013,8/13/2011,16:16:00,,,8/13/2011,124,KIDNAPPING & RELATED OFFENSES,183,"IMPRISONMENT 1,UNLAWFUL",COMPLETED,FELONY,N.Y. HOUSING POLICE,BRONX,43,INSIDE,RESIDENCE - PUBLIC HOUSING,,,"1,018,783","243,175",40.83407529,-73.87520881,"(40.834075293, -73.875208807)"
486739185,5/1/2010,14:20:00,5/1/2010,17:15:00,5/1/2010,124,KIDNAPPING & RELATED OFFENSES,185,KIDNAPPING 2,COMPLETED,FELONY,N.Y. HOUSING POLICE,BRONX,43,FRONT OF,RESIDENCE - PUBLIC HOUSING,,,"1,018,783","243,175",40.83407529,-73.87520881,"(40.834075293, -73.875208807)"
622221678,12/22/2014,0:01:00,12/25/2014,16:20:00,12/25/2014,124,KIDNAPPING & RELATED OFFENSES,183,"IMPRISONMENT 1,UNLAWFUL",COMPLETED,FELONY,N.Y. POLICE DEPT,BROOKLYN,75,INSIDE,RESIDENCE - APT. HOUSE,,,"1,018,808","184,706",40.67359282,-73.87541896,"(40.673592816, -73.875418956)"
536967149,4/27/2012,21:55:00,4/27/2012,22:13:00,4/27/2012,124,KIDNAPPING & RELATED OFFENSES,183,"IMPRISONMENT 1,UNLAWFUL",COMPLETED,FELONY,N.Y. POLICE DEPT,BRONX,43,INSIDE,RESIDENCE - APT. HOUSE,,,"1,018,624","241,853",40.83044741,-73.87579016,"(40.830447407, -73.875790162)"
147021797,8/30/2007,23:30:00,8/31/2007,1:30:00,8/31/2007,124,KIDNAPPING & RELATED OFFENSES,185,KIDNAPPING 2,COMPLETED,FELONY,N.Y. POLICE DEPT,BRONX,52,,STREET,,,"1,018,575","257,509",40.87341864,-73.87588707,"(40.873418635, -73.87588707)"
346162095,5/25/2016,7:39:00,5/25/2016,8:28:00,5/25/2016,124,KIDNAPPING & RELATED OFFENSES,183,"IMPRISONMENT 1,UNLAWFUL",COMPLETED,FELONY,PORT AUTHORITY,QUEENS,115,,AIRPORT TERMINAL,,,"1,018,623","214,936",40.75656759,-73.87593153,"(40.756567585, -73.875931534)"
276997895,7/10/2006,19:01:00,,,7/11/2006,124,KIDNAPPING & RELATED OFFENSES,193,CUSTODIAL INTERFERENCE 1,COMPLETED,FELONY,N.Y. POLICE DEPT,BROOKLYN,75,INSIDE,RESIDENCE - APT. HOUSE,,,"1,018,645","187,979",40.68257709,-73.87598987,"(40.682577088, -73.875989871)"
171734207,6/2/2011,21:40:00,6/2/2011,21:45:00,7/31/2011,124,KIDNAPPING & RELATED OFFENSES,183,"IMPRISONMENT 1,UNLAWFUL",COMPLETED,FELONY,PORT AUTHORITY,QUEENS,115,,AIRPORT TERMINAL,,,"1,018,576","219,954",40.77034087,-73.87607556,"(40.770340873, -73.876075559)"
463075199,3/27/2006,9:00:00,3/27/2006,16:00:00,3/27/2006,124,KIDNAPPING & RELATED OFFENSES,187,KIDNAPPING 1,ATTEMPTED,FELONY,PORT AUTHORITY,QUEENS,115,,AIRPORT TERMINAL,,,"1,018,576","219,954",40.77034087,-73.87607556,"(40.770340873, -73.876075559)"
971627529,7/4/2015,23:00:00,7/4/2015,23:15:00,7/5/2015,124,KIDNAPPING & RELATED OFFENSES,185,KIDNAPPING 2,COMPLETED,FELONY,N.Y. POLICE DEPT,BRONX,43,,STREET,,,"1,018,536","237,915",40.81963907,-73.87612828,"(40.819639067, -73.876128275)"
845495665,3/29/2008,18:00:00,3/31/2008,11:30:00,3/31/2008,124,KIDNAPPING & RELATED OFFENSES,193,CUSTODIAL INTERFERENCE 1,COMPLETED,FELONY,N.Y. POLICE DEPT,BRONX,52,INSIDE,RESIDENCE-HOUSE,,,"1,018,505","257,914",40.87453051,-73.87613811,"(40.874530506, -73.876138109)"
930025783,12/23/2010,14:00:00,,,1/11/2011,124,KIDNAPPING & RELATED OFFENSES,193,CUSTODIAL INTERFERENCE 1,COMPLETED,FELONY,N.Y. POLICE DEPT,BRONX,43,INSIDE,RESIDENCE - APT. HOUSE,,,"1,018,438","239,937",40.82518926,-73.87647204,"(40.82518926, -73.876472041)"
544451734,11/22/2010,14:25:00,,,11/23/2010,124,KIDNAPPING & RELATED OFFENSES,193,CUSTODIAL INTERFERENCE 1,COMPLETED,FELONY,N.Y. POLICE DEPT,BRONX,43,INSIDE,RESIDENCE-HOUSE,,,"1,018,434","238,489",40.82121493,-73.87649387,"(40.821214929, -73.87649387)"
656422576,4/25/2007,16:30:00,,,4/30/2007,124,KIDNAPPING & RELATED OFFENSES,193,CUSTODIAL INTERFERENCE 1,COMPLETED,FELONY,N.Y. POLICE DEPT,BRONX,43,INSIDE,RESIDENCE-HOUSE,,,"1,018,434","238,489",40.82121493,-73.87649387,"(40.821214929, -73.87649387)"
574006321,3/24/2013,23:45:00,3/25/2013,3:20:00,3/25/2013,124,KIDNAPPING & RELATED OFFENSES,187,KIDNAPPING 1,COMPLETED,FELONY,N.Y. POLICE DEPT,QUEENS,110,REAR OF,RESTAURANT/DINER,,,"1,018,367","207,500",40.73615864,-73.87689329,"(40.736158638, -73.87689329)"
411049037,6/17/2016,15:00:00,,,6/22/2016,124,KIDNAPPING & RELATED OFFENSES,193,CUSTODIAL INTERFERENCE 1,COMPLETED,FELONY,N.Y. POLICE DEPT,BRONX,52,INSIDE,RESIDENCE - APT. HOUSE,,,"1,018,208","260,077",40.88046842,-73.87720107,"(40.880468415, -73.877201072)"
608586224,6/24/2012,15:00:00,12/19/2012,21:50:00,12/20/2012,124,KIDNAPPING & RELATED OFFENSES,193,CUSTODIAL INTERFERENCE 1,COMPLETED,FELONY,N.Y. POLICE DEPT,QUEENS,115,INSIDE,RESIDENCE - APT. HOUSE,,,"1,018,212","213,827",40.75352525,-73.87742065,"(40.753525252, -73.877420646)"
269140117,7/25/2014,18:10:00,7/25/2014,18:10:00,7/25/2014,124,KIDNAPPING & RELATED OFFENSES,193,CUSTODIAL INTERFERENCE 1,COMPLETED,FELONY,N.Y. POLICE DEPT,QUEENS,115,REAR OF,RESIDENCE - APT. HOUSE,,,"1,018,114","214,530",40.75545518,-73.87777082,"(40.755455183, -73.877770822)"
250674320,1/19/2006,17:30:00,,,1/19/2006,124,KIDNAPPING & RELATED OFFENSES,183,"IMPRISONMENT 1,UNLAWFUL",COMPLETED,FELONY,N.Y. POLICE DEPT,BRONX,43,INSIDE,RESIDENCE - APT. HOUSE,,,"1,018,029","240,747",40.82741405,-73.87794578,"(40.827414051, -73.877945775)"
543829955,3/20/2010,5:35:00,3/20/2010,5:50:00,3/20/2010,124,KIDNAPPING & RELATED OFFENSES,183,"IMPRISONMENT 1,UNLAWFUL",COMPLETED,FELONY,N.Y. POLICE DEPT,QUEENS,115,INSIDE,RESIDENCE - APT. HOUSE,,,"1,018,031","214,185",40.75450856,-73.87807214,"(40.754508564, -73.878072139)"
838286022,7/7/2008,5:30:00,7/7/2008,5:34:00,7/7/2008,124,KIDNAPPING & RELATED OFFENSES,183,"IMPRISONMENT 1,UNLAWFUL",COMPLETED,FELONY,N.Y. POLICE DEPT,QUEENS,115,INSIDE,RESIDENCE - APT. HOUSE,,,"1,018,031","214,185",40.75450856,-73.87807214,"(40.754508564, -73.878072139)"
286008142,9/6/2006,9:00:00,,,9/27/2006,124,KIDNAPPING & RELATED OFFENSES,193,CUSTODIAL INTERFERENCE 1,COMPLETED,FELONY,N.Y. POLICE DEPT,BROOKLYN,75,INSIDE,RESIDENCE - APT. HOUSE,,,"1,018,063","180,207",40.66124695,-73.87812726,"(40.661246948, -73.878127262)"
564183961,12/2/2013,14:30:00,,,12/2/2013,124,KIDNAPPING & RELATED OFFENSES,183,"IMPRISONMENT 1,UNLAWFUL",COMPLETED,FELONY,N.Y. HOUSING POLICE,BRONX,43,INSIDE,RESIDENCE - PUBLIC HOUSING,,,"1,017,970","243,163",40.8340455,-73.87814682,"(40.834045498, -73.878146819)"
396585433,9/21/2008,12:00:00,9/27/2008,12:30:00,9/27/2008,124,KIDNAPPING & RELATED OFFENSES,193,CUSTODIAL INTERFERENCE 1,COMPLETED,FELONY,N.Y. HOUSING POLICE,BRONX,43,INSIDE,RESIDENCE - PUBLIC HOUSING,,,"1,017,970","243,163",40.8340455,-73.87814682,"(40.834045498, -73.878146819)"
210045052,10/11/2006,15:00:00,10/11/2006,18:30:00,10/11/2006,124,KIDNAPPING & RELATED OFFENSES,185,KIDNAPPING 2,COMPLETED,FELONY,N.Y. POLICE DEPT,BRONX,43,,STREET,,,"1,017,948","241,204",40.82866869,-73.87823616,"(40.828668694, -73.878236162)"
241615784,4/19/2009,21:45:00,4/19/2009,22:10:00,4/19/2009,124,KIDNAPPING & RELATED OFFENSES,183,"IMPRISONMENT 1,UNLAWFUL",COMPLETED,FELONY,N.Y. POLICE DEPT,BRONX,52,INSIDE,RESIDENCE - APT. HOUSE,,,"1,017,901","260,497",40.88162236,-73.87830915,"(40.88162236, -73.878309148)"
995829802,11/19/2010,17:30:00,,,11/22/2010,124,KIDNAPPING & RELATED OFFENSES,193,CUSTODIAL INTERFERENCE 1,COMPLETED,FELONY,N.Y. POLICE DEPT,BRONX,43,FRONT OF,RESIDENCE - APT. HOUSE,,,"1,017,926","239,846",40.82494146,-73.87832247,"(40.824941458, -73.878322473)"
163260107,5/11/2012,4:00:00,5/11/2012,4:10:00,5/12/2012,124,KIDNAPPING & RELATED OFFENSES,183,"IMPRISONMENT 1,UNLAWFUL",COMPLETED,FELONY,N.Y. POLICE DEPT,BROOKLYN,75,INSIDE,GROCERY/BODEGA,,,"1,017,950","187,719",40.68186612,-73.878497,"(40.681866121, -73.878496999)"
364177105,10/7/2013,11:08:00,11/7/2013,12:55:00,11/7/2013,124,KIDNAPPING & RELATED OFFENSES,183,"IMPRISONMENT 1,UNLAWFUL",COMPLETED,FELONY,N.Y. POLICE DEPT,BROOKLYN,75,INSIDE,RESIDENCE - APT. HOUSE,,,"1,017,941","180,711",40.66263078,-73.87856448,"(40.662630781, -73.878564475)"
863244545,12/16/2013,17:00:00,12/17/2013,14:45:00,12/17/2013,124,KIDNAPPING & RELATED OFFENSES,183,"IMPRISONMENT 1,UNLAWFUL",COMPLETED,FELONY,N.Y. HOUSING POLICE,BRONX,43,INSIDE,RESIDENCE - PUBLIC HOUSING,,BRONX RIVER,"1,017,824","243,494",40.83495455,-73.87867277,"(40.834954553, -73.878672765)"
967677725,12/7/2008,18:00:00,,,12/8/2008,124,KIDNAPPING & RELATED OFFENSES,183,"IMPRISONMENT 1,UNLAWFUL",COMPLETED,FELONY,N.Y. HOUSING POLICE,BRONX,43,INSIDE,RESIDENCE - PUBLIC HOUSING,,BRONX RIVER,"1,017,824","243,494",40.83495455,-73.87867277,"(40.834954553, -73.878672765)"
640891116,5/6/2006,12:00:00,,,5/6/2006,124,KIDNAPPING & RELATED OFFENSES,193,CUSTODIAL INTERFERENCE 1,COMPLETED,FELONY,N.Y. HOUSING POLICE,BRONX,43,INSIDE,RESIDENCE - PUBLIC HOUSING,,BRONX RIVER,"1,017,824","243,494",40.83495455,-73.87867277,"(40.834954553, -73.878672765)"
216681785,10/11/2008,3:10:00,10/11/2008,3:50:00,10/11/2008,124,KIDNAPPING & RELATED OFFENSES,183,"IMPRISONMENT 1,UNLAWFUL",COMPLETED,FELONY,N.Y. POLICE DEPT,BROOKLYN,75,INSIDE,RESIDENCE - APT. HOUSE,,,"1,017,905","183,189",40.66943247,-73.87868187,"(40.669432473, -73.878681865)"
789211484,7/17/2015,13:30:00,,,7/20/2015,124,KIDNAPPING & RELATED OFFENSES,193,CUSTODIAL INTERFERENCE 1,COMPLETED,FELONY,N.Y. POLICE DEPT,BRONX,43,,RESIDENCE - APT. HOUSE,,,"1,017,824","238,944",40.82246611,-73.87869553,"(40.822466113, -73.878695534)"
468850119,12/31/2011,4:00:00,,,12/31/2011,124,KIDNAPPING & RELATED OFFENSES,193,CUSTODIAL INTERFERENCE 1,COMPLETED,FELONY,N.Y. POLICE DEPT,BROOKLYN,75,INSIDE,RESIDENCE - APT. HOUSE,,,"1,017,899","174,379",40.645251,-73.87874745,"(40.645250997, -73.878747452)"
197246586,12/21/2015,19:00:00,12/21/2015,19:30:00,12/21/2015,124,KIDNAPPING & RELATED OFFENSES,183,"IMPRISONMENT 1,UNLAWFUL",COMPLETED,FELONY,N.Y. POLICE DEPT,BRONX,43,INSIDE,RESIDENCE - APT. HOUSE,,,"1,017,772","240,710",40.82731348,-73.87887459,"(40.827313476, -73.878874593)"
758173141,4/19/2015,18:45:00,4/19/2015,20:24:00,4/19/2015,124,KIDNAPPING & RELATED OFFENSES,193,CUSTODIAL INTERFERENCE 1,COMPLETED,FELONY,N.Y. POLICE DEPT,BRONX,43,INSIDE,RESIDENCE - APT. HOUSE,,,"1,017,772","240,710",40.82731348,-73.87887459,"(40.827313476, -73.878874593)"
225553739,1/3/2006,6:30:00,1/3/2006,6:35:00,1/3/2006,124,KIDNAPPING & RELATED OFFENSES,187,KIDNAPPING 1,ATTEMPTED,FELONY,N.Y. POLICE DEPT,BROOKLYN,75,FRONT OF,STREET,,,"1,017,842","187,299",40.68071373,-73.87888848,"(40.680713728, -73.878888483)"
852004944,1/26/2007,11:00:00,,,1/29/2007,124,KIDNAPPING & RELATED OFFENSES,193,CUSTODIAL INTERFERENCE 1,COMPLETED,FELONY,N.Y. POLICE DEPT,BRONX,43,INSIDE,PUBLIC SCHOOL,,,"1,017,705","242,557",40.83238321,-73.87910748,"(40.832383212, -73.879107476)"
620706503,6/10/2016,19:15:00,6/10/2016,19:20:00,6/10/2016,124,KIDNAPPING & RELATED OFFENSES,183,"IMPRISONMENT 1,UNLAWFUL",COMPLETED,FELONY,N.Y. POLICE DEPT,BROOKLYN,75,INSIDE,RESIDENCE - APT. HOUSE,,,"1,017,785","184,511",40.67306152,-73.87910786,"(40.67306152, -73.879107864)"
578159475,3/14/2016,20:00:00,3/14/2016,21:15:00,3/14/2016,124,KIDNAPPING & RELATED OFFENSES,183,"IMPRISONMENT 1,UNLAWFUL",COMPLETED,FELONY,N.Y. POLICE DEPT,QUEENS,115,INSIDE,RESIDENCE - APT. HOUSE,,,"1,017,721","212,649",40.75029382,-73.8791987,"(40.750293815, -73.879198698)"
572925189,4/25/2009,0:30:00,4/25/2009,0:40:00,4/25/2009,124,KIDNAPPING & RELATED OFFENSES,183,"IMPRISONMENT 1,UNLAWFUL",COMPLETED,FELONY,N.Y. POLICE DEPT,BRONX,43,,STREET,,,"1,017,663","243,304",40.83443367,-73.87925553,"(40.834433669, -73.879255527)"
736834169,4/5/2015,18:30:00,4/6/2015,8:30:00,4/6/2015,124,KIDNAPPING & RELATED OFFENSES,193,CUSTODIAL INTERFERENCE 1,COMPLETED,FELONY,N.Y. POLICE DEPT,BROOKLYN,75,INSIDE,RESIDENCE-HOUSE,,,"1,017,701","184,258",40.67236741,-73.87941194,"(40.672367409, -73.879411938)"
428862796,9/26/2014,15:00:00,9/26/2014,19:50:00,9/26/2014,124,KIDNAPPING & RELATED OFFENSES,193,CUSTODIAL INTERFERENCE 1,COMPLETED,FELONY,N.Y. POLICE DEPT,BRONX,43,FRONT OF,RESIDENCE - APT. HOUSE,,,"1,017,606","241,641",40.82986943,-73.87946978,"(40.829869431, -73.87946978)"
176738020,9/26/2009,11:10:00,,,9/26/2009,124,KIDNAPPING & RELATED OFFENSES,193,CUSTODIAL INTERFERENCE 1,COMPLETED,FELONY,N.Y. POLICE DEPT,BRONX,43,FRONT OF,RESIDENCE - APT. HOUSE,,,"1,017,568","238,898",40.82234083,-73.87962071,"(40.822340826, -73.879620713)"
652484879,6/8/2007,11:00:00,6/8/2007,16:00:00,7/6/2007,124,KIDNAPPING & RELATED OFFENSES,185,KIDNAPPING 2,COMPLETED,FELONY,N.Y. POLICE DEPT,BROOKLYN,75,,BANK,,,"1,017,631","180,181",40.66117722,-73.87968447,"(40.661177224, -73.879684471)"
819784911,10/13/2010,15:00:00,,,10/13/2010,124,KIDNAPPING & RELATED OFFENSES,183,"IMPRISONMENT 1,UNLAWFUL",COMPLETED,FELONY,N.Y. POLICE DEPT,BRONX,52,INSIDE,RESIDENCE - APT. HOUSE,,,"1,017,495","261,044",40.88312524,-73.87977465,"(40.883125242, -73.879774651)"
507944868,6/10/2011,20:00:00,,,6/10/2011,124,KIDNAPPING & RELATED OFFENSES,183,"IMPRISONMENT 1,UNLAWFUL",COMPLETED,FELONY,N.Y. POLICE DEPT,BRONX,48,INSIDE,RESIDENCE - APT. HOUSE,,,"1,017,496","247,433",40.84576719,-73.87983855,"(40.845767194, -73.879838554)"
926096696,10/11/2010,9:00:00,10/11/2010,11:56:00,10/11/2010,124,KIDNAPPING & RELATED OFFENSES,183,"IMPRISONMENT 1,UNLAWFUL",COMPLETED,FELONY,N.Y. HOUSING POLICE,BRONX,48,INSIDE,RESIDENCE - PUBLIC HOUSING,,,"1,017,483","245,763",40.84118359,-73.87989382,"(40.841183585, -73.879893816)"
313764612,11/29/2013,17:22:00,11/29/2013,18:10:00,11/29/2013,124,KIDNAPPING & RELATED OFFENSES,185,KIDNAPPING 2,ATTEMPTED,FELONY,N.Y. POLICE DEPT,BRONX,43,INSIDE,RESIDENCE - APT. HOUSE,,,"1,017,479","237,959",40.81976387,-73.87994693,"(40.819763873, -73.879946926)"
497192370,5/12/2011,12:15:00,,,5/12/2011,124,KIDNAPPING & RELATED OFFENSES,193,CUSTODIAL INTERFERENCE 1,COMPLETED,FELONY,N.Y. POLICE DEPT,BROOKLYN,75,INSIDE,RESIDENCE-HOUSE,,,"1,017,542","183,700",40.67083643,-73.87998788,"(40.670836425, -73.879987882)"
637987085,6/25/2011,9:30:00,6/25/2011,9:45:00,6/25/2011,124,KIDNAPPING & RELATED OFFENSES,193,CUSTODIAL INTERFERENCE 1,COMPLETED,FELONY,N.Y. POLICE DEPT,BRONX,52,INSIDE,OTHER,,,"1,017,440","256,045",40.86940475,-73.87999832,"(40.869404748, -73.879998318)"
569511518,11/18/2006,19:10:00,,,11/18/2006,124,KIDNAPPING & RELATED OFFENSES,193,CUSTODIAL INTERFERENCE 1,COMPLETED,FELONY,N.Y. POLICE DEPT,BRONX,52,INSIDE,PUBLIC BUILDING,,,"1,017,440","256,045",40.86940475,-73.87999832,"(40.869404748, -73.879998318)"
331373021,11/18/2006,17:30:00,11/18/2006,18:45:00,11/18/2006,124,KIDNAPPING & RELATED OFFENSES,193,CUSTODIAL INTERFERENCE 1,COMPLETED,FELONY,N.Y. POLICE DEPT,BRONX,52,INSIDE,PUBLIC BUILDING,,,"1,017,440","256,045",40.86940475,-73.87999832,"(40.869404748, -73.879998318)"
616830799,11/12/2006,17:00:00,,,11/12/2006,124,KIDNAPPING & RELATED OFFENSES,193,CUSTODIAL INTERFERENCE 1,COMPLETED,FELONY,N.Y. POLICE DEPT,BRONX,52,INSIDE,PUBLIC BUILDING,,,"1,017,440","256,045",40.86940475,-73.87999832,"(40.869404748, -73.879998318)"
933781058,1/6/2006,9:00:00,,,1/7/2006,124,KIDNAPPING & RELATED OFFENSES,193,CUSTODIAL INTERFERENCE 1,COMPLETED,FELONY,N.Y. POLICE DEPT,BROOKLYN,75,FRONT OF,STREET,,,"1,017,530","184,462",40.67292799,-73.88002738,"(40.672927987, -73.880027378)"
290284230,3/6/2013,20:00:00,,,3/19/2013,124,KIDNAPPING & RELATED OFFENSES,185,KIDNAPPING 2,COMPLETED,FELONY,N.Y. POLICE DEPT,BRONX,52,INSIDE,RESIDENCE - APT. HOUSE,,,"1,017,421","259,150",40.87792708,-73.88005164,"(40.877927083, -73.880051642)"
990727279,3/2/2012,15:00:00,,,3/2/2012,124,KIDNAPPING & RELATED OFFENSES,193,CUSTODIAL INTERFERENCE 1,COMPLETED,FELONY,N.Y. POLICE DEPT,BRONX,48,FRONT OF,PUBLIC SCHOOL,,,"1,017,303","245,042",40.83920533,-73.88054791,"(40.839205327, -73.880547908)"
512858977,3/20/2015,6:30:00,3/20/2015,11:30:00,4/3/2015,124,KIDNAPPING & RELATED OFFENSES,193,CUSTODIAL INTERFERENCE 1,COMPLETED,FELONY,N.Y. HOUSING POLICE,BROOKLYN,75,INSIDE,RESIDENCE - PUBLIC HOUSING,,BOULEVARD,"1,017,379","179,331",40.65884511,-73.88059694,"(40.658845109, -73.880596944)"
244720008,3/7/2015,10:00:00,3/7/2015,10:30:00,3/7/2015,124,KIDNAPPING & RELATED OFFENSES,193,CUSTODIAL INTERFERENCE 1,COMPLETED,FELONY,N.Y. HOUSING POLICE,BROOKLYN,75,INSIDE,RESIDENCE - PUBLIC HOUSING,,BOULEVARD,"1,017,379","179,331",40.65884511,-73.88059694,"(40.658845109, -73.880596944)"
655729172,2/13/2015,6:30:00,2/13/2015,14:00:00,2/13/2015,124,KIDNAPPING & RELATED OFFENSES,193,CUSTODIAL INTERFERENCE 1,COMPLETED,FELONY,N.Y. HOUSING POLICE,BROOKLYN,75,INSIDE,RESIDENCE - PUBLIC HOUSING,,BOULEVARD,"1,017,379","179,331",40.65884511,-73.88059694,"(40.658845109, -73.880596944)"
873068761,10/10/2007,7:45:00,10/10/2007,7:45:00,10/10/2007,124,KIDNAPPING & RELATED OFFENSES,185,KIDNAPPING 2,ATTEMPTED,FELONY,N.Y. POLICE DEPT,QUEENS,115,REAR OF,OTHER,,,"1,017,316","216,484",40.76082143,-73.88064155,"(40.76082143, -73.880641553)"
673499988,5/25/2009,11:00:00,5/25/2009,11:30:00,5/25/2009,124,KIDNAPPING & RELATED OFFENSES,183,"IMPRISONMENT 1,UNLAWFUL",COMPLETED,FELONY,N.Y. POLICE DEPT,QUEENS,115,INSIDE,RESIDENCE - APT. HOUSE,,,"1,017,283","212,966",40.75116555,-73.88077796,"(40.751165546, -73.880777959)"
365372389,5/4/2013,13:28:00,5/4/2013,14:15:00,5/4/2013,124,KIDNAPPING & RELATED OFFENSES,183,"IMPRISONMENT 1,UNLAWFUL",COMPLETED,FELONY,N.Y. POLICE DEPT,BRONX,48,FRONT OF,STREET,,,"1,017,158","246,883",40.84425887,-73.8810629,"(40.844258872, -73.881062904)"
879428920,6/30/2007,10:00:00,6/30/2007,11:05:00,6/30/2007,124,KIDNAPPING & RELATED OFFENSES,193,CUSTODIAL INTERFERENCE 1,COMPLETED,FELONY,N.Y. POLICE DEPT,BRONX,48,OPPOSITE OF,STREET,,,"1,017,158","246,883",40.84425887,-73.8810629,"(40.844258872, -73.881062904)"
117431122,10/27/2012,17:00:00,10/27/2012,17:15:00,10/27/2012,124,KIDNAPPING & RELATED OFFENSES,193,CUSTODIAL INTERFERENCE 1,COMPLETED,FELONY,N.Y. HOUSING POLICE,BROOKLYN,75,INSIDE,RESIDENCE - PUBLIC HOUSING,,BOULEVARD,"1,017,184","179,927",40.66048172,-73.88129686,"(40.660481724, -73.881296857)"
301977704,2/13/2016,17:00:00,,,2/14/2016,124,KIDNAPPING & RELATED OFFENSES,193,CUSTODIAL INTERFERENCE 1,COMPLETED,FELONY,N.Y. HOUSING POLICE,BROOKLYN,75,INSIDE,RESIDENCE - PUBLIC HOUSING,,BOULEVARD,"1,017,184","179,927",40.66048172,-73.88129686,"(40.660481724, -73.881296857)"
967334432,7/18/2010,20:30:00,7/18/2010,22:50:00,7/18/2010,124,KIDNAPPING & RELATED OFFENSES,193,CUSTODIAL INTERFERENCE 1,COMPLETED,FELONY,N.Y. POLICE DEPT,BROOKLYN,75,INSIDE,RESIDENCE-HOUSE,,,"1,017,165","183,047",40.6690455,-73.88135011,"(40.669045497, -73.881350107)"
185696828,1/29/2009,22:02:00,1/29/2009,23:39:00,1/30/2009,124,KIDNAPPING & RELATED OFFENSES,185,KIDNAPPING 2,COMPLETED,FELONY,N.Y. POLICE DEPT,BROOKLYN,75,INSIDE,STREET,,,"1,017,119","183,909",40.67141166,-73.88151172,"(40.671411663, -73.881511724)"
748103297,9/9/2006,12:00:00,,,9/9/2006,124,KIDNAPPING & RELATED OFFENSES,193,CUSTODIAL INTERFERENCE 1,COMPLETED,FELONY,N.Y. POLICE DEPT,BROOKLYN,75,FRONT OF,STREET,,,"1,017,119","183,909",40.67141166,-73.88151172,"(40.671411663, -73.881511724)"
453501034,4/9/2010,10:00:00,,,4/9/2010,124,KIDNAPPING & RELATED OFFENSES,193,CUSTODIAL INTERFERENCE 1,COMPLETED,FELONY,N.Y. POLICE DEPT,BROOKLYN,75,INSIDE,RESIDENCE - APT. HOUSE,,,"1,017,018","188,535",40.68410935,-73.88185333,"(40.684109353, -73.881853327)"
949956543,10/5/2011,21:30:00,10/6/2011,7:15:00,10/6/2011,124,KIDNAPPING & RELATED OFFENSES,193,CUSTODIAL INTERFERENCE 1,COMPLETED,FELONY,N.Y. HOUSING POLICE,BROOKLYN,75,INSIDE,RESIDENCE - PUBLIC HOUSING,,LINDEN,"1,016,972","178,443",40.65640926,-73.88206817,"(40.656409259, -73.882068172)"
544798472,1/5/2012,4:54:00,1/5/2012,6:00:00,1/5/2012,124,KIDNAPPING & RELATED OFFENSES,185,KIDNAPPING 2,COMPLETED,FELONY,N.Y. POLICE DEPT,BROOKLYN,75,OPPOSITE OF,STREET,,,"1,016,973","174,004",40.64422517,-73.8820861,"(40.644225174, -73.882086103)"
362369663,10/12/2015,17:00:00,12/12/2015,18:00:00,1/9/2016,124,KIDNAPPING & RELATED OFFENSES,183,"IMPRISONMENT 1,UNLAWFUL",COMPLETED,FELONY,N.Y. POLICE DEPT,BRONX,48,INSIDE,RESIDENCE - APT. HOUSE,,,"1,016,871","247,291",40.84537978,-73.88209822,"(40.845379776, -73.882098215)"
292879918,10/15/2008,19:45:00,10/15/2008,20:00:00,10/15/2008,124,KIDNAPPING & RELATED OFFENSES,183,"IMPRISONMENT 1,UNLAWFUL",COMPLETED,FELONY,N.Y. POLICE DEPT,BRONX,52,INSIDE,RESIDENCE - APT. HOUSE,,,"1,016,832","255,312",40.86739515,-73.88220019,"(40.867395152, -73.882200188)"
581537611,7/31/2015,12:00:00,8/31/2015,21:00:00,8/31/2015,124,KIDNAPPING & RELATED OFFENSES,193,CUSTODIAL INTERFERENCE 1,COMPLETED,FELONY,N.Y. POLICE DEPT,QUEENS,115,INSIDE,RESIDENCE - APT. HOUSE,,,"1,016,873","212,138",40.74889442,-73.88226176,"(40.748894419, -73.882261755)"
187230340,11/14/2014,5:45:00,11/14/2014,10:21:00,11/14/2014,124,KIDNAPPING & RELATED OFFENSES,183,"IMPRISONMENT 1,UNLAWFUL",COMPLETED,FELONY,N.Y. POLICE DEPT,BRONX,48,INSIDE,RESIDENCE - APT. HOUSE,,,"1,016,802","250,581",40.8544101,-73.88233163,"(40.854410101, -73.882331632)"
706897071,3/30/2008,21:00:00,,,3/31/2008,124,KIDNAPPING & RELATED OFFENSES,193,CUSTODIAL INTERFERENCE 1,COMPLETED,FELONY,N.Y. POLICE DEPT,BROOKLYN,75,INSIDE,RESIDENCE - APT. HOUSE,,,"1,016,889","178,072",40.65539125,-73.88236911,"(40.655391252, -73.882369107)"
623068095,9/16/2006,16:45:00,,,9/16/2006,124,KIDNAPPING & RELATED OFFENSES,193,CUSTODIAL INTERFERENCE 1,COMPLETED,FELONY,N.Y. HOUSING POLICE,BROOKLYN,75,INSIDE,RESIDENCE - PUBLIC HOUSING,,BOULEVARD,"1,016,887","179,406",40.6590528,-73.88236986,"(40.659052795, -73.882369859)"
495118410,7/20/2011,15:00:00,,,7/21/2011,124,KIDNAPPING & RELATED OFFENSES,193,CUSTODIAL INTERFERENCE 1,COMPLETED,FELONY,N.Y. POLICE DEPT,BRONX,52,INSIDE,RESIDENCE - APT. HOUSE,,,"1,016,779","259,149",40.87792673,-73.88237318,"(40.877926728, -73.882373184)"
604075032,5/6/2015,11:00:00,5/13/2015,15:00:00,5/6/2015,124,KIDNAPPING & RELATED OFFENSES,187,KIDNAPPING 1,COMPLETED,FELONY,N.Y. POLICE DEPT,BRONX,48,INSIDE,RESIDENCE - APT. HOUSE,,,"1,016,780","248,076",40.84753471,-73.88242331,"(40.847534705, -73.882423311)"
691924184,3/21/2011,10:00:00,3/21/2011,18:00:00,4/25/2011,124,KIDNAPPING & RELATED OFFENSES,193,CUSTODIAL INTERFERENCE 1,COMPLETED,FELONY,N.Y. POLICE DEPT,BROOKLYN,75,INSIDE,RESIDENCE-HOUSE,,,"1,016,865","184,574",40.67323788,-73.88242415,"(40.673237877, -73.882424152)"
555216516,8/24/2015,1:30:00,8/24/2015,1:40:00,8/24/2015,124,KIDNAPPING & RELATED OFFENSES,183,"IMPRISONMENT 1,UNLAWFUL",COMPLETED,FELONY,N.Y. POLICE DEPT,BRONX,48,REAR OF,PARKING LOT/GARAGE (PRIVATE),,,"1,016,773","249,211",40.85064997,-73.88244311,"(40.850649968, -73.882443107)"
639567897,4/26/2006,18:00:00,4/27/2006,11:00:00,4/27/2006,124,KIDNAPPING & RELATED OFFENSES,193,CUSTODIAL INTERFERENCE 1,COMPLETED,FELONY,N.Y. POLICE DEPT,BROOKLYN,75,INSIDE,RESIDENCE - APT. HOUSE,,,"1,016,765","185,742",40.67644414,-73.88277902,"(40.67644414, -73.882779018)"
182844451,11/4/2009,21:00:00,11/6/2009,23:00:00,11/7/2009,124,KIDNAPPING & RELATED OFFENSES,183,"IMPRISONMENT 1,UNLAWFUL",COMPLETED,FELONY,N.Y. POLICE DEPT,BROOKLYN,75,INSIDE,RESIDENCE - APT. HOUSE,,,"1,016,709","175,702",40.64888679,-73.88302924,"(40.648886785, -73.88302924)"
289972767,8/25/2006,10:30:00,8/25/2006,10:55:00,8/25/2006,124,KIDNAPPING & RELATED OFFENSES,183,"IMPRISONMENT 1,UNLAWFUL",COMPLETED,FELONY,N.Y. POLICE DEPT,BROOKLYN,75,INSIDE,RESIDENCE - APT. HOUSE,,,"1,016,655","182,656",40.66797417,-73.88319042,"(40.667974171, -73.883190422)"
862609696,6/2/2015,12:00:00,9/30/2015,12:00:00,10/1/2015,124,KIDNAPPING & RELATED OFFENSES,193,CUSTODIAL INTERFERENCE 1,COMPLETED,FELONY,N.Y. POLICE DEPT,BROOKLYN,75,INSIDE,RESIDENCE - APT. HOUSE,,,"1,016,630","186,416",40.67829461,-73.88326248,"(40.678294611, -73.883262479)"
288665229,12/17/2013,23:15:00,,,12/18/2013,124,KIDNAPPING & RELATED OFFENSES,193,CUSTODIAL INTERFERENCE 1,COMPLETED,FELONY,N.Y. POLICE DEPT,BROOKLYN,75,FRONT OF,STREET,,,"1,016,630","186,416",40.67829461,-73.88326248,"(40.678294611, -73.883262479)"
435646666,6/3/2015,12:00:00,6/3/2015,12:00:00,6/3/2015,124,KIDNAPPING & RELATED OFFENSES,183,"IMPRISONMENT 1,UNLAWFUL",COMPLETED,FELONY,N.Y. HOUSING POLICE,BROOKLYN,75,FRONT OF,RESIDENCE - PUBLIC HOUSING,,BOULEVARD,"1,016,586","179,940",40.66051961,-73.88345217,"(40.66051961, -73.883452174)"
113218085,6/27/2010,10:30:00,6/28/2010,11:54:00,6/28/2010,124,KIDNAPPING & RELATED OFFENSES,193,CUSTODIAL INTERFERENCE 1,COMPLETED,FELONY,N.Y. HOUSING POLICE,BROOKLYN,75,INSIDE,RESIDENCE - PUBLIC HOUSING,,BOULEVARD,"1,016,586","179,940",40.66051961,-73.88345217,"(40.66051961, -73.883452174)"
727096409,10/4/2007,22:00:00,10/5/2007,15:30:00,10/5/2007,124,KIDNAPPING & RELATED OFFENSES,183,"IMPRISONMENT 1,UNLAWFUL",COMPLETED,FELONY,N.Y. POLICE DEPT,BRONX,48,INSIDE,RESIDENCE - APT. HOUSE,,,"1,016,453","246,384",40.84289186,-73.88361336,"(40.842891864, -73.883613361)"
790148285,11/12/2010,12:00:00,11/19/2010,12:00:00,11/19/2010,124,KIDNAPPING & RELATED OFFENSES,183,"IMPRISONMENT 1,UNLAWFUL",COMPLETED,FELONY,N.Y. POLICE DEPT,BRONX,52,INSIDE,RESIDENCE - APT. HOUSE,,,"1,016,398","256,004",40.86929607,-73.88376601,"(40.869296071, -73.883766008)"
731491173,6/27/2010,23:00:00,,,6/28/2010,124,KIDNAPPING & RELATED OFFENSES,183,"IMPRISONMENT 1,UNLAWFUL",COMPLETED,FELONY,N.Y. POLICE DEPT,BRONX,52,INSIDE,RESIDENCE - APT. HOUSE,,,"1,016,398","256,004",40.86929607,-73.88376601,"(40.869296071, -73.883766008)"
943786669,6/18/2006,18:00:00,6/18/2006,23:55:00,6/18/2006,124,KIDNAPPING & RELATED OFFENSES,193,CUSTODIAL INTERFERENCE 1,COMPLETED,FELONY,N.Y. POLICE DEPT,BRONX,52,FRONT OF,RESIDENCE - APT. HOUSE,,,"1,016,398","256,004",40.86929607,-73.88376601,"(40.869296071, -73.883766008)"
825087725,3/5/2009,22:15:00,,,3/6/2009,124,KIDNAPPING & RELATED OFFENSES,193,CUSTODIAL INTERFERENCE 1,COMPLETED,FELONY,N.Y. POLICE DEPT,BROOKLYN,75,FRONT OF,RESIDENCE - APT. HOUSE,,,"1,016,488","186,417",40.67829787,-73.88377442,"(40.678297874, -73.883774422)"
848227181,10/1/2015,7:00:00,10/1/2015,9:30:00,10/1/2015,124,KIDNAPPING & RELATED OFFENSES,185,KIDNAPPING 2,COMPLETED,FELONY,N.Y. POLICE DEPT,QUEENS,110,,STREET,,,"1,016,409","211,680",40.74763902,-73.88393857,"(40.747639024, -73.883938566)"
453850898,2/12/2006,18:00:00,,,2/13/2006,124,KIDNAPPING & RELATED OFFENSES,193,CUSTODIAL INTERFERENCE 1,COMPLETED,FELONY,N.Y. POLICE DEPT,BRONX,52,INSIDE,RESIDENCE-HOUSE,,,"1,016,343","260,864",40.88263546,-73.88394159,"(40.882635463, -73.883941587)"
969768217,8/6/2014,20:30:00,8/7/2014,22:30:00,8/7/2014,124,KIDNAPPING & RELATED OFFENSES,193,CUSTODIAL INTERFERENCE 1,COMPLETED,FELONY,N.Y. HOUSING POLICE,BROOKLYN,69,INSIDE,RESIDENCE - PUBLIC HOUSING,,,"1,016,452","170,415",40.63437605,-73.88398062,"(40.634376052, -73.883980622)"
682669568,4/27/2006,17:00:00,,,5/10/2006,124,KIDNAPPING & RELATED OFFENSES,193,CUSTODIAL INTERFERENCE 1,COMPLETED,FELONY,N.Y. HOUSING POLICE,BROOKLYN,69,INSIDE,RESIDENCE - APT. HOUSE,,,"1,016,452","170,415",40.63437605,-73.88398062,"(40.634376052, -73.883980622)"
464573362,8/18/2007,17:00:00,8/19/2007,19:00:00,8/19/2007,124,KIDNAPPING & RELATED OFFENSES,183,"IMPRISONMENT 1,UNLAWFUL",COMPLETED,FELONY,N.Y. HOUSING POLICE,BROOKLYN,75,INSIDE,RESIDENCE - PUBLIC HOUSING,,LINDEN,"1,016,409","178,125",40.65553848,-73.88409879,"(40.655538482, -73.884098793)"
551164072,10/24/2007,14:00:00,,,10/26/2007,124,KIDNAPPING & RELATED OFFENSES,193,CUSTODIAL INTERFERENCE 1,COMPLETED,FELONY,N.Y. POLICE DEPT,BROOKLYN,75,INSIDE,RESIDENCE-HOUSE,,,"1,016,371","182,312",40.667031,-73.8842158,"(40.667031003, -73.884215801)"
418000942,2/17/2008,23:30:00,2/17/2008,23:35:00,2/18/2008,124,KIDNAPPING & RELATED OFFENSES,183,"IMPRISONMENT 1,UNLAWFUL",COMPLETED,FELONY,N.Y. POLICE DEPT,BRONX,52,FRONT OF,STREET,,,"1,016,260","261,074",40.88321215,-73.88424074,"(40.883212148, -73.884240741)"
989675370,6/13/2007,13:20:00,,,6/13/2007,124,KIDNAPPING & RELATED OFFENSES,185,KIDNAPPING 2,COMPLETED,FELONY,N.Y. POLICE DEPT,BRONX,42,,STREET,,,"1,016,280","243,941",40.83618717,-73.88425028,"(40.836187173, -73.884250284)"
748280493,2/22/2010,17:00:00,2/22/2010,20:49:00,2/22/2010,124,KIDNAPPING & RELATED OFFENSES,193,CUSTODIAL INTERFERENCE 1,COMPLETED,FELONY,N.Y. POLICE DEPT,QUEENS,110,INSIDE,RESIDENCE-HOUSE,,,"1,016,326","205,743",40.73134375,-73.88426642,"(40.731343746, -73.884266423)"
762042167,11/11/2012,13:00:00,11/12/2012,2:00:00,11/12/2012,124,KIDNAPPING & RELATED OFFENSES,185,KIDNAPPING 2,COMPLETED,FELONY,N.Y. POLICE DEPT,BRONX,48,,RESIDENCE - APT. HOUSE,,,"1,016,243","251,961",40.85819983,-73.88434573,"(40.85819983, -73.884345731)"
192275207,11/19/2008,8:00:00,11/19/2008,10:30:00,11/19/2008,124,KIDNAPPING & RELATED OFFENSES,183,"IMPRISONMENT 1,UNLAWFUL",COMPLETED,FELONY,N.Y. POLICE DEPT,BROOKLYN,75,INSIDE,RESIDENCE-HOUSE,,,"1,016,323","184,947",40.67426366,-73.88437629,"(40.674263657, -73.884376288)"
569512261,1/11/2009,22:30:00,1/11/2009,23:00:00,1/13/2009,124,KIDNAPPING & RELATED OFFENSES,183,"IMPRISONMENT 1,UNLAWFUL",COMPLETED,FELONY,N.Y. POLICE DEPT,QUEENS,115,INSIDE,RESIDENCE - APT. HOUSE,,,"1,016,252","212,822",40.75077409,-73.88449975,"(40.750774094, -73.884499749)"
329102754,4/14/2013,12:42:00,,,4/14/2013,124,KIDNAPPING & RELATED OFFENSES,183,"IMPRISONMENT 1,UNLAWFUL",COMPLETED,FELONY,N.Y. POLICE DEPT,BROOKLYN,75,INSIDE,RESIDENCE-HOUSE,,,"1,016,261","182,869",40.66856024,-73.88460967,"(40.668560242, -73.88460967)"
167998037,11/23/2008,2:30:00,11/23/2008,8:00:00,11/23/2008,124,KIDNAPPING & RELATED OFFENSES,183,"IMPRISONMENT 1,UNLAWFUL",COMPLETED,FELONY,N.Y. POLICE DEPT,BRONX,52,INSIDE,RESIDENCE - APT. HOUSE,,,"1,016,153","256,549",40.87079282,-73.88464924,"(40.870792818, -73.884649242)"
254114269,10/11/2008,8:20:00,10/11/2008,8:46:00,10/11/2008,124,KIDNAPPING & RELATED OFFENSES,183,"IMPRISONMENT 1,UNLAWFUL",COMPLETED,FELONY,N.Y. POLICE DEPT,BRONX,52,INSIDE,RESIDENCE - APT. HOUSE,,,"1,016,153","256,549",40.87079282,-73.88464924,"(40.870792818, -73.884649242)"
585129134,11/28/2013,3:00:00,11/28/2013,5:08:00,11/28/2013,124,KIDNAPPING & RELATED OFFENSES,183,"IMPRISONMENT 1,UNLAWFUL",COMPLETED,FELONY,N.Y. POLICE DEPT,BRONX,48,INSIDE,RESIDENCE - APT. HOUSE,,,"1,016,119","250,526",40.85426164,-73.88480082,"(40.854261635, -73.884800816)"
776470380,4/21/2007,3:30:00,4/21/2007,4:00:00,4/21/2007,124,KIDNAPPING & RELATED OFFENSES,183,"IMPRISONMENT 1,UNLAWFUL",COMPLETED,FELONY,N.Y. POLICE DEPT,QUEENS,115,,STREET,,,"1,016,155","211,645",40.74754388,-73.88485543,"(40.747543879, -73.884855425)"
886457003,1/29/2016,7:40:00,1/29/2016,7:50:00,1/29/2016,124,KIDNAPPING,186,LURING A CHILD,COMPLETED,FELONY,N.Y. POLICE DEPT,QUEENS,115,FRONT OF,STREET,,,"1,016,101","212,030",40.7486008,-73.88504849,"(40.7486008, -73.885048489)"
642919556,6/11/2008,22:00:00,,,6/11/2008,124,KIDNAPPING & RELATED OFFENSES,193,CUSTODIAL INTERFERENCE 1,COMPLETED,FELONY,N.Y. HOUSING POLICE,BROOKLYN,75,INSIDE,RESIDENCE - PUBLIC HOUSING,,LINDEN,"1,016,133","178,623",40.65690638,-73.88509116,"(40.65690638, -73.885091156)"
434105002,2/9/2009,22:45:00,2/9/2009,22:48:00,2/10/2009,124,KIDNAPPING & RELATED OFFENSES,185,KIDNAPPING 2,ATTEMPTED,FELONY,N.Y. POLICE DEPT,BRONX,52,FRONT OF,STREET,,,"1,016,023","260,916",40.88277934,-73.88509857,"(40.882779344, -73.885098574)"
758176358,5/12/2013,11:00:00,5/13/2013,9:00:00,5/13/2013,124,KIDNAPPING & RELATED OFFENSES,183,"IMPRISONMENT 1,UNLAWFUL",COMPLETED,FELONY,N.Y. POLICE DEPT,BRONX,48,INSIDE,RESIDENCE - APT. HOUSE,,,"1,016,031","249,137",40.85044956,-73.8851255,"(40.850449563, -73.885125504)"
123856640,5/15/2007,11:30:00,,,5/15/2007,124,KIDNAPPING & RELATED OFFENSES,187,KIDNAPPING 1,COMPLETED,FELONY,N.Y. POLICE DEPT,BROOKLYN,75,FRONT OF,STREET,,,"1,016,120","179,676",40.65979668,-73.88513303,"(40.659796678, -73.885133033)"
412265410,11/29/2006,8:30:00,11/30/2006,18:00:00,11/30/2006,124,KIDNAPPING & RELATED OFFENSES,187,KIDNAPPING 1,COMPLETED,FELONY,N.Y. POLICE DEPT,BROOKLYN,75,INSIDE,RESIDENCE-HOUSE,,,"1,016,108","187,684",40.68177688,-73.88513844,"(40.681776875, -73.885138438)"
776565734,6/21/2013,14:00:00,6/21/2013,14:05:00,6/21/2013,124,KIDNAPPING & RELATED OFFENSES,193,CUSTODIAL INTERFERENCE 1,COMPLETED,FELONY,N.Y. POLICE DEPT,QUEENS,115,FRONT OF,PARKING LOT/GARAGE (PRIVATE),,,"1,016,067","217,910",40.76474001,-73.88514337,"(40.764740013, -73.885143373)"
295192288,2/4/2015,20:00:00,2/7/2015,13:00:00,2/7/2015,124,KIDNAPPING & RELATED OFFENSES,187,KIDNAPPING 1,COMPLETED,FELONY,N.Y. POLICE DEPT,BRONX,43,INSIDE,HOTEL/MOTEL,,,"1,016,011","241,567",40.8296722,-73.88523364,"(40.829672202, -73.885233644)"
288008232,8/1/2016,1:00:00,11/11/2016,0:45:00,11/11/2016,124,KIDNAPPING & RELATED OFFENSES,187,KIDNAPPING 1,COMPLETED,FELONY,N.Y. POLICE DEPT,BRONX,52,INSIDE,RESIDENCE - APT. HOUSE,,,"1,015,976","255,472",40.86783742,-73.88529432,"(40.867837421, -73.885294324)"
442379368,7/26/2009,18:00:00,,,8/5/2009,124,KIDNAPPING & RELATED OFFENSES,183,"IMPRISONMENT 1,UNLAWFUL",COMPLETED,FELONY,N.Y. POLICE DEPT,BRONX,52,,RESIDENCE - APT. HOUSE,,,"1,015,964","258,947",40.87737527,-73.88532126,"(40.877375266, -73.885321262)"
534789791,3/25/2016,18:20:00,,,3/25/2016,124,KIDNAPPING & RELATED OFFENSES,183,"IMPRISONMENT 1,UNLAWFUL",COMPLETED,FELONY,N.Y. POLICE DEPT,BRONX,52,,STREET,,,"1,015,964","258,947",40.87737527,-73.88532126,"(40.877375266, -73.885321262)"
352812053,5/25/2010,6:30:00,5/25/2010,22:00:00,5/26/2010,124,KIDNAPPING & RELATED OFFENSES,193,CUSTODIAL INTERFERENCE 1,COMPLETED,FELONY,N.Y. POLICE DEPT,BRONX,52,INSIDE,RESIDENCE - APT. HOUSE,,,"1,015,952","255,280",40.86731053,-73.88538201,"(40.867310526, -73.885382005)"
217553041,2/15/2007,19:15:00,2/15/2007,21:15:00,2/16/2007,124,KIDNAPPING & RELATED OFFENSES,183,"IMPRISONMENT 1,UNLAWFUL",COMPLETED,FELONY,N.Y. POLICE DEPT,QUEENS,115,INSIDE,STREET,,,"1,015,995","212,787",40.75067896,-73.88542748,"(40.750678955, -73.885427478)"
599644363,12/17/2011,14:35:00,12/17/2011,15:50:00,12/17/2011,124,KIDNAPPING & RELATED OFFENSES,183,"IMPRISONMENT 1,UNLAWFUL",COMPLETED,FELONY,N.Y. POLICE DEPT,BROOKLYN,75,INSIDE,RESIDENCE - APT. HOUSE,,,"1,016,033","176,755",40.65177949,-73.88546037,"(40.651779491, -73.88546037)"
674635209,10/19/2009,18:50:00,10/19/2009,19:00:00,10/19/2009,124,KIDNAPPING & RELATED OFFENSES,185,KIDNAPPING 2,ATTEMPTED,FELONY,N.Y. POLICE DEPT,BRONX,41,,STREET,,,"1,015,927","236,094",40.81465068,-73.88556301,"(40.814650677, -73.885563012)"
515691041,9/11/2006,9:10:00,9/12/2006,11:30:00,9/13/2006,124,KIDNAPPING & RELATED OFFENSES,185,KIDNAPPING 2,COMPLETED,FELONY,N.Y. POLICE DEPT,BROOKLYN,75,FRONT OF,STREET,,,"1,015,992","176,732",40.65171651,-73.88560824,"(40.651716508, -73.885608235)"
308649344,10/31/2016,9:15:00,10/31/2016,9:20:00,10/31/2016,124,KIDNAPPING & RELATED OFFENSES,183,"IMPRISONMENT 1,UNLAWFUL",COMPLETED,FELONY,N.Y. POLICE DEPT,BRONX,52,,STREET,,,"1,015,792","260,081",40.88048836,-73.88593789,"(40.880488359, -73.885937887)"
256438230,8/22/2013,15:50:00,8/22/2013,16:00:00,8/22/2013,124,KIDNAPPING & RELATED OFFENSES,183,"IMPRISONMENT 1,UNLAWFUL",COMPLETED,FELONY,N.Y. POLICE DEPT,QUEENS,115,INSIDE,RESIDENCE - APT. HOUSE,,,"1,015,843","211,994",40.74850292,-73.8859798,"(40.748502915, -73.885979801)"
203878327,12/12/2011,23:30:00,12/13/2011,6:00:00,12/13/2011,124,KIDNAPPING & RELATED OFFENSES,185,KIDNAPPING 2,COMPLETED,FELONY,N.Y. POLICE DEPT,QUEENS,115,INSIDE,RESIDENCE - APT. HOUSE,,,"1,015,814","213,140",40.7516485,-73.88607909,"(40.751648498, -73.886079086)"
759193873,12/12/2011,23:30:00,12/13/2011,6:00:00,12/13/2011,124,KIDNAPPING & RELATED OFFENSES,185,KIDNAPPING 2,COMPLETED,FELONY,N.Y. POLICE DEPT,QUEENS,115,INSIDE,RESIDENCE - APT. HOUSE,,,"1,015,814","213,140",40.7516485,-73.88607909,"(40.751648498, -73.886079086)"
870858480,4/24/2010,11:00:00,4/24/2010,11:14:00,4/24/2010,124,KIDNAPPING & RELATED OFFENSES,185,KIDNAPPING 2,ATTEMPTED,FELONY,N.Y. POLICE DEPT,BRONX,41,,STREET,,,"1,015,760","236,927",40.81693762,-73.88616242,"(40.816937624, -73.886162416)"
298082204,5/31/2006,16:00:00,7/7/2006,16:27:00,7/7/2006,124,KIDNAPPING & RELATED OFFENSES,193,CUSTODIAL INTERFERENCE 1,COMPLETED,FELONY,N.Y. POLICE DEPT,BRONX,41,INSIDE,RESIDENCE - APT. HOUSE,,,"1,015,756","235,626",40.81336676,-73.88618297,"(40.81336676, -73.886182974)"
872383021,6/11/2007,10:41:00,6/11/2007,12:00:00,6/11/2007,124,KIDNAPPING & RELATED OFFENSES,185,KIDNAPPING 2,COMPLETED,FELONY,N.Y. POLICE DEPT,BRONX,48,FRONT OF,RESIDENCE-HOUSE,,,"1,015,655","246,682",40.84371266,-73.8864961,"(40.84371266, -73.886496095)"
116974405,1/17/2008,16:25:00,1/17/2008,16:29:00,1/17/2008,124,KIDNAPPING & RELATED OFFENSES,183,"IMPRISONMENT 1,UNLAWFUL",COMPLETED,FELONY,N.Y. POLICE DEPT,BRONX,52,INSIDE,PUBLIC SCHOOL,,,"1,015,633","260,449",40.88149897,-73.88651115,"(40.881498971, -73.886511145)"
503397724,3/24/2006,18:00:00,4/4/2006,15:30:00,4/6/2006,124,KIDNAPPING & RELATED OFFENSES,193,CUSTODIAL INTERFERENCE 1,COMPLETED,FELONY,N.Y. POLICE DEPT,BROOKLYN,75,FRONT OF,RESIDENCE-HOUSE,,,"1,015,707","187,023",40.67996402,-73.88658731,"(40.679964016, -73.886587314)"
179304969,4/30/2016,13:45:00,4/30/2016,15:00:00,4/30/2016,124,KIDNAPPING & RELATED OFFENSES,193,CUSTODIAL INTERFERENCE 1,COMPLETED,FELONY,N.Y. POLICE DEPT,BRONX,48,INSIDE,RESIDENCE - APT. HOUSE,,,"1,015,630","246,174",40.84231844,-73.88658883,"(40.842318439, -73.886588828)"
315197041,6/5/2015,19:15:00,6/5/2015,19:35:00,6/5/2015,124,KIDNAPPING & RELATED OFFENSES,185,KIDNAPPING 2,COMPLETED,FELONY,N.Y. POLICE DEPT,BRONX,42,FRONT OF,RESIDENCE - APT. HOUSE,,,"1,015,630","243,139",40.83398825,-73.88660303,"(40.83398825, -73.886603027)"
565908678,12/4/2008,15:30:00,,,12/5/2008,124,KIDNAPPING & RELATED OFFENSES,185,KIDNAPPING 2,ATTEMPTED,FELONY,N.Y. POLICE DEPT,BROOKLYN,75,,STREET,,,"1,015,671","184,579",40.67325592,-73.8867285,"(40.673255919, -73.886728501)"
946653722,5/19/2006,4:30:00,,,5/19/2006,124,KIDNAPPING & RELATED OFFENSES,183,"IMPRISONMENT 1,UNLAWFUL",COMPLETED,FELONY,N.Y. POLICE DEPT,QUEENS,110,FRONT OF,STREET,,,"1,015,626","208,396",40.73862808,-73.88677975,"(40.738628083, -73.886779754)"
449546670,10/23/2012,9:53:00,,,10/23/2012,124,KIDNAPPING & RELATED OFFENSES,193,CUSTODIAL INTERFERENCE 1,COMPLETED,FELONY,N.Y. POLICE DEPT,BRONX,42,INSIDE,PUBLIC SCHOOL,,,"1,015,576","242,072",40.83105984,-73.88680315,"(40.831059835, -73.88680315)"
355805265,3/16/2013,10:30:00,3/19/2013,14:20:00,3/19/2013,124,KIDNAPPING & RELATED OFFENSES,183,"IMPRISONMENT 1,UNLAWFUL",COMPLETED,FELONY,N.Y. POLICE DEPT,BRONX,52,INSIDE,RESIDENCE - APT. HOUSE,,,"1,015,519","258,610",40.87645189,-73.88693199,"(40.876451894, -73.886931986)"
879961887,6/2/2006,8:40:00,6/2/2006,9:29:00,6/2/2006,124,KIDNAPPING & RELATED OFFENSES,185,KIDNAPPING 2,ATTEMPTED,FELONY,N.Y. POLICE DEPT,BRONX,42,FRONT OF,STREET,,,"1,015,531","244,860",40.83871225,-73.88695276,"(40.838712245, -73.886952758)"
393309157,8/14/2010,16:30:00,8/15/2010,8:45:00,8/19/2010,124,KIDNAPPING & RELATED OFFENSES,183,"IMPRISONMENT 1,UNLAWFUL",COMPLETED,FELONY,N.Y. POLICE DEPT,BRONX,48,INSIDE,RESIDENCE-HOUSE,,,"1,015,518","247,125",40.84492905,-73.88698918,"(40.84492905, -73.886989179)"
766320751,1/26/2006,19:00:00,1/26/2006,19:05:00,1/26/2006,124,KIDNAPPING & RELATED OFFENSES,193,CUSTODIAL INTERFERENCE 1,COMPLETED,FELONY,N.Y. POLICE DEPT,BRONX,41,INSIDE,RESIDENCE - APT. HOUSE,,,"1,015,503","235,565",40.81320023,-73.88709724,"(40.813200231, -73.887097244)"
364256749,10/28/2011,22:00:00,10/29/2011,1:44:00,10/29/2011,124,KIDNAPPING & RELATED OFFENSES,185,KIDNAPPING 2,COMPLETED,FELONY,N.Y. POLICE DEPT,QUEENS,115,FRONT OF,STREET,,,"1,015,514","216,231",40.76013357,-73.88714749,"(40.760133566, -73.887147486)"
950900481,2/8/2014,19:00:00,,,2/8/2014,124,KIDNAPPING & RELATED OFFENSES,193,CUSTODIAL INTERFERENCE 1,COMPLETED,FELONY,N.Y. HOUSING POLICE,BROOKLYN,75,INSIDE,RESIDENCE - PUBLIC HOUSING,,PENNSYLVANIA AVENUE-WORTMAN AVENUE,"1,015,537","178,639",40.65695242,-73.88723914,"(40.656952422, -73.887239136)"
516382985,5/7/2010,20:40:00,5/7/2010,21:20:00,5/7/2010,124,KIDNAPPING & RELATED OFFENSES,185,KIDNAPPING 2,COMPLETED,FELONY,N.Y. POLICE DEPT,BROOKLYN,75,,PARK/PLAYGROUND,,,"1,015,493","188,114",40.68295932,-73.88735381,"(40.682959319, -73.887353805)"
995763641,8/29/2007,1:30:00,,,8/29/2007,124,KIDNAPPING & RELATED OFFENSES,183,"IMPRISONMENT 1,UNLAWFUL",COMPLETED,FELONY,N.Y. POLICE DEPT,BROOKLYN,75,INSIDE,RESIDENCE - APT. HOUSE,,,"1,015,481","183,588",40.67053652,-73.88741804,"(40.67053652, -73.887418044)"
572278281,8/31/2013,22:00:00,8/31/2013,23:40:00,9/1/2013,124,KIDNAPPING & RELATED OFFENSES,183,"IMPRISONMENT 1,UNLAWFUL",COMPLETED,FELONY,N.Y. POLICE DEPT,BROOKLYN,75,INSIDE,RESIDENCE-HOUSE,,,"1,015,481","181,598",40.66507442,-73.88742726,"(40.665074417, -73.887427263)"
462175541,3/9/2009,20:40:00,,,3/9/2009,124,KIDNAPPING & RELATED OFFENSES,185,KIDNAPPING 2,ATTEMPTED,FELONY,N.Y. POLICE DEPT,BRONX,42,FRONT OF,RESIDENCE-HOUSE,,,"1,015,394","243,245",40.83428002,-73.88745537,"(40.834280024, -73.88745537)"
716020008,6/22/2011,16:00:00,6/22/2011,19:00:00,6/22/2011,124,KIDNAPPING & RELATED OFFENSES,183,"IMPRISONMENT 1,UNLAWFUL",COMPLETED,FELONY,N.Y. POLICE DEPT,BROOKLYN,75,INSIDE,RESIDENCE-HOUSE,,,"1,015,457","185,017",40.67445889,-73.88749795,"(40.674458887, -73.887497945)"
435680370,3/25/2014,2:00:00,3/25/2014,7:30:00,3/28/2014,124,KIDNAPPING & RELATED OFFENSES,183,"IMPRISONMENT 1,UNLAWFUL",COMPLETED,FELONY,N.Y. POLICE DEPT,BROOKLYN,75,INSIDE,HOTEL/MOTEL,,,"1,015,443","176,939",40.65228663,-73.88758579,"(40.652286628, -73.887585787)"
157313862,11/7/2013,15:41:00,11/7/2013,17:20:00,11/7/2013,124,KIDNAPPING & RELATED OFFENSES,183,"IMPRISONMENT 1,UNLAWFUL",COMPLETED,FELONY,N.Y. HOUSING POLICE,BROOKLYN,69,INSIDE,RESIDENCE - PUBLIC HOUSING,,BAY VIEW,"1,015,449","170,671",40.63508231,-73.88759315,"(40.635082306, -73.88759315)"
958991780,2/21/2014,3:00:00,,,2/21/2014,124,KIDNAPPING & RELATED OFFENSES,183,"IMPRISONMENT 1,UNLAWFUL",COMPLETED,FELONY,N.Y. POLICE DEPT,QUEENS,115,,STREET,,,"1,015,386","215,269",40.75749358,-73.88761398,"(40.757493575, -73.887613984)"
541418643,7/5/2010,4:00:00,7/5/2010,4:10:00,7/6/2010,124,KIDNAPPING & RELATED OFFENSES,183,"IMPRISONMENT 1,UNLAWFUL",COMPLETED,FELONY,N.Y. POLICE DEPT,BROOKLYN,75,FRONT OF,RESTAURANT/DINER,,,"1,015,390","186,661",40.67897153,-73.88773189,"(40.678971529, -73.887731888)"
665366718,6/23/2014,8:00:00,6/23/2014,19:18:00,6/23/2014,124,KIDNAPPING & RELATED OFFENSES,183,"IMPRISONMENT 1,UNLAWFUL",COMPLETED,FELONY,N.Y. POLICE DEPT,BROOKLYN,75,INSIDE,RESIDENCE-HOUSE,,,"1,015,379","182,115",40.66649383,-73.88779254,"(40.666493826, -73.88779254)"
499623924,3/4/2010,14:40:00,3/4/2010,14:50:00,3/4/2010,124,KIDNAPPING & RELATED OFFENSES,193,CUSTODIAL INTERFERENCE 1,COMPLETED,FELONY,N.Y. POLICE DEPT,BRONX,48,,STREET,,,"1,015,283","247,424",40.84575055,-73.88783716,"(40.845750546, -73.887837158)"
865846084,11/23/2014,21:55:00,,16:14:00,11/27/2014,124,KIDNAPPING & RELATED OFFENSES,193,CUSTODIAL INTERFERENCE 1,COMPLETED,FELONY,N.Y. HOUSING POLICE,BRONX,41,,RESIDENCE - PUBLIC HOUSING,,LONGFELLOW AVENUE REHAB,"1,015,284","240,357",40.82635368,-73.88786624,"(40.826353684, -73.88786624)"
405815815,2/28/2015,22:00:00,,,3/1/2015,124,KIDNAPPING & RELATED OFFENSES,193,CUSTODIAL INTERFERENCE 1,COMPLETED,FELONY,N.Y. POLICE DEPT,BROOKLYN,75,INSIDE,SOCIAL CLUB/POLICY,,,"1,015,330","186,316",40.67802479,-73.8879498,"(40.678024794, -73.887949797)"
882542073,2/6/2007,12:00:00,2/20/2007,3:59:00,2/20/2007,124,KIDNAPPING & RELATED OFFENSES,187,KIDNAPPING 1,COMPLETED,FELONY,N.Y. POLICE DEPT,BRONX,41,INSIDE,RESIDENCE - APT. HOUSE,,,"1,015,248","235,512",40.81305566,-73.8880187,"(40.81305566, -73.888018698)"
340344203,8/29/2006,18:00:00,8/30/2006,2:00:00,8/30/2006,124,KIDNAPPING & RELATED OFFENSES,183,"IMPRISONMENT 1,UNLAWFUL",COMPLETED,FELONY,N.Y. POLICE DEPT,BRONX,41,INSIDE,RESIDENCE - APT. HOUSE,,,"1,015,248","235,512",40.81305566,-73.8880187,"(40.81305566, -73.888018698)"
691768648,12/23/2007,19:00:00,12/24/2007,12:00:00,12/24/2007,124,KIDNAPPING & RELATED OFFENSES,193,CUSTODIAL INTERFERENCE 1,COMPLETED,FELONY,N.Y. POLICE DEPT,BRONX,41,INSIDE,RESIDENCE - APT. HOUSE,,,"1,015,229","237,601",40.81878944,-73.8880777,"(40.818789442, -73.888077695)"
599996053,10/12/2008,2:23:00,,,10/12/2008,124,KIDNAPPING & RELATED OFFENSES,185,KIDNAPPING 2,COMPLETED,FELONY,N.Y. POLICE DEPT,BRONX,52,INSIDE,RESIDENCE - APT. HOUSE,,,"1,015,192","257,668",40.87386755,-73.88811878,"(40.873867549, -73.888118775)"
353453196,7/6/2008,10:20:00,7/6/2008,10:50:00,7/6/2008,124,KIDNAPPING & RELATED OFFENSES,183,"IMPRISONMENT 1,UNLAWFUL",COMPLETED,FELONY,N.Y. POLICE DEPT,BRONX,52,INSIDE,RESIDENCE - APT. HOUSE,,,"1,015,187","256,132",40.86965172,-73.88814395,"(40.869651719, -73.888143946)"
132039015,2/21/2009,21:15:00,2/21/2009,21:30:00,2/21/2009,124,KIDNAPPING & RELATED OFFENSES,193,CUSTODIAL INTERFERENCE 1,COMPLETED,FELONY,N.Y. POLICE DEPT,QUEENS,104,INSIDE,RESIDENCE-HOUSE,,,"1,015,211","195,666",40.70368879,-73.88833585,"(40.70368879, -73.888335854)"
973581605,12/30/2006,17:00:00,,,1/3/2007,124,KIDNAPPING & RELATED OFFENSES,193,CUSTODIAL INTERFERENCE 1,COMPLETED,FELONY,N.Y. POLICE DEPT,BRONX,42,INSIDE,RESIDENCE - APT. HOUSE,,,"1,015,129","243,981",40.83630106,-73.88840962,"(40.836301061, -73.888409621)"
651184065,6/28/2010,12:00:00,,,6/28/2010,124,KIDNAPPING & RELATED OFFENSES,187,KIDNAPPING 1,COMPLETED,FELONY,N.Y. HOUSING POLICE,BRONX,42,,RESIDENCE - PUBLIC HOUSING,,EAST 173RD STREET-VYSE AVENUE,"1,015,121","242,644",40.83263141,-73.88844469,"(40.832631412, -73.888444685)"
122402341,4/24/2010,10:45:00,4/24/2010,11:14:00,4/24/2010,124,KIDNAPPING & RELATED OFFENSES,183,"IMPRISONMENT 1,UNLAWFUL",COMPLETED,FELONY,N.Y. POLICE DEPT,BRONX,41,INSIDE,RESIDENCE - APT. HOUSE,,,"1,015,115","238,137",40.82026101,-73.8884871,"(40.82026101, -73.888487099)"
601848137,11/5/2012,17:15:00,,,11/5/2012,124,KIDNAPPING & RELATED OFFENSES,185,KIDNAPPING 2,ATTEMPTED,FELONY,N.Y. POLICE DEPT,BROOKLYN,75,,STREET,,,"1,015,175","184,482",40.67299142,-73.88851703,"(40.672991422, -73.888517028)"
969537356,8/3/2015,14:51:00,8/3/2015,17:54:00,8/3/2015,124,KIDNAPPING & RELATED OFFENSES,187,KIDNAPPING 1,COMPLETED,FELONY,N.Y. POLICE DEPT,BRONX,52,INSIDE,RESIDENCE - APT. HOUSE,,,"1,015,056","255,001",40.86654793,-73.8886228,"(40.866547928, -73.888622796)"
288865092,5/1/2009,12:30:00,5/4/2009,22:00:00,5/4/2009,124,KIDNAPPING & RELATED OFFENSES,193,CUSTODIAL INTERFERENCE 1,COMPLETED,FELONY,N.Y. POLICE DEPT,BRONX,41,INSIDE,RESIDENCE - APT. HOUSE,,,"1,015,073","239,579",40.82421904,-73.88863222,"(40.824219035, -73.88863222)"
110311379,3/6/2013,18:45:00,3/6/2013,23:45:00,3/10/2013,124,KIDNAPPING & RELATED OFFENSES,183,"IMPRISONMENT 1,UNLAWFUL",COMPLETED,FELONY,N.Y. POLICE DEPT,BROOKLYN,75,INSIDE,RESIDENCE - APT. HOUSE,,,"1,015,129","182,068",40.6663657,-73.88869392,"(40.666365697, -73.888693916)"
986200805,4/16/2016,2:00:00,4/26/2016,17:57:00,4/26/2016,124,KIDNAPPING & RELATED OFFENSES,183,"IMPRISONMENT 1,UNLAWFUL",COMPLETED,FELONY,N.Y. POLICE DEPT,BRONX,48,INSIDE,RESIDENCE - APT. HOUSE,,,"1,015,043","248,684",40.84920971,-73.88869882,"(40.849209713, -73.888698816)"
493724199,2/19/2006,14:00:00,2/19/2006,14:00:00,2/20/2006,124,KIDNAPPING & RELATED OFFENSES,193,CUSTODIAL INTERFERENCE 1,COMPLETED,FELONY,N.Y. HOUSING POLICE,BRONX,41,INSIDE,RESIDENCE - APT. HOUSE,,EAST 165TH STREET-BRYANT AVENUE,"1,015,037","240,129",40.82572875,-73.88875977,"(40.825728754, -73.888759771)"
525114746,8/2/2006,6:15:00,8/2/2006,7:04:00,8/2/2006,124,KIDNAPPING & RELATED OFFENSES,183,"IMPRISONMENT 1,UNLAWFUL",COMPLETED,FELONY,N.Y. HOUSING POLICE,BROOKLYN,75,FRONT OF,RESIDENCE - PUBLIC HOUSING,,PENNSYLVANIA AVENUE-WORTMAN AVENUE,"1,015,105","178,393",40.65627872,-73.88879724,"(40.656278722, -73.888797243)"
541032305,6/17/2007,3:00:00,,,6/17/2007,124,KIDNAPPING & RELATED OFFENSES,183,"IMPRISONMENT 1,UNLAWFUL",COMPLETED,FELONY,N.Y. POLICE DEPT,BRONX,52,,STREET,,,"1,014,981","254,350",40.86476139,-73.88889694,"(40.864761393, -73.888896943)"
144743623,10/19/2007,2:01:00,10/19/2007,2:15:00,10/19/2007,124,KIDNAPPING & RELATED OFFENSES,183,"IMPRISONMENT 1,UNLAWFUL",COMPLETED,FELONY,N.Y. POLICE DEPT,BRONX,42,INSIDE,RESIDENCE - APT. HOUSE,,,"1,014,998","240,732",40.82738395,-73.88889793,"(40.827383951, -73.888897925)"
221908695,4/7/2011,8:30:00,4/7/2011,8:31:00,4/7/2011,124,KIDNAPPING & RELATED OFFENSES,187,KIDNAPPING 1,COMPLETED,FELONY,N.Y. HOUSING POLICE,BRONX,41,FRONT OF,RESIDENCE - PUBLIC HOUSING,,,"1,014,998","237,384",40.81819465,-73.88891327,"(40.818194646, -73.888913267)"
997862252,10/19/2016,8:50:00,10/19/2016,9:00:00,10/19/2016,124,KIDNAPPING & RELATED OFFENSES,183,"IMPRISONMENT 1,UNLAWFUL",COMPLETED,FELONY,N.Y. POLICE DEPT,BROOKLYN,69,INSIDE,COMMERCIAL BUILDING,,,"1,015,063","169,931",40.63305252,-73.88898726,"(40.633052516, -73.888987264)"
685930943,2/13/2013,22:00:00,2/14/2013,9:00:00,2/19/2013,124,KIDNAPPING & RELATED OFFENSES,183,"IMPRISONMENT 1,UNLAWFUL",COMPLETED,FELONY,N.Y. POLICE DEPT,BROOKLYN,75,INSIDE,RESIDENCE-HOUSE,,,"1,015,019","182,626",40.66789766,-73.88908788,"(40.667897664, -73.889087878)"
309901418,8/8/2012,14:00:00,,,9/18/2012,124,KIDNAPPING & RELATED OFFENSES,193,CUSTODIAL INTERFERENCE 1,COMPLETED,FELONY,N.Y. POLICE DEPT,BRONX,48,INSIDE,RESIDENCE - APT. HOUSE,,,"1,014,919","249,389",40.85114516,-73.88914379,"(40.851145159, -73.889143794)"
323542211,11/4/2006,17:56:00,,,11/4/2006,124,KIDNAPPING & RELATED OFFENSES,193,CUSTODIAL INTERFERENCE 1,COMPLETED,FELONY,N.Y. POLICE DEPT,BRONX,48,INSIDE,RESIDENCE - APT. HOUSE,,,"1,014,898","249,846",40.85239956,-73.88921761,"(40.852399561, -73.889217613)"
425735649,6/24/2014,12:00:00,,,6/25/2014,124,KIDNAPPING & RELATED OFFENSES,193,CUSTODIAL INTERFERENCE 1,COMPLETED,FELONY,N.Y. POLICE DEPT,BROOKLYN,75,FRONT OF,RESIDENCE-HOUSE,,,"1,014,970","184,202",40.6722236,-73.88925733,"(40.6722236, -73.889257328)"
608388784,1/31/2006,18:30:00,1/31/2006,19:30:00,2/1/2006,124,KIDNAPPING & RELATED OFFENSES,183,"IMPRISONMENT 1,UNLAWFUL",COMPLETED,FELONY,N.Y. POLICE DEPT,BRONX,41,INSIDE,RESIDENCE - APT. HOUSE,,,"1,014,898","240,241",40.82603665,-73.8892615,"(40.826036645, -73.889261503)"
204194749,6/22/2008,23:00:00,6/27/2008,10:30:00,6/27/2008,124,KIDNAPPING & RELATED OFFENSES,183,"IMPRISONMENT 1,UNLAWFUL",COMPLETED,FELONY,N.Y. POLICE DEPT,BROOKLYN,75,INSIDE,RESIDENCE - APT. HOUSE,,,"1,014,884","182,018",40.66622931,-73.88957728,"(40.666229308, -73.889577277)"
497021272,12/26/2006,4:00:00,12/26/2006,23:00:00,12/27/2006,124,KIDNAPPING & RELATED OFFENSES,183,"IMPRISONMENT 1,UNLAWFUL",COMPLETED,FELONY,N.Y. POLICE DEPT,QUEENS,115,INSIDE,RESIDENCE-HOUSE,,,"1,014,832","215,480",40.75807465,-73.88961272,"(40.758074649, -73.889612723)"
311814974,6/3/2006,20:00:00,6/23/2006,11:00:00,6/23/2006,124,KIDNAPPING & RELATED OFFENSES,187,KIDNAPPING 1,ATTEMPTED,FELONY,N.Y. POLICE DEPT,BRONX,52,INSIDE,RESIDENCE - APT. HOUSE,,,"1,014,776","254,642",40.86556356,-73.88963677,"(40.865563556, -73.889636767)"
236093075,8/22/2008,23:15:00,,,8/22/2008,124,KIDNAPPING & RELATED OFFENSES,183,"IMPRISONMENT 1,UNLAWFUL",COMPLETED,FELONY,N.Y. POLICE DEPT,BRONX,52,FRONT OF,STREET,,,"1,014,750","254,898",40.86626629,-73.8897296,"(40.866266288, -73.889729603)"
933635968,3/15/2008,3:45:00,3/15/2008,5:03:00,3/15/2008,124,KIDNAPPING & RELATED OFFENSES,183,"IMPRISONMENT 1,UNLAWFUL",COMPLETED,FELONY,N.Y. POLICE DEPT,QUEENS,104,INSIDE,RESIDENCE-HOUSE,,,"1,014,783","206,917",40.73457155,-73.88982847,"(40.734571546, -73.889828466)"
369791622,5/23/2015,10:00:00,5/23/2015,11:00:00,5/23/2015,124,KIDNAPPING & RELATED OFFENSES,193,CUSTODIAL INTERFERENCE 1,COMPLETED,FELONY,N.Y. POLICE DEPT,BROOKLYN,75,INSIDE,STREET,,,"1,014,802","178,928",40.65774823,-73.88988686,"(40.65774823, -73.889886858)"
951550756,9/28/2008,17:00:00,,,10/1/2008,124,KIDNAPPING & RELATED OFFENSES,193,CUSTODIAL INTERFERENCE 1,COMPLETED,FELONY,N.Y. POLICE DEPT,BROOKLYN,75,INSIDE,RESIDENCE - APT. HOUSE,,,"1,014,793","180,464",40.66196424,-73.88991234,"(40.66196424, -73.889912338)"
859560497,3/21/2006,20:00:00,3/21/2006,20:10:00,3/21/2006,124,KIDNAPPING & RELATED OFFENSES,183,"IMPRISONMENT 1,UNLAWFUL",COMPLETED,FELONY,N.Y. POLICE DEPT,BROOKLYN,69,OPPOSITE OF,STREET,,,"1,014,806","168,494",40.62910915,-73.8899197,"(40.629109147, -73.889919698)"
950968325,3/17/2008,16:00:00,,,3/18/2008,124,KIDNAPPING & RELATED OFFENSES,193,CUSTODIAL INTERFERENCE 1,COMPLETED,FELONY,N.Y. POLICE DEPT,BRONX,41,INSIDE,RESIDENCE - APT. HOUSE,,,"1,014,708","239,198",40.82317457,-73.88995276,"(40.823174565, -73.889952761)"
507224560,2/14/2008,16:50:00,,,3/18/2008,124,KIDNAPPING & RELATED OFFENSES,193,CUSTODIAL INTERFERENCE 1,COMPLETED,FELONY,N.Y. POLICE DEPT,BRONX,41,INSIDE,RESIDENCE - APT. HOUSE,,,"1,014,708","239,198",40.82317457,-73.88995276,"(40.823174565, -73.889952761)"
760407448,2/14/2008,16:50:00,,,3/18/2008,124,KIDNAPPING & RELATED OFFENSES,193,CUSTODIAL INTERFERENCE 1,COMPLETED,FELONY,N.Y. POLICE DEPT,BRONX,41,INSIDE,RESIDENCE - APT. HOUSE,,,"1,014,708","239,198",40.82317457,-73.88995276,"(40.823174565, -73.889952761)"
878632097,3/4/2015,19:00:00,,,3/5/2015,124,KIDNAPPING & RELATED OFFENSES,193,CUSTODIAL INTERFERENCE 1,COMPLETED,FELONY,N.Y. POLICE DEPT,BROOKLYN,75,INSIDE,RESIDENCE - APT. HOUSE,,,"1,014,739","181,407",40.66455275,-73.89010271,"(40.664552751, -73.890102711)"
456792274,11/20/2009,13:00:00,2/4/2010,12:15:00,2/4/2010,124,KIDNAPPING & RELATED OFFENSES,193,CUSTODIAL INTERFERENCE 1,COMPLETED,FELONY,N.Y. POLICE DEPT,BROOKLYN,69,INSIDE,RESIDENCE - APT. HOUSE,,,"1,014,743","171,664",40.63781034,-73.89013234,"(40.637810337, -73.890132339)"
201178039,6/1/2015,0:01:00,2/2/2016,12:00:00,2/2/2016,124,KIDNAPPING & RELATED OFFENSES,193,CUSTODIAL INTERFERENCE 1,COMPLETED,FELONY,N.Y. POLICE DEPT,BRONX,41,INSIDE,RESIDENCE - APT. HOUSE,,,"1,014,642","240,068",40.82556269,-73.89018729,"(40.825562694, -73.890187287)"
528380242,8/9/2010,6:00:00,,,8/9/2010,124,KIDNAPPING & RELATED OFFENSES,183,"IMPRISONMENT 1,UNLAWFUL",COMPLETED,FELONY,N.Y. POLICE DEPT,BRONX,52,INSIDE,RESIDENCE - APT. HOUSE,,,"1,014,613","255,957",40.86917339,-73.89022012,"(40.869173391, -73.890220123)"
909119421,9/20/2007,19:00:00,9/20/2007,20:00:00,9/20/2007,124,KIDNAPPING & RELATED OFFENSES,193,CUSTODIAL INTERFERENCE 1,COMPLETED,FELONY,N.Y. POLICE DEPT,BRONX,42,,PUBLIC BUILDING,,,"1,014,629","242,866",40.83324244,-73.89022159,"(40.833242443, -73.89022159)"
724159788,8/10/2011,23:00:00,8/18/2011,16:00:00,8/18/2011,124,KIDNAPPING & RELATED OFFENSES,193,CUSTODIAL INTERFERENCE 1,COMPLETED,FELONY,N.Y. POLICE DEPT,BROOKLYN,75,INSIDE,RESIDENCE-HOUSE,,,"1,014,621","185,322",40.67529895,-73.89051041,"(40.675298951, -73.890510408)"
607908939,10/3/2015,15:00:00,10/10/2015,15:00:00,10/10/2015,124,KIDNAPPING & RELATED OFFENSES,193,CUSTODIAL INTERFERENCE 1,COMPLETED,FELONY,N.Y. HOUSING POLICE,BROOKLYN,75,INSIDE,RESIDENCE - PUBLIC HOUSING,,FIORENTINO PLAZA,"1,014,551","184,359",40.67265597,-73.89076709,"(40.672655973, -73.890767094)"
292127608,2/18/2008,10:00:00,,,2/20/2008,124,KIDNAPPING & RELATED OFFENSES,193,CUSTODIAL INTERFERENCE 1,COMPLETED,FELONY,N.Y. POLICE DEPT,BRONX,48,INSIDE,RESIDENCE - APT. HOUSE,,,"1,014,435","248,319",40.84821,-73.8908981,"(40.848209996, -73.890898099)"
163146553,6/25/2011,9:00:00,6/25/2011,10:00:00,8/10/2011,124,KIDNAPPING & RELATED OFFENSES,183,"IMPRISONMENT 1,UNLAWFUL",COMPLETED,FELONY,N.Y. POLICE DEPT,BROOKLYN,75,INSIDE,RESIDENCE - APT. HOUSE,,,"1,014,485","186,680",40.67902682,-73.89099461,"(40.679026817, -73.890994611)"
406489478,8/9/2006,16:38:00,8/9/2006,16:45:00,8/9/2006,124,KIDNAPPING & RELATED OFFENSES,183,"IMPRISONMENT 1,UNLAWFUL",COMPLETED,FELONY,N.Y. POLICE DEPT,BRONX,52,INSIDE,RESIDENCE - APT. HOUSE,,,"1,014,384","256,796",40.87147697,-73.89104433,"(40.871476973, -73.891044328)"
400056068,8/6/2009,5:30:00,8/7/2009,1:00:00,8/7/2009,124,KIDNAPPING & RELATED OFFENSES,183,"IMPRISONMENT 1,UNLAWFUL",COMPLETED,FELONY,N.Y. POLICE DEPT,BROOKLYN,75,INSIDE,RESIDENCE - APT. HOUSE,,,"1,014,446","182,223",40.66679349,-73.89115519,"(40.666793493, -73.891155185)"
929152790,4/23/2007,14:05:00,,,4/23/2007,124,KIDNAPPING & RELATED OFFENSES,183,"IMPRISONMENT 1,UNLAWFUL",COMPLETED,FELONY,N.Y. POLICE DEPT,BRONX,48,INSIDE,RESIDENCE-HOUSE,,,"1,014,342","246,625",40.84356078,-73.89124185,"(40.843560783, -73.891241849)"
268553802,9/23/2013,18:30:00,9/24/2013,18:30:00,9/24/2013,124,KIDNAPPING & RELATED OFFENSES,183,"IMPRISONMENT 1,UNLAWFUL",COMPLETED,FELONY,N.Y. POLICE DEPT,BROOKLYN,75,INSIDE,RESIDENCE-HOUSE,,,"1,014,375","181,917",40.66595383,-73.89141248,"(40.665953833, -73.891412482)"
425888881,5/28/2009,9:00:00,5/28/2009,12:30:00,5/28/2009,124,KIDNAPPING & RELATED OFFENSES,187,KIDNAPPING 1,COMPLETED,FELONY,N.Y. POLICE DEPT,BROOKLYN,69,,STREET,,,"1,014,347","168,803",40.62995886,-73.89157192,"(40.629958858, -73.891571921)"
742704598,9/18/2014,9:00:00,,,9/18/2014,124,KIDNAPPING & RELATED OFFENSES,187,KIDNAPPING 1,COMPLETED,FELONY,N.Y. POLICE DEPT,BRONX,48,INSIDE,RESIDENCE - APT. HOUSE,,,"1,014,247","247,107",40.84488405,-73.89158304,"(40.844884054, -73.891583044)"
253440157,9/18/2008,8:25:00,9/18/2008,8:30:00,9/19/2008,124,KIDNAPPING & RELATED OFFENSES,193,CUSTODIAL INTERFERENCE 1,COMPLETED,FELONY,N.Y. POLICE DEPT,BRONX,41,,STREET,,,"1,014,249","238,403",40.82099409,-73.89161474,"(40.820994087, -73.891614739)"
890890280,7/6/2014,13:18:00,,,7/6/2014,124,KIDNAPPING & RELATED OFFENSES,185,KIDNAPPING 2,COMPLETED,FELONY,N.Y. POLICE DEPT,BROOKLYN,75,INSIDE,RESIDENCE - APT. HOUSE,,,"1,014,291","185,685",40.67629643,-73.89169848,"(40.676296429, -73.891698478)"
910399976,12/9/2011,10:00:00,,,12/22/2011,124,KIDNAPPING & RELATED OFFENSES,193,CUSTODIAL INTERFERENCE 1,COMPLETED,FELONY,N.Y. POLICE DEPT,BRONX,52,INSIDE,RESIDENCE - APT. HOUSE,,,"1,014,140","254,813",40.86603508,-73.89193542,"(40.866035075, -73.891935417)"
748131774,8/6/2006,18:45:00,,,8/6/2006,124,KIDNAPPING & RELATED OFFENSES,185,KIDNAPPING 2,ATTEMPTED,FELONY,N.Y. POLICE DEPT,BRONX,48,,PARKING LOT/GARAGE (PRIVATE),,,"1,014,131","247,458",40.84584784,-73.89200074,"(40.845847839, -73.89200074)"
499355325,12/22/2008,12:50:00,12/22/2008,13:20:00,12/22/2008,124,KIDNAPPING & RELATED OFFENSES,183,"IMPRISONMENT 1,UNLAWFUL",COMPLETED,FELONY,N.Y. POLICE DEPT,BRONX,52,INSIDE,RESIDENCE - APT. HOUSE,,,"1,014,120","253,808",40.86327672,-73.89201221,"(40.863276724, -73.892012205)"
711284338,3/1/2010,11:30:00,3/1/2010,22:00:00,3/2/2010,124,KIDNAPPING & RELATED OFFENSES,183,"IMPRISONMENT 1,UNLAWFUL",COMPLETED,FELONY,N.Y. POLICE DEPT,QUEENS,115,INSIDE,RESIDENCE - APT. HOUSE,,,"1,014,130","216,745",40.76154915,-73.89214104,"(40.761549149, -73.892141036)"
798275732,9/23/2010,11:00:00,9/23/2010,11:05:00,9/23/2010,124,KIDNAPPING & RELATED OFFENSES,187,KIDNAPPING 1,COMPLETED,FELONY,N.Y. POLICE DEPT,QUEENS,108,INSIDE,HOTEL/MOTEL,,,"1,014,121","208,757",40.73962415,-73.89220901,"(40.739624149, -73.892209005)"
974889355,11/19/2006,4:10:00,11/19/2006,4:13:00,11/19/2006,124,KIDNAPPING & RELATED OFFENSES,183,"IMPRISONMENT 1,UNLAWFUL",COMPLETED,FELONY,N.Y. POLICE DEPT,QUEENS,108,INSIDE,SOCIAL CLUB/POLICY,,,"1,014,121","208,757",40.73962415,-73.89220901,"(40.739624149, -73.892209005)"
519289603,1/27/2006,0:30:00,1/27/2006,0:42:00,1/27/2006,124,KIDNAPPING & RELATED OFFENSES,183,"IMPRISONMENT 1,UNLAWFUL",COMPLETED,FELONY,N.Y. POLICE DEPT,QUEENS,108,,STREET,,,"1,014,116","208,742",40.73958299,-73.89222712,"(40.739582994, -73.892227115)"
399033618,2/5/2008,1:55:00,,,2/5/2008,124,KIDNAPPING & RELATED OFFENSES,183,"IMPRISONMENT 1,UNLAWFUL",COMPLETED,FELONY,N.Y. POLICE DEPT,BROOKLYN,75,INSIDE,RESIDENCE - APT. HOUSE,,,"1,014,120","181,866",40.66581471,-73.89233188,"(40.665814714, -73.892331884)"
529970695,10/2/2016,13:25:00,10/2/2016,13:35:00,10/2/2016,124,KIDNAPPING,186,LURING A CHILD,COMPLETED,FELONY,N.Y. POLICE DEPT,BROOKLYN,69,INSIDE,FOOD SUPERMARKET,,,"1,014,096","171,113",40.63630016,-73.89246598,"(40.636300164, -73.892465975)"
660366609,7/7/2008,20:30:00,,,7/17/2008,124,KIDNAPPING & RELATED OFFENSES,193,CUSTODIAL INTERFERENCE 1,COMPLETED,FELONY,N.Y. POLICE DEPT,BRONX,52,INSIDE,RESIDENCE - APT. HOUSE,,,"1,013,985","256,644",40.87106113,-73.89248769,"(40.871061132, -73.892487688)"
540304439,3/24/2008,5:00:00,,,3/24/2008,124,KIDNAPPING & RELATED OFFENSES,183,"IMPRISONMENT 1,UNLAWFUL",COMPLETED,FELONY,N.Y. POLICE DEPT,BROOKLYN,75,INSIDE,RESIDENCE - APT. HOUSE,,,"1,014,049","184,262",40.67239143,-73.89257722,"(40.672391434, -73.892577219)"
470841415,4/2/2007,16:30:00,4/3/2007,13:10:00,4/24/2007,124,KIDNAPPING & RELATED OFFENSES,193,CUSTODIAL INTERFERENCE 1,COMPLETED,FELONY,N.Y. POLICE DEPT,BROOKLYN,75,FRONT OF,RESIDENCE-HOUSE,,,"1,014,049","184,262",40.67239143,-73.89257722,"(40.672391434, -73.892577219)"
389137812,12/8/2008,7:00:00,12/8/2008,8:50:00,12/8/2008,124,KIDNAPPING & RELATED OFFENSES,183,"IMPRISONMENT 1,UNLAWFUL",COMPLETED,FELONY,N.Y. POLICE DEPT,BRONX,52,REAR OF,RESIDENCE - APT. HOUSE,,,"1,013,953","255,677",40.86840712,-73.89260768,"(40.868407122, -73.892607677)"
101621497,10/12/2008,22:30:00,10/13/2008,8:00:00,10/13/2008,124,KIDNAPPING & RELATED OFFENSES,183,"IMPRISONMENT 1,UNLAWFUL",COMPLETED,FELONY,N.Y. POLICE DEPT,BRONX,41,INSIDE,RESIDENCE - APT. HOUSE,,,"1,013,902","238,673",40.82173633,-73.89286726,"(40.821736332, -73.89286726)"
890008477,7/29/2006,15:00:00,,,7/30/2006,124,KIDNAPPING & RELATED OFFENSES,183,"IMPRISONMENT 1,UNLAWFUL",COMPLETED,FELONY,N.Y. POLICE DEPT,BRONX,41,INSIDE,RESIDENCE - APT. HOUSE,,,"1,013,902","238,673",40.82173633,-73.89286726,"(40.821736332, -73.89286726)"
697599989,4/16/2013,12:00:00,4/16/2013,13:00:00,5/6/2013,124,KIDNAPPING & RELATED OFFENSES,183,"IMPRISONMENT 1,UNLAWFUL",COMPLETED,FELONY,N.Y. POLICE DEPT,BROOKLYN,75,INSIDE,RESIDENCE - APT. HOUSE,,,"1,013,962","187,496",40.68126832,-73.89287659,"(40.681268322, -73.892876594)"
171978220,8/30/2013,12:00:00,,,12/21/2015,124,KIDNAPPING & RELATED OFFENSES,185,KIDNAPPING 2,COMPLETED,FELONY,N.Y. POLICE DEPT,BRONX,41,INSIDE,RESIDENCE - APT. HOUSE,,,"1,013,880","240,034",40.82547196,-73.89294074,"(40.825471963, -73.892940737)"
387627789,1/8/2006,18:00:00,1/8/2006,18:15:00,1/8/2006,124,KIDNAPPING & RELATED OFFENSES,193,CUSTODIAL INTERFERENCE 1,COMPLETED,FELONY,N.Y. POLICE DEPT,BRONX,52,INSIDE,RESIDENCE - APT. HOUSE,,,"1,013,847","254,492",40.86515502,-73.89299616,"(40.865155015, -73.892996163)"
837276375,8/16/2013,21:00:00,8/19/2013,14:00:00,8/19/2013,124,KIDNAPPING & RELATED OFFENSES,193,CUSTODIAL INTERFERENCE 1,COMPLETED,FELONY,N.Y. POLICE DEPT,BROOKLYN,69,INSIDE,RESIDENCE-HOUSE,,,"1,013,931","173,020",40.64153502,-73.89305208,"(40.641535023, -73.893052082)"
538959435,2/15/2009,5:00:00,,,2/15/2009,124,KIDNAPPING & RELATED OFFENSES,183,"IMPRISONMENT 1,UNLAWFUL",COMPLETED,FELONY,N.Y. POLICE DEPT,BROOKLYN,75,,RESIDENCE-HOUSE,,,"1,013,907","180,419",40.66184374,-73.89310603,"(40.661843737, -73.893106028)"
630988980,5/23/2007,20:30:00,5/23/2007,21:30:00,5/24/2007,124,KIDNAPPING & RELATED OFFENSES,183,"IMPRISONMENT 1,UNLAWFUL",COMPLETED,FELONY,N.Y. POLICE DEPT,BROOKLYN,75,,STREET,,,"1,013,907","180,419",40.66184374,-73.89310603,"(40.661843737, -73.893106028)"
612685638,10/4/2007,9:00:00,,,10/4/2007,124,KIDNAPPING & RELATED OFFENSES,185,KIDNAPPING 2,ATTEMPTED,FELONY,N.Y. POLICE DEPT,BRONX,42,,STREET,,,"1,013,824","242,933",40.83342907,-73.8931303,"(40.833429072, -73.893130301)"
167167086,1/3/2013,21:00:00,,,1/8/2013,124,KIDNAPPING & RELATED OFFENSES,193,CUSTODIAL INTERFERENCE 1,COMPLETED,FELONY,N.Y. POLICE DEPT,BROOKLYN,75,INSIDE,RESIDENCE-HOUSE,,,"1,013,865","178,402",40.65630766,-73.89326627,"(40.656307659, -73.89326627)"
208761700,12/19/2016,17:00:00,12/20/2016,23:30:00,12/19/2016,124,KIDNAPPING & RELATED OFFENSES,185,KIDNAPPING 2,COMPLETED,FELONY,N.Y. POLICE DEPT,BROOKLYN,75,INSIDE,RESIDENCE - APT. HOUSE,,,"1,013,851","185,936",40.67698685,-73.89328365,"(40.676986849, -73.89328365)"
217193194,6/16/2016,17:10:00,6/16/2016,18:58:00,6/16/2016,124,KIDNAPPING & RELATED OFFENSES,193,CUSTODIAL INTERFERENCE 1,COMPLETED,FELONY,N.Y. POLICE DEPT,BRONX,52,INSIDE,RESIDENCE - APT. HOUSE,,,"1,013,750","255,324",40.86743893,-73.89334319,"(40.867438926, -73.893343194)"
384731062,12/2/2007,2:00:00,12/2/2007,5:15:00,12/2/2007,124,KIDNAPPING & RELATED OFFENSES,183,"IMPRISONMENT 1,UNLAWFUL",COMPLETED,FELONY,N.Y. POLICE DEPT,BROOKLYN,69,INSIDE,RESIDENCE-HOUSE,,,"1,013,834","171,914",40.63849962,-73.89340645,"(40.638499616, -73.893406451)"
649716177,4/7/2014,16:30:00,,,4/29/2014,124,KIDNAPPING & RELATED OFFENSES,193,CUSTODIAL INTERFERENCE 1,COMPLETED,FELONY,N.Y. HOUSING POLICE,BROOKLYN,69,INSIDE,RESIDENCE - PUBLIC HOUSING,,,"1,013,828","175,990",40.64968737,-73.8934102,"(40.649687373, -73.8934102)"
554832586,5/31/2009,12:00:00,6/15/2009,1:00:00,6/15/2009,124,KIDNAPPING & RELATED OFFENSES,193,CUSTODIAL INTERFERENCE 1,COMPLETED,FELONY,N.Y. HOUSING POLICE,BROOKLYN,69,INSIDE,RESIDENCE - PUBLIC HOUSING,,,"1,013,828","175,990",40.64968737,-73.8934102,"(40.649687373, -73.8934102)"
738419298,11/12/2014,18:30:00,11/12/2014,19:00:00,11/12/2014,124,KIDNAPPING & RELATED OFFENSES,183,"IMPRISONMENT 1,UNLAWFUL",COMPLETED,FELONY,N.Y. POLICE DEPT,BRONX,52,INSIDE,RESIDENCE - APT. HOUSE,,,"1,013,729","254,070",40.86399715,-73.89342464,"(40.863997149, -73.893424636)"
958730548,12/3/2013,2:00:00,12/5/2013,5:00:00,12/6/2013,124,KIDNAPPING & RELATED OFFENSES,183,"IMPRISONMENT 1,UNLAWFUL",COMPLETED,FELONY,N.Y. POLICE DEPT,BRONX,46,INSIDE,RESIDENCE - APT. HOUSE,,,"1,013,724","253,001",40.86106309,-73.89344741,"(40.861063085, -73.893447414)"
540844097,7/21/2008,15:00:00,7/21/2008,16:50:00,7/21/2008,124,KIDNAPPING & RELATED OFFENSES,193,CUSTODIAL INTERFERENCE 1,COMPLETED,FELONY,N.Y. POLICE DEPT,QUEENS,104,INSIDE,OTHER,,,"1,013,787","195,967",40.70451983,-73.8934704,"(40.704519831, -73.893470403)"
516590190,6/14/2009,2:00:00,,,6/14/2009,124,KIDNAPPING & RELATED OFFENSES,183,"IMPRISONMENT 1,UNLAWFUL",COMPLETED,FELONY,N.Y. POLICE DEPT,BROOKLYN,75,,OTHER,,,"1,013,795","186,221",40.6777693,-73.89348429,"(40.677769296, -73.893484291)"
728905272,3/5/2014,2:40:00,3/5/2014,3:10:00,3/5/2014,124,KIDNAPPING & RELATED OFFENSES,183,"IMPRISONMENT 1,UNLAWFUL",COMPLETED,FELONY,N.Y. POLICE DEPT,BROOKLYN,75,,RESIDENCE-HOUSE,,,"1,013,755","180,924",40.66323036,-73.89365169,"(40.663230357, -73.893651685)"
504918481,10/24/2010,13:00:00,,,10/27/2010,124,KIDNAPPING & RELATED OFFENSES,193,CUSTODIAL INTERFERENCE 1,COMPLETED,FELONY,N.Y. HOUSING POLICE,BRONX,48,INSIDE,RESIDENCE - PUBLIC HOUSING,,MURPHY,"1,013,667","246,291",40.84264633,-73.89368292,"(40.842646326, -73.893682921)"
908553985,12/1/2012,5:20:00,,,12/1/2012,124,KIDNAPPING & RELATED OFFENSES,185,KIDNAPPING 2,COMPLETED,FELONY,N.Y. POLICE DEPT,BROOKLYN,75,,STREET,,,"1,013,646","181,481",40.66475956,-73.89404214,"(40.66475956, -73.894042144)"
649552351,2/28/2009,17:00:00,2/28/2009,17:30:00,2/28/2009,124,KIDNAPPING & RELATED OFFENSES,183,"IMPRISONMENT 1,UNLAWFUL",COMPLETED,FELONY,N.Y. POLICE DEPT,BRONX,52,INSIDE,RESIDENCE - APT. HOUSE,,,"1,013,557","254,990",40.86652284,-73.89404245,"(40.866522841, -73.894042452)"
995924118,12/9/2006,14:40:00,,,12/9/2006,124,KIDNAPPING & RELATED OFFENSES,187,KIDNAPPING 1,COMPLETED,FELONY,N.Y. POLICE DEPT,BRONX,52,INSIDE,RESIDENCE - APT. HOUSE,,,"1,013,557","254,990",40.86652284,-73.89404245,"(40.866522841, -73.894042452)"
254203847,7/20/2013,11:25:00,7/20/2013,11:40:00,7/20/2013,124,KIDNAPPING & RELATED OFFENSES,185,KIDNAPPING 2,COMPLETED,FELONY,N.Y. POLICE DEPT,QUEENS,115,FRONT OF,STREET,,,"1,013,534","216,324",40.76039561,-73.8942943,"(40.760395607, -73.894294299)"
517201941,4/22/2015,14:35:00,4/22/2015,15:00:00,4/22/2015,124,KIDNAPPING & RELATED OFFENSES,185,KIDNAPPING 2,ATTEMPTED,FELONY,N.Y. POLICE DEPT,BRONX,41,FRONT OF,STREET,,,"1,013,481","238,401",40.82099117,-73.89438954,"(40.820991172, -73.894389538)"
812904153,5/31/2008,9:00:00,5/31/2008,22:44:00,6/1/2008,124,KIDNAPPING & RELATED OFFENSES,183,"IMPRISONMENT 1,UNLAWFUL",COMPLETED,FELONY,N.Y. POLICE DEPT,BRONX,48,FRONT OF,RESIDENCE - APT. HOUSE,,,"1,013,456","249,300",40.85090584,-73.89443241,"(40.850905842, -73.894432408)"
136837807,2/16/2012,20:00:00,2/19/2012,22:00:00,3/5/2012,124,KIDNAPPING & RELATED OFFENSES,193,CUSTODIAL INTERFERENCE 1,COMPLETED,FELONY,N.Y. POLICE DEPT,QUEENS,115,INSIDE,RESIDENCE - APT. HOUSE,,,"1,013,472","211,812",40.74801152,-73.89453771,"(40.748011524, -73.894537711)"
317304284,1/29/2006,3:00:00,1/29/2006,5:30:00,1/29/2006,124,KIDNAPPING & RELATED OFFENSES,183,"IMPRISONMENT 1,UNLAWFUL",COMPLETED,FELONY,N.Y. POLICE DEPT,BROOKLYN,75,INSIDE,RESIDENCE-HOUSE,,,"1,013,480","182,324",40.66707396,-73.89463684,"(40.667073956, -73.894636843)"
316804004,8/7/2007,13:00:00,8/7/2007,13:04:00,8/7/2007,124,KIDNAPPING & RELATED OFFENSES,187,KIDNAPPING 1,ATTEMPTED,FELONY,N.Y. POLICE DEPT,BROOKLYN,75,,STREET,,,"1,013,467","180,160",40.6611343,-73.89469308,"(40.661134302, -73.894693081)"
137920851,4/20/2010,12:30:00,4/20/2010,15:30:00,4/20/2010,124,KIDNAPPING & RELATED OFFENSES,183,"IMPRISONMENT 1,UNLAWFUL",COMPLETED,FELONY,N.Y. POLICE DEPT,BRONX,48,INSIDE,RESIDENCE - APT. HOUSE,,,"1,013,374","246,264",40.84257319,-73.89474199,"(40.84257319, -73.894741993)"
934040872,5/15/2007,7:35:00,,,5/15/2007,124,KIDNAPPING & RELATED OFFENSES,183,"IMPRISONMENT 1,UNLAWFUL",COMPLETED,FELONY,N.Y. POLICE DEPT,BROOKLYN,69,,STREET,,,"1,013,460","170,061",40.63341477,-73.89476204,"(40.63341477, -73.894762041)"
985183565,8/8/2015,17:30:00,8/9/2015,0:00:00,8/11/2015,124,KIDNAPPING & RELATED OFFENSES,183,"IMPRISONMENT 1,UNLAWFUL",COMPLETED,FELONY,N.Y. POLICE DEPT,BRONX,41,FRONT OF,STREET,,,"1,013,350","239,898",40.82510044,-73.89485635,"(40.825100443, -73.89485635)"
141489234,3/14/2006,0:15:00,,,3/14/2006,124,KIDNAPPING & RELATED OFFENSES,185,KIDNAPPING 2,COMPLETED,FELONY,N.Y. POLICE DEPT,BRONX,41,OPPOSITE OF,STREET,,,"1,013,311","240,608",40.82704932,-73.89499419,"(40.827049319, -73.894994191)"
368660803,5/22/2013,3:25:00,,,5/22/2013,124,KIDNAPPING & RELATED OFFENSES,187,KIDNAPPING 1,ATTEMPTED,FELONY,N.Y. POLICE DEPT,BROOKLYN,75,FRONT OF,STREET,,,"1,013,350","178,881",40.65762412,-73.89512031,"(40.657624115, -73.89512031)"
693067510,4/17/2013,15:00:00,,,4/17/2013,124,KIDNAPPING & RELATED OFFENSES,193,CUSTODIAL INTERFERENCE 1,COMPLETED,FELONY,N.Y. POLICE DEPT,BRONX,46,FRONT OF,PUBLIC SCHOOL,,,"1,013,235","252,173",40.85879209,-73.89521882,"(40.858792094, -73.895218819)"
102925103,5/5/2014,7:15:00,5/5/2014,16:15:00,5/5/2014,124,KIDNAPPING & RELATED OFFENSES,193,CUSTODIAL INTERFERENCE 1,COMPLETED,FELONY,N.Y. HOUSING POLICE,BROOKLYN,69,INSIDE,RESIDENCE - PUBLIC HOUSING,,,"1,013,309","176,002",40.64972203,-73.89528048,"(40.649722028, -73.895280484)"
467555681,3/15/2008,5:00:00,,,3/15/2008,124,KIDNAPPING & RELATED OFFENSES,183,"IMPRISONMENT 1,UNLAWFUL",COMPLETED,FELONY,N.Y. HOUSING POLICE,BROOKLYN,75,INSIDE,RESIDENCE - PUBLIC HOUSING,,LONG ISLAND BAPTIST HOUSES,"1,013,211","182,271",40.66692937,-73.89560673,"(40.666929368, -73.895606726)"
228155867,10/31/2011,8:49:00,10/31/2011,9:23:00,10/31/2011,124,KIDNAPPING & RELATED OFFENSES,183,"IMPRISONMENT 1,UNLAWFUL",COMPLETED,FELONY,N.Y. POLICE DEPT,BRONX,52,INSIDE,RESIDENCE - APT. HOUSE,,,"1,013,115","255,492",40.86790213,-73.89563833,"(40.867902134, -73.895638333)"
932979424,9/22/2013,22:00:00,9/23/2013,11:30:00,9/23/2013,124,KIDNAPPING & RELATED OFFENSES,183,"IMPRISONMENT 1,UNLAWFUL",COMPLETED,FELONY,N.Y. POLICE DEPT,BROOKLYN,75,FRONT OF,STREET,,,"1,013,194","185,270",40.675161,-73.89565513,"(40.675161002, -73.89565513)"
512709129,4/30/2015,22:26:00,4/30/2015,22:48:00,4/30/2015,124,KIDNAPPING & RELATED OFFENSES,183,"IMPRISONMENT 1,UNLAWFUL",COMPLETED,FELONY,N.Y. POLICE DEPT,BROOKLYN,75,INSIDE,RESIDENCE - APT. HOUSE,,,"1,013,181","183,852",40.67126896,-73.89570808,"(40.671268956, -73.895708082)"
848318844,5/24/2010,16:00:00,5/25/2010,6:30:00,5/25/2010,124,KIDNAPPING & RELATED OFFENSES,183,"IMPRISONMENT 1,UNLAWFUL",COMPLETED,FELONY,N.Y. POLICE DEPT,BROOKLYN,75,INSIDE,RESIDENCE - APT. HOUSE,,,"1,013,181","183,852",40.67126896,-73.89570808,"(40.671268956, -73.895708082)"
226016200,12/28/2015,12:00:00,2/9/2016,15:00:00,2/9/2016,124,KIDNAPPING & RELATED OFFENSES,183,"IMPRISONMENT 1,UNLAWFUL",COMPLETED,FELONY,N.Y. POLICE DEPT,BROOKLYN,75,INSIDE,RESIDENCE - APT. HOUSE,,,"1,013,181","183,852",40.67126896,-73.89570808,"(40.671268956, -73.895708082)"
642493324,1/27/2013,22:00:00,1/30/2013,19:23:00,1/30/2013,124,KIDNAPPING & RELATED OFFENSES,193,CUSTODIAL INTERFERENCE 1,COMPLETED,FELONY,N.Y. POLICE DEPT,BRONX,42,INSIDE,RESIDENCE-HOUSE,,,"1,013,103","242,154",40.83129333,-73.89573912,"(40.831293326, -73.895739116)"
295667955,9/12/2008,17:00:00,,,9/12/2008,124,KIDNAPPING & RELATED OFFENSES,185,KIDNAPPING 2,ATTEMPTED,FELONY,N.Y. POLICE DEPT,BRONX,42,FRONT OF,STREET,,,"1,013,085","242,824",40.83313234,-73.89580128,"(40.833132341, -73.89580128)"
655127610,9/1/2010,15:00:00,9/6/2010,23:27:00,9/6/2010,124,KIDNAPPING & RELATED OFFENSES,193,CUSTODIAL INTERFERENCE 1,COMPLETED,FELONY,N.Y. POLICE DEPT,BRONX,41,INSIDE,RESIDENCE - APT. HOUSE,,,"1,013,086","236,614",40.81608766,-73.89582435,"(40.816087661, -73.895824354)"
939883038,6/27/2009,10:00:00,,,6/27/2009,124,KIDNAPPING & RELATED OFFENSES,193,CUSTODIAL INTERFERENCE 1,COMPLETED,FELONY,N.Y. POLICE DEPT,BRONX,41,INSIDE,OTHER,,,"1,013,086","236,614",40.81608766,-73.89582435,"(40.816087661, -73.895824354)"
431958143,1/17/2006,18:00:00,1/20/2006,18:10:00,1/25/2006,124,KIDNAPPING & RELATED OFFENSES,185,KIDNAPPING 2,ATTEMPTED,FELONY,N.Y. POLICE DEPT,BROOKLYN,75,,STREET,,,"1,013,146","185,512",40.6758254,-73.89582714,"(40.675825395, -73.895827137)"
675933372,8/29/2009,20:25:00,8/29/2009,20:40:00,8/29/2009,124,KIDNAPPING & RELATED OFFENSES,185,KIDNAPPING 2,ATTEMPTED,FELONY,N.Y. POLICE DEPT,BRONX,41,FRONT OF,STREET,,,"1,013,080","240,805",40.82759079,-73.89582803,"(40.827590785, -73.895828025)"
201091845,7/4/2007,15:00:00,7/7/2007,15:00:00,7/7/2007,124,KIDNAPPING & RELATED OFFENSES,193,CUSTODIAL INTERFERENCE 1,COMPLETED,FELONY,N.Y. POLICE DEPT,BRONX,41,INSIDE,RESIDENCE - APT. HOUSE,,,"1,013,074","239,231",40.82327062,-73.89585647,"(40.823270624, -73.895856466)"
311247378,9/12/2007,12:00:00,9/14/2007,18:30:00,9/14/2007,124,KIDNAPPING & RELATED OFFENSES,193,CUSTODIAL INTERFERENCE 1,COMPLETED,FELONY,N.Y. POLICE DEPT,BRONX,41,INSIDE,RESIDENCE - APT. HOUSE,,,"1,013,033","238,140",40.82027627,-73.89600929,"(40.820276273, -73.896009285)"
152429795,7/28/2006,23:30:00,,,8/4/2006,124,KIDNAPPING & RELATED OFFENSES,193,CUSTODIAL INTERFERENCE 1,COMPLETED,FELONY,N.Y. POLICE DEPT,BRONX,41,INSIDE,RESIDENCE - APT. HOUSE,,,"1,013,033","238,140",40.82027627,-73.89600929,"(40.820276273, -73.896009285)"
809790538,5/6/2016,5:00:00,5/6/2016,7:44:00,5/6/2016,124,KIDNAPPING & RELATED OFFENSES,185,KIDNAPPING 2,COMPLETED,FELONY,N.Y. POLICE DEPT,BRONX,46,INSIDE,RESIDENCE - APT. HOUSE,,,"1,012,997","252,274",40.85907009,-73.89607877,"(40.859070087, -73.896078771)"
811783984,6/29/2006,1:00:00,,,6/29/2006,124,KIDNAPPING & RELATED OFFENSES,183,"IMPRISONMENT 1,UNLAWFUL",COMPLETED,FELONY,N.Y. POLICE DEPT,BRONX,48,INSIDE,STREET,,,"1,012,988","250,313",40.85368776,-73.89611971,"(40.85368776, -73.896119714)"
114878712,5/31/2007,16:00:00,,,5/31/2007,124,KIDNAPPING & RELATED OFFENSES,187,KIDNAPPING 1,COMPLETED,FELONY,N.Y. POLICE DEPT,BRONX,46,FRONT OF,STREET,,,"1,012,975","253,209",40.86163645,-73.8961543,"(40.86163645, -73.896154296)"
867981674,11/21/2015,9:30:00,11/21/2015,9:45:00,11/23/2015,124,KIDNAPPING & RELATED OFFENSES,193,CUSTODIAL INTERFERENCE 1,COMPLETED,FELONY,N.Y. POLICE DEPT,BRONX,48,INSIDE,PARK/PLAYGROUND,WEBSTER PLAYGROUND,,"1,012,958","250,886",40.85526057,-73.8962257,"(40.855260571, -73.896225703)"
112476184,11/29/2007,20:31:00,,,11/29/2007,124,KIDNAPPING & RELATED OFFENSES,183,"IMPRISONMENT 1,UNLAWFUL",COMPLETED,FELONY,N.Y. POLICE DEPT,BRONX,52,,STREET,,,"1,012,928","255,180",40.8670464,-73.89631578,"(40.867046398, -73.896315777)"
136122050,8/31/2009,19:00:00,8/31/2009,19:30:00,9/4/2009,124,KIDNAPPING & RELATED OFFENSES,193,CUSTODIAL INTERFERENCE 1,COMPLETED,FELONY,N.Y. POLICE DEPT,BRONX,46,INSIDE,RESIDENCE - APT. HOUSE,,,"1,012,930","252,568",40.85987725,-73.89631972,"(40.859877246, -73.896319723)"
917852327,3/24/2006,18:00:00,3/24/2006,19:00:00,3/24/2006,124,KIDNAPPING & RELATED OFFENSES,193,CUSTODIAL INTERFERENCE 1,COMPLETED,FELONY,N.Y. POLICE DEPT,BRONX,52,INSIDE,OTHER,,,"1,012,887","253,829",40.86333845,-73.89646979,"(40.863338448, -73.896469785)"
504244824,12/10/2006,17:00:00,12/10/2006,17:00:00,12/10/2006,124,KIDNAPPING & RELATED OFFENSES,193,CUSTODIAL INTERFERENCE 1,COMPLETED,FELONY,N.Y. HOUSING POLICE,BROOKLYN,75,INSIDE,RESIDENCE - PUBLIC HOUSING,,UNITY PLAZA (SITES 4-27),"1,012,960","182,222",40.66679569,-73.89651171,"(40.666795691, -73.896511706)"
106642958,3/23/2011,22:30:00,3/23/2011,22:37:00,3/24/2011,124,KIDNAPPING & RELATED OFFENSES,183,"IMPRISONMENT 1,UNLAWFUL",COMPLETED,FELONY,POLICE DEPT NYC,BRONX,52,,STREET,,,"1,012,859","255,736",40.86857267,-73.89656287,"(40.868572673, -73.896562874)"
697434807,1/6/2007,2:00:00,1/14/2007,18:00:00,1/15/2007,124,KIDNAPPING & RELATED OFFENSES,187,KIDNAPPING 1,COMPLETED,FELONY,N.Y. POLICE DEPT,BRONX,42,INSIDE,RESIDENCE - APT. HOUSE,,,"1,012,869","242,599",40.83251548,-73.89658279,"(40.832515484, -73.896582793)"
662044385,7/9/2008,23:30:00,7/10/2008,0:33:00,7/10/2008,124,KIDNAPPING & RELATED OFFENSES,183,"IMPRISONMENT 1,UNLAWFUL",COMPLETED,FELONY,N.Y. POLICE DEPT,BROOKLYN,69,INSIDE,RESIDENCE-HOUSE,,,"1,012,917","174,213",40.64481289,-73.89670075,"(40.64481289, -73.896700749)"
486200477,3/22/2007,22:10:00,3/22/2007,22:19:00,3/23/2007,124,KIDNAPPING & RELATED OFFENSES,183,"IMPRISONMENT 1,UNLAWFUL",COMPLETED,FELONY,N.Y. POLICE DEPT,BROOKLYN,69,FRONT OF,RESIDENCE-HOUSE,,,"1,012,917","174,213",40.64481289,-73.89670075,"(40.64481289, -73.896700749)"
228762994,3/16/2008,22:05:00,3/16/2008,22:05:00,3/17/2008,124,KIDNAPPING & RELATED OFFENSES,187,KIDNAPPING 1,COMPLETED,FELONY,N.Y. POLICE DEPT,BRONX,50,FRONT OF,RESIDENCE-HOUSE,,,"1,012,780","260,666",40.88210425,-73.89682751,"(40.882104252, -73.896827511)"
496916800,3/16/2008,21:15:00,,,3/17/2008,124,KIDNAPPING & RELATED OFFENSES,187,KIDNAPPING 1,COMPLETED,FELONY,N.Y. POLICE DEPT,BRONX,50,FRONT OF,STREET,,,"1,012,780","260,666",40.88210425,-73.89682751,"(40.882104252, -73.896827511)"
698983747,7/1/2008,13:00:00,,,7/1/2008,124,KIDNAPPING & RELATED OFFENSES,193,CUSTODIAL INTERFERENCE 1,COMPLETED,FELONY,N.Y. POLICE DEPT,BRONX,50,INSIDE,RESIDENCE - APT. HOUSE,,,"1,012,756","261,646",40.88479412,-73.89691013,"(40.884794122, -73.896910132)"
726128617,12/30/2007,18:30:00,,,1/1/2008,124,KIDNAPPING & RELATED OFFENSES,193,CUSTODIAL INTERFERENCE 1,COMPLETED,FELONY,N.Y. POLICE DEPT,BRONX,41,INSIDE,RESIDENCE - APT. HOUSE,,,"1,012,610","239,967",40.82529224,-73.89752985,"(40.825292236, -73.897529849)"
253354284,8/3/2010,21:15:00,8/3/2010,21:30:00,8/3/2010,124,KIDNAPPING & RELATED OFFENSES,193,CUSTODIAL INTERFERENCE 1,COMPLETED,FELONY,N.Y. POLICE DEPT,BRONX,52,INSIDE,OTHER,,,"1,012,528","253,800",40.86326001,-73.8977678,"(40.863260009, -73.897767804)"
304288532,8/29/2013,23:30:00,8/30/2013,0:05:00,8/30/2013,124,KIDNAPPING & RELATED OFFENSES,183,"IMPRISONMENT 1,UNLAWFUL",COMPLETED,FELONY,N.Y. POLICE DEPT,BRONX,41,,STREET,,,"1,012,522","239,685",40.82451851,-73.897849,"(40.824518508, -73.897849003)"
160344223,6/25/2006,17:00:00,9/29/2006,11:30:00,10/26/2006,124,KIDNAPPING & RELATED OFFENSES,193,CUSTODIAL INTERFERENCE 1,COMPLETED,FELONY,N.Y. POLICE DEPT,BRONX,42,INSIDE,RESIDENCE - APT. HOUSE,,,"1,012,506","245,829",40.84138206,-73.89788094,"(40.841382062, -73.897880935)"
150357105,3/14/2009,18:30:00,3/14/2009,18:45:00,3/14/2009,124,KIDNAPPING & RELATED OFFENSES,183,"IMPRISONMENT 1,UNLAWFUL",COMPLETED,FELONY,N.Y. POLICE DEPT,BRONX,46,INSIDE,RESIDENCE - APT. HOUSE,,,"1,012,480","252,484",40.85964814,-73.89794688,"(40.859648141, -73.897946881)"
124915508,5/4/2007,17:00:00,5/4/2007,17:02:00,5/4/2007,124,KIDNAPPING & RELATED OFFENSES,185,KIDNAPPING 2,ATTEMPTED,FELONY,N.Y. POLICE DEPT,BRONX,52,,STREET,,,"1,012,468","255,066",40.86673499,-73.89797939,"(40.866734986, -73.897979391)"
655849381,4/8/2012,4:15:00,4/8/2012,4:50:00,4/8/2012,124,KIDNAPPING & RELATED OFFENSES,183,"IMPRISONMENT 1,UNLAWFUL",COMPLETED,FELONY,N.Y. POLICE DEPT,QUEENS,108,FRONT OF,STREET,,,"1,012,503","209,122",40.7406313,-73.89804618,"(40.7406313, -73.898046179)"
836337933,5/11/2014,22:00:00,5/12/2014,9:37:00,5/12/2014,124,KIDNAPPING & RELATED OFFENSES,183,"IMPRISONMENT 1,UNLAWFUL",COMPLETED,FELONY,N.Y. POLICE DEPT,BROOKLYN,75,INSIDE,RESIDENCE - APT. HOUSE,,,"1,012,523","180,392",40.66177416,-73.89809461,"(40.661774156, -73.898094614)"
346337521,11/22/2013,14:30:00,11/24/2013,18:30:00,11/26/2013,124,KIDNAPPING & RELATED OFFENSES,193,CUSTODIAL INTERFERENCE 1,COMPLETED,FELONY,N.Y. POLICE DEPT,BRONX,52,INSIDE,OTHER,,,"1,012,362","256,352",40.870265,-73.89835724,"(40.870265001, -73.898357239)"
758850616,4/19/2006,23:45:00,4/20/2006,6:30:00,4/21/2006,124,KIDNAPPING & RELATED OFFENSES,183,"IMPRISONMENT 1,UNLAWFUL",COMPLETED,FELONY,N.Y. POLICE DEPT,BRONX,46,INSIDE,RESIDENCE - APT. HOUSE,,,"1,012,356","250,621",40.85453516,-73.89840297,"(40.854535162, -73.898402966)"
428865588,12/27/2014,12:00:00,,,12/27/2014,124,KIDNAPPING & RELATED OFFENSES,193,CUSTODIAL INTERFERENCE 1,COMPLETED,FELONY,N.Y. POLICE DEPT,BROOKLYN,75,INSIDE,PUBLIC BUILDING,,LONG ISLAND BAPTIST HOUSES,"1,012,413","182,987",40.6688972,-73.89848026,"(40.668897201, -73.898480256)"
224455847,6/30/2014,8:00:00,,,7/7/2014,124,KIDNAPPING & RELATED OFFENSES,193,CUSTODIAL INTERFERENCE 1,COMPLETED,FELONY,N.Y. POLICE DEPT,BROOKLYN,75,FRONT OF,PUBLIC BUILDING,,LONG ISLAND BAPTIST HOUSES,"1,012,413","182,987",40.6688972,-73.89848026,"(40.668897201, -73.898480256)"
704162245,4/18/2013,18:20:00,4/22/2013,15:45:00,4/22/2013,124,KIDNAPPING & RELATED OFFENSES,187,KIDNAPPING 1,COMPLETED,FELONY,N.Y. POLICE DEPT,QUEENS,108,FRONT OF,RESIDENCE-HOUSE,,,"1,012,378","208,793",40.73972868,-73.89849864,"(40.739728675, -73.898498635)"
532660447,5/13/2008,15:50:00,5/13/2008,16:00:00,5/13/2008,124,KIDNAPPING & RELATED OFFENSES,183,"IMPRISONMENT 1,UNLAWFUL",COMPLETED,FELONY,N.Y. POLICE DEPT,BRONX,52,REAR OF,STREET,,,"1,012,292","253,737",40.86308785,-73.89862128,"(40.863087847, -73.898621279)"
349927291,6/22/2010,9:30:00,6/22/2010,9:43:00,6/22/2010,124,KIDNAPPING & RELATED OFFENSES,183,"IMPRISONMENT 1,UNLAWFUL",COMPLETED,FELONY,N.Y. POLICE DEPT,BRONX,46,INSIDE,RESIDENCE - APT. HOUSE,,,"1,012,248","251,807",40.85779072,-73.89878841,"(40.857790719, -73.898788413)"
239913803,3/31/2009,16:15:00,3/31/2009,16:15:00,3/31/2009,124,KIDNAPPING & RELATED OFFENSES,193,CUSTODIAL INTERFERENCE 1,COMPLETED,FELONY,N.Y. POLICE DEPT,BRONX,50,INSIDE,RESIDENCE - APT. HOUSE,,,"1,012,240","257,292",40.8728454,-73.89879443,"(40.872845399, -73.898794425)"
246460850,7/25/2012,22:00:00,7/26/2012,2:59:00,7/26/2012,124,KIDNAPPING & RELATED OFFENSES,193,CUSTODIAL INTERFERENCE 1,COMPLETED,FELONY,N.Y. HOUSING POLICE,BRONX,41,INSIDE,RESIDENCE - PUBLIC HOUSING,,,"1,012,229","237,969",40.81980951,-73.89891482,"(40.819809509, -73.898914824)"
340150261,5/23/2015,8:01:00,,,5/23/2015,124,KIDNAPPING & RELATED OFFENSES,183,"IMPRISONMENT 1,UNLAWFUL",COMPLETED,FELONY,N.Y. POLICE DEPT,BRONX,46,INSIDE,RESIDENCE - APT. HOUSE,,,"1,012,197","250,425",40.85399771,-73.89897854,"(40.853997705, -73.898978541)"
427501184,5/22/2007,16:00:00,5/22/2007,16:20:00,5/22/2007,124,KIDNAPPING & RELATED OFFENSES,193,CUSTODIAL INTERFERENCE 1,COMPLETED,FELONY,N.Y. POLICE DEPT,QUEENS,108,FRONT OF,RESIDENCE-HOUSE,,,"1,012,246","207,545",40.73630364,-73.89898016,"(40.736303644, -73.898980164)"
884640460,5/26/2006,2:00:00,5/28/2006,11:30:00,5/30/2006,124,KIDNAPPING & RELATED OFFENSES,187,KIDNAPPING 1,ATTEMPTED,FELONY,N.Y. POLICE DEPT,BROOKLYN,75,,STREET,,,"1,012,262","178,791",40.65738059,-73.89904201,"(40.657380594, -73.899042008)"
932304909,1/12/2008,4:00:00,1/13/2008,3:00:00,1/16/2008,124,KIDNAPPING & RELATED OFFENSES,183,"IMPRISONMENT 1,UNLAWFUL",COMPLETED,FELONY,N.Y. POLICE DEPT,QUEENS,115,INSIDE,RESIDENCE-HOUSE,,,"1,012,212","215,115",40.75708149,-73.89907138,"(40.757081492, -73.899071379)"
445370873,12/26/2007,20:00:00,,,1/3/2008,124,KIDNAPPING & RELATED OFFENSES,193,CUSTODIAL INTERFERENCE 1,COMPLETED,FELONY,N.Y. POLICE DEPT,BRONX,41,FRONT OF,OTHER,,,"1,012,141","236,947",40.81700469,-73.89923701,"(40.817004686, -73.899237011)"
237084382,4/9/2010,19:20:00,4/9/2010,19:20:00,4/9/2010,124,KIDNAPPING & RELATED OFFENSES,193,CUSTODIAL INTERFERENCE 1,COMPLETED,FELONY,N.Y. POLICE DEPT,BROOKLYN,75,FRONT OF,RESIDENCE - APT. HOUSE,,,"1,012,206","180,039",40.66080626,-73.89923867,"(40.660806255, -73.899238667)"
924847939,3/25/2007,18:30:00,,,3/25/2007,124,KIDNAPPING & RELATED OFFENSES,183,"IMPRISONMENT 1,UNLAWFUL",COMPLETED,FELONY,N.Y. POLICE DEPT,BRONX,46,INSIDE,RESIDENCE - APT. HOUSE,,,"1,012,120","252,873",40.86071697,-73.8992467,"(40.860716972, -73.899246702)"
107352882,9/5/2006,17:30:00,9/5/2006,23:00:00,12/5/2006,124,KIDNAPPING & RELATED OFFENSES,183,"IMPRISONMENT 1,UNLAWFUL",COMPLETED,FELONY,N.Y. POLICE DEPT,QUEENS,108,INSIDE,RESIDENCE - APT. HOUSE,,,"1,012,129","211,205",40.7463498,-73.89938718,"(40.746349798, -73.89938718)"
184037201,1/29/2011,17:30:00,,,1/29/2011,124,KIDNAPPING & RELATED OFFENSES,185,KIDNAPPING 2,ATTEMPTED,FELONY,N.Y. POLICE DEPT,BRONX,46,FRONT OF,STREET,,,"1,012,078","252,019",40.85837313,-73.89940208,"(40.858373133, -73.899402084)"
741772875,12/11/2008,18:39:00,12/11/2008,19:30:00,12/11/2008,124,KIDNAPPING & RELATED OFFENSES,183,"IMPRISONMENT 1,UNLAWFUL",COMPLETED,FELONY,N.Y. POLICE DEPT,BRONX,46,FRONT OF,STREET,,,"1,012,078","252,019",40.85837313,-73.89940208,"(40.858373133, -73.899402084)"
636961982,7/16/2013,11:00:00,7/16/2013,12:00:00,7/16/2013,124,KIDNAPPING & RELATED OFFENSES,183,"IMPRISONMENT 1,UNLAWFUL",COMPLETED,FELONY,N.Y. POLICE DEPT,BROOKLYN,73,INSIDE,HOTEL/MOTEL,,,"1,012,145","178,792",40.65738371,-73.89946369,"(40.657383708, -73.89946369)"
541871594,5/12/2006,18:30:00,5/12/2006,19:00:00,5/12/2006,124,KIDNAPPING & RELATED OFFENSES,193,CUSTODIAL INTERFERENCE 1,COMPLETED,FELONY,N.Y. POLICE DEPT,BRONX,50,FRONT OF,RESIDENCE - APT. HOUSE,,,"1,012,047","256,492",40.87065026,-73.8994956,"(40.870650255, -73.899495599)"
985402957,2/20/2016,23:00:00,2/20/2016,23:20:00,2/21/2016,124,KIDNAPPING & RELATED OFFENSES,183,"IMPRISONMENT 1,UNLAWFUL",COMPLETED,FELONY,N.Y. POLICE DEPT,BRONX,50,,RESIDENCE-HOUSE,,,"1,012,039","261,801",40.88522184,-73.8995025,"(40.885221835, -73.899502503)"
611008183,7/14/2007,2:30:00,7/14/2007,2:30:00,7/14/2007,124,KIDNAPPING & RELATED OFFENSES,183,"IMPRISONMENT 1,UNLAWFUL",COMPLETED,FELONY,N.Y. POLICE DEPT,BRONX,46,INSIDE,,,,"1,012,007","250,172",40.8533039,-73.8996664,"(40.853303895, -73.8996664)"
643443426,5/24/2014,22:00:00,5/24/2014,22:30:00,5/25/2014,124,KIDNAPPING & RELATED OFFENSES,183,"IMPRISONMENT 1,UNLAWFUL",COMPLETED,FELONY,N.Y. POLICE DEPT,BRONX,46,INSIDE,RESIDENCE - APT. HOUSE,,,"1,011,973","250,495",40.85419054,-73.89978797,"(40.854190541, -73.899787966)"
746410474,3/17/2006,8:30:00,3/17/2006,8:40:00,3/17/2006,124,KIDNAPPING & RELATED OFFENSES,183,"IMPRISONMENT 1,UNLAWFUL",COMPLETED,FELONY,N.Y. POLICE DEPT,BRONX,41,,STREET,,,"1,011,982","239,520",40.82406734,-73.89980081,"(40.824067342, -73.899800812)"
352364708,4/24/2007,14:50:00,4/24/2007,15:15:00,4/25/2007,124,KIDNAPPING & RELATED OFFENSES,183,"IMPRISONMENT 1,UNLAWFUL",COMPLETED,FELONY,N.Y. POLICE DEPT,BRONX,52,,STREET,,,"1,011,964","254,800",40.86600649,-73.8998027,"(40.866006494, -73.8998027)"
514202747,1/22/2016,0:29:00,1/31/2016,0:29:00,1/31/2016,124,KIDNAPPING & RELATED OFFENSES,193,CUSTODIAL INTERFERENCE 1,COMPLETED,FELONY,N.Y. POLICE DEPT,BROOKLYN,75,INSIDE,RESIDENCE - APT. HOUSE,,,"1,012,011","182,327",40.66708692,-73.89993209,"(40.667086919, -73.899932091)"
494993118,3/16/2009,16:30:00,3/17/2009,8:30:00,3/17/2009,124,KIDNAPPING & RELATED OFFENSES,185,KIDNAPPING 2,COMPLETED,FELONY,N.Y. POLICE DEPT,BRONX,42,,STREET,,,"1,011,854","242,120",40.831204,-73.9002526,"(40.831203998, -73.900252601)"
578015751,5/29/2010,17:20:00,5/29/2010,17:20:00,5/29/2010,124,KIDNAPPING & RELATED OFFENSES,185,KIDNAPPING 2,COMPLETED,FELONY,N.Y. POLICE DEPT,BRONX,46,,STREET,,,"1,011,832","253,515",40.86247997,-73.90028523,"(40.862479973, -73.900285228)"
425540143,8/7/2012,1:30:00,,,8/7/2012,124,KIDNAPPING & RELATED OFFENSES,193,CUSTODIAL INTERFERENCE 1,COMPLETED,FELONY,N.Y. POLICE DEPT,QUEENS,104,FRONT OF,RESIDENCE-HOUSE,,,"1,011,888","200,428",40.71677035,-73.90030121,"(40.716770346, -73.900301205)"
485026399,10/7/2007,7:15:00,,,10/7/2007,124,KIDNAPPING & RELATED OFFENSES,183,"IMPRISONMENT 1,UNLAWFUL",COMPLETED,FELONY,N.Y. POLICE DEPT,BROOKLYN,75,INSIDE,RESIDENCE-HOUSE,,,"1,011,901","182,887",40.66862434,-73.90032631,"(40.668624338, -73.900326307)"
737373168,11/27/2010,17:00:00,,,11/28/2010,124,KIDNAPPING & RELATED OFFENSES,193,CUSTODIAL INTERFERENCE 1,COMPLETED,FELONY,N.Y. POLICE DEPT,BRONX,46,INSIDE,RESIDENCE - APT. HOUSE,,,"1,011,816","251,433",40.85676556,-73.90035163,"(40.856765561, -73.900351634)"
623446415,4/13/2011,13:00:00,4/29/2011,11:30:00,4/29/2011,124,KIDNAPPING & RELATED OFFENSES,193,CUSTODIAL INTERFERENCE 1,COMPLETED,FELONY,N.Y. POLICE DEPT,BRONX,41,FRONT OF,RESIDENCE - APT. HOUSE,,,"1,011,823","235,561",40.8132015,-73.90039157,"(40.813201504, -73.900391572)"
119874686,12/12/2016,8:30:00,12/13/2016,1:30:00,12/13/2016,124,KIDNAPPING & RELATED OFFENSES,193,CUSTODIAL INTERFERENCE 1,COMPLETED,FELONY,N.Y. POLICE DEPT,BROOKLYN,75,FRONT OF,STREET,,,"1,011,872","185,822",40.67668034,-73.90041882,"(40.676680341, -73.900418819)"
973899205,10/26/2008,9:50:00,,,11/5/2008,124,KIDNAPPING & RELATED OFFENSES,193,CUSTODIAL INTERFERENCE 1,COMPLETED,FELONY,N.Y. POLICE DEPT,BROOKLYN,73,FRONT OF,RESIDENCE - APT. HOUSE,,,"1,011,866","179,682",40.65982744,-73.9004656,"(40.659827436, -73.900465602)"
259782572,12/23/2010,16:00:00,12/24/2010,17:33:00,12/24/2010,124,KIDNAPPING & RELATED OFFENSES,193,CUSTODIAL INTERFERENCE 1,COMPLETED,FELONY,N.Y. POLICE DEPT,BRONX,46,INSIDE,RESIDENCE - APT. HOUSE,,,"1,011,756","252,027",40.8583961,-73.90056609,"(40.858396099, -73.900566094)"
652901228,4/7/2012,22:10:00,4/7/2012,22:10:00,4/7/2012,124,KIDNAPPING & RELATED OFFENSES,185,KIDNAPPING 2,ATTEMPTED,FELONY,N.Y. POLICE DEPT,QUEENS,108,,STREET,,,"1,011,796","212,241",40.7491944,-73.90058472,"(40.7491944, -73.90058472)"
775285588,8/22/2007,10:26:00,,,8/22/2007,124,KIDNAPPING & RELATED OFFENSES,183,"IMPRISONMENT 1,UNLAWFUL",COMPLETED,FELONY,N.Y. POLICE DEPT,BROOKLYN,75,INSIDE,RESIDENCE-HOUSE,,,"1,011,829","182,582",40.66778741,-73.9005871,"(40.667787406, -73.900587098)"
335666137,2/19/2012,17:00:00,2/19/2012,17:30:00,2/20/2012,124,KIDNAPPING & RELATED OFFENSES,193,CUSTODIAL INTERFERENCE 1,COMPLETED,FELONY,N.Y. POLICE DEPT,BRONX,46,INSIDE,COMMERCIAL BUILDING,,,"1,011,751","250,275",40.8535874,-73.90059136,"(40.853587401, -73.900591356)"
712475456,8/31/2011,20:00:00,9/6/2011,19:00:00,9/6/2011,124,KIDNAPPING & RELATED OFFENSES,193,CUSTODIAL INTERFERENCE 1,COMPLETED,FELONY,N.Y. POLICE DEPT,BRONX,46,INSIDE,RESIDENCE-HOUSE,,,"1,011,751","250,275",40.8535874,-73.90059136,"(40.853587401, -73.900591356)"
894152817,11/4/2007,18:00:00,,,11/5/2007,124,KIDNAPPING & RELATED OFFENSES,193,CUSTODIAL INTERFERENCE 1,COMPLETED,FELONY,N.Y. POLICE DEPT,BRONX,46,INSIDE,OTHER,,,"1,011,751","250,275",40.8535874,-73.90059136,"(40.853587401, -73.900591356)"
819230622,6/17/2007,23:45:00,6/17/2007,23:45:00,6/18/2007,124,KIDNAPPING & RELATED OFFENSES,193,CUSTODIAL INTERFERENCE 1,COMPLETED,FELONY,N.Y. POLICE DEPT,BRONX,46,INSIDE,RESIDENCE - APT. HOUSE,,,"1,011,751","250,275",40.8535874,-73.90059136,"(40.853587401, -73.900591356)"
326533806,1/1/2006,12:00:00,1/1/2006,13:00:00,1/1/2006,124,KIDNAPPING & RELATED OFFENSES,193,CUSTODIAL INTERFERENCE 1,COMPLETED,FELONY,N.Y. POLICE DEPT,BRONX,46,INSIDE,PUBLIC BUILDING,,,"1,011,751","250,275",40.8535874,-73.90059136,"(40.853587401, -73.900591356)"
458472447,10/3/2010,17:20:00,,,10/3/2010,124,KIDNAPPING & RELATED OFFENSES,185,KIDNAPPING 2,COMPLETED,FELONY,N.Y. POLICE DEPT,BRONX,42,FRONT OF,STREET,,,"1,011,731","243,259",40.83433061,-73.9006924,"(40.834330608, -73.900692403)"
176397980,1/10/2011,5:10:00,1/10/2011,5:15:00,1/10/2011,124,KIDNAPPING & RELATED OFFENSES,185,KIDNAPPING 2,ATTEMPTED,FELONY,N.Y. POLICE DEPT,BRONX,41,,STREET,,,"1,011,693","238,602",40.8215486,-73.90084877,"(40.821548596, -73.900848774)"
316431170,6/3/2006,14:00:00,,,6/3/2006,124,KIDNAPPING & RELATED OFFENSES,187,KIDNAPPING 1,COMPLETED,FELONY,N.Y. POLICE DEPT,BRONX,46,INSIDE,STORE UNCLASSIFIED,,,"1,011,646","253,113",40.86137718,-73.90095931,"(40.861377184, -73.90095931)"
938383675,3/24/2012,2:30:00,,,3/24/2012,124,KIDNAPPING & RELATED OFFENSES,183,"IMPRISONMENT 1,UNLAWFUL",COMPLETED,FELONY,N.Y. POLICE DEPT,BRONX,46,FRONT OF,RESIDENCE - APT. HOUSE,,,"1,011,644","251,073",40.855778,-73.90097488,"(40.855778004, -73.900974877)"
698093024,6/12/2007,18:30:00,6/12/2007,19:00:00,8/30/2007,124,KIDNAPPING & RELATED OFFENSES,187,KIDNAPPING 1,ATTEMPTED,FELONY,N.Y. POLICE DEPT,BROOKLYN,69,OPPOSITE OF,STREET,,,"1,011,706","174,626",40.64595032,-73.90106287,"(40.645950322, -73.901062868)"
130658001,2/9/2015,1:59:00,,,2/9/2015,124,KIDNAPPING & RELATED OFFENSES,185,KIDNAPPING 2,COMPLETED,FELONY,N.Y. POLICE DEPT,BRONX,52,,STREET,,,"1,011,614","255,632",40.86829117,-73.90106471,"(40.868291171, -73.901064711)"
766842713,4/6/2008,15:00:00,4/6/2008,16:00:00,4/6/2008,124,KIDNAPPING & RELATED OFFENSES,183,"IMPRISONMENT 1,UNLAWFUL",COMPLETED,FELONY,N.Y. POLICE DEPT,BRONX,50,INSIDE,RESIDENCE-HOUSE,,,"1,011,564","256,747",40.87135166,-73.90124094,"(40.871351659, -73.901240944)"
603515809,5/8/2016,5:30:00,5/8/2016,8:30:00,5/8/2016,124,KIDNAPPING & RELATED OFFENSES,183,"IMPRISONMENT 1,UNLAWFUL",COMPLETED,FELONY,N.Y. POLICE DEPT,BRONX,42,INSIDE,RESIDENCE - APT. HOUSE,,,"1,011,499","243,337",40.83454541,-73.90153047,"(40.834545413, -73.901530472)"
772245898,6/15/2013,16:00:00,,,6/15/2013,124,KIDNAPPING & RELATED OFFENSES,193,CUSTODIAL INTERFERENCE 1,COMPLETED,FELONY,N.Y. POLICE DEPT,BRONX,46,INSIDE,RESIDENCE - APT. HOUSE,,,"1,011,487","252,148",40.85872904,-73.90153805,"(40.858729042, -73.901538048)"
769162399,8/1/2011,15:00:00,8/1/2011,17:18:00,8/2/2011,124,KIDNAPPING & RELATED OFFENSES,193,CUSTODIAL INTERFERENCE 1,COMPLETED,FELONY,N.Y. HOUSING POLICE,BRONX,42,INSIDE,RESIDENCE - PUBLIC HOUSING,,,"1,011,486","244,484",40.83769364,-73.90157279,"(40.837693635, -73.901572794)"
728104999,1/25/2008,16:30:00,1/25/2008,18:30:00,2/3/2008,124,KIDNAPPING & RELATED OFFENSES,187,KIDNAPPING 1,COMPLETED,FELONY,N.Y. POLICE DEPT,BRONX,50,FRONT OF,STREET,,,"1,011,414","256,215",40.86989195,-73.90178546,"(40.869891946, -73.901785463)"
535966871,2/21/2013,8:05:00,,,2/21/2013,124,KIDNAPPING & RELATED OFFENSES,185,KIDNAPPING 2,ATTEMPTED,FELONY,N.Y. POLICE DEPT,BRONX,46,FRONT OF,STREET,,,"1,011,391","253,231",40.86170185,-73.90188071,"(40.861701846, -73.901880709)"
580850826,2/22/2009,19:00:00,2/22/2009,20:00:00,2/22/2009,124,KIDNAPPING & RELATED OFFENSES,193,CUSTODIAL INTERFERENCE 1,COMPLETED,FELONY,N.Y. POLICE DEPT,QUEENS,104,INSIDE,RESIDENCE-HOUSE,,,"1,011,436","201,942",40.72092731,-73.90192562,"(40.720927311, -73.901925616)"
988922196,3/12/2007,20:00:00,3/13/2007,13:54:00,3/13/2007,124,KIDNAPPING & RELATED OFFENSES,193,CUSTODIAL INTERFERENCE 1,COMPLETED,FELONY,N.Y. POLICE DEPT,QUEENS,108,INSIDE,RESIDENCE - APT. HOUSE,,,"1,011,387","212,017",40.74858084,-73.90206175,"(40.748580841, -73.902061752)"
878151319,7/8/2006,20:00:00,,,7/11/2006,124,KIDNAPPING & RELATED OFFENSES,193,CUSTODIAL INTERFERENCE 1,COMPLETED,FELONY,N.Y. POLICE DEPT,BRONX,46,INSIDE,RESIDENCE - APT. HOUSE,,,"1,011,302","252,369",40.85933619,-73.90220594,"(40.859336189, -73.902205942)"
751828345,11/15/2016,22:25:00,11/15/2016,22:25:00,11/15/2016,124,KIDNAPPING & RELATED OFFENSES,187,KIDNAPPING 1,COMPLETED,FELONY,N.Y. POLICE DEPT,BRONX,52,INSIDE,RESIDENCE - APT. HOUSE,,,"1,011,293","254,135",40.86418335,-73.90223135,"(40.864183352, -73.902231352)"
264890046,4/6/2010,23:30:00,,,4/8/2010,124,KIDNAPPING & RELATED OFFENSES,183,"IMPRISONMENT 1,UNLAWFUL",COMPLETED,FELONY,N.Y. POLICE DEPT,BRONX,41,INSIDE,RESIDENCE - APT. HOUSE,,,"1,011,307","235,069",40.8118527,-73.90225765,"(40.811852697, -73.902257649)"
623101133,2/10/2008,23:30:00,2/11/2008,6:30:00,2/11/2008,124,KIDNAPPING & RELATED OFFENSES,185,KIDNAPPING 2,COMPLETED,FELONY,N.Y. POLICE DEPT,QUEENS,114,,RESIDENCE-HOUSE,,,"1,011,315","214,308",40.75486927,-73.90231239,"(40.754869274, -73.902312385)"
636823423,7/14/2016,18:00:00,7/14/2016,21:00:00,7/15/2016,124,KIDNAPPING & RELATED OFFENSES,193,CUSTODIAL INTERFERENCE 1,COMPLETED,FELONY,N.Y. POLICE DEPT,BROOKLYN,69,,FAST FOOD,,,"1,011,359","174,331",40.64514168,-73.90231448,"(40.64514168, -73.902314478)"
446972457,10/7/2006,9:20:00,10/7/2006,9:40:00,10/7/2006,124,KIDNAPPING & RELATED OFFENSES,183,"IMPRISONMENT 1,UNLAWFUL",COMPLETED,FELONY,N.Y. POLICE DEPT,BRONX,52,,TAXI (LIVERY LICENSED),,,"1,011,256","255,782",40.86870398,-73.90235848,"(40.868703978, -73.902358483)"
842358898,5/28/2006,18:52:00,5/28/2006,18:55:00,5/28/2006,124,KIDNAPPING & RELATED OFFENSES,183,"IMPRISONMENT 1,UNLAWFUL",COMPLETED,FELONY,N.Y. POLICE DEPT,QUEENS,104,,STREET,,,"1,011,295","196,447",40.70584528,-73.90245636,"(40.705845284, -73.902456359)"
294877358,9/8/2006,19:00:00,9/8/2006,19:20:00,9/8/2006,124,KIDNAPPING & RELATED OFFENSES,185,KIDNAPPING 2,COMPLETED,FELONY,N.Y. POLICE DEPT,QUEENS,104,FRONT OF,STREET,,,"1,011,279","191,643",40.69265948,-73.90253335,"(40.69265948, -73.902533346)"
934804060,10/9/2015,0:10:00,,,10/9/2015,124,KIDNAPPING & RELATED OFFENSES,183,"IMPRISONMENT 1,UNLAWFUL",COMPLETED,FELONY,N.Y. POLICE DEPT,BROOKLYN,75,,STREET,,,"1,011,245","185,498",40.67579297,-73.90268057,"(40.675792969, -73.90268057)"
296631396,3/20/2009,13:00:00,3/20/2009,18:39:00,3/20/2009,124,KIDNAPPING & RELATED OFFENSES,187,KIDNAPPING 1,COMPLETED,FELONY,N.Y. POLICE DEPT,BRONX,52,INSIDE,RESIDENCE - APT. HOUSE,,,"1,011,163","254,856",40.86616268,-73.90269845,"(40.866162675, -73.902698453)"
980757595,1/14/2006,3:30:00,1/14/2006,3:45:00,1/14/2006,124,KIDNAPPING & RELATED OFFENSES,185,KIDNAPPING 2,ATTEMPTED,FELONY,N.Y. POLICE DEPT,BRONX,52,OPPOSITE OF,STREET,,,"1,011,163","254,856",40.86616268,-73.90269845,"(40.866162675, -73.902698453)"
179173393,6/20/2016,10:30:00,6/20/2016,16:00:00,7/2/2016,124,KIDNAPPING & RELATED OFFENSES,193,CUSTODIAL INTERFERENCE 1,COMPLETED,FELONY,N.Y. POLICE DEPT,BRONX,52,INSIDE,RESIDENCE - APT. HOUSE,,,"1,011,163","254,856",40.86616268,-73.90269845,"(40.866162675, -73.902698453)"
383483038,6/16/2010,20:00:00,,,6/16/2010,124,KIDNAPPING & RELATED OFFENSES,183,"IMPRISONMENT 1,UNLAWFUL",COMPLETED,FELONY,N.Y. POLICE DEPT,BROOKLYN,73,INSIDE,RESIDENCE - APT. HOUSE,,,"1,011,240","182,175",40.6666721,-73.9027119,"(40.666672096, -73.9027119)"
586230435,12/27/2013,12:00:00,,,12/28/2013,124,KIDNAPPING & RELATED OFFENSES,193,CUSTODIAL INTERFERENCE 1,COMPLETED,FELONY,N.Y. POLICE DEPT,BROOKLYN,73,,STREET,,,"1,011,234","178,850",40.65754573,-73.90274683,"(40.657545728, -73.902746834)"
745076919,1/14/2011,19:00:00,1/17/2011,8:00:00,1/20/2011,124,KIDNAPPING & RELATED OFFENSES,183,"IMPRISONMENT 1,UNLAWFUL",COMPLETED,FELONY,N.Y. POLICE DEPT,BRONX,41,INSIDE,RESIDENCE - APT. HOUSE,,,"1,011,153","235,312",40.81252013,-73.902813,"(40.812520134, -73.902813002)"
630291634,8/19/2007,17:00:00,8/19/2007,17:06:00,8/19/2007,124,KIDNAPPING & RELATED OFFENSES,183,"IMPRISONMENT 1,UNLAWFUL",COMPLETED,FELONY,N.Y. POLICE DEPT,BRONX,41,INSIDE,RESTAURANT/DINER,,,"1,011,153","235,312",40.81252013,-73.902813,"(40.812520134, -73.902813002)"
525647440,5/4/2013,23:00:00,5/5/2013,1:30:00,5/5/2013,124,KIDNAPPING & RELATED OFFENSES,183,"IMPRISONMENT 1,UNLAWFUL",COMPLETED,FELONY,N.Y. POLICE DEPT,BRONX,42,INSIDE,RESIDENCE - APT. HOUSE,,,"1,011,125","241,994",40.83086041,-73.90288739,"(40.830860412, -73.902887392)"
786990162,11/21/2011,14:45:00,,,11/21/2011,124,KIDNAPPING & RELATED OFFENSES,185,KIDNAPPING 2,COMPLETED,FELONY,N.Y. POLICE DEPT,BROOKLYN,75,FRONT OF,HOTEL/MOTEL,,,"1,011,112","185,573",40.67599923,-73.90315976,"(40.675999231, -73.903159755)"
725025731,8/2/2008,22:00:00,8/12/2008,23:30:00,8/13/2008,124,KIDNAPPING & RELATED OFFENSES,193,CUSTODIAL INTERFERENCE 1,COMPLETED,FELONY,N.Y. POLICE DEPT,BROOKLYN,69,INSIDE,RESIDENCE-HOUSE,,,"1,011,107","169,595",40.63214315,-73.90324141,"(40.632143145, -73.903241406)"
379670460,2/19/2010,23:30:00,2/28/2010,12:00:00,2/28/2010,124,KIDNAPPING & RELATED OFFENSES,185,KIDNAPPING 2,COMPLETED,FELONY,N.Y. POLICE DEPT,BROOKLYN,73,,STREET,,,"1,011,068","186,257",40.67787679,-73.90331566,"(40.677876789, -73.90331566)"
122992129,12/14/2014,1:30:00,12/14/2014,2:00:00,12/14/2014,124,KIDNAPPING & RELATED OFFENSES,183,"IMPRISONMENT 1,UNLAWFUL",COMPLETED,FELONY,N.Y. POLICE DEPT,BRONX,52,INSIDE,RESIDENCE - APT. HOUSE,,,"1,010,975","255,273",40.86730778,-73.9033765,"(40.867307784, -73.903376497)"
943476207,5/29/2010,22:27:00,5/29/2010,22:27:00,5/29/2010,124,KIDNAPPING & RELATED OFFENSES,187,KIDNAPPING 1,COMPLETED,FELONY,N.Y. POLICE DEPT,BRONX,42,FRONT OF,SMALL MERCHANT,,,"1,010,969","245,307",40.83995411,-73.90343791,"(40.839954109, -73.903437909)"
682742024,3/11/2016,21:30:00,3/11/2016,21:40:00,3/14/2016,124,KIDNAPPING & RELATED OFFENSES,183,"IMPRISONMENT 1,UNLAWFUL",COMPLETED,FELONY,N.Y. POLICE DEPT,QUEENS,114,INSIDE,RESIDENCE - APT. HOUSE,,,"1,010,995","221,645",40.77500841,-73.90343821,"(40.77500841, -73.903438208)"
464831530,11/27/2009,15:30:00,11/28/2009,14:00:00,11/28/2009,124,KIDNAPPING & RELATED OFFENSES,193,CUSTODIAL INTERFERENCE 1,COMPLETED,FELONY,N.Y. POLICE DEPT,BROOKLYN,83,INSIDE,RESIDENCE - APT. HOUSE,,,"1,010,993","191,270",40.69163655,-73.90356616,"(40.691636551, -73.903566159)"
471438715,4/6/2008,1:40:00,4/6/2008,1:43:00,4/6/2008,124,KIDNAPPING & RELATED OFFENSES,183,"IMPRISONMENT 1,UNLAWFUL",COMPLETED,FELONY,N.Y. POLICE DEPT,BROOKLYN,83,FRONT OF,STREET,,,"1,010,977","187,768",40.68202442,-73.90363775,"(40.682024415, -73.903637746)"
636063559,3/10/2015,14:00:00,3/10/2015,14:14:00,3/10/2015,124,KIDNAPPING & RELATED OFFENSES,185,KIDNAPPING 2,ATTEMPTED,FELONY,N.Y. POLICE DEPT,BRONX,46,,STREET,,,"1,010,891","252,143",40.85871714,-73.90369264,"(40.858717137, -73.903692643)"
318871816,11/27/2016,23:10:00,11/28/2016,0:22:00,11/28/2016,124,KIDNAPPING & RELATED OFFENSES,183,"IMPRISONMENT 1,UNLAWFUL",COMPLETED,FELONY,N.Y. HOUSING POLICE,BROOKLYN,73,INSIDE,RESIDENCE - PUBLIC HOUSING,,VAN DYKE I,"1,010,954","180,954",40.66332159,-73.90374767,"(40.663321591, -73.903747666)"
149890212,7/13/2015,18:30:00,7/13/2015,22:00:00,7/14/2015,124,KIDNAPPING & RELATED OFFENSES,183,"IMPRISONMENT 1,UNLAWFUL",COMPLETED,FELONY,N.Y. POLICE DEPT,BRONX,46,INSIDE,RESIDENCE - APT. HOUSE,,,"1,010,845","249,071",40.85028556,-73.90387112,"(40.850285555, -73.903871122)"
648294592,1/5/2008,21:00:00,,,1/5/2008,124,KIDNAPPING & RELATED OFFENSES,193,CUSTODIAL INTERFERENCE 1,COMPLETED,FELONY,N.Y. POLICE DEPT,BRONX,46,INSIDE,RESIDENCE - APT. HOUSE,,,"1,010,845","249,071",40.85028556,-73.90387112,"(40.850285555, -73.903871122)"
839668414,2/16/2007,12:00:00,,,2/17/2007,124,KIDNAPPING & RELATED OFFENSES,193,CUSTODIAL INTERFERENCE 1,COMPLETED,FELONY,N.Y. POLICE DEPT,BRONX,46,INSIDE,RESIDENCE-HOUSE,,,"1,010,845","249,071",40.85028556,-73.90387112,"(40.850285555, -73.903871122)"
633001829,4/16/2006,17:30:00,4/16/2006,20:45:00,4/16/2006,124,KIDNAPPING & RELATED OFFENSES,193,CUSTODIAL INTERFERENCE 1,COMPLETED,FELONY,N.Y. HOUSING POLICE,BROOKLYN,73,INSIDE,RESIDENCE - PUBLIC HOUSING,,LOW HOUSES,"1,010,869","183,398",40.67003008,-73.9040444,"(40.670030081, -73.904044397)"
898296124,7/25/2011,11:30:00,,,7/25/2011,124,KIDNAPPING & RELATED OFFENSES,183,"IMPRISONMENT 1,UNLAWFUL",COMPLETED,FELONY,N.Y. POLICE DEPT,BROOKLYN,73,INSIDE,OTHER,,,"1,010,862","185,277",40.67518753,-73.90406221,"(40.675187533, -73.904062212)"
801739092,4/26/2010,13:40:00,4/26/2010,13:40:00,4/26/2010,124,KIDNAPPING & RELATED OFFENSES,183,"IMPRISONMENT 1,UNLAWFUL",COMPLETED,FELONY,N.Y. POLICE DEPT,BROOKLYN,73,INSIDE,RESIDENCE - APT. HOUSE,,,"1,010,862","178,621",40.6569183,-73.90408849,"(40.6569183, -73.904088485)"
113050482,11/11/2009,15:00:00,11/12/2009,15:30:00,11/12/2009,124,KIDNAPPING & RELATED OFFENSES,193,CUSTODIAL INTERFERENCE 1,COMPLETED,FELONY,N.Y. HOUSING POLICE,BROOKLYN,73,INSIDE,RESIDENCE - PUBLIC HOUSING,,VAN DYKE I,"1,010,854","182,099",40.66646466,-73.9041036,"(40.666464662, -73.904103595)"
555171360,5/13/2009,19:50:00,5/13/2009,19:50:00,5/13/2009,124,KIDNAPPING & RELATED OFFENSES,183,"IMPRISONMENT 1,UNLAWFUL",COMPLETED,FELONY,N.Y. HOUSING POLICE,BROOKLYN,73,INSIDE,RESIDENCE - PUBLIC HOUSING,,VAN DYKE I,"1,010,854","182,099",40.66646466,-73.9041036,"(40.666464662, -73.904103595)"
158592134,4/28/2008,18:00:00,4/29/2008,20:53:00,4/29/2008,124,KIDNAPPING & RELATED OFFENSES,193,CUSTODIAL INTERFERENCE 1,COMPLETED,FELONY,N.Y. HOUSING POLICE,BROOKLYN,73,INSIDE,RESIDENCE - PUBLIC HOUSING,,VAN DYKE I,"1,010,854","182,099",40.66646466,-73.9041036,"(40.666464662, -73.904103595)"
287598777,8/18/2012,4:30:00,8/18/2012,5:30:00,8/18/2012,124,KIDNAPPING & RELATED OFFENSES,183,"IMPRISONMENT 1,UNLAWFUL",COMPLETED,FELONY,N.Y. POLICE DEPT,QUEENS,114,FRONT OF,STREET,,,"1,010,809","217,787",40.76441977,-73.90412501,"(40.764419768, -73.904125009)"
751742734,2/3/2012,15:30:00,2/5/2012,22:20:00,2/5/2012,124,KIDNAPPING & RELATED OFFENSES,193,CUSTODIAL INTERFERENCE 1,COMPLETED,FELONY,N.Y. POLICE DEPT,BROOKLYN,73,INSIDE,RESIDENCE - APT. HOUSE,,,"1,010,837","184,940",40.67426262,-73.90415367,"(40.674262619, -73.904153669)"
917109407,10/31/2006,10:00:00,,,11/8/2006,124,KIDNAPPING & RELATED OFFENSES,193,CUSTODIAL INTERFERENCE 1,COMPLETED,FELONY,N.Y. POLICE DEPT,BROOKLYN,73,FRONT OF,OTHER,,,"1,010,837","184,940",40.67426262,-73.90415367,"(40.674262619, -73.904153669)"
104550334,2/29/2016,8:30:00,3/1/2016,9:30:00,3/1/2016,124,KIDNAPPING & RELATED OFFENSES,193,CUSTODIAL INTERFERENCE 1,COMPLETED,FELONY,N.Y. POLICE DEPT,BROOKLYN,73,,RESIDENCE - APT. HOUSE,,,"1,010,837","184,940",40.67426262,-73.90415367,"(40.674262619, -73.904153669)"
291798955,6/24/2015,12:00:00,,,6/25/2015,124,KIDNAPPING & RELATED OFFENSES,193,CUSTODIAL INTERFERENCE 1,COMPLETED,FELONY,N.Y. HOUSING POLICE,BROOKLYN,73,INSIDE,RESIDENCE - PUBLIC HOUSING,,VAN DYKE I,"1,010,838","181,519",40.66487274,-73.90416356,"(40.664872739, -73.904163557)"
240668578,4/2/2006,11:00:00,4/2/2006,11:30:00,4/3/2006,124,KIDNAPPING & RELATED OFFENSES,183,"IMPRISONMENT 1,UNLAWFUL",COMPLETED,FELONY,N.Y. POLICE DEPT,QUEENS,114,INSIDE,RESIDENCE - APT. HOUSE,,,"1,010,793","221,832",40.77552228,-73.90416679,"(40.775522284, -73.904166793)"
453426036,3/28/2008,19:00:00,3/28/2008,19:20:00,3/28/2008,124,KIDNAPPING & RELATED OFFENSES,183,"IMPRISONMENT 1,UNLAWFUL",COMPLETED,FELONY,N.Y. HOUSING POLICE,BRONX,42,INSIDE,RESIDENCE - PUBLIC HOUSING,,,"1,010,688","239,927",40.82518841,-73.90447466,"(40.825188409, -73.904474656)"
311104111,8/24/2007,13:00:00,,,9/4/2007,124,KIDNAPPING & RELATED OFFENSES,193,CUSTODIAL INTERFERENCE 1,COMPLETED,FELONY,N.Y. HOUSING POLICE,BRONX,42,INSIDE,RESIDENCE - PUBLIC HOUSING,,,"1,010,688","239,927",40.82518841,-73.90447466,"(40.825188409, -73.904474656)"
505297536,7/7/2009,23:30:00,,,7/8/2009,124,KIDNAPPING & RELATED OFFENSES,183,"IMPRISONMENT 1,UNLAWFUL",COMPLETED,FELONY,N.Y. POLICE DEPT,BROOKLYN,73,INSIDE,RESIDENCE - APT. HOUSE,,,"1,010,754","179,173",40.65843374,-73.90447556,"(40.658433742, -73.90447556)"
949186632,8/5/2009,10:00:00,8/5/2009,20:00:00,8/5/2009,124,KIDNAPPING & RELATED OFFENSES,193,CUSTODIAL INTERFERENCE 1,COMPLETED,FELONY,N.Y. HOUSING POLICE,BROOKLYN,73,INSIDE,RESIDENCE - PUBLIC HOUSING,,LOW HOUSES,"1,010,707","182,887",40.66862799,-73.90463039,"(40.668627986, -73.904630385)"
205954075,6/26/2009,12:15:00,,,6/26/2009,124,KIDNAPPING & RELATED OFFENSES,193,CUSTODIAL INTERFERENCE 1,COMPLETED,FELONY,N.Y. POLICE DEPT,BRONX,42,INSIDE,RESIDENCE - APT. HOUSE,,,"1,010,628","240,596",40.8270248,-73.90468882,"(40.827024803, -73.90468882)"
243096811,8/3/2013,8:50:00,8/3/2013,9:15:00,8/3/2013,124,KIDNAPPING & RELATED OFFENSES,193,CUSTODIAL INTERFERENCE 1,COMPLETED,FELONY,N.Y. POLICE DEPT,BROOKLYN,73,INSIDE,RESIDENCE - APT. HOUSE,,,"1,010,684","186,007",40.67719175,-73.90470106,"(40.677191751, -73.904701059)"
844130770,9/12/2006,12:00:00,9/12/2006,12:00:00,9/12/2006,124,KIDNAPPING & RELATED OFFENSES,193,CUSTODIAL INTERFERENCE 1,COMPLETED,FELONY,N.Y. POLICE DEPT,BRONX,46,INSIDE,RESIDENCE-HOUSE,,,"1,010,592","247,314",40.84546387,-73.90479252,"(40.845463868, -73.904792517)"
937815927,8/14/2016,14:35:00,8/15/2016,1:25:00,8/15/2016,124,KIDNAPPING & RELATED OFFENSES,193,CUSTODIAL INTERFERENCE 1,COMPLETED,FELONY,N.Y. POLICE DEPT,BROOKLYN,73,INSIDE,STREET,,,"1,010,658","185,620",40.6761296,-73.90479631,"(40.676129601, -73.90479631)"
297885402,8/13/2011,23:30:00,,,8/14/2011,124,KIDNAPPING & RELATED OFFENSES,183,"IMPRISONMENT 1,UNLAWFUL",COMPLETED,FELONY,N.Y. POLICE DEPT,BRONX,46,INSIDE,RESIDENCE - APT. HOUSE,,,"1,010,587","248,297",40.84816193,-73.90480673,"(40.848161927, -73.904806728)"
137984690,5/29/2014,21:30:00,5/29/2014,22:21:00,5/30/2014,124,KIDNAPPING & RELATED OFFENSES,185,KIDNAPPING 2,COMPLETED,FELONY,N.Y. POLICE DEPT,BRONX,52,,STREET,,,"1,010,546","253,615",40.86275837,-73.90493406,"(40.862758367, -73.904934062)"
751741035,7/8/2007,16:45:00,7/8/2007,17:00:00,7/11/2007,124,KIDNAPPING & RELATED OFFENSES,193,CUSTODIAL INTERFERENCE 1,COMPLETED,FELONY,N.Y. POLICE DEPT,BRONX,46,INSIDE,RESIDENCE - APT. HOUSE,,,"1,010,514","248,037",40.84744852,-73.9050716,"(40.847448522, -73.905071604)"
721094777,2/8/2007,16:15:00,2/8/2007,16:30:00,2/8/2007,124,KIDNAPPING & RELATED OFFENSES,193,CUSTODIAL INTERFERENCE 1,COMPLETED,FELONY,N.Y. HOUSING POLICE,BROOKLYN,73,INSIDE,RESIDENCE - PUBLIC HOUSING,,LOW HOUSES,"1,010,535","183,093",40.66919392,-73.9052496,"(40.669193922, -73.905249599)"
832833842,9/21/2010,12:00:00,9/21/2010,18:00:00,9/28/2010,124,KIDNAPPING & RELATED OFFENSES,193,CUSTODIAL INTERFERENCE 1,COMPLETED,FELONY,N.Y. POLICE DEPT,BROOKLYN,73,INSIDE,RESIDENCE - APT. HOUSE,,,"1,010,534","180,292",40.66150581,-73.90526412,"(40.661505805, -73.905264124)"
466068837,7/20/2006,13:00:00,7/21/2006,23:00:00,7/21/2006,124,KIDNAPPING & RELATED OFFENSES,187,KIDNAPPING 1,COMPLETED,FELONY,N.Y. POLICE DEPT,BROOKLYN,73,INSIDE,RESIDENCE - APT. HOUSE,,,"1,010,492","179,122",40.65829454,-73.90542006,"(40.658294539, -73.90542006)"
722953245,6/9/2010,20:00:00,6/9/2010,20:05:00,6/11/2010,124,KIDNAPPING & RELATED OFFENSES,183,"IMPRISONMENT 1,UNLAWFUL",COMPLETED,FELONY,N.Y. HOUSING POLICE,BROOKLYN,73,INSIDE,RESIDENCE - PUBLIC HOUSING,,VAN DYKE I,"1,010,475","182,025",40.66626268,-73.90547004,"(40.666262679, -73.90547004)"
707960015,3/10/2008,8:00:00,3/10/2008,9:30:00,3/10/2008,124,KIDNAPPING & RELATED OFFENSES,183,"IMPRISONMENT 1,UNLAWFUL",COMPLETED,FELONY,N.Y. POLICE DEPT,BRONX,52,INSIDE,RESIDENCE - APT. HOUSE,,,"1,010,383","252,364",40.85932523,-73.90552823,"(40.859325234, -73.90552823)"
263601257,1/26/2006,0:30:00,1/26/2006,0:30:00,1/28/2006,124,KIDNAPPING & RELATED OFFENSES,183,"IMPRISONMENT 1,UNLAWFUL",COMPLETED,FELONY,N.Y. POLICE DEPT,BRONX,46,INSIDE,RESIDENCE - APT. HOUSE,,,"1,010,368","250,581",40.85443148,-73.9055894,"(40.854431478, -73.905589403)"
680286553,9/24/2006,4:15:00,9/24/2006,4:20:00,9/24/2006,124,KIDNAPPING & RELATED OFFENSES,193,CUSTODIAL INTERFERENCE 1,COMPLETED,FELONY,N.Y. POLICE DEPT,BRONX,46,,OTHER,,,"1,010,361","248,942",40.84993293,-73.90562109,"(40.849932932, -73.90562109)"
342970871,4/22/2007,10:00:00,4/22/2007,23:50:00,4/23/2007,124,KIDNAPPING & RELATED OFFENSES,193,CUSTODIAL INTERFERENCE 1,COMPLETED,FELONY,N.Y. POLICE DEPT,BRONX,46,INSIDE,RESIDENCE-HOUSE,,,"1,010,352","247,469",40.84589001,-73.90565936,"(40.84589001, -73.905659355)"
263106585,4/20/2013,21:00:00,6/20/2013,22:00:00,9/26/2013,124,KIDNAPPING & RELATED OFFENSES,183,"IMPRISONMENT 1,UNLAWFUL",COMPLETED,FELONY,N.Y. POLICE DEPT,QUEENS,108,INSIDE,RESIDENCE-HOUSE,,,"1,010,376","209,990",40.74302028,-73.90571841,"(40.743020281, -73.905718406)"
184979252,2/15/2013,20:45:00,,,2/16/2013,124,KIDNAPPING & RELATED OFFENSES,187,KIDNAPPING 1,COMPLETED,FELONY,N.Y. POLICE DEPT,QUEENS,104,FRONT OF,STREET,,,"1,010,367","193,671",40.69822861,-73.90581421,"(40.698228605, -73.905814205)"
217146063,11/19/2007,7:30:00,11/19/2007,8:00:00,11/19/2007,124,KIDNAPPING & RELATED OFFENSES,193,CUSTODIAL INTERFERENCE 1,COMPLETED,FELONY,N.Y. POLICE DEPT,BROOKLYN,73,INSIDE,RESIDENCE - APT. HOUSE,,,"1,010,346","180,547",40.66220628,-73.90594076,"(40.662206279, -73.905940758)"
423860418,6/11/2008,18:30:00,6/12/2008,1:00:00,6/12/2008,124,KIDNAPPING & RELATED OFFENSES,187,KIDNAPPING 1,COMPLETED,FELONY,N.Y. POLICE DEPT,BRONX,46,,STREET,,,"1,010,270","248,769",40.84945837,-73.90595069,"(40.849458367, -73.905950688)"
465875430,4/27/2013,23:00:00,4/28/2013,12:00:00,5/2/2013,124,KIDNAPPING & RELATED OFFENSES,183,"IMPRISONMENT 1,UNLAWFUL",COMPLETED,FELONY,N.Y. POLICE DEPT,BROOKLYN,73,INSIDE,RESIDENCE - APT. HOUSE,,,"1,010,306","185,838",40.67672901,-73.90606448,"(40.676729005, -73.906064484)"
938181542,12/28/2009,22:00:00,,,12/28/2009,124,KIDNAPPING & RELATED OFFENSES,193,CUSTODIAL INTERFERENCE 1,COMPLETED,FELONY,N.Y. POLICE DEPT,BROOKLYN,73,INSIDE,RESIDENCE - APT. HOUSE,,,"1,010,310","179,377",40.65899499,-73.90607504,"(40.658994994, -73.906075038)"
966984277,2/18/2009,7:30:00,,,2/18/2009,124,KIDNAPPING & RELATED OFFENSES,183,"IMPRISONMENT 1,UNLAWFUL",COMPLETED,FELONY,N.Y. HOUSING POLICE,BRONX,52,INSIDE,RESIDENCE - PUBLIC HOUSING,,BAILEY AVENUE-WEST 193RD STREET,"1,010,219","256,277",40.87006571,-73.90610594,"(40.870065713, -73.906105943)"
561856717,4/28/2013,3:00:00,4/28/2013,8:00:00,5/2/2013,124,KIDNAPPING & RELATED OFFENSES,183,"IMPRISONMENT 1,UNLAWFUL",COMPLETED,FELONY,N.Y. POLICE DEPT,BROOKLYN,73,,RESIDENCE-HOUSE,,,"1,010,289","185,605",40.67608952,-73.90612667,"(40.676089523, -73.906126672)"
400634821,1/28/2007,14:30:00,1/28/2007,16:00:00,1/29/2007,124,KIDNAPPING & RELATED OFFENSES,193,CUSTODIAL INTERFERENCE 1,COMPLETED,FELONY,N.Y. POLICE DEPT,BRONX,40,INSIDE,RESIDENCE - APT. HOUSE,,,"1,010,234","236,078",40.81462534,-73.90612997,"(40.81462534, -73.906129968)"
183116677,9/11/2015,21:25:00,9/11/2015,21:30:00,9/11/2015,124,KIDNAPPING & RELATED OFFENSES,183,"IMPRISONMENT 1,UNLAWFUL",COMPLETED,FELONY,N.Y. TRANSIT POLICE,BROOKLYN,73,,TRANSIT - NYC SUBWAY,,,"1,010,287","186,518",40.67859551,-73.90613036,"(40.678595507, -73.906130355)"
696155927,9/26/2015,19:30:00,9/26/2015,20:00:00,9/26/2015,124,KIDNAPPING & RELATED OFFENSES,183,"IMPRISONMENT 1,UNLAWFUL",COMPLETED,FELONY,N.Y. HOUSING POLICE,BRONX,50,INSIDE,RESIDENCE - PUBLIC HOUSING,,MARBLE HILL,"1,010,206","258,125",40.87513794,-73.90614579,"(40.875137942, -73.906145787)"
988745751,10/28/2006,15:00:00,10/28/2006,15:04:00,10/28/2006,124,KIDNAPPING & RELATED OFFENSES,187,KIDNAPPING 1,COMPLETED,FELONY,N.Y. POLICE DEPT,BRONX,50,OPPOSITE OF,PARKING LOT/GARAGE (PRIVATE),,MARBLE HILL,"1,010,206","258,125",40.87513794,-73.90614579,"(40.875137942, -73.906145787)"
509210856,1/31/2007,23:10:00,2/1/2007,0:20:00,2/1/2007,124,KIDNAPPING & RELATED OFFENSES,183,"IMPRISONMENT 1,UNLAWFUL",COMPLETED,FELONY,N.Y. HOUSING POLICE,BROOKLYN,73,INSIDE,RESIDENCE - PUBLIC HOUSING,,,"1,010,272","183,760",40.67102546,-73.90619508,"(40.671025464, -73.906195082)"
851755302,5/25/2014,10:00:00,,,5/25/2014,124,KIDNAPPING & RELATED OFFENSES,183,"IMPRISONMENT 1,UNLAWFUL",COMPLETED,FELONY,N.Y. POLICE DEPT,BRONX,52,INSIDE,RESIDENCE - APT. HOUSE,,,"1,010,153","253,042",40.86118682,-73.90635708,"(40.861186817, -73.90635708)"
602515977,11/25/2008,0:00:00,,,11/25/2008,124,KIDNAPPING & RELATED OFFENSES,183,"IMPRISONMENT 1,UNLAWFUL",COMPLETED,FELONY,N.Y. POLICE DEPT,BRONX,52,INSIDE,RESIDENCE - APT. HOUSE,,,"1,010,153","253,042",40.86118682,-73.90635708,"(40.861186817, -73.90635708)"
184602678,4/19/2008,13:00:00,4/19/2008,13:30:00,4/20/2008,124,KIDNAPPING & RELATED OFFENSES,193,CUSTODIAL INTERFERENCE 1,COMPLETED,FELONY,N.Y. POLICE DEPT,BRONX,52,INSIDE,RESIDENCE - APT. HOUSE,,,"1,010,153","253,042",40.86118682,-73.90635708,"(40.861186817, -73.90635708)"
553415920,11/7/2015,13:00:00,1/7/2016,13:50:00,1/7/2016,124,KIDNAPPING & RELATED OFFENSES,183,"IMPRISONMENT 1,UNLAWFUL",COMPLETED,FELONY,N.Y. POLICE DEPT,BRONX,52,INSIDE,RESIDENCE - APT. HOUSE,,,"1,010,153","253,042",40.86118682,-73.90635708,"(40.861186817, -73.90635708)"
238704229,12/2/2011,16:39:00,,,2/1/2012,124,KIDNAPPING & RELATED OFFENSES,187,KIDNAPPING 1,COMPLETED,FELONY,N.Y. POLICE DEPT,BRONX,40,,STREET,,,"1,010,140","238,664",40.82172346,-73.90645958,"(40.821723457, -73.906459582)"
592521570,11/13/2006,15:50:00,,,11/13/2006,124,KIDNAPPING & RELATED OFFENSES,185,KIDNAPPING 2,COMPLETED,FELONY,N.Y. HOUSING POLICE,BRONX,40,INSIDE,RESIDENCE - PUBLIC HOUSING,,ADAMS,"1,010,135","237,045",40.81727977,-73.90648389,"(40.817279774, -73.906483892)"
680594201,11/24/2009,19:30:00,,,11/25/2009,124,KIDNAPPING & RELATED OFFENSES,193,CUSTODIAL INTERFERENCE 1,COMPLETED,FELONY,N.Y. POLICE DEPT,BRONX,42,INSIDE,RESIDENCE-HOUSE,,,"1,010,131","240,105",40.82567862,-73.90648654,"(40.825678618, -73.906486541)"
405415355,4/6/2010,23:30:00,,,4/8/2010,124,KIDNAPPING & RELATED OFFENSES,183,"IMPRISONMENT 1,UNLAWFUL",COMPLETED,FELONY,N.Y. POLICE DEPT,BRONX,42,INSIDE,RESIDENCE - APT. HOUSE,,,"1,010,129","239,570",40.8242102,-73.90649583,"(40.824210201, -73.906495831)"
416216950,2/28/2012,20:45:00,2/28/2012,20:49:00,2/28/2012,124,KIDNAPPING & RELATED OFFENSES,183,"IMPRISONMENT 1,UNLAWFUL",COMPLETED,FELONY,N.Y. POLICE DEPT,BROOKLYN,83,INSIDE,RESIDENCE - APT. HOUSE,,,"1,010,160","191,024",40.69096382,-73.9065709,"(40.690963815, -73.906570901)"
799616377,5/29/2008,15:00:00,,,6/4/2008,124,KIDNAPPING & RELATED OFFENSES,193,CUSTODIAL INTERFERENCE 1,COMPLETED,FELONY,N.Y. POLICE DEPT,BROOKLYN,83,INSIDE,RESIDENCE-HOUSE,,,"1,010,160","191,024",40.69096382,-73.9065709,"(40.690963815, -73.906570901)"
602837146,7/23/2010,5:00:00,7/23/2010,7:00:00,7/23/2010,124,KIDNAPPING & RELATED OFFENSES,183,"IMPRISONMENT 1,UNLAWFUL",COMPLETED,FELONY,N.Y. POLICE DEPT,QUEENS,108,INSIDE,RESIDENCE - APT. HOUSE,,,"1,010,088","211,446",40.74701748,-73.90675214,"(40.747017481, -73.906752141)"
296103045,7/1/2007,10:30:00,7/1/2007,21:45:00,7/1/2007,124,KIDNAPPING & RELATED OFFENSES,185,KIDNAPPING 2,COMPLETED,FELONY,N.Y. POLICE DEPT,BRONX,50,INSIDE,RESIDENCE - APT. HOUSE,,,"1,010,022","258,754",40.87686489,-73.9068087,"(40.876864892, -73.906808703)"
521585847,6/9/2008,17:00:00,6/9/2008,17:40:00,6/10/2008,124,KIDNAPPING & RELATED OFFENSES,183,"IMPRISONMENT 1,UNLAWFUL",COMPLETED,FELONY,N.Y. POLICE DEPT,QUEENS,114,FRONT OF,STREET,,,"1,010,046","214,129",40.75438176,-73.90689343,"(40.754381758, -73.906893428)"
900445077,2/18/2011,21:30:00,,,2/19/2011,124,KIDNAPPING & RELATED OFFENSES,185,KIDNAPPING 2,COMPLETED,FELONY,N.Y. POLICE DEPT,BRONX,40,INSIDE,GROCERY/BODEGA,,,"1,010,006","238,706",40.82183913,-73.90694357,"(40.821839126, -73.906943569)"
853257253,7/3/2006,12:30:00,7/3/2006,16:55:00,7/3/2006,124,KIDNAPPING & RELATED OFFENSES,187,KIDNAPPING 1,COMPLETED,FELONY,N.Y. POLICE DEPT,BRONX,46,FRONT OF,RESIDENCE-HOUSE,,,"1,009,954","252,278",40.85909045,-73.90707943,"(40.859090449, -73.907079433)"
179493700,10/5/2010,14:00:00,10/5/2010,16:36:00,10/5/2010,124,KIDNAPPING & RELATED OFFENSES,183,"IMPRISONMENT 1,UNLAWFUL",COMPLETED,FELONY,N.Y. HOUSING POLICE,BRONX,42,INSIDE,RESIDENCE - PUBLIC HOUSING,,BUTLER,"1,009,944","244,103",40.83665252,-73.90714691,"(40.836652522, -73.907146909)"
712847362,12/22/2009,14:35:00,12/22/2009,16:00:00,12/23/2009,124,KIDNAPPING & RELATED OFFENSES,183,"IMPRISONMENT 1,UNLAWFUL",COMPLETED,FELONY,N.Y. HOUSING POLICE,BRONX,42,INSIDE,RESIDENCE - PUBLIC HOUSING,,BUTLER,"1,009,944","244,103",40.83665252,-73.90714691,"(40.836652522, -73.907146909)"
509999648,8/8/2014,13:00:00,8/31/2014,21:40:00,8/31/2014,124,KIDNAPPING & RELATED OFFENSES,193,CUSTODIAL INTERFERENCE 1,COMPLETED,FELONY,N.Y. HOUSING POLICE,BROOKLYN,73,INSIDE,RESIDENCE - PUBLIC HOUSING,,HUGHES APARTMENTS,"1,009,968","182,503",40.66757617,-73.90729576,"(40.667576169, -73.907295763)"
765628830,8/17/2012,18:45:00,8/24/2012,21:59:00,8/24/2012,124,KIDNAPPING & RELATED OFFENSES,193,CUSTODIAL INTERFERENCE 1,COMPLETED,FELONY,N.Y. POLICE DEPT,BROOKLYN,83,INSIDE,RESIDENCE - APT. HOUSE,,,"1,009,951","191,180",40.69139261,-73.90732395,"(40.691392608, -73.907323952)"
836875167,9/25/2008,6:15:00,,,9/25/2008,124,KIDNAPPING & RELATED OFFENSES,183,"IMPRISONMENT 1,UNLAWFUL",COMPLETED,FELONY,N.Y. POLICE DEPT,BRONX,52,INSIDE,RESIDENCE - APT. HOUSE,,,"1,009,868","253,126",40.8614182,-73.90738709,"(40.861418203, -73.907387089)"
943080785,3/28/2016,12:00:00,3/28/2016,23:30:00,3/29/2016,124,KIDNAPPING & RELATED OFFENSES,193,CUSTODIAL INTERFERENCE 1,COMPLETED,FELONY,N.Y. POLICE DEPT,BRONX,52,INSIDE,RESIDENCE - APT. HOUSE,,,"1,009,868","253,126",40.8614182,-73.90738709,"(40.861418203, -73.907387089)"
586087905,8/27/2007,18:29:00,8/27/2007,18:32:00,8/27/2007,124,KIDNAPPING & RELATED OFFENSES,185,KIDNAPPING 2,ATTEMPTED,FELONY,N.Y. POLICE DEPT,QUEENS,114,INSIDE,CHAIN STORE,,,"1,009,904","216,299",40.76033827,-73.90739768,"(40.760338265, -73.907397682)"
463766845,5/17/2007,19:30:00,,13:40:00,5/24/2007,124,KIDNAPPING & RELATED OFFENSES,193,CUSTODIAL INTERFERENCE 1,COMPLETED,FELONY,N.Y. POLICE DEPT,QUEENS,108,INSIDE,RESIDENCE - APT. HOUSE,,,"1,009,901","208,070",40.73775175,-73.9074399,"(40.737751751, -73.907439898)"
669962729,9/13/2015,1:40:00,9/13/2015,1:50:00,9/13/2015,124,KIDNAPPING & RELATED OFFENSES,193,CUSTODIAL INTERFERENCE 1,COMPLETED,FELONY,N.Y. HOUSING POLICE,BROOKLYN,73,INSIDE,RESIDENCE - PUBLIC HOUSING,,TILDEN,"1,009,905","180,751",40.6627675,-73.90752953,"(40.662767503, -73.907529526)"
193422819,8/16/2015,16:00:00,8/16/2015,16:30:00,8/16/2015,124,KIDNAPPING & RELATED OFFENSES,193,CUSTODIAL INTERFERENCE 1,COMPLETED,FELONY,N.Y. HOUSING POLICE,BROOKLYN,73,INSIDE,RESIDENCE - PUBLIC HOUSING,,TILDEN,"1,009,905","180,751",40.6627675,-73.90752953,"(40.662767503, -73.907529526)"
562943672,7/25/2006,20:50:00,7/25/2006,20:50:00,7/25/2006,124,KIDNAPPING & RELATED OFFENSES,187,KIDNAPPING 1,ATTEMPTED,FELONY,N.Y. POLICE DEPT,QUEENS,104,FRONT OF,STREET,,,"1,009,852","202,010",40.72111868,-73.90763977,"(40.72111868, -73.90763977)"
826938150,7/6/2013,15:30:00,7/6/2013,18:00:00,7/6/2013,124,KIDNAPPING & RELATED OFFENSES,183,"IMPRISONMENT 1,UNLAWFUL",COMPLETED,FELONY,N.Y. HOUSING POLICE,BROOKLYN,73,FRONT OF,RESIDENCE - PUBLIC HOUSING,,OCEAN HILL APARTMENTS,"1,009,866","187,273",40.68066904,-73.90764531,"(40.680669038, -73.907645314)"
416164366,9/18/2016,10:00:00,9/18/2016,10:45:00,9/18/2016,124,KIDNAPPING & RELATED OFFENSES,193,CUSTODIAL INTERFERENCE 1,COMPLETED,FELONY,N.Y. POLICE DEPT,BRONX,46,FRONT OF,STREET,,,"1,009,801","248,501",40.84872416,-73.90764694,"(40.848724157, -73.907646935)"
419512399,7/10/2015,9:00:00,7/10/2015,11:37:00,7/11/2015,124,KIDNAPPING & RELATED OFFENSES,193,CUSTODIAL INTERFERENCE 1,COMPLETED,FELONY,N.Y. POLICE DEPT,BRONX,40,INSIDE,RESIDENCE - APT. HOUSE,,,"1,009,804","235,987",40.81437683,-73.90768376,"(40.814376825, -73.907683759)"
778078509,9/8/2009,9:00:00,9/8/2009,13:00:00,9/8/2009,124,KIDNAPPING & RELATED OFFENSES,183,"IMPRISONMENT 1,UNLAWFUL",COMPLETED,FELONY,N.Y. POLICE DEPT,BRONX,40,INSIDE,RESIDENCE - APT. HOUSE,,,"1,009,804","235,987",40.81437683,-73.90768376,"(40.814376825, -73.907683759)"
471394670,11/5/2010,21:30:00,11/5/2010,21:35:00,11/5/2010,124,KIDNAPPING & RELATED OFFENSES,183,"IMPRISONMENT 1,UNLAWFUL",COMPLETED,FELONY,N.Y. HOUSING POLICE,BROOKLYN,73,INSIDE,RESIDENCE - PUBLIC HOUSING,,BROWNSVILLE,"1,009,850","181,614",40.66513641,-73.90772449,"(40.665136405, -73.907724493)"
549937747,3/6/2009,23:30:00,3/7/2009,3:05:00,3/7/2009,124,KIDNAPPING & RELATED OFFENSES,183,"IMPRISONMENT 1,UNLAWFUL",COMPLETED,FELONY,N.Y. HOUSING POLICE,BRONX,50,INSIDE,RESIDENCE - PUBLIC HOUSING,,MARBLE HILL,"1,009,762","258,509",40.8761932,-73.90774981,"(40.876193198, -73.907749806)"
333412913,11/23/2006,9:00:00,11/27/2006,20:00:00,1/6/2007,124,KIDNAPPING & RELATED OFFENSES,193,CUSTODIAL INTERFERENCE 1,COMPLETED,FELONY,N.Y. HOUSING POLICE,BRONX,50,INSIDE,RESIDENCE - PUBLIC HOUSING,,MARBLE HILL,"1,009,762","258,509",40.8761932,-73.90774981,"(40.876193198, -73.907749806)"
867743407,4/9/2010,1:53:00,,,4/9/2010,124,KIDNAPPING & RELATED OFFENSES,183,"IMPRISONMENT 1,UNLAWFUL",COMPLETED,FELONY,N.Y. HOUSING POLICE,BRONX,42,FRONT OF,RESIDENCE - PUBLIC HOUSING,,BUTLER,"1,009,758","243,681",40.83549479,-73.90782069,"(40.835494793, -73.907820691)"
521732998,7/5/2007,16:00:00,7/5/2007,16:10:00,9/2/2007,124,KIDNAPPING & RELATED OFFENSES,193,CUSTODIAL INTERFERENCE 1,COMPLETED,FELONY,N.Y. HOUSING POLICE,BRONX,42,INSIDE,RESIDENCE - PUBLIC HOUSING,,BUTLER,"1,009,758","243,681",40.83549479,-73.90782069,"(40.835494793, -73.907820691)"
637973317,3/21/2010,12:00:00,3/27/2010,12:00:00,3/27/2010,124,KIDNAPPING & RELATED OFFENSES,183,"IMPRISONMENT 1,UNLAWFUL",COMPLETED,FELONY,N.Y. POLICE DEPT,BROOKLYN,83,INSIDE,RESIDENCE - APT. HOUSE,,,"1,009,816","187,949",40.68252465,-73.90782302,"(40.682524649, -73.90782302)"
771377629,7/6/2006,13:00:00,1/4/2007,15:00:00,1/4/2007,124,KIDNAPPING & RELATED OFFENSES,193,CUSTODIAL INTERFERENCE 1,COMPLETED,FELONY,N.Y. HOUSING POLICE,BRONX,50,INSIDE,RESIDENCE - PUBLIC HOUSING,,,"1,009,690","257,590",40.87367104,-73.90801365,"(40.873671035, -73.908013649)"
492294945,10/7/2013,22:00:00,10/8/2013,7:00:00,10/8/2013,124,KIDNAPPING & RELATED OFFENSES,183,"IMPRISONMENT 1,UNLAWFUL",COMPLETED,FELONY,N.Y. POLICE DEPT,BROOKLYN,83,INSIDE,RESIDENCE-HOUSE,,,"1,009,743","191,335",40.69181865,-73.90807341,"(40.691818649, -73.908073411)"
165852981,3/15/2010,15:50:00,,,3/15/2010,124,KIDNAPPING & RELATED OFFENSES,183,"IMPRISONMENT 1,UNLAWFUL",COMPLETED,FELONY,N.Y. HOUSING POLICE,BRONX,42,INSIDE,RESIDENCE - PUBLIC HOUSING,,EAGLE AVENUE-EAST 163RD STREET,"1,009,691","239,131",40.82300654,-73.90808007,"(40.823006544, -73.90808007)"
177824556,5/18/2008,4:00:00,5/18/2008,4:10:00,5/18/2008,124,KIDNAPPING & RELATED OFFENSES,183,"IMPRISONMENT 1,UNLAWFUL",COMPLETED,FELONY,N.Y. HOUSING POLICE,QUEENS,114,INSIDE,RESIDENCE - PUBLIC HOUSING,,,"1,009,713","214,827",40.75629856,-73.90809271,"(40.756298555, -73.908092713)"
939808114,9/3/2008,19:00:00,9/3/2008,19:30:00,9/3/2008,124,KIDNAPPING & RELATED OFFENSES,193,CUSTODIAL INTERFERENCE 1,COMPLETED,FELONY,N.Y. POLICE DEPT,QUEENS,108,FRONT OF,STREET,,,"1,009,718","207,387",40.73587761,-73.90810284,"(40.735877614, -73.908102838)"
522241447,3/5/2012,16:30:00,3/5/2012,21:12:00,3/5/2012,124,KIDNAPPING & RELATED OFFENSES,193,CUSTODIAL INTERFERENCE 1,COMPLETED,FELONY,N.Y. POLICE DEPT,BROOKLYN,73,FRONT OF,RESIDENCE - APT. HOUSE,,,"1,009,684","179,835",40.66025392,-73.90832956,"(40.660253923, -73.908329561)"
341693034,11/15/2015,20:00:00,11/15/2015,20:20:00,11/16/2015,124,KIDNAPPING & RELATED OFFENSES,183,"IMPRISONMENT 1,UNLAWFUL",COMPLETED,FELONY,N.Y. HOUSING POLICE,BROOKLYN,73,INSIDE,RESIDENCE - PUBLIC HOUSING,,TILDEN,"1,009,656","181,287",40.66423942,-73.90842501,"(40.664239422, -73.908425011)"
916337484,3/22/2008,21:00:00,,,3/23/2008,124,KIDNAPPING & RELATED OFFENSES,193,CUSTODIAL INTERFERENCE 1,COMPLETED,FELONY,N.Y. HOUSING POLICE,BROOKLYN,73,INSIDE,RESIDENCE - PUBLIC HOUSING,,TILDEN,"1,009,656","181,287",40.66423942,-73.90842501,"(40.664239422, -73.908425011)"
753278615,7/28/2006,17:00:00,7/31/2006,18:14:00,7/31/2006,124,KIDNAPPING & RELATED OFFENSES,183,"IMPRISONMENT 1,UNLAWFUL",COMPLETED,FELONY,N.Y. HOUSING POLICE,BROOKLYN,73,INSIDE,RESIDENCE - PUBLIC HOUSING,,TILDEN,"1,009,656","181,287",40.66423942,-73.90842501,"(40.664239422, -73.908425011)"
996071160,8/3/2007,15:00:00,8/4/2007,18:00:00,8/4/2007,124,KIDNAPPING & RELATED OFFENSES,183,"IMPRISONMENT 1,UNLAWFUL",COMPLETED,FELONY,N.Y. POLICE DEPT,BROOKLYN,73,INSIDE,RESIDENCE - APT. HOUSE,,,"1,009,653","183,399",40.6700364,-73.90842787,"(40.670036398, -73.908427866)"
633436886,6/9/2012,10:00:00,,,6/11/2012,124,KIDNAPPING & RELATED OFFENSES,193,CUSTODIAL INTERFERENCE 1,COMPLETED,FELONY,N.Y. POLICE DEPT,BROOKLYN,73,INSIDE,RESIDENCE - APT. HOUSE,,,"1,009,574","180,395",40.66179132,-73.90872393,"(40.661791315, -73.908723932)"
754082959,2/23/2011,20:00:00,2/23/2011,23:00:00,2/25/2011,124,KIDNAPPING & RELATED OFFENSES,183,"IMPRISONMENT 1,UNLAWFUL",COMPLETED,FELONY,N.Y. POLICE DEPT,BRONX,46,,RESIDENCE - APT. HOUSE,,,"1,009,494","247,830",40.84688334,-73.90875912,"(40.846883343, -73.908759117)"
483053881,10/9/2009,8:20:00,,,10/13/2009,124,KIDNAPPING & RELATED OFFENSES,193,CUSTODIAL INTERFERENCE 1,COMPLETED,FELONY,N.Y. POLICE DEPT,BRONX,40,INSIDE,RESIDENCE - APT. HOUSE,,,"1,009,487","235,826",40.81393584,-73.90882957,"(40.813935836, -73.908829574)"
404372640,4/27/2016,3:30:00,,,4/27/2016,124,KIDNAPPING & RELATED OFFENSES,185,KIDNAPPING 2,COMPLETED,FELONY,N.Y. POLICE DEPT,BRONX,52,FRONT OF,STREET,,,"1,009,457","254,295",40.86462794,-73.90886854,"(40.864627937, -73.908868541)"
474111588,9/29/2007,12:20:00,9/29/2007,12:25:00,9/29/2007,124,KIDNAPPING & RELATED OFFENSES,183,"IMPRISONMENT 1,UNLAWFUL",COMPLETED,FELONY,N.Y. POLICE DEPT,BROOKLYN,73,FRONT OF,STREET,,,"1,009,534","179,225",40.65858004,-73.90887249,"(40.658580037, -73.908872494)"
271245951,1/25/2014,8:00:00,1/27/2014,22:00:00,1/27/2014,124,KIDNAPPING & RELATED OFFENSES,193,CUSTODIAL INTERFERENCE 1,COMPLETED,FELONY,N.Y. POLICE DEPT,BRONX,46,INSIDE,RESIDENCE - APT. HOUSE,,,"1,009,453","250,626",40.85455765,-73.9088968,"(40.85455765, -73.908896798)"
870472940,10/30/2009,6:00:00,,,10/30/2009,124,KIDNAPPING & RELATED OFFENSES,193,CUSTODIAL INTERFERENCE 1,COMPLETED,FELONY,N.Y. POLICE DEPT,BRONX,52,INSIDE,RESIDENCE - APT. HOUSE,,,"1,009,426","252,700",40.86025023,-73.90898661,"(40.860250233, -73.908986609)"
927072849,7/13/2015,1:30:00,7/13/2015,3:15:00,7/13/2015,124,KIDNAPPING & RELATED OFFENSES,183,"IMPRISONMENT 1,UNLAWFUL",COMPLETED,FELONY,N.Y. POLICE DEPT,BROOKLYN,73,INSIDE,RESIDENCE - APT. HOUSE,,,"1,009,465","180,957",40.66333419,-73.90911471,"(40.663334191, -73.909114707)"
900004955,6/2/2014,21:00:00,6/3/2014,11:00:00,6/3/2014,124,KIDNAPPING & RELATED OFFENSES,193,CUSTODIAL INTERFERENCE 1,COMPLETED,FELONY,N.Y. POLICE DEPT,BROOKLYN,73,INSIDE,RESIDENCE - APT. HOUSE,,,"1,009,465","180,957",40.66333419,-73.90911471,"(40.663334191, -73.909114707)"
120245505,9/17/2014,6:00:00,9/17/2014,6:10:00,9/17/2014,124,KIDNAPPING & RELATED OFFENSES,193,CUSTODIAL INTERFERENCE 1,COMPLETED,FELONY,N.Y. POLICE DEPT,BROOKLYN,73,,STREET,,,"1,009,450","178,286",40.65600293,-73.90917876,"(40.656002929, -73.909178756)"
545815816,5/3/2013,21:50:00,5/7/2013,10:47:00,5/7/2013,124,KIDNAPPING & RELATED OFFENSES,193,CUSTODIAL INTERFERENCE 1,COMPLETED,FELONY,N.Y. HOUSING POLICE,BRONX,40,INSIDE,RESIDENCE - PUBLIC HOUSING,,MOORE,"1,009,374","235,406",40.81278338,-73.90923937,"(40.812783376, -73.909239373)"
992081289,9/6/2011,16:30:00,,,9/16/2011,124,KIDNAPPING & RELATED OFFENSES,183,"IMPRISONMENT 1,UNLAWFUL",COMPLETED,FELONY,N.Y. POLICE DEPT,BROOKLYN,83,,STREET,,,"1,009,413","187,846",40.68224309,-73.90927642,"(40.682243092, -73.909276424)"
516093470,4/15/2014,20:25:00,,,4/15/2014,124,KIDNAPPING & RELATED OFFENSES,183,"IMPRISONMENT 1,UNLAWFUL",COMPLETED,FELONY,N.Y. POLICE DEPT,BRONX,42,INSIDE,RESIDENCE - APT. HOUSE,,,"1,009,354","239,590",40.82426733,-73.90929597,"(40.824267332, -73.909295973)"
214525963,2/22/2008,14:51:00,2/22/2008,16:00:00,2/22/2008,124,KIDNAPPING & RELATED OFFENSES,183,"IMPRISONMENT 1,UNLAWFUL",COMPLETED,FELONY,N.Y. POLICE DEPT,BRONX,40,FRONT OF,STREET,,,"1,009,347","237,072",40.81735616,-73.90933068,"(40.817356155, -73.909330682)"
753471329,3/7/2010,0:39:00,3/7/2010,0:39:00,3/7/2010,124,KIDNAPPING & RELATED OFFENSES,193,CUSTODIAL INTERFERENCE 1,COMPLETED,FELONY,N.Y. POLICE DEPT,BRONX,44,FRONT OF,RESIDENCE - APT. HOUSE,,,"1,009,320","244,794",40.83855091,-73.90939937,"(40.838550909, -73.909399374)"
528102500,7/18/2008,8:30:00,7/18/2008,12:00:00,7/19/2008,124,KIDNAPPING & RELATED OFFENSES,183,"IMPRISONMENT 1,UNLAWFUL",COMPLETED,FELONY,N.Y. POLICE DEPT,BRONX,44,INSIDE,RESIDENCE - APT. HOUSE,,,"1,009,320","244,794",40.83855091,-73.90939937,"(40.838550909, -73.909399374)"
942121017,7/13/2010,23:15:00,7/14/2010,0:01:00,7/14/2010,124,KIDNAPPING & RELATED OFFENSES,183,"IMPRISONMENT 1,UNLAWFUL",COMPLETED,FELONY,N.Y. POLICE DEPT,BROOKLYN,69,INSIDE,RESIDENCE - APT. HOUSE,,,"1,009,396","169,192",40.63104202,-73.90940727,"(40.631042017, -73.909407272)"
787779895,10/31/2015,21:00:00,,,11/1/2015,124,KIDNAPPING & RELATED OFFENSES,183,"IMPRISONMENT 1,UNLAWFUL",COMPLETED,FELONY,N.Y. HOUSING POLICE,BRONX,42,FRONT OF,RESIDENCE - PUBLIC HOUSING,,WEBSTER,"1,009,295","242,593",40.83250987,-73.90949794,"(40.832509874, -73.909497941)"
555782414,6/14/2012,20:00:00,6/15/2012,4:00:00,6/14/2012,124,KIDNAPPING & RELATED OFFENSES,187,KIDNAPPING 1,COMPLETED,FELONY,N.Y. HOUSING POLICE,BRONX,42,FRONT OF,RESIDENCE - PUBLIC HOUSING,,WEBSTER,"1,009,295","242,593",40.83250987,-73.90949794,"(40.832509874, -73.909497941)"
716889285,1/20/2010,15:15:00,1/20/2010,15:20:00,1/21/2010,124,KIDNAPPING & RELATED OFFENSES,185,KIDNAPPING 2,ATTEMPTED,FELONY,N.Y. POLICE DEPT,BRONX,44,,STREET,,,"1,009,281","246,441",40.84307155,-73.90953417,"(40.843071553, -73.909534172)"
629221887,6/4/2014,13:35:00,6/4/2014,14:55:00,6/4/2014,124,KIDNAPPING & RELATED OFFENSES,193,CUSTODIAL INTERFERENCE 1,COMPLETED,FELONY,N.Y. POLICE DEPT,BRONX,46,INSIDE,OTHER,,,"1,009,262","247,613",40.8462884,-73.90959847,"(40.846288402, -73.90959847)"
939768655,9/25/2011,20:00:00,,,9/27/2011,124,KIDNAPPING & RELATED OFFENSES,193,CUSTODIAL INTERFERENCE 1,COMPLETED,FELONY,N.Y. POLICE DEPT,BROOKLYN,73,INSIDE,RESIDENCE - APT. HOUSE,,,"1,009,308","185,380",40.67547478,-73.90966417,"(40.67547478, -73.909664168)"
284724773,8/2/2010,14:30:00,8/2/2010,15:00:00,8/2/2010,124,KIDNAPPING & RELATED OFFENSES,193,CUSTODIAL INTERFERENCE 1,COMPLETED,FELONY,N.Y. POLICE DEPT,BRONX,46,INSIDE,RESIDENCE - APT. HOUSE,,,"1,009,239","251,660",40.85739628,-73.90966652,"(40.857396278, -73.909666518)"
480227223,5/6/2006,18:00:00,,,5/11/2006,124,KIDNAPPING & RELATED OFFENSES,187,KIDNAPPING 1,COMPLETED,FELONY,N.Y. POLICE DEPT,BRONX,50,,OTHER,,,"1,009,226","257,932",40.87461104,-73.90969014,"(40.874611044, -73.909690138)"
568888468,4/27/2010,17:00:00,4/27/2010,20:20:00,4/27/2010,124,KIDNAPPING & RELATED OFFENSES,183,"IMPRISONMENT 1,UNLAWFUL",COMPLETED,FELONY,N.Y. POLICE DEPT,BROOKLYN,73,INSIDE,RESIDENCE-HOUSE,,,"1,009,281","181,211",40.66403189,-73.90977699,"(40.664031887, -73.909776986)"
900634105,10/28/2009,17:00:00,,,11/11/2009,124,KIDNAPPING & RELATED OFFENSES,193,CUSTODIAL INTERFERENCE 1,COMPLETED,FELONY,N.Y. POLICE DEPT,BROOKLYN,83,INSIDE,RESIDENCE - APT. HOUSE,,,"1,009,262","189,603",40.68706608,-73.90981433,"(40.687066082, -73.90981433)"
550198332,11/21/2007,13:00:00,11/28/2007,9:30:00,11/28/2007,124,KIDNAPPING & RELATED OFFENSES,193,CUSTODIAL INTERFERENCE 1,COMPLETED,FELONY,N.Y. POLICE DEPT,BRONX,44,INSIDE,RESIDENCE - APT. HOUSE,,,"1,009,143","242,913",40.83338861,-73.91004603,"(40.833388611, -73.910046026)"
406548328,10/9/2016,23:45:00,10/10/2016,0:57:00,10/10/2016,124,KIDNAPPING & RELATED OFFENSES,185,KIDNAPPING 2,ATTEMPTED,FELONY,N.Y. POLICE DEPT,BRONX,44,FRONT OF,DRY CLEANER/LAUNDRY,,,"1,009,122","244,346",40.83732184,-73.9101166,"(40.837321839, -73.9101166)"
651366356,7/14/2008,9:00:00,7/14/2008,10:00:00,7/19/2008,124,KIDNAPPING & RELATED OFFENSES,193,CUSTODIAL INTERFERENCE 1,COMPLETED,FELONY,N.Y. POLICE DEPT,BRONX,46,INSIDE,RESIDENCE - APT. HOUSE,,,"1,009,091","248,366",40.84835565,-73.91021374,"(40.848355648, -73.910213741)"
292522628,7/30/2007,17:00:00,,,7/31/2007,124,KIDNAPPING & RELATED OFFENSES,187,KIDNAPPING 1,ATTEMPTED,FELONY,N.Y. POLICE DEPT,BROOKLYN,83,,STREET,,,"1,009,123","193,116",40.69670884,-73.91030256,"(40.696708844, -73.910302559)"
641894915,8/2/2009,0:01:00,,,8/12/2009,124,KIDNAPPING & RELATED OFFENSES,183,"IMPRISONMENT 1,UNLAWFUL",COMPLETED,FELONY,N.Y. POLICE DEPT,QUEENS,100,,STREET,,,"1,009,137","143,588",40.56076496,-73.91043469,"(40.560764956, -73.910434691)"
434304504,8/23/2008,23:00:00,12/11/2008,20:00:00,12/13/2008,124,KIDNAPPING & RELATED OFFENSES,185,KIDNAPPING 2,COMPLETED,FELONY,N.Y. POLICE DEPT,BROOKLYN,73,FRONT OF,RESIDENCE - APT. HOUSE,,,"1,009,059","180,294",40.66151555,-73.91058056,"(40.66151555, -73.910580561)"
194798821,10/6/2013,19:00:00,10/6/2013,19:05:00,10/6/2013,124,KIDNAPPING & RELATED OFFENSES,185,KIDNAPPING 2,COMPLETED,FELONY,N.Y. POLICE DEPT,BROOKLYN,73,,STREET,,,"1,009,045","181,745",40.66549826,-73.91062569,"(40.665498262, -73.910625687)"
299769825,3/3/2009,14:34:00,,,3/3/2009,124,KIDNAPPING & RELATED OFFENSES,185,KIDNAPPING 2,ATTEMPTED,FELONY,N.Y. POLICE DEPT,QUEENS,114,,STREET,,,"1,008,994","215,565",40.75832622,-73.91068523,"(40.758326218, -73.910685226)"
874297502,2/3/2006,10:30:00,,,2/4/2006,124,KIDNAPPING & RELATED OFFENSES,193,CUSTODIAL INTERFERENCE 1,COMPLETED,FELONY,N.Y. POLICE DEPT,BRONX,46,,,,,"1,008,934","249,674",40.85194616,-73.9107764,"(40.85194616, -73.9107764)"
429171784,2/27/2014,20:00:00,2/27/2014,20:30:00,2/27/2014,124,KIDNAPPING & RELATED OFFENSES,193,CUSTODIAL INTERFERENCE 1,COMPLETED,FELONY,N.Y. POLICE DEPT,BROOKLYN,73,,STREET,,,"1,009,004","180,575",40.66228699,-73.91077777,"(40.662286987, -73.91077777)"
255205491,6/11/2010,17:00:00,6/11/2010,18:30:00,6/11/2010,124,KIDNAPPING & RELATED OFFENSES,183,"IMPRISONMENT 1,UNLAWFUL",COMPLETED,FELONY,N.Y. POLICE DEPT,BRONX,44,INSIDE,RESIDENCE - APT. HOUSE,,,"1,008,930","243,004",40.83363898,-73.91081541,"(40.833638977, -73.910815406)"
528994454,11/29/2009,11:52:00,,,11/29/2009,124,KIDNAPPING & RELATED OFFENSES,183,"IMPRISONMENT 1,UNLAWFUL",COMPLETED,FELONY,N.Y. POLICE DEPT,BROOKLYN,83,INSIDE,RESIDENCE - APT. HOUSE,,,"1,008,983","188,570",40.68423152,-73.91082413,"(40.684231517, -73.910824127)"
691800291,6/5/2008,18:00:00,,,6/6/2008,124,KIDNAPPING & RELATED OFFENSES,193,CUSTODIAL INTERFERENCE 1,COMPLETED,FELONY,N.Y. POLICE DEPT,BROOKLYN,69,INSIDE,RESIDENCE-HOUSE,,,"1,008,987","170,870",40.63564892,-73.91087464,"(40.635648921, -73.910874635)"
995545721,5/1/2009,16:00:00,,,5/4/2009,124,KIDNAPPING & RELATED OFFENSES,193,CUSTODIAL INTERFERENCE 1,COMPLETED,FELONY,N.Y. POLICE DEPT,BROOKLYN,73,FRONT OF,STREET,,,"1,008,946","185,539",40.67591222,-73.91096864,"(40.675912216, -73.910968641)"
568682341,12/9/2007,15:30:00,12/9/2007,16:05:00,12/9/2007,124,KIDNAPPING & RELATED OFFENSES,183,"IMPRISONMENT 1,UNLAWFUL",COMPLETED,FELONY,N.Y. POLICE DEPT,BROOKLYN,73,FRONT OF,STREET,,,"1,008,946","185,539",40.67591222,-73.91096864,"(40.675912216, -73.910968641)"
601334451,11/2/2016,13:30:00,11/2/2016,13:30:00,11/2/2016,124,KIDNAPPING & RELATED OFFENSES,193,CUSTODIAL INTERFERENCE 1,COMPLETED,FELONY,N.Y. POLICE DEPT,BROOKLYN,73,INSIDE,RESIDENCE - APT. HOUSE,,,"1,008,950","180,855",40.66305568,-73.91097138,"(40.663055675, -73.910971382)"
147608591,1/15/2009,2:15:00,,,1/15/2009,124,KIDNAPPING & RELATED OFFENSES,187,KIDNAPPING 1,COMPLETED,FELONY,N.Y. POLICE DEPT,BRONX,44,INSIDE,RESTAURANT/DINER,,,"1,008,879","244,480",40.83769031,-73.91099429,"(40.837690312, -73.910994285)"
426742597,8/5/2012,12:00:00,,,8/7/2012,124,KIDNAPPING & RELATED OFFENSES,193,CUSTODIAL INTERFERENCE 1,COMPLETED,FELONY,N.Y. POLICE DEPT,BRONX,46,INSIDE,RESIDENCE - APT. HOUSE,,,"1,008,863","247,197",40.84514773,-73.91104214,"(40.845147726, -73.911042136)"
845010988,1/8/2009,16:40:00,1/8/2009,22:00:00,1/9/2009,124,KIDNAPPING & RELATED OFFENSES,183,"IMPRISONMENT 1,UNLAWFUL",COMPLETED,FELONY,N.Y. POLICE DEPT,BROOKLYN,69,,STREET,,,"1,008,929","171,340",40.63693913,-73.91108189,"(40.636939133, -73.911081889)"
788620095,10/31/2006,20:30:00,11/1/2006,3:00:00,11/1/2006,124,KIDNAPPING & RELATED OFFENSES,185,KIDNAPPING 2,COMPLETED,FELONY,N.Y. POLICE DEPT,BRONX,50,,STREET,,,"1,008,839","257,949",40.87465879,-73.91108944,"(40.87465879, -73.911089437)"
447636632,6/15/2010,14:20:00,6/15/2010,22:00:00,6/16/2010,124,KIDNAPPING & RELATED OFFENSES,183,"IMPRISONMENT 1,UNLAWFUL",COMPLETED,FELONY,N.Y. POLICE DEPT,BROOKLYN,73,,STREET,,,"1,008,896","184,838",40.67398827,-73.91115146,"(40.673988269, -73.911151462)"
971644290,10/23/2014,18:00:00,10/23/2014,20:45:00,11/4/2014,124,KIDNAPPING & RELATED OFFENSES,193,CUSTODIAL INTERFERENCE 1,COMPLETED,FELONY,N.Y. HOUSING POLICE,BROOKLYN,73,INSIDE,RESIDENCE - PUBLIC HOUSING,,HOWARD,"1,008,878","184,164",40.67213834,-73.91121882,"(40.672138341, -73.911218815)"
951164672,6/8/2010,20:00:00,6/8/2010,21:00:00,6/16/2010,124,KIDNAPPING & RELATED OFFENSES,183,"IMPRISONMENT 1,UNLAWFUL",COMPLETED,FELONY,N.Y. HOUSING POLICE,BROOKLYN,73,INSIDE,RESIDENCE - PUBLIC HOUSING,,HOWARD,"1,008,878","184,164",40.67213834,-73.91121882,"(40.672138341, -73.911218815)"
288169572,1/23/2006,6:30:00,6/5/2006,7:45:00,6/10/2006,124,KIDNAPPING & RELATED OFFENSES,193,CUSTODIAL INTERFERENCE 1,COMPLETED,FELONY,N.Y. HOUSING POLICE,BROOKLYN,73,INSIDE,RESIDENCE - PUBLIC HOUSING,,HOWARD,"1,008,878","184,164",40.67213834,-73.91121882,"(40.672138341, -73.911218815)"
451812050,3/23/2008,23:56:00,3/24/2008,0:37:00,3/24/2008,124,KIDNAPPING & RELATED OFFENSES,183,"IMPRISONMENT 1,UNLAWFUL",COMPLETED,FELONY,N.Y. POLICE DEPT,BRONX,44,INSIDE,RESIDENCE - APT. HOUSE,,,"1,008,787","243,961",40.83626606,-73.91132866,"(40.836266064, -73.911328663)"
405770683,4/15/2007,2:15:00,,,4/15/2007,124,KIDNAPPING & RELATED OFFENSES,183,"IMPRISONMENT 1,UNLAWFUL",COMPLETED,FELONY,N.Y. POLICE DEPT,BROOKLYN,73,,STREET,,,"1,008,845","184,144",40.67208354,-73.91133785,"(40.672083537, -73.911337851)"
253872927,5/31/2010,3:30:00,5/31/2010,4:21:00,5/31/2010,124,KIDNAPPING & RELATED OFFENSES,183,"IMPRISONMENT 1,UNLAWFUL",COMPLETED,FELONY,N.Y. POLICE DEPT,QUEENS,108,INSIDE,RESIDENCE - APT. HOUSE,,,"1,008,807","210,759",40.74513549,-73.91137777,"(40.745135489, -73.911377773)"
598679804,8/8/2013,22:45:00,8/8/2013,22:50:00,8/8/2013,124,KIDNAPPING & RELATED OFFENSES,185,KIDNAPPING 2,ATTEMPTED,FELONY,N.Y. POLICE DEPT,BRONX,44,,STREET,,,"1,008,772","241,367",40.82914632,-73.91139235,"(40.829146324, -73.911392352)"
450760450,1/7/2010,18:35:00,,,1/7/2010,124,KIDNAPPING & RELATED OFFENSES,183,"IMPRISONMENT 1,UNLAWFUL",COMPLETED,FELONY,N.Y. POLICE DEPT,BROOKLYN,69,INSIDE,PARKING LOT/GARAGE (PRIVATE),,,"1,008,831","174,326",40.64513533,-73.91142411,"(40.645135333, -73.911424108)"
260070885,9/6/2014,16:00:00,,,9/6/2014,124,KIDNAPPING & RELATED OFFENSES,183,"IMPRISONMENT 1,UNLAWFUL",COMPLETED,FELONY,N.Y. POLICE DEPT,BROOKLYN,73,INSIDE,RESIDENCE - APT. HOUSE,,,"1,008,795","178,153",40.65563971,-73.91153991,"(40.655639713, -73.911539907)"
615521708,7/5/2008,14:00:00,,,7/5/2008,124,KIDNAPPING & RELATED OFFENSES,193,CUSTODIAL INTERFERENCE 1,COMPLETED,FELONY,N.Y. POLICE DEPT,BRONX,42,INSIDE,PUBLIC BUILDING,,,"1,008,691","238,872",40.82229849,-73.91169413,"(40.822298485, -73.911694131)"
833076484,7/19/2012,16:00:00,7/19/2012,17:00:00,8/13/2012,124,KIDNAPPING & RELATED OFFENSES,193,CUSTODIAL INTERFERENCE 1,COMPLETED,FELONY,N.Y. POLICE DEPT,BROOKLYN,83,INSIDE,RESIDENCE - APT. HOUSE,,,"1,008,732","190,416",40.68929906,-73.91172243,"(40.689299061, -73.911722425)"
415921759,6/17/2006,13:00:00,,,6/21/2006,124,KIDNAPPING & RELATED OFFENSES,193,CUSTODIAL INTERFERENCE 1,COMPLETED,FELONY,N.Y. POLICE DEPT,BROOKLYN,83,,STREET,,,"1,008,707","191,689",40.69279322,-73.91180795,"(40.69279322, -73.91180795)"
678919941,7/30/2007,18:00:00,,,7/30/2007,124,KIDNAPPING & RELATED OFFENSES,187,KIDNAPPING 1,ATTEMPTED,FELONY,N.Y. POLICE DEPT,BROOKLYN,83,,STREET,,,"1,008,705","193,427",40.69756363,-73.91180885,"(40.697563631, -73.911808853)"
953836309,11/17/2009,18:00:00,,,11/17/2009,124,KIDNAPPING & RELATED OFFENSES,193,CUSTODIAL INTERFERENCE 1,COMPLETED,FELONY,N.Y. POLICE DEPT,QUEENS,104,FRONT OF,RESIDENCE-HOUSE,,,"1,008,671","199,149",40.71326926,-73.91191072,"(40.713269263, -73.911910717)"
359434111,5/15/2007,16:30:00,5/15/2007,16:40:00,5/15/2007,124,KIDNAPPING & RELATED OFFENSES,185,KIDNAPPING 2,ATTEMPTED,FELONY,N.Y. POLICE DEPT,BRONX,52,FRONT OF,STREET,,,"1,008,615","253,267",40.86180875,-73.91191643,"(40.861808753, -73.911916427)"
796226491,11/24/2016,21:46:00,,,11/25/2016,124,KIDNAPPING & RELATED OFFENSES,193,CUSTODIAL INTERFERENCE 1,COMPLETED,FELONY,N.Y. POLICE DEPT,BRONX,46,FRONT OF,RESIDENCE - APT. HOUSE,,,"1,008,572","249,380",40.85114022,-73.91208599,"(40.851140221, -73.912085985)"
866991160,12/4/2008,18:15:00,12/8/2008,9:00:00,12/8/2008,124,KIDNAPPING & RELATED OFFENSES,183,"IMPRISONMENT 1,UNLAWFUL",COMPLETED,FELONY,N.Y. POLICE DEPT,BRONX,52,REAR OF,,,,"1,008,569","252,319",40.85920691,-73.91208617,"(40.859206905, -73.912086167)"
206932751,12/6/2016,11:40:00,12/6/2016,11:55:00,12/6/2016,124,KIDNAPPING & RELATED OFFENSES,193,CUSTODIAL INTERFERENCE 1,COMPLETED,FELONY,N.Y. POLICE DEPT,BROOKLYN,73,INSIDE,COMMERCIAL BUILDING,,,"1,008,625","183,197",40.66948484,-73.91213436,"(40.669484844, -73.912134362)"
641192540,7/11/2009,10:30:00,,,7/11/2009,124,KIDNAPPING & RELATED OFFENSES,183,"IMPRISONMENT 1,UNLAWFUL",COMPLETED,FELONY,N.Y. POLICE DEPT,BRONX,44,INSIDE,RESIDENCE - APT. HOUSE,,,"1,008,560","244,078",40.83658782,-73.91214858,"(40.836587823, -73.912148581)"
784449433,2/8/2009,19:35:00,2/8/2009,23:00:00,2/8/2009,124,KIDNAPPING & RELATED OFFENSES,183,"IMPRISONMENT 1,UNLAWFUL",COMPLETED,FELONY,N.Y. POLICE DEPT,BRONX,40,INSIDE,RESIDENCE - APT. HOUSE,,,"1,008,538","233,582",40.80777934,-73.91226607,"(40.807779342, -73.912266074)"
828842778,1/26/2006,17:00:00,,,1/27/2006,124,KIDNAPPING & RELATED OFFENSES,193,CUSTODIAL INTERFERENCE 1,COMPLETED,FELONY,N.Y. POLICE DEPT,BRONX,40,INSIDE,OTHER,,,"1,008,538","233,582",40.80777934,-73.91226607,"(40.807779342, -73.912266074)"
727950521,12/3/2010,0:30:00,12/3/2010,0:35:00,12/3/2010,124,KIDNAPPING & RELATED OFFENSES,183,"IMPRISONMENT 1,UNLAWFUL",COMPLETED,FELONY,N.Y. POLICE DEPT,QUEENS,108,INSIDE,RESIDENCE - APT. HOUSE,,,"1,008,536","212,085",40.74877577,-73.912351,"(40.748775774, -73.912350996)"
358635059,2/22/2009,2:15:00,2/22/2009,2:32:00,2/22/2009,124,KIDNAPPING & RELATED OFFENSES,183,"IMPRISONMENT 1,UNLAWFUL",COMPLETED,FELONY,N.Y. POLICE DEPT,QUEENS,108,INSIDE,RESIDENCE - APT. HOUSE,,,"1,008,536","212,085",40.74877577,-73.912351,"(40.748775774, -73.912350996)"
583784875,6/27/2007,11:35:00,6/27/2007,21:00:00,6/27/2007,124,KIDNAPPING & RELATED OFFENSES,193,CUSTODIAL INTERFERENCE 1,COMPLETED,FELONY,N.Y. POLICE DEPT,MANHATTAN,34,FRONT OF,OTHER,,,"1,008,457","256,757",40.87138817,-73.91247503,"(40.871388174, -73.912475026)"
374711737,8/15/2011,18:00:00,8/15/2011,18:10:00,8/15/2011,124,KIDNAPPING & RELATED OFFENSES,193,CUSTODIAL INTERFERENCE 1,COMPLETED,FELONY,N.Y. POLICE DEPT,BROOKLYN,73,FRONT OF,RESIDENCE-HOUSE,,,"1,008,504","187,063",40.68009647,-73.91255663,"(40.680096472, -73.912556632)"
340744245,8/10/2008,20:00:00,8/11/2008,7:41:00,8/12/2008,124,KIDNAPPING & RELATED OFFENSES,193,CUSTODIAL INTERFERENCE 1,COMPLETED,FELONY,N.Y. POLICE DEPT,BROOKLYN,73,INSIDE,RESIDENCE-HOUSE,,,"1,008,504","187,063",40.68009647,-73.91255663,"(40.680096472, -73.912556632)"
960781499,12/8/2014,18:15:00,12/8/2014,21:00:00,12/9/2014,124,KIDNAPPING & RELATED OFFENSES,183,"IMPRISONMENT 1,UNLAWFUL",COMPLETED,FELONY,N.Y. POLICE DEPT,BRONX,40,INSIDE,RESIDENCE - APT. HOUSE,,,"1,008,456","233,098",40.80645112,-73.91256403,"(40.806451121, -73.912564027)"
884485067,5/15/2015,20:00:00,5/15/2015,21:32:00,5/15/2015,124,KIDNAPPING & RELATED OFFENSES,183,"IMPRISONMENT 1,UNLAWFUL",COMPLETED,FELONY,N.Y. POLICE DEPT,BRONX,50,INSIDE,RESIDENCE - APT. HOUSE,,,"1,008,409","258,177",40.87528577,-73.91264346,"(40.875285768, -73.912643463)"
769195965,5/4/2012,23:22:00,5/4/2012,23:32:00,5/5/2012,124,KIDNAPPING & RELATED OFFENSES,185,KIDNAPPING 2,COMPLETED,FELONY,N.Y. POLICE DEPT,QUEENS,114,INSIDE,RESIDENCE - APT. HOUSE,,,"1,008,435","218,626",40.76672942,-73.91269199,"(40.766729419, -73.912691986)"
930603671,6/2/2010,22:30:00,6/2/2010,23:25:00,6/2/2010,124,KIDNAPPING & RELATED OFFENSES,183,"IMPRISONMENT 1,UNLAWFUL",COMPLETED,FELONY,N.Y. POLICE DEPT,BRONX,44,,STREET,,,"1,008,406","245,663",40.84093861,-73.91269941,"(40.840938608, -73.912699406)"
187895815,4/2/2006,18:30:00,4/3/2006,0:10:00,4/3/2006,124,KIDNAPPING & RELATED OFFENSES,183,"IMPRISONMENT 1,UNLAWFUL",COMPLETED,FELONY,N.Y. HOUSING POLICE,BRONX,44,FRONT OF,RESIDENCE - PUBLIC HOUSING,,TELLER AVENUE-EAST 166TH STREET,"1,008,393","241,797",40.8303276,-73.9127603,"(40.830327595, -73.912760304)"
275814202,6/23/2015,8:10:00,6/23/2015,8:20:00,6/23/2015,124,KIDNAPPING & RELATED OFFENSES,183,"IMPRISONMENT 1,UNLAWFUL",COMPLETED,FELONY,N.Y. POLICE DEPT,QUEENS,114,INSIDE,RESIDENCE-HOUSE,,,"1,008,394","221,090",40.77349257,-73.91283115,"(40.773492568, -73.912831147)"
262095351,4/10/2008,9:00:00,,,6/26/2008,124,KIDNAPPING & RELATED OFFENSES,193,CUSTODIAL INTERFERENCE 1,COMPLETED,FELONY,N.Y. POLICE DEPT,BROOKLYN,73,INSIDE,RESIDENCE - APT. HOUSE,,,"1,008,421","178,716",40.65718605,-73.91288581,"(40.657186053, -73.912885806)"
680668319,5/12/2009,9:27:00,5/12/2009,9:31:00,5/12/2009,124,KIDNAPPING & RELATED OFFENSES,185,KIDNAPPING 2,ATTEMPTED,FELONY,N.Y. POLICE DEPT,BROOKLYN,69,OPPOSITE OF,STREET,,,"1,008,426","170,912",40.63576575,-73.91289575,"(40.635765752, -73.912895753)"
594960037,11/25/2006,1:45:00,11/25/2006,8:30:00,11/26/2006,124,KIDNAPPING & RELATED OFFENSES,185,KIDNAPPING 2,COMPLETED,FELONY,N.Y. POLICE DEPT,BRONX,44,,STREET,,,"1,008,314","246,652",40.84365337,-73.91302835,"(40.843653374, -73.913028353)"
667586808,3/30/2008,1:30:00,,,3/30/2008,124,KIDNAPPING & RELATED OFFENSES,183,"IMPRISONMENT 1,UNLAWFUL",COMPLETED,FELONY,N.Y. POLICE DEPT,BRONX,40,INSIDE,RESIDENCE - APT. HOUSE,,,"1,008,317","238,811",40.82213209,-73.91304564,"(40.822132085, -73.913045641)"
196066724,8/8/2012,22:00:00,8/9/2012,0:17:00,8/8/2012,124,KIDNAPPING & RELATED OFFENSES,183,"IMPRISONMENT 1,UNLAWFUL",COMPLETED,FELONY,N.Y. POLICE DEPT,BRONX,44,INSIDE,RESIDENCE - APT. HOUSE,,,"1,008,274","245,226",40.83973953,-73.91317803,"(40.839739531, -73.913178032)"
690079764,9/16/2006,20:30:00,9/17/2006,13:00:00,9/17/2006,124,KIDNAPPING & RELATED OFFENSES,183,"IMPRISONMENT 1,UNLAWFUL",COMPLETED,FELONY,N.Y. POLICE DEPT,BRONX,44,INSIDE,RESIDENCE - APT. HOUSE,,,"1,008,274","245,226",40.83973953,-73.91317803,"(40.839739531, -73.913178032)"
265412386,6/24/2011,16:30:00,,,6/24/2011,124,KIDNAPPING & RELATED OFFENSES,193,CUSTODIAL INTERFERENCE 1,COMPLETED,FELONY,N.Y. POLICE DEPT,BROOKLYN,73,FRONT OF,COMMERCIAL BUILDING,,,"1,008,310","181,310",40.66430631,-73.91327661,"(40.664306311, -73.913276609)"
588862898,6/1/2011,14:41:00,,,6/1/2011,124,KIDNAPPING & RELATED OFFENSES,193,CUSTODIAL INTERFERENCE 1,COMPLETED,FELONY,N.Y. POLICE DEPT,BROOKLYN,73,INSIDE,RESIDENCE - APT. HOUSE,,,"1,008,310","181,310",40.66430631,-73.91327661,"(40.664306311, -73.913276609)"
137878458,7/30/2007,17:15:00,7/30/2007,17:20:00,7/30/2007,124,KIDNAPPING & RELATED OFFENSES,187,KIDNAPPING 1,ATTEMPTED,FELONY,N.Y. POLICE DEPT,BROOKLYN,83,FRONT OF,STREET,,,"1,008,283","192,424",40.69481179,-73.9133343,"(40.694811786, -73.913334297)"
341290568,12/14/2015,22:00:00,12/15/2015,15:00:00,12/15/2015,124,KIDNAPPING & RELATED OFFENSES,187,KIDNAPPING 1,COMPLETED,FELONY,N.Y. POLICE DEPT,BRONX,46,INSIDE,RESIDENCE - APT. HOUSE,,,"1,008,224","250,621",40.85454735,-73.91333944,"(40.854547349, -73.913339444)"
586119248,11/18/2012,16:45:00,11/18/2012,16:45:00,11/18/2012,124,KIDNAPPING & RELATED OFFENSES,183,"IMPRISONMENT 1,UNLAWFUL",COMPLETED,FELONY,N.Y. POLICE DEPT,BRONX,46,INSIDE,RESIDENCE - APT. HOUSE,,,"1,008,224","250,621",40.85454735,-73.91333944,"(40.854547349, -73.913339444)"
977140007,3/24/2008,18:20:00,3/24/2008,18:31:00,3/24/2008,124,KIDNAPPING & RELATED OFFENSES,183,"IMPRISONMENT 1,UNLAWFUL",COMPLETED,FELONY,N.Y. POLICE DEPT,BRONX,44,INSIDE,RESIDENCE - APT. HOUSE,,,"1,008,231","242,714",40.83284494,-73.91334242,"(40.832844936, -73.913342415)"
509532249,10/10/2011,18:00:00,,,10/11/2011,124,KIDNAPPING & RELATED OFFENSES,185,KIDNAPPING 2,COMPLETED,FELONY,N.Y. POLICE DEPT,BRONX,40,,STREET,,,"1,008,225","233,523",40.80761826,-73.91339693,"(40.807618257, -73.913396932)"
543772207,11/28/2008,10:57:00,11/28/2008,10:57:00,11/28/2008,124,KIDNAPPING & RELATED OFFENSES,193,CUSTODIAL INTERFERENCE 1,COMPLETED,FELONY,N.Y. POLICE DEPT,BRONX,46,INSIDE,RESIDENCE - APT. HOUSE,,,"1,008,203","248,736",40.84937364,-73.91342209,"(40.849373641, -73.91342209)"
217015763,12/27/2007,8:30:00,,,12/27/2007,124,KIDNAPPING & RELATED OFFENSES,193,CUSTODIAL INTERFERENCE 1,COMPLETED,FELONY,N.Y. POLICE DEPT,BRONX,46,INSIDE,RESIDENCE - APT. HOUSE,,,"1,008,203","248,736",40.84937364,-73.91342209,"(40.849373641, -73.91342209)"
976550168,11/24/2006,11:30:00,,,11/25/2006,124,KIDNAPPING & RELATED OFFENSES,193,CUSTODIAL INTERFERENCE 1,COMPLETED,FELONY,N.Y. POLICE DEPT,BRONX,44,INSIDE,RESIDENCE - APT. HOUSE,,,"1,008,210","241,065",40.82831896,-73.91342419,"(40.828318963, -73.913424191)"
481518515,9/16/2007,16:45:00,,,9/16/2007,124,KIDNAPPING & RELATED OFFENSES,193,CUSTODIAL INTERFERENCE 1,COMPLETED,FELONY,N.Y. POLICE DEPT,BRONX,46,INSIDE,CHURCH,,,"1,008,192","248,149",40.84776253,-73.91346395,"(40.84776253, -73.913463946)"
307787993,2/1/2007,23:00:00,2/2/2007,10:00:00,2/8/2007,124,KIDNAPPING & RELATED OFFENSES,183,"IMPRISONMENT 1,UNLAWFUL",COMPLETED,FELONY,N.Y. POLICE DEPT,BRONX,46,INSIDE,RESIDENCE - APT. HOUSE,,,"1,008,192","248,149",40.84776253,-73.91346395,"(40.84776253, -73.913463946)"
494731346,3/16/2016,21:30:00,3/16/2016,21:30:00,3/17/2016,124,KIDNAPPING & RELATED OFFENSES,193,CUSTODIAL INTERFERENCE 1,COMPLETED,FELONY,N.Y. POLICE DEPT,BROOKLYN,73,,STREET,,,"1,008,255","181,590",40.665075,-73.91347386,"(40.665074998, -73.913473861)"
871891801,7/12/2013,11:00:00,,,7/12/2013,124,KIDNAPPING & RELATED OFFENSES,193,CUSTODIAL INTERFERENCE 1,COMPLETED,FELONY,N.Y. POLICE DEPT,BROOKLYN,73,INSIDE,OTHER,,,"1,008,228","183,789",40.67111083,-73.91356336,"(40.671110834, -73.913563363)"
162393988,1/29/2014,7:50:00,1/29/2014,7:55:00,1/29/2014,124,KIDNAPPING & RELATED OFFENSES,193,CUSTODIAL INTERFERENCE 1,COMPLETED,FELONY,N.Y. POLICE DEPT,BROOKLYN,73,FRONT OF,RESIDENCE-HOUSE,,,"1,008,200","181,870",40.66584369,-73.91367112,"(40.665843685, -73.913671117)"
135187782,9/23/2009,17:00:00,,,9/25/2009,124,KIDNAPPING & RELATED OFFENSES,193,CUSTODIAL INTERFERENCE 1,COMPLETED,FELONY,N.Y. POLICE DEPT,BROOKLYN,73,INSIDE,PUBLIC SCHOOL,,,"1,008,202","179,835",40.66025806,-73.91367114,"(40.660258056, -73.913671137)"
512569781,1/1/2012,16:09:00,,,1/3/2012,124,KIDNAPPING & RELATED OFFENSES,193,CUSTODIAL INTERFERENCE 1,COMPLETED,FELONY,N.Y. POLICE DEPT,BROOKLYN,69,INSIDE,RESIDENCE - APT. HOUSE,,,"1,008,204","170,125",40.63360621,-73.91369841,"(40.633606208, -73.913698407)"
205307240,11/13/2015,14:28:00,11/13/2015,14:30:00,11/13/2015,124,KIDNAPPING & RELATED OFFENSES,183,"IMPRISONMENT 1,UNLAWFUL",ATTEMPTED,FELONY,N.Y. POLICE DEPT,BROOKLYN,67,FRONT OF,PUBLIC SCHOOL,,,"1,008,179","176,529",40.65118388,-73.91376577,"(40.651183875, -73.913765766)"
130391979,1/20/2015,2:20:00,1/20/2015,2:32:00,1/20/2015,124,KIDNAPPING & RELATED OFFENSES,183,"IMPRISONMENT 1,UNLAWFUL",COMPLETED,FELONY,N.Y. POLICE DEPT,BROOKLYN,73,FRONT OF,RESIDENCE-HOUSE,,,"1,008,129","179,530",40.6594211,-73.91393533,"(40.659421096, -73.913935331)"
945290085,1/10/2015,12:00:00,1/11/2015,3:20:00,1/10/2015,124,KIDNAPPING & RELATED OFFENSES,185,KIDNAPPING 2,COMPLETED,FELONY,N.Y. POLICE DEPT,BROOKLYN,73,INSIDE,RESIDENCE - APT. HOUSE,,,"1,008,115","187,142",40.68031437,-73.91395884,"(40.680314367, -73.913958843)"
359007495,1/18/2013,14:55:00,,,1/18/2013,124,KIDNAPPING & RELATED OFFENSES,183,"IMPRISONMENT 1,UNLAWFUL",COMPLETED,FELONY,N.Y. POLICE DEPT,BROOKLYN,73,,STREET,,,"1,008,110","180,980",40.66340108,-73.91399868,"(40.663401076, -73.913998682)"
462796318,2/6/2009,12:00:00,2/6/2009,18:30:00,2/6/2009,124,KIDNAPPING & RELATED OFFENSES,187,KIDNAPPING 1,COMPLETED,FELONY,N.Y. POLICE DEPT,BRONX,40,INSIDE,RESIDENCE - APT. HOUSE,,,"1,008,044","238,786",40.82206421,-73.9140321,"(40.822064206, -73.914032098)"
398224914,7/30/2007,17:00:00,7/30/2007,17:10:00,7/30/2007,124,KIDNAPPING & RELATED OFFENSES,187,KIDNAPPING 1,ATTEMPTED,FELONY,N.Y. POLICE DEPT,BROOKLYN,83,,STREET,,,"1,008,066","193,005",40.69640708,-73.91411478,"(40.696407082, -73.914114783)"
652717159,2/20/2016,20:50:00,2/21/2016,4:00:00,2/21/2016,124,KIDNAPPING & RELATED OFFENSES,183,"IMPRISONMENT 1,UNLAWFUL",COMPLETED,FELONY,N.Y. POLICE DEPT,BRONX,44,FRONT OF,STREET,,,"1,007,942","243,354",40.83460233,-73.9143845,"(40.834602331, -73.914384501)"
302187510,5/13/2015,9:30:00,,,5/13/2015,124,KIDNAPPING & RELATED OFFENSES,193,CUSTODIAL INTERFERENCE 1,COMPLETED,FELONY,N.Y. POLICE DEPT,BROOKLYN,67,INSIDE,STREET,,,"1,007,981","176,361",40.65072328,-73.91447991,"(40.650723284, -73.914479911)"
146448357,9/24/2007,21:00:00,,,9/25/2007,124,KIDNAPPING & RELATED OFFENSES,193,CUSTODIAL INTERFERENCE 1,COMPLETED,FELONY,N.Y. POLICE DEPT,BROOKLYN,73,INSIDE,RESIDENCE - APT. HOUSE,,,"1,007,962","183,992",40.67166874,-73.91452155,"(40.67166874, -73.914521549)"
675451810,8/13/2010,10:00:00,,,8/14/2010,124,KIDNAPPING & RELATED OFFENSES,193,CUSTODIAL INTERFERENCE 1,COMPLETED,FELONY,N.Y. POLICE DEPT,BRONX,40,INSIDE,RESIDENCE - APT. HOUSE,,,"1,007,857","235,590",40.81329259,-73.91471898,"(40.813292588, -73.914718983)"
518210925,4/19/2007,7:45:00,4/19/2007,7:50:00,4/20/2007,124,KIDNAPPING & RELATED OFFENSES,183,"IMPRISONMENT 1,UNLAWFUL",COMPLETED,FELONY,N.Y. POLICE DEPT,BROOKLYN,69,,STREET,,,"1,007,857","171,367",40.63701617,-73.91494426,"(40.637016165, -73.914944256)"
156460860,10/26/2008,20:30:00,10/26/2008,20:50:00,10/26/2008,124,KIDNAPPING & RELATED OFFENSES,183,"IMPRISONMENT 1,UNLAWFUL",COMPLETED,FELONY,N.Y. POLICE DEPT,BRONX,44,INSIDE,RESIDENCE - APT. HOUSE,,,"1,007,784","240,376",40.826429,-73.91496592,"(40.826429, -73.914965919)"
405303188,5/11/2016,9:15:00,,,5/11/2016,124,KIDNAPPING & RELATED OFFENSES,183,"IMPRISONMENT 1,UNLAWFUL",COMPLETED,FELONY,N.Y. POLICE DEPT,BRONX,44,INSIDE,RESIDENCE - APT. HOUSE,,,"1,007,784","240,376",40.826429,-73.91496592,"(40.826429, -73.914965919)"
956661833,10/3/2012,19:30:00,10/3/2012,19:45:00,10/3/2012,124,KIDNAPPING & RELATED OFFENSES,185,KIDNAPPING 2,ATTEMPTED,FELONY,N.Y. POLICE DEPT,BRONX,44,,STREET,,,"1,007,780","242,987",40.83359546,-73.91497122,"(40.833595456, -73.914971215)"
685601873,10/3/2012,19:30:00,10/3/2012,19:45:00,10/3/2012,124,KIDNAPPING & RELATED OFFENSES,185,KIDNAPPING 2,ATTEMPTED,FELONY,N.Y. POLICE DEPT,BRONX,44,,STREET,,,"1,007,780","242,987",40.83359546,-73.91497122,"(40.833595456, -73.914971215)"
731224145,10/3/2012,19:30:00,10/3/2012,19:45:00,10/3/2012,124,KIDNAPPING & RELATED OFFENSES,185,KIDNAPPING 2,ATTEMPTED,FELONY,N.Y. POLICE DEPT,BRONX,44,,STREET,,,"1,007,780","242,987",40.83359546,-73.91497122,"(40.833595456, -73.914971215)"
269870721,10/3/2012,19:30:00,10/3/2012,19:45:00,10/3/2012,124,KIDNAPPING & RELATED OFFENSES,185,KIDNAPPING 2,ATTEMPTED,FELONY,N.Y. POLICE DEPT,BRONX,44,,STREET,,,"1,007,780","242,987",40.83359546,-73.91497122,"(40.833595456, -73.914971215)"
343207691,10/3/2012,19:30:00,10/3/2012,19:45:00,10/3/2012,124,KIDNAPPING & RELATED OFFENSES,185,KIDNAPPING 2,ATTEMPTED,FELONY,N.Y. POLICE DEPT,BRONX,44,,STREET,,,"1,007,780","242,987",40.83359546,-73.91497122,"(40.833595456, -73.914971215)"
303435551,7/5/2006,22:00:00,7/6/2006,19:00:00,7/6/2006,124,KIDNAPPING & RELATED OFFENSES,187,KIDNAPPING 1,COMPLETED,FELONY,N.Y. POLICE DEPT,QUEENS,114,FRONT OF,RESIDENCE-HOUSE,,,"1,007,796","219,078",40.76797177,-73.91499723,"(40.767971766, -73.914997233)"
232124599,9/25/2014,23:00:00,9/25/2014,23:05:00,9/26/2014,124,KIDNAPPING & RELATED OFFENSES,183,"IMPRISONMENT 1,UNLAWFUL",COMPLETED,FELONY,N.Y. POLICE DEPT,BROOKLYN,73,INSIDE,RESIDENCE - APT. HOUSE,,,"1,007,802","185,749",40.67649174,-73.9150922,"(40.676491736, -73.915092197)"
358025059,3/13/2011,17:00:00,3/13/2011,18:00:00,3/13/2011,124,KIDNAPPING & RELATED OFFENSES,183,"IMPRISONMENT 1,UNLAWFUL",COMPLETED,FELONY,N.Y. POLICE DEPT,BROOKLYN,63,INSIDE,RESIDENCE-HOUSE,,,"1,007,820","166,808",40.62450278,-73.91509349,"(40.624502775, -73.91509349)"
157925807,11/23/2013,16:00:00,11/23/2013,16:05:00,11/23/2013,124,KIDNAPPING & RELATED OFFENSES,183,"IMPRISONMENT 1,UNLAWFUL",COMPLETED,FELONY,N.Y. POLICE DEPT,BROOKLYN,73,INSIDE,RESIDENCE-HOUSE,,,"1,007,800","181,210",40.66403321,-73.91511526,"(40.664033205, -73.915115264)"
185045827,8/17/2013,9:00:00,8/21/2013,0:15:00,8/21/2013,124,KIDNAPPING & RELATED OFFENSES,193,CUSTODIAL INTERFERENCE 1,COMPLETED,FELONY,N.Y. POLICE DEPT,BROOKLYN,73,INSIDE,RESIDENCE-HOUSE,,,"1,007,800","181,210",40.66403321,-73.91511526,"(40.664033205, -73.915115264)"
806524053,11/21/2007,16:00:00,,,11/25/2007,124,KIDNAPPING & RELATED OFFENSES,193,CUSTODIAL INTERFERENCE 1,COMPLETED,FELONY,N.Y. POLICE DEPT,BROOKLYN,73,INSIDE,RESIDENCE - APT. HOUSE,,,"1,007,755","180,038",40.66081644,-73.91528155,"(40.660816444, -73.915281553)"
265166051,3/18/2013,14:00:00,,,3/18/2013,124,KIDNAPPING & RELATED OFFENSES,193,CUSTODIAL INTERFERENCE 1,COMPLETED,FELONY,N.Y. POLICE DEPT,BROOKLYN,73,FRONT OF,RESIDENCE - APT. HOUSE,,,"1,007,744","184,919",40.67421373,-73.91530419,"(40.674213728, -73.915304191)"
642454762,4/17/2008,8:00:00,4/17/2008,21:00:00,4/19/2008,124,KIDNAPPING & RELATED OFFENSES,183,"IMPRISONMENT 1,UNLAWFUL",COMPLETED,FELONY,N.Y. POLICE DEPT,BRONX,44,FRONT OF,STREET,,,"1,007,675","242,092",40.83113922,-73.91535378,"(40.831139218, -73.915353777)"
575438527,11/14/2007,15:15:00,11/14/2007,15:20:00,11/14/2007,124,KIDNAPPING & RELATED OFFENSES,187,KIDNAPPING 1,ATTEMPTED,FELONY,N.Y. POLICE DEPT,BROOKLYN,83,,STREET,,,"1,007,697","190,770",40.69027351,-73.91545327,"(40.690273512, -73.91545327)"
679669774,7/18/2009,21:40:00,,,7/19/2009,124,KIDNAPPING & RELATED OFFENSES,183,"IMPRISONMENT 1,UNLAWFUL",COMPLETED,FELONY,N.Y. POLICE DEPT,BRONX,46,,RESIDENCE - APT. HOUSE,,,"1,007,640","249,147",40.85050322,-73.91545565,"(40.850503224, -73.915455647)"
689057838,1/1/2013,6:00:00,,,1/1/2013,124,KIDNAPPING & RELATED OFFENSES,183,"IMPRISONMENT 1,UNLAWFUL",COMPLETED,FELONY,N.Y. POLICE DEPT,BRONX,40,INSIDE,RESIDENCE - APT. HOUSE,,,"1,007,648","235,115",40.8119894,-73.91547567,"(40.811989402, -73.91547567)"
975754269,9/30/2016,16:20:00,9/30/2016,19:19:00,10/1/2016,124,KIDNAPPING & RELATED OFFENSES,185,KIDNAPPING 2,COMPLETED,FELONY,N.Y. POLICE DEPT,BROOKLYN,73,,STREET,,,"1,007,700","180,317",40.66158238,-73.91547882,"(40.661582383, -73.915478821)"
755930911,12/4/2008,8:30:00,12/4/2008,8:40:00,12/4/2008,124,KIDNAPPING & RELATED OFFENSES,185,KIDNAPPING 2,ATTEMPTED,FELONY,N.Y. TRANSIT POLICE,BROOKLYN,73,,TRANSIT - NYC SUBWAY,,,"1,007,685","189,129",40.68576938,-73.91550225,"(40.685769376, -73.915502249)"
816005714,11/15/2010,15:30:00,11/15/2010,16:00:00,11/15/2010,124,KIDNAPPING & RELATED OFFENSES,187,KIDNAPPING 1,COMPLETED,FELONY,N.Y. POLICE DEPT,QUEENS,114,FRONT OF,STREET,,,"1,007,618","215,819",40.75902713,-73.91565117,"(40.759027126, -73.915651166)"
841637590,5/4/2013,13:40:00,5/4/2013,13:45:00,5/4/2013,124,KIDNAPPING & RELATED OFFENSES,193,CUSTODIAL INTERFERENCE 1,COMPLETED,FELONY,N.Y. POLICE DEPT,QUEENS,114,INSIDE,RESIDENCE - APT. HOUSE,,,"1,007,605","221,120",40.77357703,-73.91567967,"(40.77357703, -73.915679673)"
916116613,9/4/2011,17:30:00,,,9/4/2011,124,KIDNAPPING & RELATED OFFENSES,185,KIDNAPPING 2,COMPLETED,FELONY,N.Y. POLICE DEPT,BRONX,46,INSIDE,RESIDENCE - APT. HOUSE,,,"1,007,521","250,574",40.85442023,-73.91588083,"(40.854420228, -73.915880833)"
791582261,1/19/2015,22:00:00,1/19/2015,22:00:00,1/20/2015,124,KIDNAPPING & RELATED OFFENSES,193,CUSTODIAL INTERFERENCE 1,COMPLETED,FELONY,N.Y. POLICE DEPT,BROOKLYN,73,FRONT OF,RESIDENCE - APT. HOUSE,,,"1,007,585","183,788",40.67110981,-73.91588131,"(40.671109808, -73.91588131)"
498199425,1/24/2006,11:15:00,1/24/2006,13:03:00,1/24/2006,124,KIDNAPPING & RELATED OFFENSES,185,KIDNAPPING 2,COMPLETED,FELONY,N.Y. POLICE DEPT,BRONX,46,FRONT OF,STREET,,,"1,007,522","247,458",40.84586773,-73.91588803,"(40.84586773, -73.915888033)"
738028138,11/17/2006,14:00:00,11/17/2006,15:00:00,11/17/2006,124,KIDNAPPING & RELATED OFFENSES,193,CUSTODIAL INTERFERENCE 1,COMPLETED,FELONY,N.Y. POLICE DEPT,BROOKLYN,73,INSIDE,PUBLIC SCHOOL,,,"1,007,580","186,228",40.67780707,-73.91589089,"(40.67780707, -73.915890889)"
438063634,1/11/2006,7:45:00,1/11/2006,7:50:00,1/11/2006,124,KIDNAPPING & RELATED OFFENSES,187,KIDNAPPING 1,COMPLETED,FELONY,N.Y. POLICE DEPT,BROOKLYN,63,,STREET,,,"1,007,597","165,080",40.61976037,-73.9159028,"(40.619760367, -73.915902795)"
951161613,5/2/2011,21:50:00,5/2/2011,22:30:00,5/2/2011,124,KIDNAPPING & RELATED OFFENSES,193,CUSTODIAL INTERFERENCE 1,COMPLETED,FELONY,N.Y. POLICE DEPT,BRONX,40,FRONT OF,RESIDENCE - APT. HOUSE,,,"1,007,529","235,592",40.81329895,-73.91590391,"(40.813298948, -73.915903906)"
531643433,12/23/2006,20:00:00,12/24/2006,13:40:00,12/24/2006,124,KIDNAPPING & RELATED OFFENSES,193,CUSTODIAL INTERFERENCE 1,COMPLETED,FELONY,N.Y. POLICE DEPT,BRONX,46,INSIDE,OTHER,,,"1,007,507","251,785",40.8577441,-73.91592724,"(40.857744098, -73.915927239)"
527475228,9/19/2009,19:00:00,9/20/2009,9:30:00,9/20/2009,124,KIDNAPPING & RELATED OFFENSES,183,"IMPRISONMENT 1,UNLAWFUL",COMPLETED,FELONY,N.Y. POLICE DEPT,BROOKLYN,73,INSIDE,RESIDENCE-HOUSE,,,"1,007,546","182,509",40.66759934,-73.91602632,"(40.667599342, -73.91602632)"
532731751,8/16/2012,18:31:00,,,8/16/2012,124,KIDNAPPING & RELATED OFFENSES,187,KIDNAPPING 1,COMPLETED,FELONY,N.Y. POLICE DEPT,QUEENS,114,FRONT OF,STREET,,,"1,007,508","217,126",40.76261479,-73.91604371,"(40.762614794, -73.916043705)"
101333495,11/8/2006,12:00:00,11/8/2006,21:00:00,11/8/2006,124,KIDNAPPING & RELATED OFFENSES,193,CUSTODIAL INTERFERENCE 1,COMPLETED,FELONY,N.Y. POLICE DEPT,BROOKLYN,83,INSIDE,RESIDENCE - APT. HOUSE,,,"1,007,519","189,659",40.68722454,-73.91609896,"(40.687224542, -73.916098962)"
388721013,8/21/2013,21:30:00,8/22/2013,1:30:00,8/21/2013,124,KIDNAPPING & RELATED OFFENSES,187,KIDNAPPING 1,COMPLETED,FELONY,N.Y. POLICE DEPT,BRONX,46,FRONT OF,PUBLIC BUILDING,,,"1,007,435","248,210",40.84793198,-73.91619988,"(40.847931977, -73.916199883)"
172383004,4/26/2006,10:10:00,4/26/2006,11:30:00,4/26/2006,124,KIDNAPPING & RELATED OFFENSES,183,"IMPRISONMENT 1,UNLAWFUL",COMPLETED,FELONY,N.Y. HOUSING POLICE,BRONX,42,INSIDE,RESIDENCE - PUBLIC HOUSING,,MORRISANIA AIR RIGHTS 42,"1,007,424","239,937",40.82522502,-73.91626822,"(40.825225023, -73.916268224)"
275785618,9/14/2006,9:15:00,,,9/14/2006,124,KIDNAPPING & RELATED OFFENSES,183,"IMPRISONMENT 1,UNLAWFUL",COMPLETED,FELONY,N.Y. POLICE DEPT,BROOKLYN,67,INSIDE,RESIDENCE - APT. HOUSE,,,"1,007,478","175,487",40.64832568,-73.91629563,"(40.648325678, -73.916295626)"
267588554,12/25/2011,6:00:00,12/25/2011,6:30:00,12/26/2011,124,KIDNAPPING & RELATED OFFENSES,183,"IMPRISONMENT 1,UNLAWFUL",COMPLETED,FELONY,N.Y. POLICE DEPT,BRONX,44,INSIDE,RESIDENCE - APT. HOUSE,,,"1,007,406","242,472",40.83218292,-73.91632451,"(40.832182918, -73.916324513)"
828238348,6/15/2012,11:00:00,6/15/2012,12:00:00,6/15/2012,124,KIDNAPPING & RELATED OFFENSES,193,CUSTODIAL INTERFERENCE 1,COMPLETED,FELONY,N.Y. HOUSING POLICE,BROOKLYN,83,FRONT OF,RESIDENCE - PUBLIC HOUSING,,BUSHWICK II CDA (GROUP E),"1,007,447","193,048",40.69652675,-73.91634691,"(40.696526752, -73.916346908)"
810918818,3/2/2009,14:30:00,3/2/2009,15:00:00,3/2/2009,124,KIDNAPPING & RELATED OFFENSES,185,KIDNAPPING 2,COMPLETED,FELONY,N.Y. POLICE DEPT,BRONX,46,INSIDE,STORE UNCLASSIFIED,,,"1,007,356","248,923",40.84988916,-73.91648297,"(40.849889158, -73.916482969)"
244188830,6/26/2008,23:30:00,6/27/2008,8:15:00,6/27/2008,124,KIDNAPPING & RELATED OFFENSES,183,"IMPRISONMENT 1,UNLAWFUL",COMPLETED,FELONY,N.Y. POLICE DEPT,BRONX,44,INSIDE,RESIDENCE - APT. HOUSE,,,"1,007,359","241,034",40.82823614,-73.91649931,"(40.828236144, -73.916499306)"
716814018,12/1/2012,2:00:00,12/1/2012,2:10:00,12/1/2012,124,KIDNAPPING & RELATED OFFENSES,183,"IMPRISONMENT 1,UNLAWFUL",COMPLETED,FELONY,N.Y. POLICE DEPT,BRONX,40,INSIDE,RESIDENCE - APT. HOUSE,,,"1,007,345","236,096",40.81468277,-73.91656689,"(40.81468277, -73.916566888)"
431869641,5/29/2011,18:30:00,,,5/30/2011,124,KIDNAPPING & RELATED OFFENSES,193,CUSTODIAL INTERFERENCE 1,COMPLETED,FELONY,N.Y. HOUSING POLICE,BROOKLYN,73,FRONT OF,RESIDENCE - PUBLIC HOUSING,,SARATOGA SQUARE,"1,007,380","189,081",40.68563843,-73.91660215,"(40.685638429, -73.916602147)"
660312844,4/2/2010,12:00:00,4/3/2010,16:02:00,4/3/2010,124,KIDNAPPING & RELATED OFFENSES,193,CUSTODIAL INTERFERENCE 1,COMPLETED,FELONY,N.Y. POLICE DEPT,QUEENS,108,INSIDE,RESIDENCE - APT. HOUSE,,,"1,007,346","210,311",40.74390978,-73.91665191,"(40.743909778, -73.916651906)"
578995095,10/10/2014,15:00:00,10/10/2014,15:05:00,10/10/2014,124,KIDNAPPING & RELATED OFFENSES,185,KIDNAPPING 2,ATTEMPTED,FELONY,N.Y. POLICE DEPT,BROOKLYN,83,,STREET,,,"1,007,325","189,397",40.68650592,-73.91679938,"(40.68650592, -73.916799376)"
721788428,7/8/2009,19:20:00,7/8/2009,20:17:00,7/8/2009,124,KIDNAPPING & RELATED OFFENSES,193,CUSTODIAL INTERFERENCE 1,COMPLETED,FELONY,N.Y. POLICE DEPT,BROOKLYN,67,INSIDE,RESIDENCE-HOUSE,,,"1,007,332","177,326",40.65337371,-73.91681547,"(40.653373714, -73.916815467)"
375568874,1/1/2009,15:00:00,,,1/4/2009,124,KIDNAPPING & RELATED OFFENSES,193,CUSTODIAL INTERFERENCE 1,COMPLETED,FELONY,N.Y. POLICE DEPT,BRONX,46,INSIDE,RESIDENCE - APT. HOUSE,,,"1,007,243","248,348",40.84831125,-73.91689339,"(40.848311248, -73.916893388)"
981134384,8/18/2006,6:00:00,8/18/2006,17:30:00,8/18/2006,124,KIDNAPPING & RELATED OFFENSES,185,KIDNAPPING 2,COMPLETED,FELONY,N.Y. POLICE DEPT,BRONX,40,,STREET,,,"1,007,223","233,484",40.80751388,-73.91701657,"(40.807513876, -73.917016572)"
783325620,12/26/2012,14:00:00,12/26/2012,17:00:00,12/26/2012,124,KIDNAPPING & RELATED OFFENSES,183,"IMPRISONMENT 1,UNLAWFUL",COMPLETED,FELONY,N.Y. POLICE DEPT,BRONX,44,INSIDE,RESIDENCE - APT. HOUSE,,,"1,007,169","242,578",40.83247448,-73.91718058,"(40.832474476, -73.917180578)"
214440091,12/26/2012,14:00:00,12/26/2012,16:36:00,12/26/2012,124,KIDNAPPING & RELATED OFFENSES,183,"IMPRISONMENT 1,UNLAWFUL",COMPLETED,FELONY,N.Y. POLICE DEPT,BRONX,44,INSIDE,RESIDENCE - APT. HOUSE,,,"1,007,169","242,578",40.83247448,-73.91718058,"(40.832474476, -73.917180578)"
330083544,12/16/2008,19:30:00,12/17/2008,0:15:00,12/17/2008,124,KIDNAPPING & RELATED OFFENSES,183,"IMPRISONMENT 1,UNLAWFUL",COMPLETED,FELONY,N.Y. POLICE DEPT,BRONX,40,INSIDE,RESIDENCE - APT. HOUSE,,,"1,007,164","239,140",40.82303816,-73.91721039,"(40.823038163, -73.917210387)"
887826551,12/16/2008,19:30:00,12/17/2008,0:15:00,12/17/2008,124,KIDNAPPING & RELATED OFFENSES,183,"IMPRISONMENT 1,UNLAWFUL",COMPLETED,FELONY,N.Y. POLICE DEPT,BRONX,40,INSIDE,RESIDENCE - APT. HOUSE,,,"1,007,164","239,140",40.82303816,-73.91721039,"(40.823038163, -73.917210387)"
117222061,10/26/2012,16:00:00,,,11/27/2012,124,KIDNAPPING & RELATED OFFENSES,193,CUSTODIAL INTERFERENCE 1,COMPLETED,FELONY,N.Y. HOUSING POLICE,BRONX,40,FRONT OF,RESIDENCE - PUBLIC HOUSING,,JACKSON,"1,007,157","238,626",40.8216274,-73.91723743,"(40.821627397, -73.917237434)"
670180500,2/28/2011,15:00:00,2/28/2011,15:30:00,2/28/2011,124,KIDNAPPING & RELATED OFFENSES,193,CUSTODIAL INTERFERENCE 1,COMPLETED,FELONY,N.Y. POLICE DEPT,BRONX,46,INSIDE,RESIDENCE - APT. HOUSE,,,"1,007,142","249,097",40.85036729,-73.91725589,"(40.850367293, -73.917255894)"
934072040,10/6/2012,6:03:00,10/6/2012,6:17:00,10/6/2012,124,KIDNAPPING & RELATED OFFENSES,183,"IMPRISONMENT 1,UNLAWFUL",COMPLETED,FELONY,N.Y. POLICE DEPT,QUEENS,108,INSIDE,RESIDENCE-HOUSE,,,"1,007,178","210,939",40.74563392,-73.91725605,"(40.745633917, -73.917256049)"
144034134,9/8/2012,23:45:00,9/9/2012,0:05:00,9/9/2012,124,KIDNAPPING & RELATED OFFENSES,183,"IMPRISONMENT 1,UNLAWFUL",COMPLETED,FELONY,N.Y. POLICE DEPT,BRONX,44,INSIDE,RESIDENCE - APT. HOUSE,,,"1,007,138","245,060",40.83928693,-73.91728413,"(40.839286927, -73.917284131)"
886310005,4/2/2016,15:30:00,,,4/2/2016,124,KIDNAPPING & RELATED OFFENSES,185,KIDNAPPING 2,ATTEMPTED,FELONY,N.Y. POLICE DEPT,BRONX,44,,STREET,,,"1,007,111","244,501",40.8377527,-73.91738362,"(40.837752704, -73.917383615)"
909448878,6/24/2011,16:00:00,6/24/2011,16:30:00,6/24/2011,124,KIDNAPPING & RELATED OFFENSES,193,CUSTODIAL INTERFERENCE 1,COMPLETED,FELONY,N.Y. POLICE DEPT,BROOKLYN,83,INSIDE,OTHER,,,"1,007,128","193,705",40.69833089,-73.91749507,"(40.698330894, -73.917495073)"
897749302,6/23/2009,22:00:00,6/24/2009,9:00:00,6/24/2009,124,KIDNAPPING & RELATED OFFENSES,187,KIDNAPPING 1,COMPLETED,FELONY,N.Y. POLICE DEPT,BRONX,44,,RESIDENCE - APT. HOUSE,,,"1,007,073","240,678",40.82725977,-73.91753395,"(40.82725977, -73.91753395)"
297841341,7/27/2015,20:29:00,,,7/28/2015,124,KIDNAPPING & RELATED OFFENSES,187,KIDNAPPING 1,COMPLETED,FELONY,N.Y. POLICE DEPT,QUEENS,114,INSIDE,RESIDENCE - APT. HOUSE,,,"1,007,096","214,975",40.75671193,-73.91753827,"(40.756711926, -73.91753827)"
678033762,10/17/2014,0:00:00,,,10/17/2014,124,KIDNAPPING & RELATED OFFENSES,183,"IMPRISONMENT 1,UNLAWFUL",COMPLETED,FELONY,N.Y. POLICE DEPT,BRONX,44,INSIDE,RESIDENCE - APT. HOUSE,,,"1,007,072","239,961",40.82529181,-73.91754,"(40.825291812, -73.917540002)"
147117141,6/21/2007,17:30:00,6/21/2007,19:25:00,6/21/2007,124,KIDNAPPING & RELATED OFFENSES,187,KIDNAPPING 1,COMPLETED,FELONY,N.Y. POLICE DEPT,BROOKLYN,67,,STREET,,,"1,007,120","177,671",40.65432121,-73.91757833,"(40.654321213, -73.917578331)"
799607195,12/3/2012,17:30:00,,,12/3/2012,124,KIDNAPPING & RELATED OFFENSES,185,KIDNAPPING 2,COMPLETED,FELONY,N.Y. POLICE DEPT,BRONX,44,,OTHER,,,"1,007,027","245,405",40.84023414,-73.91768411,"(40.840234138, -73.917684114)"
573711003,6/30/2006,23:30:00,7/1/2006,4:30:00,7/1/2006,124,KIDNAPPING & RELATED OFFENSES,183,"IMPRISONMENT 1,UNLAWFUL",COMPLETED,FELONY,N.Y. POLICE DEPT,BRONX,40,,STREET,,,"1,007,034","236,608",40.81608887,-73.91768869,"(40.816088874, -73.917688689)"
378540968,4/25/2006,23:00:00,,,4/25/2006,124,KIDNAPPING & RELATED OFFENSES,193,CUSTODIAL INTERFERENCE 1,COMPLETED,FELONY,N.Y. POLICE DEPT,BRONX,46,INSIDE,,,,"1,006,991","249,487",40.85143812,-73.91780038,"(40.851438118, -73.917800377)"
480325732,5/1/2009,16:00:00,,,5/4/2009,124,KIDNAPPING & RELATED OFFENSES,183,"IMPRISONMENT 1,UNLAWFUL",COMPLETED,FELONY,N.Y. POLICE DEPT,BRONX,40,INSIDE,RESIDENCE - APT. HOUSE,,,"1,006,998","234,379",40.80997099,-73.9178263,"(40.809970985, -73.917826301)"
153607806,2/2/2006,1:20:00,,,2/2/2006,124,KIDNAPPING & RELATED OFFENSES,183,"IMPRISONMENT 1,UNLAWFUL",COMPLETED,FELONY,N.Y. POLICE DEPT,BRONX,46,INSIDE,RESIDENCE - APT. HOUSE,,,"1,006,977","247,612",40.84629183,-73.91785734,"(40.846291834, -73.917857337)"
141404435,4/30/2016,15:00:00,4/30/2016,17:00:00,4/30/2016,124,KIDNAPPING & RELATED OFFENSES,183,"IMPRISONMENT 1,UNLAWFUL",COMPLETED,FELONY,N.Y. POLICE DEPT,BRONX,46,INSIDE,RESIDENCE - APT. HOUSE,,,"1,006,900","247,998",40.84735149,-73.91813434,"(40.847351488, -73.918134341)"
815777787,12/25/2009,15:30:00,12/25/2009,17:30:00,12/25/2009,124,KIDNAPPING & RELATED OFFENSES,183,"IMPRISONMENT 1,UNLAWFUL",COMPLETED,FELONY,N.Y. POLICE DEPT,QUEENS,108,INSIDE,RESIDENCE-HOUSE,,,"1,006,929","207,553",40.73634083,-73.91816609,"(40.736340834, -73.918166086)"
738610209,10/3/2008,20:30:00,10/3/2008,23:00:00,10/4/2008,124,KIDNAPPING & RELATED OFFENSES,183,"IMPRISONMENT 1,UNLAWFUL",COMPLETED,FELONY,N.Y. POLICE DEPT,BROOKLYN,83,INSIDE,RESIDENCE - APT. HOUSE,,,"1,006,933","191,268",40.6916424,-73.91820652,"(40.691642398, -73.918206521)"
956908632,8/24/2008,11:00:00,9/10/2008,10:30:00,9/10/2008,124,KIDNAPPING & RELATED OFFENSES,193,CUSTODIAL INTERFERENCE 1,COMPLETED,FELONY,N.Y. POLICE DEPT,BROOKLYN,83,INSIDE,RESIDENCE - APT. HOUSE,,,"1,006,933","191,268",40.6916424,-73.91820652,"(40.691642398, -73.918206521)"
315864412,10/26/2014,17:00:00,10/26/2014,18:00:00,10/26/2014,124,KIDNAPPING & RELATED OFFENSES,193,CUSTODIAL INTERFERENCE 1,COMPLETED,FELONY,N.Y. POLICE DEPT,BROOKLYN,73,FRONT OF,RESIDENCE-HOUSE,,,"1,006,905","181,616",40.66514992,-73.91833993,"(40.66514992, -73.918339934)"
480924542,8/21/2006,20:00:00,,,8/22/2006,124,KIDNAPPING & RELATED OFFENSES,183,"IMPRISONMENT 1,UNLAWFUL",COMPLETED,FELONY,N.Y. POLICE DEPT,BROOKLYN,73,FRONT OF,RESIDENCE-HOUSE,,,"1,006,905","181,616",40.66514992,-73.91833993,"(40.66514992, -73.918339934)"
349178468,7/16/2008,8:00:00,8/14/2008,9:30:00,8/14/2008,124,KIDNAPPING & RELATED OFFENSES,183,"IMPRISONMENT 1,UNLAWFUL",COMPLETED,FELONY,N.Y. POLICE DEPT,BROOKLYN,81,INSIDE,RESIDENCE - APT. HOUSE,,,"1,006,897","187,640",40.68168446,-73.91834853,"(40.681684463, -73.918348531)"
776003604,5/21/2008,14:45:00,,,5/21/2008,124,KIDNAPPING & RELATED OFFENSES,183,"IMPRISONMENT 1,UNLAWFUL",COMPLETED,FELONY,N.Y. POLICE DEPT,BRONX,44,INSIDE,RESIDENCE - APT. HOUSE,,,"1,006,823","243,052",40.83377636,-73.9184293,"(40.833776359, -73.918429299)"
298434796,7/30/2007,16:00:00,7/30/2007,16:00:00,7/31/2007,124,KIDNAPPING & RELATED OFFENSES,187,KIDNAPPING 1,ATTEMPTED,FELONY,N.Y. POLICE DEPT,BROOKLYN,83,,STREET,,,"1,006,832","193,088",40.69663813,-73.91856463,"(40.696638133, -73.918564625)"
498630137,8/13/2008,22:30:00,,,8/14/2008,124,KIDNAPPING & RELATED OFFENSES,183,"IMPRISONMENT 1,UNLAWFUL",COMPLETED,FELONY,N.Y. POLICE DEPT,BROOKLYN,63,,STREET,,,"1,006,843","169,577",40.63210564,-73.91860374,"(40.63210564, -73.918603738)"
861751434,4/10/2013,14:00:00,5/13/2013,17:00:00,5/13/2013,124,KIDNAPPING & RELATED OFFENSES,193,CUSTODIAL INTERFERENCE 1,COMPLETED,FELONY,N.Y. HOUSING POLICE,BROOKLYN,83,INSIDE,RESIDENCE - PUBLIC HOUSING,,BUSHWICK II (GROUPS B & D),"1,006,820","191,770",40.69302056,-73.91861232,"(40.69302056, -73.918612316)"
170026554,7/5/2009,20:00:00,,,7/5/2009,124,KIDNAPPING & RELATED OFFENSES,183,"IMPRISONMENT 1,UNLAWFUL",COMPLETED,FELONY,N.Y. POLICE DEPT,BRONX,44,,STREET,,,"1,006,770","241,354",40.82911597,-73.91862653,"(40.829115974, -73.918626526)"
299886151,4/25/2006,19:50:00,4/25/2006,19:55:00,4/25/2006,124,KIDNAPPING & RELATED OFFENSES,183,"IMPRISONMENT 1,UNLAWFUL",COMPLETED,FELONY,N.Y. POLICE DEPT,QUEENS,114,FRONT OF,STREET,,,"1,006,776","220,990",40.77322237,-73.91867316,"(40.773222365, -73.91867316)"
597902952,12/11/2008,18:40:00,,,12/11/2008,124,KIDNAPPING & RELATED OFFENSES,183,"IMPRISONMENT 1,UNLAWFUL",COMPLETED,FELONY,N.Y. POLICE DEPT,BRONX,46,INSIDE,GROCERY/BODEGA,,,"1,006,749","247,570",40.84617714,-73.91868156,"(40.84617714, -73.918681558)"
580234825,11/20/2007,19:00:00,11/20/2007,20:05:00,11/20/2007,124,KIDNAPPING & RELATED OFFENSES,193,CUSTODIAL INTERFERENCE 1,COMPLETED,FELONY,N.Y. HOUSING POLICE,BRONX,46,INSIDE,RESIDENCE-HOUSE,,MORRIS HEIGHTS REHAB,"1,006,746","248,333",40.84827136,-73.91868984,"(40.848271358, -73.918689841)"
210177024,5/15/2011,13:30:00,5/15/2011,13:30:00,5/16/2011,124,KIDNAPPING & RELATED OFFENSES,183,"IMPRISONMENT 1,UNLAWFUL",COMPLETED,FELONY,N.Y. POLICE DEPT,BROOKLYN,63,INSIDE,STORE UNCLASSIFIED,,,"1,006,804","170,057",40.63342324,-73.91874264,"(40.633423238, -73.918742642)"
772717253,3/2/2006,15:00:00,,,3/3/2006,124,KIDNAPPING & RELATED OFFENSES,193,CUSTODIAL INTERFERENCE 1,COMPLETED,FELONY,N.Y. HOUSING POLICE,BRONX,40,INSIDE,RESIDENCE - PUBLIC HOUSING,,,"1,006,709","238,639",40.82166423,-73.91885603,"(40.821664228, -73.918856034)"
978018680,11/27/2007,15:00:00,11/28/2007,5:00:00,11/29/2007,124,KIDNAPPING & RELATED OFFENSES,183,"IMPRISONMENT 1,UNLAWFUL",COMPLETED,FELONY,N.Y. POLICE DEPT,BRONX,40,INSIDE,RESIDENCE - APT. HOUSE,,,"1,006,679","236,016",40.81446491,-73.91897319,"(40.814464909, -73.918973191)"
206990552,5/7/2007,21:47:00,5/7/2007,22:00:00,5/7/2007,124,KIDNAPPING & RELATED OFFENSES,185,KIDNAPPING 2,ATTEMPTED,FELONY,N.Y. POLICE DEPT,QUEENS,114,,STREET,,,"1,006,691","218,278",40.76577885,-73.9189891,"(40.765778848, -73.9189891)"
239211072,3/11/2008,21:28:00,3/11/2008,21:33:00,3/11/2008,124,KIDNAPPING & RELATED OFFENSES,185,KIDNAPPING 2,ATTEMPTED,FELONY,N.Y. POLICE DEPT,BRONX,44,,STREET,,,"1,006,659","245,559",40.84065776,-73.91901357,"(40.840657764, -73.919013571)"
651185348,4/30/2015,9:20:00,,,4/30/2015,124,KIDNAPPING & RELATED OFFENSES,185,KIDNAPPING 2,COMPLETED,FELONY,N.Y. POLICE DEPT,BROOKLYN,81,,STREET,,,"1,006,694","188,976",40.685352,-73.91907599,"(40.685351995, -73.919075989)"
831666899,12/19/2013,21:00:00,12/21/2013,0:45:00,12/21/2013,124,KIDNAPPING & RELATED OFFENSES,183,"IMPRISONMENT 1,UNLAWFUL",COMPLETED,FELONY,N.Y. HOUSING POLICE,BRONX,40,INSIDE,RESIDENCE - PUBLIC HOUSING,,JACKSON,"1,006,623","239,075",40.82286114,-73.9191653,"(40.822861142, -73.919165302)"
440802184,7/6/2012,17:00:00,,,7/7/2012,124,KIDNAPPING & RELATED OFFENSES,193,CUSTODIAL INTERFERENCE 1,COMPLETED,FELONY,N.Y. HOUSING POLICE,BRONX,40,INSIDE,RESIDENCE - PUBLIC HOUSING,,JACKSON,"1,006,623","239,075",40.82286114,-73.9191653,"(40.822861142, -73.919165302)"
533664986,3/8/2014,22:45:00,3/8/2014,23:00:00,3/8/2014,124,KIDNAPPING & RELATED OFFENSES,183,"IMPRISONMENT 1,UNLAWFUL",COMPLETED,FELONY,N.Y. POLICE DEPT,BROOKLYN,81,INSIDE,RESIDENCE - APT. HOUSE,,,"1,006,650","189,242",40.68608222,-73.91923375,"(40.686082215, -73.919233753)"
119130949,8/28/2012,13:00:00,,,8/29/2012,124,KIDNAPPING & RELATED OFFENSES,193,CUSTODIAL INTERFERENCE 1,COMPLETED,FELONY,N.Y. HOUSING POLICE,BRONX,40,INSIDE,RESIDENCE - PUBLIC HOUSING,,,"1,006,600","238,545",40.8214065,-73.91925017,"(40.821406501, -73.919250169)"
626659740,2/2/2007,1:05:00,2/2/2007,1:10:00,2/2/2007,124,KIDNAPPING & RELATED OFFENSES,183,"IMPRISONMENT 1,UNLAWFUL",COMPLETED,FELONY,N.Y. HOUSING POLICE,BRONX,40,INSIDE,RESIDENCE - PUBLIC HOUSING,,,"1,006,600","238,545",40.8214065,-73.91925017,"(40.821406501, -73.919250169)"
433830323,2/26/2012,19:00:00,2/26/2012,20:15:00,2/26/2012,124,KIDNAPPING & RELATED OFFENSES,183,"IMPRISONMENT 1,UNLAWFUL",COMPLETED,FELONY,N.Y. POLICE DEPT,BROOKLYN,83,,STREET,,,"1,006,636","192,396",40.69473925,-73.91927375,"(40.694739252, -73.919273753)"
956526603,6/15/2010,12:00:00,10/30/2010,14:30:00,10/30/2010,124,KIDNAPPING & RELATED OFFENSES,193,CUSTODIAL INTERFERENCE 1,COMPLETED,FELONY,N.Y. POLICE DEPT,QUEENS,114,INSIDE,RESIDENCE - APT. HOUSE,,,"1,006,593","218,613",40.76669859,-73.91934177,"(40.766698585, -73.919341768)"
489017864,11/18/2012,15:00:00,11/18/2012,15:30:00,11/18/2012,124,KIDNAPPING & RELATED OFFENSES,193,CUSTODIAL INTERFERENCE 1,COMPLETED,FELONY,N.Y. POLICE DEPT,BROOKLYN,81,INSIDE,RESIDENCE - APT. HOUSE,,,"1,006,612","189,509",40.68681517,-73.91936989,"(40.686815165, -73.919369885)"
820042161,11/14/2010,20:08:00,,,11/14/2010,124,KIDNAPPING & RELATED OFFENSES,183,"IMPRISONMENT 1,UNLAWFUL",COMPLETED,FELONY,N.Y. POLICE DEPT,BRONX,44,,STREET,,,"1,006,541","243,541",40.83511924,-73.91944674,"(40.835119239, -73.919446739)"
541418352,4/17/2006,13:00:00,,,4/17/2006,124,KIDNAPPING & RELATED OFFENSES,183,"IMPRISONMENT 1,UNLAWFUL",COMPLETED,FELONY,N.Y. POLICE DEPT,MANHATTAN,34,,STREET,,,"1,006,525","257,072",40.87225784,-73.9194596,"(40.872257839, -73.919459602)"
973041931,10/21/2011,13:00:00,,,10/21/2011,124,KIDNAPPING & RELATED OFFENSES,183,"IMPRISONMENT 1,UNLAWFUL",COMPLETED,FELONY,N.Y. POLICE DEPT,BRONX,44,INSIDE,RESIDENCE - APT. HOUSE,,,"1,006,534","241,463",40.82941575,-73.91947894,"(40.829415746, -73.919478938)"
117879401,7/3/2011,17:00:00,7/3/2011,19:00:00,7/3/2011,124,KIDNAPPING & RELATED OFFENSES,183,"IMPRISONMENT 1,UNLAWFUL",COMPLETED,FELONY,N.Y. POLICE DEPT,BROOKLYN,83,INSIDE,RESIDENCE - APT. HOUSE,,,"1,006,566","190,777",40.69029565,-73.91953155,"(40.690295649, -73.919531548)"
883666480,4/27/2014,15:00:00,,,4/27/2014,124,KIDNAPPING & RELATED OFFENSES,193,CUSTODIAL INTERFERENCE 1,COMPLETED,FELONY,N.Y. POLICE DEPT,BRONX,40,INSIDE,RESIDENCE - APT. HOUSE,,,"1,006,498","233,566",40.8077408,-73.9196352,"(40.807740799, -73.919635201)"
448156080,1/20/2012,12:00:00,1/20/2012,20:32:00,1/20/2012,124,KIDNAPPING & RELATED OFFENSES,193,CUSTODIAL INTERFERENCE 1,COMPLETED,FELONY,N.Y. POLICE DEPT,BROOKLYN,73,INSIDE,RESIDENCE - APT. HOUSE,,,"1,006,534","184,189",40.67221317,-73.91966872,"(40.672213171, -73.919668723)"
869324068,5/10/2014,11:00:00,,,5/25/2014,124,KIDNAPPING & RELATED OFFENSES,193,CUSTODIAL INTERFERENCE 1,COMPLETED,FELONY,N.Y. POLICE DEPT,BROOKLYN,67,INSIDE,RESIDENCE - APT. HOUSE,,,"1,006,528","180,139",40.66109684,-73.91970374,"(40.661096839, -73.919703735)"
379460816,8/12/2010,18:30:00,8/13/2010,14:53:00,8/13/2010,124,KIDNAPPING & RELATED OFFENSES,187,KIDNAPPING 1,COMPLETED,FELONY,N.Y. POLICE DEPT,BROOKLYN,67,INSIDE,RESIDENCE - APT. HOUSE,,,"1,006,528","180,139",40.66109684,-73.91970374,"(40.661096839, -73.919703735)"
416109776,6/16/2011,5:00:00,6/16/2011,5:50:00,6/16/2011,124,KIDNAPPING & RELATED OFFENSES,183,"IMPRISONMENT 1,UNLAWFUL",COMPLETED,FELONY,N.Y. POLICE DEPT,BRONX,44,INSIDE,RESIDENCE - APT. HOUSE,,,"1,006,444","242,899",40.83335738,-73.9197994,"(40.83335738, -73.919799399)"
116018497,6/29/2012,18:30:00,6/29/2012,19:00:00,6/29/2012,124,KIDNAPPING & RELATED OFFENSES,193,CUSTODIAL INTERFERENCE 1,COMPLETED,FELONY,N.Y. HOUSING POLICE,BROOKLYN,73,INSIDE,RESIDENCE - PUBLIC HOUSING,,HOWARD AVENUE,"1,006,499","182,539",40.66768438,-73.91980034,"(40.667684379, -73.919800341)"
116610886,6/1/2007,0:01:00,6/1/2007,8:00:00,6/1/2007,124,KIDNAPPING & RELATED OFFENSES,185,KIDNAPPING 2,COMPLETED,FELONY,N.Y. POLICE DEPT,BROOKLYN,67,INSIDE,RESIDENCE - APT. HOUSE,,,"1,006,499","177,901",40.65495409,-73.91981564,"(40.654954094, -73.919815644)"
681516316,11/15/2016,18:00:00,11/15/2016,18:05:00,11/16/2016,124,KIDNAPPING,186,LURING A CHILD,COMPLETED,FELONY,N.Y. POLICE DEPT,BRONX,40,FRONT OF,STREET,,,"1,006,420","236,160",40.8148608,-73.91990839,"(40.814860801, -73.919908393)"
571660086,6/4/2016,8:00:00,6/4/2016,8:25:00,6/4/2016,124,KIDNAPPING & RELATED OFFENSES,183,"IMPRISONMENT 1,UNLAWFUL",COMPLETED,FELONY,N.Y. HOUSING POLICE,BROOKLYN,73,INSIDE,RESIDENCE - PUBLIC HOUSING,,TAPSCOTT STREET REHAB,"1,006,468","181,087",40.66369904,-73.91991687,"(40.66369904, -73.919916873)"
412822986,8/10/2015,0:36:00,8/11/2015,19:25:00,8/11/2015,124,KIDNAPPING & RELATED OFFENSES,193,CUSTODIAL INTERFERENCE 1,COMPLETED,FELONY,N.Y. POLICE DEPT,BRONX,44,INSIDE,RESIDENCE - APT. HOUSE,,,"1,006,411","241,171",40.8286146,-73.91992436,"(40.828614599, -73.919924359)"
259158952,9/5/2011,13:49:00,,,9/5/2011,124,KIDNAPPING & RELATED OFFENSES,193,CUSTODIAL INTERFERENCE 1,COMPLETED,FELONY,N.Y. POLICE DEPT,BRONX,46,FRONT OF,RESIDENCE - APT. HOUSE,,,"1,006,403","248,580",40.84895017,-73.9199288,"(40.848950167, -73.919928795)"
962647958,2/9/2009,15:40:00,,,2/9/2009,124,KIDNAPPING & RELATED OFFENSES,183,"IMPRISONMENT 1,UNLAWFUL",COMPLETED,FELONY,N.Y. POLICE DEPT,BROOKLYN,67,,STREET,,,"1,006,455","179,159",40.65840714,-73.91997008,"(40.658407139, -73.91997008)"
359483565,5/28/2007,13:30:00,,,5/29/2007,124,KIDNAPPING & RELATED OFFENSES,183,"IMPRISONMENT 1,UNLAWFUL",COMPLETED,FELONY,N.Y. POLICE DEPT,BRONX,44,INSIDE,RESIDENCE - APT. HOUSE,,,"1,006,350","243,112",40.83394224,-73.92013838,"(40.833942239, -73.920138383)"
867225596,2/12/2006,18:00:00,2/13/2006,0:30:00,2/13/2006,124,KIDNAPPING & RELATED OFFENSES,187,KIDNAPPING 1,COMPLETED,FELONY,N.Y. POLICE DEPT,BRONX,44,INSIDE,RESIDENCE - APT. HOUSE,,,"1,006,344","242,200",40.83143908,-73.92016307,"(40.831439076, -73.920163069)"
528858847,4/14/2009,8:00:00,4/14/2009,8:20:00,4/15/2009,124,KIDNAPPING & RELATED OFFENSES,193,CUSTODIAL INTERFERENCE 1,COMPLETED,FELONY,N.Y. POLICE DEPT,BROOKLYN,83,INSIDE,RESIDENCE - APT. HOUSE,,,"1,006,376","192,043",40.693771,-73.92021252,"(40.693771003, -73.920212516)"
248982502,8/24/2013,9:00:00,8/24/2013,10:00:00,8/24/2013,124,KIDNAPPING & RELATED OFFENSES,193,CUSTODIAL INTERFERENCE 1,COMPLETED,FELONY,N.Y. POLICE DEPT,BRONX,50,FRONT OF,STREET,,,"1,006,302","259,986",40.88025643,-73.92025633,"(40.880256428, -73.920256333)"
925024799,12/16/2006,2:00:00,,,12/16/2006,124,KIDNAPPING & RELATED OFFENSES,183,"IMPRISONMENT 1,UNLAWFUL",COMPLETED,FELONY,N.Y. POLICE DEPT,MANHATTAN,34,INSIDE,RESIDENCE - APT. HOUSE,,,"1,006,293","254,234",40.86446898,-73.9203078,"(40.864468978, -73.920307802)"
905388770,2/3/2006,12:00:00,,,2/3/2006,124,KIDNAPPING & RELATED OFFENSES,193,CUSTODIAL INTERFERENCE 1,COMPLETED,FELONY,N.Y. POLICE DEPT,BROOKLYN,83,INSIDE,RESIDENCE - APT. HOUSE,,,"1,006,342","196,133",40.70499718,-73.92032171,"(40.70499718, -73.920321709)"
235685894,7/10/2014,15:03:00,,,7/10/2014,124,KIDNAPPING & RELATED OFFENSES,183,"IMPRISONMENT 1,UNLAWFUL",COMPLETED,FELONY,N.Y. STATE PARKS,BRONX,46,INSIDE,PARK/PLAYGROUND,,,"1,006,289","250,317",40.853718,-73.92033514,"(40.853718001, -73.920335142)"
104393024,2/2/2011,16:00:00,,,2/2/2011,124,KIDNAPPING & RELATED OFFENSES,193,CUSTODIAL INTERFERENCE 1,COMPLETED,FELONY,N.Y. POLICE DEPT,BROOKLYN,81,INSIDE,OTHER,,,"1,006,343","186,591",40.6788066,-73.92034939,"(40.678806596, -73.920349394)"
115220758,6/11/2012,1:00:00,6/14/2012,6:00:00,6/14/2012,124,KIDNAPPING & RELATED OFFENSES,187,KIDNAPPING 1,COMPLETED,FELONY,N.Y. POLICE DEPT,BRONX,44,FRONT OF,STREET,,,"1,006,266","240,825",40.82766529,-73.92044944,"(40.827665291, -73.92044944)"
196086052,12/31/2006,19:00:00,1/1/2007,3:30:00,1/1/2007,124,KIDNAPPING & RELATED OFFENSES,183,"IMPRISONMENT 1,UNLAWFUL",COMPLETED,FELONY,N.Y. HOUSING POLICE,BROOKLYN,73,INSIDE,RESIDENCE - PUBLIC HOUSING,,,"1,006,313","185,306",40.67527964,-73.92046176,"(40.675279637, -73.92046176)"
344334641,7/2/2012,16:30:00,,,7/2/2012,124,KIDNAPPING & RELATED OFFENSES,193,CUSTODIAL INTERFERENCE 1,ATTEMPTED,FELONY,N.Y. POLICE DEPT,BRONX,46,,STREET,,,"1,006,234","247,834",40.84690304,-73.9205421,"(40.84690304, -73.920542096)"
909229111,9/20/2006,22:00:00,,,9/22/2006,124,KIDNAPPING & RELATED OFFENSES,193,CUSTODIAL INTERFERENCE 1,COMPLETED,FELONY,N.Y. POLICE DEPT,BROOKLYN,70,FRONT OF,RESIDENCE-HOUSE,,,"1,006,303","170,052",40.63341077,-73.92054769,"(40.633410774, -73.920547689)"
285283129,11/22/2010,18:30:00,11/23/2010,1:00:00,11/23/2010,124,KIDNAPPING & RELATED OFFENSES,187,KIDNAPPING 1,COMPLETED,FELONY,N.Y. POLICE DEPT,MANHATTAN,34,,STREET,,,"1,006,209","253,743",40.86312154,-73.9206131,"(40.863121541, -73.920613101)"
174715382,1/1/2010,14:32:00,,,1/1/2010,124,KIDNAPPING & RELATED OFFENSES,187,KIDNAPPING 1,COMPLETED,FELONY,N.Y. POLICE DEPT,BRONX,44,FRONT OF,STREET,,,"1,006,195","240,322",40.82628488,-73.92070763,"(40.826284877, -73.920707634)"
663588787,5/17/2009,15:19:00,5/17/2009,15:50:00,5/17/2009,124,KIDNAPPING & RELATED OFFENSES,185,KIDNAPPING 2,ATTEMPTED,FELONY,N.Y. POLICE DEPT,BROOKLYN,63,,STREET,,,"1,006,266","160,872",40.60821369,-73.92071093,"(40.608213686, -73.920710931)"
875275515,2/27/2008,15:00:00,2/27/2008,15:20:00,2/27/2008,124,KIDNAPPING & RELATED OFFENSES,183,"IMPRISONMENT 1,UNLAWFUL",COMPLETED,FELONY,N.Y. POLICE DEPT,BROOKLYN,73,INSIDE,RESIDENCE - APT. HOUSE,,,"1,006,241","182,197",40.66674631,-73.92073147,"(40.66674631, -73.920731471)"
522660479,7/30/2007,16:50:00,7/30/2007,16:50:00,7/31/2007,124,KIDNAPPING & RELATED OFFENSES,187,KIDNAPPING 1,ATTEMPTED,FELONY,N.Y. POLICE DEPT,BROOKLYN,83,,STREET,,,"1,006,221","192,707",40.69559392,-73.9207693,"(40.695593915, -73.920769298)"
740891083,7/18/2007,8:00:00,8/23/2007,19:00:00,8/23/2007,124,KIDNAPPING & RELATED OFFENSES,193,CUSTODIAL INTERFERENCE 1,COMPLETED,FELONY,N.Y. POLICE DEPT,BROOKLYN,73,INSIDE,RESIDENCE - APT. HOUSE,,,"1,006,209","184,702",40.67362205,-73.92083866,"(40.673622052, -73.92083866)"
338190058,4/7/2007,17:30:00,4/7/2007,18:55:00,4/7/2007,124,KIDNAPPING & RELATED OFFENSES,183,"IMPRISONMENT 1,UNLAWFUL",COMPLETED,FELONY,N.Y. POLICE DEPT,BROOKLYN,83,INSIDE,RESIDENCE - APT. HOUSE,,,"1,006,196","194,850",40.70147601,-73.92085247,"(40.701476011, -73.920852471)"
950372778,11/18/2011,16:30:00,11/18/2011,16:40:00,11/18/2011,124,KIDNAPPING & RELATED OFFENSES,193,CUSTODIAL INTERFERENCE 1,COMPLETED,FELONY,N.Y. HOUSING POLICE,BRONX,46,INSIDE,RESIDENCE - PUBLIC HOUSING,,MORRIS HEIGHTS REHAB,"1,006,132","248,137",40.84773494,-73.92090978,"(40.847734938, -73.920909778)"
408337011,8/12/2012,12:00:00,8/12/2012,14:30:00,8/12/2012,124,KIDNAPPING & RELATED OFFENSES,183,"IMPRISONMENT 1,UNLAWFUL",COMPLETED,FELONY,N.Y. POLICE DEPT,MANHATTAN,34,INSIDE,RESIDENCE - APT. HOUSE,,,"1,006,118","254,594",40.8654575,-73.92093932,"(40.865457504, -73.920939317)"
934304045,7/4/2008,5:00:00,7/4/2008,5:00:00,7/9/2008,124,KIDNAPPING & RELATED OFFENSES,193,CUSTODIAL INTERFERENCE 1,COMPLETED,FELONY,N.Y. HOUSING POLICE,BRONX,46,INSIDE,RESIDENCE - PUBLIC HOUSING,,,"1,006,109","247,893",40.84706529,-73.92099371,"(40.847065288, -73.920993706)"
353732938,4/22/2009,11:10:00,,,4/22/2009,124,KIDNAPPING & RELATED OFFENSES,183,"IMPRISONMENT 1,UNLAWFUL",COMPLETED,FELONY,N.Y. HOUSING POLICE,BRONX,40,INSIDE,RESIDENCE - PUBLIC HOUSING,,,"1,006,115","238,062",40.82008202,-73.92100406,"(40.820082016, -73.921004063)"
852141375,6/5/2006,15:20:00,6/5/2006,15:29:00,6/5/2006,124,KIDNAPPING & RELATED OFFENSES,183,"IMPRISONMENT 1,UNLAWFUL",COMPLETED,FELONY,N.Y. POLICE DEPT,BRONX,46,,STREET,,,"1,006,095","247,697",40.84652736,-73.92104495,"(40.84652736, -73.921044946)"
314255370,4/3/2006,18:25:00,4/3/2006,18:28:00,4/3/2006,124,KIDNAPPING & RELATED OFFENSES,183,"IMPRISONMENT 1,UNLAWFUL",COMPLETED,FELONY,N.Y. POLICE DEPT,BRONX,40,,STREET,,,"1,006,098","232,576",40.80502452,-73.92108334,"(40.80502452, -73.921083339)"
800107802,4/29/2016,14:00:00,4/29/2016,14:15:00,4/29/2016,124,KIDNAPPING & RELATED OFFENSES,185,KIDNAPPING 2,COMPLETED,FELONY,N.Y. POLICE DEPT,BROOKLYN,63,INSIDE,RESIDENCE-HOUSE,,,"1,006,153","163,277",40.61481519,-73.9211101,"(40.614815194, -73.921110099)"
613666061,6/8/2015,16:53:00,,,6/8/2015,124,KIDNAPPING & RELATED OFFENSES,193,CUSTODIAL INTERFERENCE 1,COMPLETED,FELONY,N.Y. POLICE DEPT,BRONX,40,INSIDE,COMMERCIAL BUILDING,,,"1,006,059","233,044",40.80630915,-73.92122269,"(40.806309147, -73.921222692)"
903322197,11/28/2006,14:00:00,11/28/2006,18:00:00,11/29/2006,124,KIDNAPPING & RELATED OFFENSES,183,"IMPRISONMENT 1,UNLAWFUL",COMPLETED,FELONY,N.Y. POLICE DEPT,MANHATTAN,34,,OTHER,,,"1,006,032","254,107",40.86412105,-73.92125183,"(40.864121049, -73.921251826)"
257531047,6/19/2005,18:00:00,,,4/25/2006,124,KIDNAPPING & RELATED OFFENSES,193,CUSTODIAL INTERFERENCE 1,COMPLETED,FELONY,N.Y. POLICE DEPT,BROOKLYN,81,INSIDE,RESIDENCE-HOUSE,,,"1,006,066","188,061",40.6828421,-73.92134331,"(40.682842099, -73.921343305)"
413643897,10/17/2009,18:30:00,10/18/2009,10:00:00,10/18/2009,124,KIDNAPPING & RELATED OFFENSES,187,KIDNAPPING 1,COMPLETED,FELONY,N.Y. POLICE DEPT,BRONX,44,INSIDE,RESIDENCE - APT. HOUSE,,,"1,006,010","240,744",40.8274436,-73.92137473,"(40.827443603, -73.921374725)"
551338724,7/15/2016,10:20:00,7/15/2016,11:00:00,7/15/2016,124,KIDNAPPING & RELATED OFFENSES,193,CUSTODIAL INTERFERENCE 1,COMPLETED,FELONY,N.Y. HOUSING POLICE,MANHATTAN,34,INSIDE,RESIDENCE - PUBLIC HOUSING,,,"1,005,984","252,988",40.86104985,-73.92142899,"(40.861049851, -73.921428991)"
310694982,9/19/2007,13:00:00,9/20/2007,14:54:00,9/20/2007,124,KIDNAPPING & RELATED OFFENSES,193,CUSTODIAL INTERFERENCE 1,COMPLETED,FELONY,N.Y. HOUSING POLICE,BROOKLYN,63,INSIDE,RESIDENCE - PUBLIC HOUSING,,GLENWOOD,"1,006,048","171,108",40.6363099,-73.92146301,"(40.636309901, -73.921463005)"
615126051,10/28/2009,8:00:00,10/28/2009,8:05:00,10/28/2009,124,KIDNAPPING & RELATED OFFENSES,187,KIDNAPPING 1,ATTEMPTED,FELONY,N.Y. POLICE DEPT,QUEENS,114,FRONT OF,STREET,,,"1,005,989","215,655",40.75858114,-73.92153181,"(40.758581143, -73.921531811)"
169512736,3/12/2007,8:00:00,,,4/6/2007,124,KIDNAPPING & RELATED OFFENSES,193,CUSTODIAL INTERFERENCE 1,COMPLETED,FELONY,N.Y. POLICE DEPT,BRONX,40,OPPOSITE OF,RESIDENCE - APT. HOUSE,,,"1,005,947","235,372",40.81269914,-73.92161974,"(40.812699137, -73.921619736)"
269291379,2/7/2010,4:25:00,2/7/2010,4:48:00,2/7/2010,124,KIDNAPPING & RELATED OFFENSES,185,KIDNAPPING 2,COMPLETED,FELONY,N.Y. POLICE DEPT,BROOKLYN,67,INSIDE,RESIDENCE-HOUSE,,,"1,005,976","179,322",40.65885573,-73.92169597,"(40.658855726, -73.921695968)"
507849802,7/18/2016,8:00:00,7/18/2016,8:15:00,7/18/2016,124,KIDNAPPING & RELATED OFFENSES,187,KIDNAPPING 1,ATTEMPTED,FELONY,N.Y. POLICE DEPT,BROOKLYN,81,,STREET,,,"1,005,965","186,342",40.67812408,-73.921713,"(40.678124084, -73.921713003)"
272791295,12/11/2016,4:10:00,12/11/2016,4:22:00,12/11/2016,124,KIDNAPPING & RELATED OFFENSES,187,KIDNAPPING 1,COMPLETED,FELONY,N.Y. POLICE DEPT,QUEENS,114,FRONT OF,STREET,,,"1,005,914","218,755",40.76709003,-73.92179254,"(40.767090027, -73.921792543)"
625489320,1/30/2014,19:50:00,1/30/2014,20:50:00,1/30/2014,124,KIDNAPPING & RELATED OFFENSES,185,KIDNAPPING 2,COMPLETED,FELONY,N.Y. POLICE DEPT,QUEENS,114,FRONT OF,STREET,,,"1,005,915","216,280",40.76029679,-73.92179691,"(40.760296789, -73.92179691)"
620653366,2/25/2008,19:00:00,,,3/3/2008,124,KIDNAPPING & RELATED OFFENSES,193,CUSTODIAL INTERFERENCE 1,COMPLETED,FELONY,N.Y. POLICE DEPT,BROOKLYN,67,FRONT OF,RESIDENCE-HOUSE,,,"1,005,941","180,257",40.66142218,-73.92181911,"(40.66142218, -73.921819108)"
230078322,11/28/2010,16:00:00,11/28/2010,16:10:00,11/28/2010,124,KIDNAPPING & RELATED OFFENSES,185,KIDNAPPING 2,COMPLETED,FELONY,N.Y. POLICE DEPT,BROOKLYN,63,FRONT OF,RESIDENCE-HOUSE,,,"1,005,932","164,311",40.61765385,-73.92190279,"(40.617653853, -73.921902788)"
861857882,10/13/2012,14:40:00,10/14/2012,3:00:00,10/14/2012,124,KIDNAPPING & RELATED OFFENSES,183,"IMPRISONMENT 1,UNLAWFUL",COMPLETED,FELONY,N.Y. TRANSIT POLICE,BROOKLYN,81,,TRANSIT - NYC SUBWAY,,,"1,005,862","190,486",40.68949867,-73.92207105,"(40.689498668, -73.922071054)"
191755885,4/28/2010,23:00:00,4/29/2010,1:00:00,4/29/2010,124,KIDNAPPING & RELATED OFFENSES,185,KIDNAPPING 2,COMPLETED,FELONY,N.Y. POLICE DEPT,MANHATTAN,34,,STREET,,,"1,005,783","255,942",40.86915818,-73.92214615,"(40.869158176, -73.922146153)"
103632061,4/27/2013,18:00:00,4/27/2013,20:50:00,4/27/2013,124,KIDNAPPING & RELATED OFFENSES,183,"IMPRISONMENT 1,UNLAWFUL",COMPLETED,FELONY,N.Y. HOUSING POLICE,BROOKLYN,81,INSIDE,RESIDENCE - PUBLIC HOUSING,,BREVOORT,"1,005,828","187,069",40.68011987,-73.9222046,"(40.680119868, -73.922204596)"
305599345,9/4/2006,18:00:00,9/6/2006,1:50:00,9/9/2006,124,KIDNAPPING & RELATED OFFENSES,193,CUSTODIAL INTERFERENCE 1,COMPLETED,FELONY,N.Y. POLICE DEPT,BROOKLYN,81,INSIDE,RESIDENCE-HOUSE,,,"1,005,823","189,662",40.68723707,-73.92221432,"(40.687237073, -73.922214321)"
456896192,12/16/2007,20:00:00,,,12/17/2007,124,KIDNAPPING & RELATED OFFENSES,183,"IMPRISONMENT 1,UNLAWFUL",COMPLETED,FELONY,N.Y. POLICE DEPT,QUEENS,108,INSIDE,RESIDENCE - APT. HOUSE,,,"1,005,803","210,544",40.7445532,-73.92221958,"(40.744553199, -73.922219582)"
713886114,3/15/2013,9:00:00,3/15/2013,14:00:00,3/16/2013,124,KIDNAPPING & RELATED OFFENSES,183,"IMPRISONMENT 1,UNLAWFUL",COMPLETED,FELONY,N.Y. POLICE DEPT,BROOKLYN,83,INSIDE,RESIDENCE - APT. HOUSE,,,"1,005,779","194,292",40.69994546,-73.92235818,"(40.699945456, -73.922358179)"
231224408,6/21/2009,8:00:00,,,10/8/2009,124,KIDNAPPING & RELATED OFFENSES,193,CUSTODIAL INTERFERENCE 1,COMPLETED,FELONY,N.Y. POLICE DEPT,BROOKLYN,81,INSIDE,RESIDENCE - APT. HOUSE,,,"1,005,782","189,929",40.68797003,-73.92236131,"(40.687970027, -73.922361305)"
648653591,7/1/2008,0:16:00,7/1/2008,0:30:00,7/9/2008,124,KIDNAPPING & RELATED OFFENSES,193,CUSTODIAL INTERFERENCE 1,COMPLETED,FELONY,N.Y. POLICE DEPT,BRONX,46,INSIDE,RESIDENCE - APT. HOUSE,,,"1,005,725","249,742",40.85214119,-73.92237572,"(40.852141187, -73.922375722)"
108752388,7/1/2008,0:15:00,7/1/2008,0:16:00,7/8/2008,124,KIDNAPPING & RELATED OFFENSES,193,CUSTODIAL INTERFERENCE 1,COMPLETED,FELONY,N.Y. POLICE DEPT,BRONX,46,INSIDE,RESIDENCE - APT. HOUSE,,,"1,005,725","249,742",40.85214119,-73.92237572,"(40.852141187, -73.922375722)"
168572219,6/1/2006,17:00:00,6/1/2006,21:00:00,6/2/2006,124,KIDNAPPING & RELATED OFFENSES,185,KIDNAPPING 2,COMPLETED,FELONY,N.Y. POLICE DEPT,BRONX,44,,STREET,,,"1,005,721","241,697",40.83006002,-73.92241594,"(40.830060023, -73.922415937)"
800969385,9/12/2014,16:30:00,9/14/2014,1:27:00,9/14/2014,124,KIDNAPPING & RELATED OFFENSES,183,"IMPRISONMENT 1,UNLAWFUL",COMPLETED,FELONY,N.Y. POLICE DEPT,BROOKLYN,77,INSIDE,RESIDENCE - APT. HOUSE,,,"1,005,770","183,590",40.67057094,-73.92242482,"(40.67057094, -73.922424816)"
697326443,5/9/2008,18:55:00,5/9/2008,18:55:00,5/9/2008,124,KIDNAPPING & RELATED OFFENSES,185,KIDNAPPING 2,COMPLETED,FELONY,N.Y. POLICE DEPT,BROOKLYN,63,FRONT OF,STREET,,,"1,005,781","162,986",40.61401737,-73.92245092,"(40.614017371, -73.922450915)"
447557462,8/1/2010,22:30:00,8/1/2010,22:35:00,8/2/2010,124,KIDNAPPING & RELATED OFFENSES,183,"IMPRISONMENT 1,UNLAWFUL",COMPLETED,FELONY,N.Y. POLICE DEPT,BROOKLYN,77,,STREET,,,"1,005,758","183,428",40.67012632,-73.92246859,"(40.670126315, -73.922468591)"
345084354,7/1/2011,1:20:00,7/1/2011,1:30:00,7/2/2011,124,KIDNAPPING & RELATED OFFENSES,183,"IMPRISONMENT 1,UNLAWFUL",COMPLETED,FELONY,N.Y. POLICE DEPT,BROOKLYN,63,,STREET,,,"1,005,769","161,456",40.60981787,-73.92249901,"(40.609817866, -73.922499012)"
960598866,2/11/2010,18:15:00,2/11/2010,19:00:00,2/11/2010,124,KIDNAPPING & RELATED OFFENSES,193,CUSTODIAL INTERFERENCE 1,COMPLETED,FELONY,N.Y. POLICE DEPT,BROOKLYN,81,INSIDE,RESIDENCE-HOUSE,,,"1,005,741","190,196",40.68870298,-73.92250829,"(40.688702979, -73.922508291)"
502778804,7/8/2011,19:00:00,7/9/2011,10:00:00,8/3/2011,124,KIDNAPPING & RELATED OFFENSES,183,"IMPRISONMENT 1,UNLAWFUL",COMPLETED,FELONY,N.Y. POLICE DEPT,BROOKLYN,83,INSIDE,RESIDENCE - APT. HOUSE,,,"1,005,738","192,496",40.69501595,-73.92251177,"(40.695015954, -73.922511772)"
126036604,3/12/2007,8:40:00,,,3/12/2007,124,KIDNAPPING & RELATED OFFENSES,183,"IMPRISONMENT 1,UNLAWFUL",COMPLETED,FELONY,N.Y. POLICE DEPT,BROOKLYN,67,,STREET,,,"1,005,750","176,312",40.65059449,-73.92252012,"(40.650594487, -73.922520118)"
459158852,3/24/2010,15:30:00,3/24/2010,17:00:00,3/24/2010,124,KIDNAPPING & RELATED OFFENSES,183,"IMPRISONMENT 1,UNLAWFUL",COMPLETED,FELONY,N.Y. HOUSING POLICE,BROOKLYN,73,INSIDE,RESIDENCE - PUBLIC HOUSING,,RALPH AVENUE REHAB,"1,005,740","182,009",40.66623152,-73.922538,"(40.666231521, -73.922538001)"
654503752,4/13/2010,21:00:00,,,4/13/2010,124,KIDNAPPING & RELATED OFFENSES,193,CUSTODIAL INTERFERENCE 1,COMPLETED,FELONY,N.Y. POLICE DEPT,BROOKLYN,81,INSIDE,RESIDENCE - APT. HOUSE,,,"1,005,715","187,869",40.68231596,-73.92260946,"(40.682315961, -73.922609456)"
575653189,8/18/2008,8:00:00,8/18/2008,10:30:00,8/19/2008,124,KIDNAPPING & RELATED OFFENSES,183,"IMPRISONMENT 1,UNLAWFUL",COMPLETED,FELONY,N.Y. POLICE DEPT,BROOKLYN,63,INSIDE,RESIDENCE-HOUSE,,,"1,005,673","169,117",40.63084594,-73.92282045,"(40.630845944, -73.922820454)"
177970954,1/4/2007,14:45:00,,,1/4/2007,124,KIDNAPPING & RELATED OFFENSES,183,"IMPRISONMENT 1,UNLAWFUL",COMPLETED,FELONY,N.Y. POLICE DEPT,BROOKLYN,67,,GYM/FITNESS FACILITY,,,"1,005,646","181,546",40.66496092,-73.92287831,"(40.664960917, -73.922878306)"
884738252,8/15/2006,7:40:00,,,8/15/2006,124,KIDNAPPING & RELATED OFFENSES,185,KIDNAPPING 2,COMPLETED,FELONY,N.Y. POLICE DEPT,BROOKLYN,73,,STREET,,,"1,005,571","181,640",40.66521911,-73.92314835,"(40.665219107, -73.92314835)"
339756194,3/14/2012,16:00:00,3/14/2012,16:05:00,3/14/2012,124,KIDNAPPING & RELATED OFFENSES,193,CUSTODIAL INTERFERENCE 1,COMPLETED,FELONY,N.Y. HOUSING POLICE,BRONX,40,INSIDE,RESIDENCE - PUBLIC HOUSING,,,"1,005,514","235,740",40.81371025,-73.92318281,"(40.813710246, -73.923182807)"
333214065,12/26/2009,5:00:00,12/26/2009,6:00:00,12/26/2009,124,KIDNAPPING & RELATED OFFENSES,183,"IMPRISONMENT 1,UNLAWFUL",COMPLETED,FELONY,N.Y. POLICE DEPT,BRONX,40,INSIDE,RESIDENCE - APT. HOUSE,,,"1,005,468","237,994",40.81989695,-73.92334186,"(40.819896954, -73.923341862)"
951183808,2/23/2007,17:45:00,2/23/2007,18:40:00,2/26/2007,124,KIDNAPPING & RELATED OFFENSES,183,"IMPRISONMENT 1,UNLAWFUL",COMPLETED,FELONY,N.Y. POLICE DEPT,BROOKLYN,77,INSIDE,RESIDENCE - APT. HOUSE,,,"1,005,507","185,647",40.67621758,-73.92336641,"(40.676217578, -73.923366407)"
678226734,3/16/2008,18:00:00,,,3/17/2008,124,KIDNAPPING & RELATED OFFENSES,193,CUSTODIAL INTERFERENCE 1,COMPLETED,FELONY,N.Y. POLICE DEPT,BROOKLYN,81,INSIDE,RESIDENCE-HOUSE,,,"1,005,475","189,473",40.68671915,-73.92346972,"(40.686719153, -73.923469723)"
525238340,3/4/2013,9:00:00,3/4/2013,10:00:00,3/4/2013,124,KIDNAPPING & RELATED OFFENSES,183,"IMPRISONMENT 1,UNLAWFUL",COMPLETED,FELONY,N.Y. POLICE DEPT,BRONX,40,FRONT OF,PARKING LOT/GARAGE (PUBLIC),,,"1,005,432","233,240",40.80684864,-73.92348693,"(40.806848639, -73.92348693)"
770523212,3/16/2006,22:15:00,3/16/2006,22:15:00,3/17/2006,124,KIDNAPPING & RELATED OFFENSES,185,KIDNAPPING 2,ATTEMPTED,FELONY,N.Y. POLICE DEPT,BROOKLYN,81,,STREET,,,"1,005,454","189,606",40.68708426,-73.92354502,"(40.687084258, -73.923545024)"
220763482,5/25/2010,7:25:00,5/25/2010,7:25:00,5/25/2010,124,KIDNAPPING & RELATED OFFENSES,193,CUSTODIAL INTERFERENCE 1,COMPLETED,FELONY,N.Y. POLICE DEPT,BROOKLYN,77,FRONT OF,RESIDENCE - APT. HOUSE,,,"1,005,418","184,431",40.67288015,-73.92369109,"(40.672880145, -73.923691086)"
526643136,7/22/2009,10:00:00,8/3/2009,12:00:00,8/4/2009,124,KIDNAPPING & RELATED OFFENSES,193,CUSTODIAL INTERFERENCE 1,COMPLETED,FELONY,N.Y. POLICE DEPT,BROOKLYN,77,INSIDE,RESIDENCE - APT. HOUSE,,,"1,005,418","184,431",40.67288015,-73.92369109,"(40.672880145, -73.923691086)"
592252212,11/22/2011,8:40:00,11/22/2011,8:50:00,11/22/2011,124,KIDNAPPING & RELATED OFFENSES,185,KIDNAPPING 2,ATTEMPTED,FELONY,N.Y. POLICE DEPT,BROOKLYN,81,,STREET,,,"1,005,413","189,874",40.68781995,-73.92369202,"(40.687819954, -73.923692018)"
916576991,9/1/2009,0:01:00,,,9/14/2009,124,KIDNAPPING & RELATED OFFENSES,183,"IMPRISONMENT 1,UNLAWFUL",COMPLETED,FELONY,N.Y. POLICE DEPT,BROOKLYN,77,INSIDE,RESIDENCE - APT. HOUSE,,,"1,005,415","182,443",40.66742354,-73.92370814,"(40.667423537, -73.923708142)"
473791926,4/20/2007,17:00:00,4/21/2007,8:15:00,4/21/2007,124,KIDNAPPING & RELATED OFFENSES,183,"IMPRISONMENT 1,UNLAWFUL",COMPLETED,FELONY,N.Y. POLICE DEPT,BRONX,46,INSIDE,RESIDENCE - APT. HOUSE,,,"1,005,357","247,708",40.84655935,-73.92371234,"(40.846559347, -73.923712335)"
318064458,7/3/2006,12:30:00,,,8/25/2006,124,KIDNAPPING & RELATED OFFENSES,193,CUSTODIAL INTERFERENCE 1,COMPLETED,FELONY,N.Y. POLICE DEPT,BRONX,46,INSIDE,RESIDENCE - APT. HOUSE,,,"1,005,357","247,708",40.84655935,-73.92371234,"(40.846559347, -73.923712335)"
364404583,6/24/2012,16:50:00,6/24/2012,17:10:00,6/24/2012,124,KIDNAPPING & RELATED OFFENSES,193,CUSTODIAL INTERFERENCE 1,COMPLETED,FELONY,N.Y. HOUSING POLICE,BRONX,40,INSIDE,RESIDENCE - PUBLIC HOUSING,,PATTERSON,"1,005,332","236,454",40.81567041,-73.92383806,"(40.815670412, -73.92383806)"
596248931,9/30/2011,20:00:00,10/12/2011,23:00:00,10/13/2011,124,KIDNAPPING & RELATED OFFENSES,185,KIDNAPPING 2,COMPLETED,FELONY,N.Y. HOUSING POLICE,BRONX,40,FRONT OF,RESIDENCE - PUBLIC HOUSING,,PATTERSON,"1,005,332","236,454",40.81567041,-73.92383806,"(40.815670412, -73.92383806)"
311903784,8/7/2007,9:00:00,8/9/2007,8:00:00,8/9/2007,124,KIDNAPPING & RELATED OFFENSES,193,CUSTODIAL INTERFERENCE 1,COMPLETED,FELONY,N.Y. POLICE DEPT,BROOKLYN,77,INSIDE,RESIDENCE - APT. HOUSE,,,"1,005,372","183,781",40.67109615,-73.92385895,"(40.671096151, -73.923858951)"
530383227,10/8/2008,15:35:00,10/8/2008,15:50:00,10/9/2008,124,KIDNAPPING & RELATED OFFENSES,183,"IMPRISONMENT 1,UNLAWFUL",COMPLETED,FELONY,N.Y. POLICE DEPT,MANHATTAN,34,OPPOSITE OF,STREET,,DYCKMAN,"1,005,283","253,262",40.8618036,-73.92396238,"(40.861803596, -73.923962376)"
738437244,6/2/2010,17:30:00,,,6/2/2010,124,KIDNAPPING & RELATED OFFENSES,187,KIDNAPPING 1,COMPLETED,FELONY,N.Y. POLICE DEPT,BROOKLYN,81,,STREET,,,"1,005,332","190,407",40.68928311,-73.92398242,"(40.68928311, -73.923982419)"
442617581,7/10/2012,21:00:00,7/10/2012,21:30:00,7/10/2012,124,KIDNAPPING & RELATED OFFENSES,185,KIDNAPPING 2,ATTEMPTED,FELONY,N.Y. POLICE DEPT,QUEENS,114,,PARK/PLAYGROUND,,,"1,005,305","221,499",40.77462306,-73.92398249,"(40.774623062, -73.923982489)"
411245018,9/17/2008,16:00:00,9/18/2008,10:00:00,9/18/2008,124,KIDNAPPING & RELATED OFFENSES,193,CUSTODIAL INTERFERENCE 1,COMPLETED,FELONY,N.Y. POLICE DEPT,QUEENS,108,INSIDE,RESIDENCE - APT. HOUSE,,,"1,005,309","208,140",40.73795601,-73.92400989,"(40.737956009, -73.924009887)"
898396575,3/3/2012,8:30:00,,,3/3/2012,124,KIDNAPPING & RELATED OFFENSES,193,CUSTODIAL INTERFERENCE 1,COMPLETED,FELONY,N.Y. POLICE DEPT,BROOKLYN,81,INSIDE,OTHER,,,"1,005,312","190,540",40.68964821,-73.92405412,"(40.689648211, -73.924054122)"
930965207,8/2/2008,9:00:00,8/3/2008,8:20:00,8/3/2008,124,KIDNAPPING & RELATED OFFENSES,193,CUSTODIAL INTERFERENCE 1,COMPLETED,FELONY,N.Y. POLICE DEPT,BROOKLYN,77,INSIDE,RESIDENCE - APT. HOUSE,,,"1,005,300","182,814",40.66844212,-73.92412152,"(40.668442123, -73.924121524)"
378252038,2/9/2016,22:38:00,2/9/2016,22:41:00,2/10/2016,124,KIDNAPPING & RELATED OFFENSES,185,KIDNAPPING 2,COMPLETED,FELONY,N.Y. POLICE DEPT,BROOKLYN,63,FRONT OF,STREET,,,"1,005,312","168,687",40.62966655,-73.92412238,"(40.629666551, -73.924122376)"
616909450,8/24/2012,3:29:00,8/24/2012,5:29:00,8/24/2012,124,KIDNAPPING & RELATED OFFENSES,183,"IMPRISONMENT 1,UNLAWFUL",COMPLETED,FELONY,N.Y. HOUSING POLICE,MANHATTAN,34,INSIDE,RESIDENCE - PUBLIC HOUSING,,DYCKMAN,"1,005,223","253,263",40.86180648,-73.92417929,"(40.861806484, -73.924179286)"
735064286,12/15/2007,6:00:00,,,12/15/2007,124,KIDNAPPING & RELATED OFFENSES,187,KIDNAPPING 1,ATTEMPTED,FELONY,N.Y. POLICE DEPT,BRONX,40,,STREET,,,"1,005,215","236,231",40.81505862,-73.92426145,"(40.815058618, -73.924261445)"
328745537,7/28/2013,2:30:00,7/28/2013,8:45:00,7/28/2013,124,KIDNAPPING & RELATED OFFENSES,183,"IMPRISONMENT 1,UNLAWFUL",COMPLETED,FELONY,N.Y. POLICE DEPT,BROOKLYN,81,INSIDE,RESIDENCE - APT. HOUSE,,,"1,005,253","185,986",40.67714866,-73.92428106,"(40.677148662, -73.924281063)"
554969875,9/27/2011,17:00:00,10/18/2011,11:40:00,10/18/2011,124,KIDNAPPING & RELATED OFFENSES,193,CUSTODIAL INTERFERENCE 1,COMPLETED,FELONY,N.Y. POLICE DEPT,BROOKLYN,63,INSIDE,RESIDENCE - APT. HOUSE,,,"1,005,251","166,130",40.62264827,-73.92435009,"(40.622648269, -73.924350093)"
263435591,2/2/2012,7:55:00,2/2/2012,8:30:00,2/3/2012,124,KIDNAPPING & RELATED OFFENSES,187,KIDNAPPING 1,ATTEMPTED,FELONY,N.Y. POLICE DEPT,BROOKLYN,63,FRONT OF,PARK/PLAYGROUND,,,"1,005,244","169,511",40.63192842,-73.92436479,"(40.631928417, -73.924364793)"
143594757,6/27/2016,7:00:00,,,6/29/2016,124,KIDNAPPING & RELATED OFFENSES,183,"IMPRISONMENT 1,UNLAWFUL",COMPLETED,FELONY,N.Y. POLICE DEPT,BRONX,44,INSIDE,RESIDENCE - APT. HOUSE,,,"1,005,151","240,420",40.82655639,-73.92447961,"(40.82655639, -73.924479611)"
445661899,10/25/2006,6:00:00,,,10/26/2006,124,KIDNAPPING & RELATED OFFENSES,193,CUSTODIAL INTERFERENCE 1,COMPLETED,FELONY,N.Y. POLICE DEPT,BRONX,44,INSIDE,RESIDENCE - APT. HOUSE,,,"1,005,142","246,043",40.84198992,-73.92449462,"(40.841989922, -73.924494618)"
896000170,6/8/2013,17:00:00,,,6/8/2013,124,KIDNAPPING & RELATED OFFENSES,193,CUSTODIAL INTERFERENCE 1,COMPLETED,FELONY,N.Y. POLICE DEPT,BRONX,44,FRONT OF,STREET,,,"1,005,064","243,644",40.83540555,-73.92478397,"(40.835405549, -73.924783966)"
810598683,1/14/2010,19:00:00,1/22/2010,14:00:00,1/22/2010,124,KIDNAPPING & RELATED OFFENSES,183,"IMPRISONMENT 1,UNLAWFUL",COMPLETED,FELONY,N.Y. POLICE DEPT,BRONX,44,INSIDE,RESIDENCE - APT. HOUSE,,,"1,005,064","243,644",40.83540555,-73.92478397,"(40.835405549, -73.924783966)"
268077330,1/2/2007,20:56:00,,,1/2/2007,124,KIDNAPPING & RELATED OFFENSES,183,"IMPRISONMENT 1,UNLAWFUL",COMPLETED,FELONY,N.Y. POLICE DEPT,BRONX,44,INSIDE,RESIDENCE - APT. HOUSE,,,"1,005,000","238,878",40.8223244,-73.92502999,"(40.822324395, -73.925029988)"
445636093,1/2/2007,20:56:00,,,1/2/2007,124,KIDNAPPING & RELATED OFFENSES,183,"IMPRISONMENT 1,UNLAWFUL",COMPLETED,FELONY,N.Y. POLICE DEPT,BRONX,44,INSIDE,RESIDENCE - APT. HOUSE,,,"1,005,000","238,878",40.8223244,-73.92502999,"(40.822324395, -73.925029988)"
378837056,1/11/2015,23:00:00,,,1/12/2015,124,KIDNAPPING & RELATED OFFENSES,193,CUSTODIAL INTERFERENCE 1,COMPLETED,FELONY,N.Y. HOUSING POLICE,BRONX,40,INSIDE,RESIDENCE - PUBLIC HOUSING,,PATTERSON,"1,004,992","235,833",40.81396675,-73.92506831,"(40.813966746, -73.925068305)"
242126030,8/31/2013,17:00:00,9/12/2013,1:15:00,9/12/2013,124,KIDNAPPING & RELATED OFFENSES,193,CUSTODIAL INTERFERENCE 1,COMPLETED,FELONY,N.Y. POLICE DEPT,BROOKLYN,81,FRONT OF,STREET,,,"1,005,000","189,538",40.68689869,-73.92518225,"(40.686898689, -73.925182245)"
700056636,4/1/2010,1:00:00,4/1/2010,1:10:00,4/1/2010,124,KIDNAPPING & RELATED OFFENSES,183,"IMPRISONMENT 1,UNLAWFUL",COMPLETED,FELONY,N.Y. HOUSING POLICE,BRONX,40,INSIDE,RESIDENCE - PUBLIC HOUSING,,,"1,004,960","234,094",40.80919375,-73.92518927,"(40.809193751, -73.925189274)"
694585636,5/16/2008,0:10:00,5/16/2008,0:31:00,5/16/2008,124,KIDNAPPING & RELATED OFFENSES,183,"IMPRISONMENT 1,UNLAWFUL",COMPLETED,FELONY,N.Y. HOUSING POLICE,BRONX,40,INSIDE,RESIDENCE - PUBLIC HOUSING,,,"1,004,960","234,094",40.80919375,-73.92518927,"(40.809193751, -73.925189274)"
548956931,7/2/2006,19:00:00,7/3/2006,13:00:00,7/3/2006,124,KIDNAPPING & RELATED OFFENSES,193,CUSTODIAL INTERFERENCE 1,COMPLETED,FELONY,N.Y. HOUSING POLICE,BRONX,40,INSIDE,RESIDENCE - PUBLIC HOUSING,,,"1,004,960","234,094",40.80919375,-73.92518927,"(40.809193751, -73.925189274)"
844436531,6/10/2008,7:15:00,6/10/2008,7:55:00,6/10/2008,124,KIDNAPPING & RELATED OFFENSES,193,CUSTODIAL INTERFERENCE 1,COMPLETED,FELONY,N.Y. POLICE DEPT,BROOKLYN,63,FRONT OF,RESIDENCE-HOUSE,,,"1,004,979","160,287",40.60661108,-73.92534785,"(40.606611084, -73.925347848)"
795683195,4/21/2008,15:00:00,,,5/21/2008,124,KIDNAPPING & RELATED OFFENSES,193,CUSTODIAL INTERFERENCE 1,COMPLETED,FELONY,N.Y. POLICE DEPT,BROOKLYN,81,INSIDE,RESIDENCE - APT. HOUSE,,,"1,004,951","187,617",40.6816261,-73.92536483,"(40.681626098, -73.925364828)"
811981398,6/9/2008,7:50:00,6/9/2008,14:40:00,6/9/2008,124,KIDNAPPING & RELATED OFFENSES,183,"IMPRISONMENT 1,UNLAWFUL",COMPLETED,FELONY,N.Y. POLICE DEPT,BROOKLYN,67,INSIDE,RESIDENCE - APT. HOUSE,,,"1,004,905","179,376",40.65900651,-73.92555593,"(40.659006507, -73.925555929)"
582419895,10/9/2012,18:45:00,,,10/15/2012,124,KIDNAPPING & RELATED OFFENSES,193,CUSTODIAL INTERFERENCE 1,COMPLETED,FELONY,N.Y. POLICE DEPT,BROOKLYN,81,INSIDE,RESIDENCE - APT. HOUSE,,,"1,004,879","190,339",40.68909753,-73.92561609,"(40.689097532, -73.925616087)"
915492900,5/5/2010,22:30:00,,,5/6/2010,124,KIDNAPPING & RELATED OFFENSES,187,KIDNAPPING 1,COMPLETED,FELONY,N.Y. POLICE DEPT,BROOKLYN,81,INSIDE,RESIDENCE-HOUSE,,,"1,004,879","190,339",40.68909753,-73.92561609,"(40.689097532, -73.925616087)"
275720162,12/15/2007,14:00:00,,,12/15/2007,124,KIDNAPPING & RELATED OFFENSES,185,KIDNAPPING 2,COMPLETED,FELONY,N.Y. POLICE DEPT,BRONX,44,INSIDE,RESIDENCE - APT. HOUSE,,,"1,004,830","246,311",40.84272624,-73.92562141,"(40.842726236, -73.92562141)"
731984113,6/18/2007,10:30:00,6/18/2007,12:00:00,6/18/2007,124,KIDNAPPING & RELATED OFFENSES,183,"IMPRISONMENT 1,UNLAWFUL",COMPLETED,FELONY,N.Y. POLICE DEPT,BRONX,44,INSIDE,RESIDENCE - APT. HOUSE,,,"1,004,830","246,311",40.84272624,-73.92562141,"(40.842726236, -73.92562141)"
198538810,9/10/2013,14:05:00,9/10/2013,14:25:00,9/12/2013,124,KIDNAPPING & RELATED OFFENSES,185,KIDNAPPING 2,ATTEMPTED,FELONY,N.Y. POLICE DEPT,BROOKLYN,63,INSIDE,PUBLIC SCHOOL,,,"1,004,887","165,697",40.62146063,-73.92566264,"(40.62146063, -73.925662643)"
478870115,10/1/2009,2:30:00,10/1/2009,2:35:00,10/1/2009,124,KIDNAPPING & RELATED OFFENSES,183,"IMPRISONMENT 1,UNLAWFUL",COMPLETED,FELONY,N.Y. POLICE DEPT,BRONX,44,INSIDE,RESIDENCE - APT. HOUSE,,,"1,004,809","243,208",40.83420945,-73.92570682,"(40.834209452, -73.925706819)"
138795171,9/7/2005,16:00:00,6/20/2006,20:00:00,6/20/2006,124,KIDNAPPING & RELATED OFFENSES,193,CUSTODIAL INTERFERENCE 1,COMPLETED,FELONY,N.Y. POLICE DEPT,QUEENS,108,INSIDE,RESIDENCE - APT. HOUSE,,,"1,004,820","209,247",40.7409956,-73.92577106,"(40.740995599, -73.925771061)"
728151687,3/16/2014,22:00:00,,,3/23/2014,124,KIDNAPPING & RELATED OFFENSES,183,"IMPRISONMENT 1,UNLAWFUL",COMPLETED,FELONY,N.Y. HOUSING POLICE,BROOKLYN,77,INSIDE,RESIDENCE - PUBLIC HOUSING,,,"1,004,838","185,411",40.67557139,-73.92577898,"(40.675571392, -73.925778983)"
245200046,9/23/2009,5:00:00,9/23/2009,9:30:00,9/23/2009,124,KIDNAPPING & RELATED OFFENSES,183,"IMPRISONMENT 1,UNLAWFUL",COMPLETED,FELONY,N.Y. POLICE DEPT,BRONX,44,INSIDE,RESIDENCE - APT. HOUSE,,,"1,004,756","242,415",40.83203302,-73.92590077,"(40.83203302, -73.92590077)"
110066767,7/20/2006,9:45:00,7/20/2006,9:50:00,7/20/2006,124,KIDNAPPING & RELATED OFFENSES,183,"IMPRISONMENT 1,UNLAWFUL",COMPLETED,FELONY,N.Y. POLICE DEPT,BROOKLYN,67,INSIDE,RESIDENCE - APT. HOUSE,,,"1,004,796","180,307",40.66156215,-73.92594596,"(40.66156215, -73.925945955)"
114683409,5/8/2010,23:00:00,5/9/2010,2:00:00,5/12/2010,124,KIDNAPPING & RELATED OFFENSES,183,"IMPRISONMENT 1,UNLAWFUL",COMPLETED,FELONY,N.Y. POLICE DEPT,BRONX,44,INSIDE,RESIDENCE - APT. HOUSE,,,"1,004,733","245,676",40.84098357,-73.92597393,"(40.840983572, -73.925973925)"
609854103,1/3/2011,13:00:00,1/3/2011,22:22:00,1/4/2011,124,KIDNAPPING & RELATED OFFENSES,185,KIDNAPPING 2,COMPLETED,FELONY,N.Y. POLICE DEPT,MANHATTAN,34,,STREET,,,"1,004,715","253,909",40.86358075,-73.92601385,"(40.863580751, -73.926013848)"
267307665,9/21/2011,18:50:00,9/21/2011,19:00:00,9/21/2011,124,KIDNAPPING & RELATED OFFENSES,187,KIDNAPPING 1,COMPLETED,FELONY,N.Y. POLICE DEPT,BROOKLYN,63,INSIDE,RESIDENCE - APT. HOUSE,,,"1,004,753","167,326",40.6259322,-73.92614039,"(40.625932204, -73.926140392)"
255948849,8/19/2012,10:40:00,8/19/2012,10:45:00,8/19/2012,124,KIDNAPPING & RELATED OFFENSES,183,"IMPRISONMENT 1,UNLAWFUL",COMPLETED,FELONY,N.Y. POLICE DEPT,MANHATTAN,34,INSIDE,RESIDENCE - APT. HOUSE,,,"1,004,637","253,426",40.86225524,-73.92629731,"(40.862255242, -73.926297313)"
548192274,9/27/2012,7:30:00,9/27/2012,16:30:00,9/27/2012,124,KIDNAPPING & RELATED OFFENSES,193,CUSTODIAL INTERFERENCE 1,COMPLETED,FELONY,N.Y. POLICE DEPT,BROOKLYN,67,INSIDE,RESIDENCE-HOUSE,,,"1,004,663","176,597",40.65137932,-73.92643657,"(40.651379322, -73.926436566)"
608277316,1/11/2013,10:00:00,,,1/11/2013,124,KIDNAPPING & RELATED OFFENSES,183,"IMPRISONMENT 1,UNLAWFUL",COMPLETED,FELONY,N.Y. POLICE DEPT,BROOKLYN,83,REAR OF,RESIDENCE - APT. HOUSE,,,"1,004,618","193,904",40.69888324,-73.92654644,"(40.698883235, -73.926546439)"
872892162,7/28/2013,18:00:00,7/28/2013,18:10:00,7/28/2013,124,KIDNAPPING & RELATED OFFENSES,183,"IMPRISONMENT 1,UNLAWFUL",COMPLETED,FELONY,N.Y. POLICE DEPT,BROOKLYN,63,INSIDE,RESIDENCE-HOUSE,,,"1,004,636","170,318",40.63414488,-73.92655284,"(40.634144881, -73.926552841)"
244931009,8/1/2015,4:00:00,8/1/2015,4:42:00,8/1/2015,124,KIDNAPPING & RELATED OFFENSES,183,"IMPRISONMENT 1,UNLAWFUL",COMPLETED,FELONY,N.Y. POLICE DEPT,BROOKLYN,77,FRONT OF,STREET,,,"1,004,603","184,162",40.67214371,-73.92662996,"(40.672143711, -73.926629961)"
134836180,4/3/2015,17:00:00,,,4/4/2015,124,KIDNAPPING & RELATED OFFENSES,193,CUSTODIAL INTERFERENCE 1,COMPLETED,FELONY,N.Y. POLICE DEPT,BROOKLYN,77,FRONT OF,RESIDENCE - APT. HOUSE,,,"1,004,603","184,162",40.67214371,-73.92662996,"(40.672143711, -73.926629961)"
569191054,12/20/2009,22:00:00,1/6/2010,19:00:00,1/11/2010,124,KIDNAPPING & RELATED OFFENSES,183,"IMPRISONMENT 1,UNLAWFUL",COMPLETED,FELONY,N.Y. POLICE DEPT,BROOKLYN,77,INSIDE,RESIDENCE - APT. HOUSE,,,"1,004,580","183,838",40.67125446,-73.92671385,"(40.671254457, -73.926713851)"
679590158,8/29/2013,14:00:00,8/31/2013,15:00:00,8/31/2013,124,KIDNAPPING & RELATED OFFENSES,193,CUSTODIAL INTERFERENCE 1,COMPLETED,FELONY,N.Y. POLICE DEPT,QUEENS,114,INSIDE,RESIDENCE - APT. HOUSE,,,"1,004,523","219,400",40.76886368,-73.92681223,"(40.768863684, -73.926812225)"
254036539,5/23/2013,12:30:00,5/23/2013,13:30:00,5/23/2013,124,KIDNAPPING & RELATED OFFENSES,183,"IMPRISONMENT 1,UNLAWFUL",COMPLETED,FELONY,N.Y. POLICE DEPT,BROOKLYN,67,INSIDE,RESIDENCE - APT. HOUSE,,,"1,004,559","176,214",40.65032831,-73.92681252,"(40.65032831, -73.926812516)"
657542535,3/8/2007,0:30:00,3/8/2007,7:00:00,3/8/2007,124,KIDNAPPING & RELATED OFFENSES,183,"IMPRISONMENT 1,UNLAWFUL",COMPLETED,FELONY,N.Y. POLICE DEPT,BROOKLYN,67,INSIDE,RESIDENCE - APT. HOUSE,,,"1,004,533","181,670",40.66530389,-73.9268898,"(40.665303889, -73.926889804)"
878871509,2/17/2006,11:00:00,,,2/17/2006,124,KIDNAPPING & RELATED OFFENSES,187,KIDNAPPING 1,COMPLETED,FELONY,N.Y. POLICE DEPT,BROOKLYN,67,INSIDE,RESIDENCE-HOUSE,,,"1,004,533","181,670",40.66530389,-73.9268898,"(40.665303889, -73.926889804)"
841947417,3/12/2007,12:30:00,3/15/2007,1:30:00,3/15/2007,124,KIDNAPPING & RELATED OFFENSES,193,CUSTODIAL INTERFERENCE 1,COMPLETED,FELONY,N.Y. POLICE DEPT,BROOKLYN,67,INSIDE,RESIDENCE - APT. HOUSE,,,"1,004,500","180,655",40.66251802,-73.9270118,"(40.662518015, -73.927011804)"
377909403,1/27/2008,0:15:00,1/27/2008,0:25:00,1/27/2008,124,KIDNAPPING & RELATED OFFENSES,183,"IMPRISONMENT 1,UNLAWFUL",COMPLETED,FELONY,N.Y. POLICE DEPT,BROOKLYN,83,INSIDE,RESIDENCE - APT. HOUSE,,,"1,004,475","193,686",40.6982852,-73.92706281,"(40.698285204, -73.927062807)"
992356368,4/5/2010,5:50:00,4/5/2010,5:51:00,4/5/2010,124,KIDNAPPING & RELATED OFFENSES,183,"IMPRISONMENT 1,UNLAWFUL",COMPLETED,FELONY,N.Y. POLICE DEPT,MANHATTAN,34,INSIDE,RESIDENCE - APT. HOUSE,,,"1,004,419","251,119",40.85592372,-73.92709238,"(40.855923722, -73.927092379)"
170475335,4/27/2007,23:06:00,,,4/28/2007,124,KIDNAPPING & RELATED OFFENSES,187,KIDNAPPING 1,COMPLETED,FELONY,N.Y. POLICE DEPT,MANHATTAN,34,FRONT OF,STREET,,,"1,004,405","253,314",40.86194837,-73.92713639,"(40.861948368, -73.927136388)"
108495774,10/29/2008,10:00:00,10/29/2008,20:00:00,10/29/2008,124,KIDNAPPING & RELATED OFFENSES,193,CUSTODIAL INTERFERENCE 1,COMPLETED,FELONY,N.Y. POLICE DEPT,BRONX,44,INSIDE,RESIDENCE - APT. HOUSE,,,"1,004,396","239,361",40.82365149,-73.92721084,"(40.823651491, -73.927210839)"
200765995,1/16/2008,15:30:00,1/16/2008,20:00:00,1/16/2008,124,KIDNAPPING & RELATED OFFENSES,183,"IMPRISONMENT 1,UNLAWFUL",COMPLETED,FELONY,N.Y. POLICE DEPT,BRONX,44,INSIDE,RESIDENCE - APT. HOUSE,,,"1,004,396","239,361",40.82365149,-73.92721084,"(40.823651491, -73.927210839)"
844188104,3/5/2013,7:00:00,3/5/2013,18:00:00,3/5/2013,124,KIDNAPPING & RELATED OFFENSES,183,"IMPRISONMENT 1,UNLAWFUL",COMPLETED,FELONY,N.Y. POLICE DEPT,BROOKLYN,81,INSIDE,RESIDENCE - APT. HOUSE,,,"1,004,426","187,539",40.68141322,-73.92725793,"(40.681413218, -73.927257927)"
751447487,5/10/2016,21:40:00,5/10/2016,21:42:00,5/12/2016,124,KIDNAPPING & RELATED OFFENSES,187,KIDNAPPING 1,ATTEMPTED,FELONY,N.Y. POLICE DEPT,BRONX,44,,STREET,,,"1,004,379","241,883",40.8305737,-73.9272647,"(40.830573699, -73.927264697)"
198716793,7/20/2007,0:01:00,9/6/2007,0:01:00,9/6/2007,124,KIDNAPPING & RELATED OFFENSES,193,CUSTODIAL INTERFERENCE 1,COMPLETED,FELONY,N.Y. POLICE DEPT,QUEENS,114,FRONT OF,RESIDENCE - APT. HOUSE,,,"1,004,377","217,826",40.7645438,-73.92734402,"(40.764543796, -73.927344024)"
332261192,2/20/2011,6:50:00,2/20/2011,6:55:00,2/20/2011,124,KIDNAPPING & RELATED OFFENSES,183,"IMPRISONMENT 1,UNLAWFUL",COMPLETED,FELONY,N.Y. POLICE DEPT,MANHATTAN,34,INSIDE,RESIDENCE - APT. HOUSE,,,"1,004,288","251,339",40.85652785,-73.92756527,"(40.856527854, -73.927565274)"
149772754,10/2/2008,14:00:00,10/3/2008,1:00:00,10/3/2008,124,KIDNAPPING & RELATED OFFENSES,183,"IMPRISONMENT 1,UNLAWFUL",COMPLETED,FELONY,N.Y. POLICE DEPT,QUEENS,114,INSIDE,RESIDENCE - APT. HOUSE,,,"1,004,313","213,422",40.75245609,-73.9275882,"(40.752456089, -73.927588203)"
497863452,10/13/2007,14:30:00,,,10/13/2007,124,KIDNAPPING & RELATED OFFENSES,185,KIDNAPPING 2,COMPLETED,FELONY,N.Y. POLICE DEPT,BRONX,40,INSIDE,GROCERY/BODEGA,,,"1,004,293","234,706",40.81087506,-73.9275969,"(40.810875059, -73.927596896)"
905058474,5/9/2010,15:30:00,5/9/2010,16:00:00,5/9/2010,124,KIDNAPPING & RELATED OFFENSES,193,CUSTODIAL INTERFERENCE 1,COMPLETED,FELONY,N.Y. POLICE DEPT,BROOKLYN,81,INSIDE,RESIDENCE - APT. HOUSE,,,"1,004,322","190,938",40.69074293,-73.92762277,"(40.69074293, -73.927622769)"
212056985,3/25/2006,18:00:00,,,3/29/2006,124,KIDNAPPING & RELATED OFFENSES,185,KIDNAPPING 2,ATTEMPTED,FELONY,N.Y. POLICE DEPT,MANHATTAN,34,FRONT OF,RESTAURANT/DINER,,,"1,004,258","254,745",40.86587636,-73.92766356,"(40.865876364, -73.927663555)"
829139091,8/26/2007,20:10:00,,,8/27/2007,124,KIDNAPPING & RELATED OFFENSES,185,KIDNAPPING 2,COMPLETED,FELONY,N.Y. POLICE DEPT,MANHATTAN,34,,STREET,,,"1,004,253","249,870",40.85249597,-73.92769618,"(40.852495966, -73.92769618)"
572193525,8/31/2007,23:20:00,8/31/2007,23:45:00,9/1/2007,124,KIDNAPPING & RELATED OFFENSES,183,"IMPRISONMENT 1,UNLAWFUL",COMPLETED,FELONY,N.Y. POLICE DEPT,MANHATTAN,34,,STREET,,,"1,004,228","250,777",40.85498547,-73.92778385,"(40.854985468, -73.927783845)"
506280507,7/11/2015,4:15:00,,,7/11/2015,124,KIDNAPPING & RELATED OFFENSES,193,CUSTODIAL INTERFERENCE 1,COMPLETED,FELONY,N.Y. POLICE DEPT,BROOKLYN,81,INSIDE,RESIDENCE - APT. HOUSE,,,"1,004,221","188,874",40.68507795,-73.92799309,"(40.685077953, -73.927993087)"
968950343,3/15/2009,10:20:00,3/15/2009,11:48:00,3/15/2009,124,KIDNAPPING & RELATED OFFENSES,183,"IMPRISONMENT 1,UNLAWFUL",COMPLETED,FELONY,N.Y. POLICE DEPT,BROOKLYN,81,FRONT OF,STREET,,,"1,004,221","188,874",40.68507795,-73.92799309,"(40.685077953, -73.927993087)"
316699306,11/9/2011,17:00:00,11/9/2011,17:15:00,11/9/2011,124,KIDNAPPING & RELATED OFFENSES,183,"IMPRISONMENT 1,UNLAWFUL",COMPLETED,FELONY,N.Y. POLICE DEPT,MANHATTAN,34,INSIDE,RESIDENCE - APT. HOUSE,,,"1,004,163","251,109",40.85589686,-73.92801783,"(40.855896856, -73.928017825)"
977426917,4/19/2010,13:30:00,4/20/2010,7:00:00,4/24/2010,124,KIDNAPPING & RELATED OFFENSES,183,"IMPRISONMENT 1,UNLAWFUL",COMPLETED,FELONY,N.Y. POLICE DEPT,BRONX,44,INSIDE,RESIDENCE - APT. HOUSE,,,"1,004,081","241,884",40.83057712,-73.92834153,"(40.830577118, -73.928341525)"
602536572,11/18/2011,12:00:00,11/18/2011,12:05:00,11/18/2011,124,KIDNAPPING & RELATED OFFENSES,185,KIDNAPPING 2,COMPLETED,FELONY,N.Y. POLICE DEPT,BROOKLYN,77,,PARK/PLAYGROUND,,,"1,004,127","182,891",40.66865618,-73.92834966,"(40.668656183, -73.928349662)"
511610737,6/21/2012,15:00:00,6/21/2012,15:27:00,6/21/2012,124,KIDNAPPING & RELATED OFFENSES,183,"IMPRISONMENT 1,UNLAWFUL",COMPLETED,FELONY,N.Y. POLICE DEPT,BROOKLYN,81,INSIDE,RESIDENCE-HOUSE,,,"1,004,100","189,675",40.68727679,-73.92842701,"(40.687276786, -73.92842701)"
187240230,5/20/2006,1:45:00,5/20/2006,2:15:00,5/20/2006,124,KIDNAPPING & RELATED OFFENSES,187,KIDNAPPING 1,COMPLETED,FELONY,N.Y. POLICE DEPT,BROOKLYN,81,,STREET,,,"1,004,038","191,851",40.69324954,-73.92864418,"(40.693249543, -73.928644176)"
879179557,10/11/2008,6:00:00,10/11/2008,7:20:00,10/11/2008,124,KIDNAPPING & RELATED OFFENSES,183,"IMPRISONMENT 1,UNLAWFUL",COMPLETED,FELONY,N.Y. POLICE DEPT,BROOKLYN,63,INSIDE,RESIDENCE-HOUSE,,,"1,004,046","164,315",40.61766925,-73.92869615,"(40.617669247, -73.928696152)"
282354814,12/19/2014,7:55:00,12/19/2014,8:14:00,12/19/2014,124,KIDNAPPING & RELATED OFFENSES,185,KIDNAPPING 2,ATTEMPTED,FELONY,N.Y. TRANSIT POLICE,BROOKLYN,81,,TRANSIT - NYC SUBWAY,,,"1,003,927","186,763",40.6792844,-73.92905931,"(40.679284397, -73.92905931)"
516334092,6/25/2008,8:20:00,,,6/25/2008,124,KIDNAPPING & RELATED OFFENSES,193,CUSTODIAL INTERFERENCE 1,COMPLETED,FELONY,N.Y. POLICE DEPT,BROOKLYN,77,INSIDE,STREET,,,"1,003,882","184,867",40.67408041,-73.92922707,"(40.674080406, -73.929227073)"
746508443,3/29/2012,19:00:00,3/30/2012,20:00:00,4/2/2012,124,KIDNAPPING & RELATED OFFENSES,193,CUSTODIAL INTERFERENCE 1,COMPLETED,FELONY,N.Y. POLICE DEPT,BROOKLYN,81,INSIDE,RESIDENCE-HOUSE,,,"1,003,856","191,276",40.69167171,-73.92930216,"(40.691671707, -73.929302157)"
647678216,1/18/2008,13:00:00,1/23/2008,7:00:00,1/23/2008,124,KIDNAPPING & RELATED OFFENSES,187,KIDNAPPING 1,COMPLETED,FELONY,N.Y. POLICE DEPT,BROOKLYN,81,FRONT OF,STREET,,,"1,003,856","191,276",40.69167171,-73.92930216,"(40.691671707, -73.929302157)"
112446473,7/24/2015,0:30:00,,,7/24/2015,124,KIDNAPPING & RELATED OFFENSES,183,"IMPRISONMENT 1,UNLAWFUL",COMPLETED,FELONY,N.Y. POLICE DEPT,MANHATTAN,34,INSIDE,RESIDENCE - APT. HOUSE,,,"1,003,784","250,427",40.85402582,-73.92938986,"(40.854025815, -73.929389861)"
742117826,8/13/2011,13:56:00,8/13/2011,14:00:00,8/14/2011,124,KIDNAPPING & RELATED OFFENSES,193,CUSTODIAL INTERFERENCE 1,COMPLETED,FELONY,N.Y. POLICE DEPT,BROOKLYN,81,INSIDE,RESIDENCE - APT. HOUSE,,,"1,003,816","191,543",40.69240465,-73.92944562,"(40.692404648, -73.929445622)"
603110644,11/2/2011,11:52:00,11/2/2011,12:39:00,11/2/2011,124,KIDNAPPING & RELATED OFFENSES,183,"IMPRISONMENT 1,UNLAWFUL",COMPLETED,FELONY,N.Y. POLICE DEPT,BROOKLYN,63,INSIDE,RESIDENCE-HOUSE,,,"1,003,795","168,962",40.63042484,-73.9295868,"(40.630424844, -73.929586801)"
263123132,8/5/2015,20:25:00,8/5/2015,20:30:00,8/5/2015,124,KIDNAPPING & RELATED OFFENSES,185,KIDNAPPING 2,ATTEMPTED,FELONY,N.Y. POLICE DEPT,MANHATTAN,34,FRONT OF,STREET,,,"1,003,718","252,533",40.8598063,-73.92962232,"(40.8598063, -73.929622321)"
948231437,9/7/2013,7:00:00,9/7/2013,8:15:00,9/7/2013,124,KIDNAPPING & RELATED OFFENSES,183,"IMPRISONMENT 1,UNLAWFUL",COMPLETED,FELONY,N.Y. POLICE DEPT,BRONX,40,FRONT OF,STREET,,,"1,003,723","235,773",40.81380495,-73.9296529,"(40.813804951, -73.929652902)"
404737760,11/12/2014,8:30:00,11/12/2014,13:00:00,11/12/2014,124,KIDNAPPING & RELATED OFFENSES,183,"IMPRISONMENT 1,UNLAWFUL",COMPLETED,FELONY,N.Y. POLICE DEPT,BROOKLYN,71,INSIDE,RESIDENCE - APT. HOUSE,,,"1,003,742","182,918",40.66873115,-73.92973742,"(40.668731148, -73.929737415)"
534363530,12/30/2007,13:50:00,12/30/2007,14:00:00,12/30/2007,124,KIDNAPPING & RELATED OFFENSES,193,CUSTODIAL INTERFERENCE 1,COMPLETED,FELONY,N.Y. POLICE DEPT,BROOKLYN,71,INSIDE,RESIDENCE - APT. HOUSE,,,"1,003,717","182,563",40.66775681,-73.92982856,"(40.667756807, -73.929828559)"
783108341,12/2/2010,17:44:00,12/2/2010,19:30:00,12/2/2010,124,KIDNAPPING & RELATED OFFENSES,183,"IMPRISONMENT 1,UNLAWFUL",COMPLETED,FELONY,N.Y. POLICE DEPT,MANHATTAN,34,INSIDE,RESIDENCE - APT. HOUSE,,,"1,003,585","251,293",40.85640317,-73.93010671,"(40.856403165, -73.930106709)"
375384782,6/25/2013,13:00:00,7/6/2013,10:00:00,7/6/2013,124,KIDNAPPING & RELATED OFFENSES,183,"IMPRISONMENT 1,UNLAWFUL",COMPLETED,FELONY,N.Y. POLICE DEPT,BROOKLYN,67,FRONT OF,STREET,,,"1,003,593","176,432",40.65092883,-73.93029313,"(40.650928834, -73.930293129)"
447381191,11/16/2006,7:40:00,,,11/16/2006,124,KIDNAPPING & RELATED OFFENSES,193,CUSTODIAL INTERFERENCE 1,COMPLETED,FELONY,N.Y. POLICE DEPT,BROOKLYN,67,FRONT OF,STREET,,,"1,003,593","176,432",40.65092883,-73.93029313,"(40.650928834, -73.930293129)"
869076186,4/27/2014,8:00:00,4/27/2014,8:30:00,4/27/2014,124,KIDNAPPING & RELATED OFFENSES,183,"IMPRISONMENT 1,UNLAWFUL",COMPLETED,FELONY,N.Y. POLICE DEPT,BRONX,44,INSIDE,RESIDENCE - APT. HOUSE,,,"1,003,508","242,080",40.83111635,-73.93041152,"(40.83111635, -73.930411516)"
314131177,1/29/2006,0:01:00,,,4/8/2006,124,KIDNAPPING & RELATED OFFENSES,193,CUSTODIAL INTERFERENCE 1,COMPLETED,FELONY,N.Y. POLICE DEPT,BROOKLYN,71,FRONT OF,RESIDENCE - APT. HOUSE,,,"1,003,553","181,953",40.66608285,-73.93042148,"(40.666082852, -73.930421478)"
422558667,12/28/2010,14:30:00,7/5/2011,15:00:00,7/5/2011,124,KIDNAPPING & RELATED OFFENSES,193,CUSTODIAL INTERFERENCE 1,COMPLETED,FELONY,N.Y. POLICE DEPT,BROOKLYN,81,INSIDE,RESIDENCE - APT. HOUSE,,,"1,003,536","192,046",40.69378588,-73.93045387,"(40.693785882, -73.930453873)"
298254585,5/16/2007,10:00:00,5/17/2007,11:00:00,5/17/2007,124,KIDNAPPING & RELATED OFFENSES,193,CUSTODIAL INTERFERENCE 1,COMPLETED,FELONY,N.Y. POLICE DEPT,MANHATTAN,34,INSIDE,RESIDENCE - APT. HOUSE,,,"1,003,421","250,628",40.8545783,-73.93070146,"(40.854578297, -73.930701459)"
872643376,4/5/2012,22:30:00,4/5/2012,22:40:00,4/6/2012,124,KIDNAPPING & RELATED OFFENSES,193,CUSTODIAL INTERFERENCE 1,COMPLETED,FELONY,N.Y. POLICE DEPT,MANHATTAN,34,INSIDE,RESIDENCE - APT. HOUSE,,,"1,003,363","251,411",40.85672752,-73.93090889,"(40.856727523, -73.930908887)"
153188825,5/9/2014,19:00:00,5/10/2014,15:30:00,5/10/2014,124,KIDNAPPING & RELATED OFFENSES,185,KIDNAPPING 2,COMPLETED,FELONY,N.Y. POLICE DEPT,BROOKLYN,81,INSIDE,RESIDENCE - APT. HOUSE,,,"1,003,371","189,018",40.68547508,-73.93105748,"(40.685475077, -73.931057476)"
524169401,9/27/2012,19:45:00,9/27/2012,20:00:00,9/27/2012,124,KIDNAPPING & RELATED OFFENSES,185,KIDNAPPING 2,COMPLETED,FELONY,N.Y. TRANSIT POLICE,BROOKLYN,77,,TRANSIT - NYC SUBWAY,,,"1,003,358","182,945",40.66880609,-73.93112157,"(40.668806093, -73.931121567)"
836599048,7/3/2012,9:00:00,,,7/3/2012,124,KIDNAPPING & RELATED OFFENSES,193,CUSTODIAL INTERFERENCE 1,COMPLETED,FELONY,N.Y. POLICE DEPT,BROOKLYN,81,INSIDE,RESIDENCE-HOUSE,,,"1,003,349","191,881",40.6933334,-73.93112869,"(40.693333401, -73.931128685)"
400795460,8/28/2009,7:00:00,,,9/17/2009,124,KIDNAPPING & RELATED OFFENSES,193,CUSTODIAL INTERFERENCE 1,COMPLETED,FELONY,N.Y. POLICE DEPT,BROOKLYN,83,INSIDE,RESIDENCE - APT. HOUSE,,,"1,003,346","192,740",40.69569116,-73.93113707,"(40.695691162, -73.931137069)"
972366460,12/17/2008,15:00:00,12/18/2008,1:00:00,12/18/2008,124,KIDNAPPING & RELATED OFFENSES,187,KIDNAPPING 1,COMPLETED,FELONY,N.Y. POLICE DEPT,MANHATTAN,34,FRONT OF,PUBLIC SCHOOL,,,"1,003,287","248,600",40.84901233,-73.93119161,"(40.849012328, -73.931191606)"
728464616,9/4/2012,21:00:00,9/4/2012,21:30:00,9/4/2012,124,KIDNAPPING & RELATED OFFENSES,185,KIDNAPPING 2,COMPLETED,FELONY,N.Y. POLICE DEPT,MANHATTAN,34,,STREET,,,"1,003,283","252,468",40.85962884,-73.93119508,"(40.859628844, -73.931195082)"
809246499,4/17/2008,9:00:00,4/17/2008,11:00:00,4/17/2008,124,KIDNAPPING & RELATED OFFENSES,183,"IMPRISONMENT 1,UNLAWFUL",COMPLETED,FELONY,N.Y. POLICE DEPT,BROOKLYN,71,,STREET,,,"1,003,266","181,646",40.66524083,-73.93145687,"(40.665240826, -73.931456869)"
826815062,6/4/2011,21:00:00,6/4/2011,21:30:00,6/5/2011,124,KIDNAPPING & RELATED OFFENSES,183,"IMPRISONMENT 1,UNLAWFUL",COMPLETED,FELONY,N.Y. POLICE DEPT,BROOKLYN,81,,STREET,,,"1,003,168","187,622",40.68164381,-73.93179335,"(40.681643812, -73.931793346)"
631833549,4/3/2013,7:00:00,4/3/2013,9:05:00,4/3/2013,124,KIDNAPPING & RELATED OFFENSES,183,"IMPRISONMENT 1,UNLAWFUL",COMPLETED,FELONY,N.Y. POLICE DEPT,BROOKLYN,67,INSIDE,RESIDENCE - APT. HOUSE,,,"1,003,158","176,704",40.65167636,-73.93186002,"(40.651676355, -73.93186002)"
637217160,10/19/2007,0:30:00,10/19/2007,5:00:00,10/19/2007,124,KIDNAPPING & RELATED OFFENSES,183,"IMPRISONMENT 1,UNLAWFUL",COMPLETED,FELONY,N.Y. POLICE DEPT,BRONX,44,INSIDE,RESIDENCE-HOUSE,,,"1,003,102","241,849",40.8304832,-73.93187927,"(40.830483197, -73.931879269)"
769140289,1/17/2015,15:05:00,1/17/2015,15:30:00,1/17/2015,124,KIDNAPPING & RELATED OFFENSES,183,"IMPRISONMENT 1,UNLAWFUL",COMPLETED,FELONY,N.Y. POLICE DEPT,BROOKLYN,77,INSIDE,RESIDENCE - APT. HOUSE,,,"1,003,136","185,246",40.6751223,-73.93191538,"(40.675122298, -73.931915378)"
966845040,8/2/2008,23:30:00,,,8/3/2008,124,KIDNAPPING & RELATED OFFENSES,187,KIDNAPPING 1,COMPLETED,FELONY,N.Y. POLICE DEPT,MANHATTAN,34,,STREET,,,"1,002,999","250,268",40.85359111,-73.93222793,"(40.853591109, -73.932227926)"
176703481,4/17/2011,17:50:00,4/17/2011,19:30:00,4/17/2011,124,KIDNAPPING & RELATED OFFENSES,183,"IMPRISONMENT 1,UNLAWFUL",COMPLETED,FELONY,N.Y. POLICE DEPT,BROOKLYN,77,INSIDE,RESIDENCE - APT. HOUSE,,,"1,003,043","183,947",40.67155703,-73.93225427,"(40.671557033, -73.932254274)"
798780737,9/2/2012,18:30:00,9/2/2012,20:00:00,9/3/2012,124,KIDNAPPING & RELATED OFFENSES,183,"IMPRISONMENT 1,UNLAWFUL",ATTEMPTED,FELONY,N.Y. POLICE DEPT,MANHATTAN,33,,OPEN AREAS (OPEN LOTS),,,"1,002,974","247,561",40.84616125,-73.93232586,"(40.846161249, -73.932325855)"
387798053,2/6/2015,8:00:00,,,2/6/2015,124,KIDNAPPING & RELATED OFFENSES,193,CUSTODIAL INTERFERENCE 1,COMPLETED,FELONY,N.Y. POLICE DEPT,BROOKLYN,71,INSIDE,RESIDENCE - APT. HOUSE,,,"1,002,948","182,618",40.66790943,-73.93260043,"(40.667909427, -73.932600428)"
922834773,4/4/2013,8:00:00,,,4/4/2013,124,KIDNAPPING & RELATED OFFENSES,193,CUSTODIAL INTERFERENCE 1,COMPLETED,FELONY,N.Y. POLICE DEPT,BROOKLYN,67,FRONT OF,RESIDENCE-HOUSE,,,"1,002,938","174,527",40.64570143,-73.9326589,"(40.645701429, -73.932658895)"
634019981,4/12/2014,13:10:00,4/12/2014,13:30:00,4/12/2014,124,KIDNAPPING & RELATED OFFENSES,183,"IMPRISONMENT 1,UNLAWFUL",COMPLETED,FELONY,N.Y. POLICE DEPT,BROOKLYN,63,INSIDE,RESIDENCE-HOUSE,,,"1,002,940","167,853",40.62738272,-73.93267017,"(40.627382718, -73.932670173)"
220154014,7/19/2016,19:46:00,7/19/2016,19:48:00,7/19/2016,124,KIDNAPPING & RELATED OFFENSES,183,"IMPRISONMENT 1,UNLAWFUL",COMPLETED,FELONY,N.Y. POLICE DEPT,BROOKLYN,83,INSIDE,RESIDENCE - APT. HOUSE,,,"1,002,919","193,907",40.69889522,-73.93267369,"(40.698895216, -73.932673689)"
583663358,9/3/2006,20:00:00,,,9/5/2006,124,KIDNAPPING & RELATED OFFENSES,193,CUSTODIAL INTERFERENCE 1,ATTEMPTED,FELONY,N.Y. POLICE DEPT,BROOKLYN,71,FRONT OF,RESIDENCE - APT. HOUSE,,,"1,002,927","182,323",40.66709976,-73.93267694,"(40.667099762, -73.932676944)"
109025414,11/23/2008,2:28:00,11/23/2008,3:08:00,11/23/2008,124,KIDNAPPING & RELATED OFFENSES,183,"IMPRISONMENT 1,UNLAWFUL",COMPLETED,FELONY,N.Y. POLICE DEPT,MANHATTAN,25,INSIDE,RESIDENCE - APT. HOUSE,,,"1,002,837","229,820",40.79746752,-73.93287016,"(40.797467517, -73.932870163)"
445045248,7/12/2014,19:53:00,7/12/2014,22:00:00,7/12/2014,124,KIDNAPPING & RELATED OFFENSES,183,"IMPRISONMENT 1,UNLAWFUL",COMPLETED,FELONY,N.Y. POLICE DEPT,MANHATTAN,25,FRONT OF,STREET,,,"1,002,827","229,067",40.79540076,-73.93290836,"(40.795400757, -73.932908363)"
948795257,6/18/2006,8:00:00,6/18/2006,8:00:00,6/18/2006,124,KIDNAPPING & RELATED OFFENSES,193,CUSTODIAL INTERFERENCE 1,COMPLETED,FELONY,N.Y. POLICE DEPT,BROOKLYN,81,FRONT OF,RESIDENCE-HOUSE,,,"1,002,848","187,027",40.68001135,-73.93294874,"(40.68001135, -73.932948735)"
641207836,11/23/2015,15:40:00,,,11/23/2015,124,KIDNAPPING & RELATED OFFENSES,193,CUSTODIAL INTERFERENCE 1,COMPLETED,FELONY,N.Y. POLICE DEPT,MANHATTAN,25,INSIDE,PUBLIC SCHOOL,,,"1,002,778","230,450",40.79919682,-73.93308152,"(40.799196819, -73.933081517)"
355778970,4/17/2009,16:40:00,,,4/17/2009,124,KIDNAPPING & RELATED OFFENSES,193,CUSTODIAL INTERFERENCE 1,COMPLETED,FELONY,N.Y. HOUSING POLICE,MANHATTAN,25,INSIDE,RESIDENCE - PUBLIC HOUSING,,,"1,002,778","230,450",40.79919682,-73.93308152,"(40.799196819, -73.933081517)"
291753775,2/11/2014,19:30:00,2/11/2014,19:37:00,2/11/2014,124,KIDNAPPING & RELATED OFFENSES,183,"IMPRISONMENT 1,UNLAWFUL",COMPLETED,FELONY,N.Y. POLICE DEPT,BROOKLYN,67,,STREET,,,"1,002,759","176,681",40.65161407,-73.93329802,"(40.651614068, -73.933298015)"
980923063,7/20/2009,7:00:00,,,7/20/2009,124,KIDNAPPING & RELATED OFFENSES,183,"IMPRISONMENT 1,UNLAWFUL",COMPLETED,FELONY,N.Y. POLICE DEPT,QUEENS,108,,STREET,,,"1,002,685","210,762",40.7451586,-73.93347142,"(40.745158604, -73.933471421)"
177711300,7/1/2008,16:00:00,8/29/2008,10:30:00,8/29/2008,124,KIDNAPPING & RELATED OFFENSES,193,CUSTODIAL INTERFERENCE 1,COMPLETED,FELONY,N.Y. HOUSING POLICE,MANHATTAN,33,INSIDE,RESIDENCE - PUBLIC HOUSING,,,"1,002,649","247,447",40.84584904,-73.93350084,"(40.845849036, -73.93350084)"
524174434,2/4/2012,18:30:00,2/4/2012,19:00:00,2/4/2012,124,KIDNAPPING & RELATED OFFENSES,183,"IMPRISONMENT 1,UNLAWFUL",COMPLETED,FELONY,N.Y. POLICE DEPT,MANHATTAN,34,INSIDE,RESIDENCE - APT. HOUSE,,,"1,002,644","250,694",40.8547611,-73.93351,"(40.854761099, -73.933510004)"
102622117,10/24/2011,10:00:00,,,10/24/2011,124,KIDNAPPING & RELATED OFFENSES,183,"IMPRISONMENT 1,UNLAWFUL",COMPLETED,FELONY,N.Y. POLICE DEPT,BROOKLYN,67,,RESIDENCE - APT. HOUSE,,,"1,002,698","177,416",40.65363161,-73.93351584,"(40.653631609, -73.933515839)"
237349487,1/17/2006,15:00:00,1/17/2006,15:20:00,1/18/2006,124,KIDNAPPING & RELATED OFFENSES,193,CUSTODIAL INTERFERENCE 1,COMPLETED,FELONY,N.Y. HOUSING POLICE,QUEENS,114,INSIDE,RESIDENCE - PUBLIC HOUSING,,,"1,002,652","215,969",40.75945057,-73.93357627,"(40.759450567, -73.933576266)"
358063230,10/15/2013,0:55:00,10/15/2013,1:06:00,10/15/2013,124,KIDNAPPING & RELATED OFFENSES,183,"IMPRISONMENT 1,UNLAWFUL",COMPLETED,FELONY,N.Y. POLICE DEPT,MANHATTAN,33,INSIDE,RESIDENCE - APT. HOUSE,,,"1,002,594","248,080",40.84758655,-73.9336979,"(40.847586549, -73.933697898)"
517605615,7/24/2012,0:20:00,7/24/2012,0:43:00,7/24/2012,124,KIDNAPPING & RELATED OFFENSES,187,KIDNAPPING 1,COMPLETED,FELONY,N.Y. POLICE DEPT,QUEENS,108,INSIDE,HOTEL/MOTEL,,,"1,002,619","207,409",40.73595559,-73.93371876,"(40.73595559, -73.933718764)"
763197845,4/23/2012,13:00:00,4/23/2012,14:28:00,4/23/2012,124,KIDNAPPING & RELATED OFFENSES,183,"IMPRISONMENT 1,UNLAWFUL",COMPLETED,FELONY,N.Y. POLICE DEPT,MANHATTAN,33,INSIDE,RESIDENCE - APT. HOUSE,,,"1,002,585","247,807",40.84683726,-73.93373117,"(40.846837263, -73.933731174)"
983718935,7/6/2012,19:00:00,,,7/11/2012,124,KIDNAPPING & RELATED OFFENSES,193,CUSTODIAL INTERFERENCE 1,COMPLETED,FELONY,N.Y. POLICE DEPT,MANHATTAN,25,INSIDE,RESIDENCE - APT. HOUSE,,,"1,002,583","229,363",40.79621371,-73.93378879,"(40.796213706, -73.93378879)"
824150371,8/17/2008,4:00:00,8/17/2008,5:35:00,8/17/2008,124,KIDNAPPING & RELATED OFFENSES,183,"IMPRISONMENT 1,UNLAWFUL",COMPLETED,FELONY,N.Y. POLICE DEPT,MANHATTAN,25,INSIDE,RESIDENCE - APT. HOUSE,,,"1,002,583","229,363",40.79621371,-73.93378879,"(40.796213706, -73.93378879)"
336854913,12/14/2008,9:00:00,1/4/2009,9:50:00,1/4/2009,124,KIDNAPPING & RELATED OFFENSES,193,CUSTODIAL INTERFERENCE 1,COMPLETED,FELONY,N.Y. POLICE DEPT,BROOKLYN,81,INSIDE,RESIDENCE - APT. HOUSE,,,"1,002,559","188,895",40.68513919,-73.93398561,"(40.685139187, -73.933985611)"
683404780,12/25/2008,14:00:00,12/25/2008,17:40:00,12/25/2008,124,KIDNAPPING & RELATED OFFENSES,183,"IMPRISONMENT 1,UNLAWFUL",COMPLETED,FELONY,N.Y. POLICE DEPT,BROOKLYN,63,INSIDE,RESIDENCE - APT. HOUSE,,,"1,002,528","167,004",40.62505325,-73.93415671,"(40.625053252, -73.934156714)"
502955782,7/31/2011,23:05:00,7/31/2011,23:05:00,8/1/2011,124,KIDNAPPING & RELATED OFFENSES,183,"IMPRISONMENT 1,UNLAWFUL",COMPLETED,FELONY,N.Y. POLICE DEPT,MANHATTAN,25,INSIDE,RESIDENCE - APT. HOUSE,,,"1,002,462","229,879",40.79763024,-73.9342244,"(40.797630236, -73.934224402)"
585445171,2/15/2009,17:00:00,2/16/2009,0:45:00,2/16/2009,124,KIDNAPPING & RELATED OFFENSES,185,KIDNAPPING 2,COMPLETED,FELONY,N.Y. POLICE DEPT,MANHATTAN,25,INSIDE,RESIDENCE - APT. HOUSE,,,"1,002,451","231,382",40.80175558,-73.93426006,"(40.801755583, -73.934260057)"
159375535,8/4/2008,13:00:00,8/4/2008,13:30:00,8/4/2008,124,KIDNAPPING & RELATED OFFENSES,193,CUSTODIAL INTERFERENCE 1,COMPLETED,FELONY,N.Y. POLICE DEPT,BROOKLYN,67,,STREET,,,"1,002,489","176,665",40.65157071,-73.93427109,"(40.651570712, -73.934271094)"
120437561,1/16/2007,9:00:00,1/16/2007,18:30:00,1/16/2007,124,KIDNAPPING & RELATED OFFENSES,183,"IMPRISONMENT 1,UNLAWFUL",COMPLETED,FELONY,N.Y. POLICE DEPT,BROOKLYN,71,INSIDE,RESIDENCE - APT. HOUSE,,,"1,002,419","180,821",40.66297816,-73.93451217,"(40.662978162, -73.934512165)"
729235926,6/7/2006,11:00:00,,,7/6/2006,124,KIDNAPPING & RELATED OFFENSES,193,CUSTODIAL INTERFERENCE 1,COMPLETED,FELONY,N.Y. HOUSING POLICE,BROOKLYN,81,INSIDE,RESIDENCE - PUBLIC HOUSING,,STUYVESANT GARDENS I,"1,002,397","189,963",40.68807094,-73.93456685,"(40.688070936, -73.934566849)"
472008078,2/27/2006,0:45:00,2/27/2006,21:00:00,2/28/2006,124,KIDNAPPING & RELATED OFFENSES,193,CUSTODIAL INTERFERENCE 1,COMPLETED,FELONY,N.Y. POLICE DEPT,BROOKLYN,77,INSIDE,,,WEEKSVILLE GARDENS,"1,002,388","185,584",40.6760516,-73.93461109,"(40.676051596, -73.934611088)"
944688846,10/1/2012,12:00:00,,,3/3/2015,124,KIDNAPPING AND RELATED OFFENSES,184,LABOR TRAFFICKING,COMPLETED,FELONY,N.Y. POLICE DEPT,MANHATTAN,25,INSIDE,GROCERY/BODEGA,,,"1,002,333","231,148",40.80111356,-73.9346869,"(40.80111356, -73.9346869)"
478248021,10/4/2006,19:50:00,10/4/2006,20:00:00,10/4/2006,124,KIDNAPPING & RELATED OFFENSES,183,"IMPRISONMENT 1,UNLAWFUL",COMPLETED,FELONY,N.Y. POLICE DEPT,BROOKLYN,61,INSIDE,RESIDENCE - APT. HOUSE,,,"1,002,374","155,464",40.59337864,-73.93474245,"(40.593378638, -73.934742451)"
757945308,3/29/2007,3:00:00,3/29/2007,3:30:00,3/29/2007,124,KIDNAPPING & RELATED OFFENSES,183,"IMPRISONMENT 1,UNLAWFUL",COMPLETED,FELONY,N.Y. POLICE DEPT,MANHATTAN,34,INSIDE,RESIDENCE - APT. HOUSE,,,"1,002,276","251,937",40.85817352,-73.93483692,"(40.858173522, -73.934836924)"
318651707,9/29/2007,16:00:00,9/30/2007,1:28:00,9/30/2007,124,KIDNAPPING & RELATED OFFENSES,187,KIDNAPPING 1,COMPLETED,FELONY,N.Y. POLICE DEPT,MANHATTAN,33,INSIDE,RESIDENCE - APT. HOUSE,,,"1,002,273","247,951",40.84723314,-73.93485848,"(40.847233143, -73.934858484)"
638738507,11/3/2013,4:45:00,11/3/2013,4:55:00,11/3/2013,124,KIDNAPPING & RELATED OFFENSES,183,"IMPRISONMENT 1,UNLAWFUL",COMPLETED,FELONY,N.Y. POLICE DEPT,BROOKLYN,63,FRONT OF,STREET,,,"1,002,326","167,302",40.62587161,-73.9348836,"(40.625871614, -73.934883601)"
572150219,4/24/2006,18:01:00,4/24/2006,18:10:00,4/24/2006,124,KIDNAPPING & RELATED OFFENSES,183,"IMPRISONMENT 1,UNLAWFUL",COMPLETED,FELONY,N.Y. POLICE DEPT,BROOKLYN,61,INSIDE,RESIDENCE-HOUSE,,,"1,002,283","157,914",40.60010358,-73.93506358,"(40.600103578, -73.935063576)"
347130916,5/6/2006,20:40:00,5/7/2006,7:00:00,5/7/2006,124,KIDNAPPING & RELATED OFFENSES,183,"IMPRISONMENT 1,UNLAWFUL",COMPLETED,FELONY,N.Y. POLICE DEPT,BROOKLYN,83,INSIDE,RESIDENCE - APT. HOUSE,,,"1,002,242","193,906",40.69889387,-73.93511522,"(40.698893874, -73.935115219)"
381128602,8/26/2007,9:10:00,8/26/2007,9:10:00,9/1/2007,124,KIDNAPPING & RELATED OFFENSES,183,"IMPRISONMENT 1,UNLAWFUL",COMPLETED,FELONY,N.Y. HOUSING POLICE,BROOKLYN,81,INSIDE,RESIDENCE - APT. HOUSE,,ROOSEVELT II,"1,002,243","192,243",40.69432932,-73.93511605,"(40.694329324, -73.935116054)"
823100514,1/16/2016,12:00:00,1/16/2016,12:01:00,1/16/2016,124,KIDNAPPING & RELATED OFFENSES,193,CUSTODIAL INTERFERENCE 1,COMPLETED,FELONY,N.Y. POLICE DEPT,MANHATTAN,34,INSIDE,COMMERCIAL BUILDING,,,"1,002,162","249,364",40.85111164,-73.93525591,"(40.851111636, -73.935255912)"
281763684,8/22/2016,7:30:00,8/22/2016,10:40:00,8/22/2016,124,KIDNAPPING & RELATED OFFENSES,183,"IMPRISONMENT 1,UNLAWFUL",COMPLETED,FELONY,N.Y. POLICE DEPT,MANHATTAN,33,FRONT OF,STREET,,,"1,002,128","247,436",40.84581991,-73.93538395,"(40.845819914, -73.93538395)"
257228463,8/1/2011,0:01:00,8/30/2011,17:30:00,8/30/2011,124,KIDNAPPING & RELATED OFFENSES,193,CUSTODIAL INTERFERENCE 1,COMPLETED,FELONY,N.Y. HOUSING POLICE,MANHATTAN,32,INSIDE,RESIDENCE - PUBLIC HOUSING,,RANGEL,"1,002,118","242,744",40.83294176,-73.93543259,"(40.832941761, -73.935432593)"
389023250,8/10/2006,1:00:00,,,8/10/2006,124,KIDNAPPING & RELATED OFFENSES,183,"IMPRISONMENT 1,UNLAWFUL",COMPLETED,FELONY,N.Y. HOUSING POLICE,MANHATTAN,32,INSIDE,RESIDENCE - PUBLIC HOUSING,,RANGEL,"1,002,118","242,744",40.83294176,-73.93543259,"(40.832941761, -73.935432593)"
145634790,7/19/2009,18:00:00,7/19/2009,18:10:00,7/19/2009,124,KIDNAPPING & RELATED OFFENSES,193,CUSTODIAL INTERFERENCE 1,COMPLETED,FELONY,N.Y. HOUSING POLICE,MANHATTAN,25,INSIDE,RESIDENCE - PUBLIC HOUSING,,,"1,002,105","235,064",40.81186236,-73.93550001,"(40.811862362, -73.935500005)"
542034707,3/17/2010,20:35:00,3/17/2010,20:40:00,3/17/2010,124,KIDNAPPING & RELATED OFFENSES,183,"IMPRISONMENT 1,UNLAWFUL",COMPLETED,FELONY,N.Y. POLICE DEPT,MANHATTAN,32,,STREET,,,"1,002,091","238,552",40.82143597,-73.93554131,"(40.821435971, -73.935541308)"
151010053,8/12/2008,7:00:00,,,8/13/2008,124,KIDNAPPING & RELATED OFFENSES,193,CUSTODIAL INTERFERENCE 1,COMPLETED,FELONY,N.Y. HOUSING POLICE,MANHATTAN,32,INSIDE,RESIDENCE - PUBLIC HOUSING,,,"1,002,040","242,180",40.8313939,-73.93571596,"(40.8313939, -73.935715955)"
259815250,1/13/2006,19:00:00,1/13/2006,22:13:00,1/13/2006,124,KIDNAPPING & RELATED OFFENSES,185,KIDNAPPING 2,COMPLETED,FELONY,N.Y. POLICE DEPT,MANHATTAN,32,,STREET,,,"1,002,033","236,329",40.81533458,-73.93575676,"(40.815334579, -73.935756755)"
314546475,8/15/2008,2:17:00,8/15/2008,3:17:00,8/15/2008,124,KIDNAPPING & RELATED OFFENSES,183,"IMPRISONMENT 1,UNLAWFUL",COMPLETED,FELONY,N.Y. POLICE DEPT,MANHATTAN,33,INSIDE,RESIDENCE - APT. HOUSE,,,"1,001,992","247,191",40.84514774,-73.93587615,"(40.845147736, -73.935876151)"
132993859,6/20/2008,17:00:00,6/25/2008,0:01:00,6/25/2008,124,KIDNAPPING & RELATED OFFENSES,193,CUSTODIAL INTERFERENCE 1,COMPLETED,FELONY,N.Y. POLICE DEPT,MANHATTAN,33,INSIDE,RESIDENCE - APT. HOUSE,,,"1,001,992","247,191",40.84514774,-73.93587615,"(40.845147736, -73.935876151)"
259200619,5/31/2006,14:00:00,5/31/2006,14:30:00,5/31/2006,124,KIDNAPPING & RELATED OFFENSES,185,KIDNAPPING 2,COMPLETED,FELONY,N.Y. HOUSING POLICE,MANHATTAN,32,INSIDE,RESIDENCE - PUBLIC HOUSING,,,"1,001,973","239,956",40.82528979,-73.93596394,"(40.825289791, -73.935963938)"
130251286,8/7/2011,13:00:00,,,8/7/2011,124,KIDNAPPING & RELATED OFFENSES,193,CUSTODIAL INTERFERENCE 1,COMPLETED,FELONY,N.Y. POLICE DEPT,MANHATTAN,25,INSIDE,RESIDENCE - APT. HOUSE,,,"1,001,949","231,211",40.80128726,-73.93607371,"(40.801287255, -73.936073714)"
152840274,2/24/2011,10:00:00,2/27/2011,13:40:00,2/27/2011,124,KIDNAPPING & RELATED OFFENSES,193,CUSTODIAL INTERFERENCE 1,COMPLETED,FELONY,N.Y. POLICE DEPT,MANHATTAN,25,INSIDE,RESIDENCE - APT. HOUSE,,,"1,001,949","231,211",40.80128726,-73.93607371,"(40.801287255, -73.936073714)"
116543593,9/24/2010,5:10:00,,,9/24/2010,124,KIDNAPPING & RELATED OFFENSES,183,"IMPRISONMENT 1,UNLAWFUL",COMPLETED,FELONY,N.Y. HOUSING POLICE,BROOKLYN,81,INSIDE,RESIDENCE - PUBLIC HOUSING,,,"1,001,974","191,809",40.69313864,-73.93608725,"(40.693138637, -73.93608725)"
914248992,10/11/2007,15:30:00,,,10/12/2007,124,KIDNAPPING & RELATED OFFENSES,193,CUSTODIAL INTERFERENCE 1,COMPLETED,FELONY,N.Y. HOUSING POLICE,MANHATTAN,23,INSIDE,RESIDENCE - PUBLIC HOUSING,,,"1,001,933","228,925",40.79501284,-73.93613753,"(40.795012839, -73.936137525)"
310387912,3/16/2011,4:20:00,3/16/2011,4:30:00,3/16/2011,124,KIDNAPPING & RELATED OFFENSES,185,KIDNAPPING 2,COMPLETED,FELONY,N.Y. POLICE DEPT,BROOKLYN,81,FRONT OF,STREET,,,"1,001,951","187,437",40.68113855,-73.93618168,"(40.681138546, -73.936181675)"
973761759,6/27/2016,17:25:00,6/27/2016,18:00:00,6/30/2016,124,KIDNAPPING & RELATED OFFENSES,193,CUSTODIAL INTERFERENCE 1,COMPLETED,FELONY,N.Y. POLICE DEPT,BROOKLYN,81,INSIDE,RESIDENCE - APT. HOUSE,,,"1,001,951","187,437",40.68113855,-73.93618168,"(40.681138546, -73.936181675)"
344152799,8/12/2009,10:51:00,,,8/12/2009,124,KIDNAPPING & RELATED OFFENSES,183,"IMPRISONMENT 1,UNLAWFUL",COMPLETED,FELONY,N.Y. HOUSING POLICE,BROOKLYN,77,INSIDE,RESIDENCE - PUBLIC HOUSING,,ALBANY,"1,001,947","184,888",40.67414213,-73.93620279,"(40.674142126, -73.93620279)"
758975804,11/14/2011,8:00:00,,,11/14/2011,124,KIDNAPPING & RELATED OFFENSES,193,CUSTODIAL INTERFERENCE 1,COMPLETED,FELONY,N.Y. POLICE DEPT,BROOKLYN,90,FRONT OF,STREET,,,"1,001,936","195,643",40.70366215,-73.93621421,"(40.703662148, -73.936214213)"
572715761,11/21/2010,13:00:00,11/21/2010,15:00:00,11/24/2010,124,KIDNAPPING & RELATED OFFENSES,183,"IMPRISONMENT 1,UNLAWFUL",COMPLETED,FELONY,N.Y. POLICE DEPT,MANHATTAN,33,INSIDE,RESIDENCE - APT. HOUSE,,,"1,001,889","245,601",40.84078386,-73.93625261,"(40.840783858, -73.936252607)"
912069434,3/30/2014,19:00:00,3/31/2014,1:08:00,3/31/2014,124,KIDNAPPING & RELATED OFFENSES,193,CUSTODIAL INTERFERENCE 1,COMPLETED,FELONY,N.Y. POLICE DEPT,BROOKLYN,81,INSIDE,RESIDENCE-HOUSE,,,"1,001,870","187,971",40.68260442,-73.93647232,"(40.682604416, -73.936472319)"
166086693,5/31/2009,14:10:00,,,5/31/2009,124,KIDNAPPING & RELATED OFFENSES,185,KIDNAPPING 2,COMPLETED,FELONY,N.Y. POLICE DEPT,BROOKLYN,81,INSIDE,RESIDENCE - APT. HOUSE,,,"1,001,870","187,971",40.68260442,-73.93647232,"(40.682604416, -73.936472319)"
412683730,2/15/2012,12:15:00,,,2/22/2012,124,KIDNAPPING & RELATED OFFENSES,193,CUSTODIAL INTERFERENCE 1,COMPLETED,FELONY,N.Y. POLICE DEPT,MANHATTAN,25,INSIDE,RESIDENCE - APT. HOUSE,,,"1,001,822","230,982",40.80065897,-73.93653303,"(40.800658966, -73.93653303)"
706393886,3/4/2015,18:00:00,3/4/2015,21:00:00,4/29/2015,124,KIDNAPPING & RELATED OFFENSES,187,KIDNAPPING 1,COMPLETED,FELONY,N.Y. POLICE DEPT,BROOKLYN,77,FRONT OF,STREET,,,"1,001,837","183,263",40.66968208,-73.93660359,"(40.669682084, -73.936603586)"
997432698,12/5/2012,18:15:00,,,12/5/2012,124,KIDNAPPING & RELATED OFFENSES,183,"IMPRISONMENT 1,UNLAWFUL",COMPLETED,FELONY,N.Y. POLICE DEPT,MANHATTAN,25,INSIDE,FAST FOOD,,,"1,001,797","232,216",40.80404601,-73.9366201,"(40.804046007, -73.936620103)"
123995657,10/1/2011,10:05:00,10/1/2011,10:07:00,10/1/2011,124,KIDNAPPING & RELATED OFFENSES,193,CUSTODIAL INTERFERENCE 1,COMPLETED,FELONY,N.Y. POLICE DEPT,MANHATTAN,25,INSIDE,FAST FOOD,,,"1,001,797","232,216",40.80404601,-73.9366201,"(40.804046007, -73.936620103)"
289331269,9/11/2007,17:00:00,9/11/2007,19:00:00,9/12/2007,124,KIDNAPPING & RELATED OFFENSES,185,KIDNAPPING 2,COMPLETED,FELONY,N.Y. POLICE DEPT,MANHATTAN,25,,FAST FOOD,,,"1,001,797","232,216",40.80404601,-73.9366201,"(40.804046007, -73.936620103)"
381124820,3/30/2016,0:30:00,3/31/2016,11:54:00,3/31/2016,124,KIDNAPPING & RELATED OFFENSES,185,KIDNAPPING 2,COMPLETED,FELONY,N.Y. POLICE DEPT,BROOKLYN,67,FRONT OF,RESIDENCE - APT. HOUSE,,,"1,001,826","176,622",40.65145403,-73.93666055,"(40.651454027, -73.936660548)"
116152665,4/16/2015,16:30:00,4/16/2015,20:00:00,4/16/2015,124,KIDNAPPING & RELATED OFFENSES,193,CUSTODIAL INTERFERENCE 1,COMPLETED,FELONY,N.Y. HOUSING POLICE,MANHATTAN,32,INSIDE,RESIDENCE - PUBLIC HOUSING,,,"1,001,751","241,630",40.82988489,-73.93676171,"(40.829884885, -73.936761711)"
280037550,5/26/2009,2:30:00,,,5/26/2009,124,KIDNAPPING & RELATED OFFENSES,183,"IMPRISONMENT 1,UNLAWFUL",COMPLETED,FELONY,N.Y. HOUSING POLICE,MANHATTAN,32,INSIDE,RESIDENCE - PUBLIC HOUSING,,,"1,001,751","241,630",40.82988489,-73.93676171,"(40.829884885, -73.936761711)"
315685988,9/4/2012,13:00:00,,14:00:00,9/7/2012,124,KIDNAPPING & RELATED OFFENSES,193,CUSTODIAL INTERFERENCE 1,COMPLETED,FELONY,N.Y. POLICE DEPT,MANHATTAN,33,INSIDE,RESIDENCE - APT. HOUSE,,,"1,001,746","245,819",40.84138249,-73.93676885,"(40.841382488, -73.936768853)"
607214257,4/21/2007,0:30:00,4/21/2007,3:30:00,4/21/2007,124,KIDNAPPING & RELATED OFFENSES,185,KIDNAPPING 2,COMPLETED,FELONY,N.Y. POLICE DEPT,MANHATTAN,33,INSIDE,RESIDENCE - APT. HOUSE,,,"1,001,746","245,819",40.84138249,-73.93676885,"(40.841382488, -73.936768853)"
204559752,12/28/2012,15:00:00,,,1/2/2013,124,KIDNAPPING & RELATED OFFENSES,193,CUSTODIAL INTERFERENCE 1,COMPLETED,FELONY,N.Y. HOUSING POLICE,BROOKLYN,94,INSIDE,RESIDENCE - PUBLIC HOUSING,,COOPER PARK,"1,001,769","200,786",40.71777879,-73.93680314,"(40.717778794, -73.936803142)"
416251162,7/1/2009,22:20:00,7/1/2009,22:25:00,7/1/2009,124,KIDNAPPING & RELATED OFFENSES,183,"IMPRISONMENT 1,UNLAWFUL",COMPLETED,FELONY,N.Y. POLICE DEPT,MANHATTAN,33,INSIDE,STREET,,,"1,001,730","246,719",40.84385276,-73.93682433,"(40.843852757, -73.936824333)"
170478928,6/14/2009,19:20:00,,,6/15/2009,124,KIDNAPPING & RELATED OFFENSES,183,"IMPRISONMENT 1,UNLAWFUL",COMPLETED,FELONY,N.Y. POLICE DEPT,MANHATTAN,33,INSIDE,RESIDENCE - APT. HOUSE,,,"1,001,730","246,719",40.84385276,-73.93682433,"(40.843852757, -73.936824333)"
199437205,11/18/2008,23:00:00,11/18/2008,23:20:00,11/19/2008,124,KIDNAPPING & RELATED OFFENSES,183,"IMPRISONMENT 1,UNLAWFUL",COMPLETED,FELONY,N.Y. POLICE DEPT,MANHATTAN,33,INSIDE,RESIDENCE - APT. HOUSE,,,"1,001,730","246,719",40.84385276,-73.93682433,"(40.843852757, -73.936824333)"
700713080,12/8/2009,1:00:00,12/8/2009,4:00:00,12/8/2009,124,KIDNAPPING & RELATED OFFENSES,187,KIDNAPPING 1,COMPLETED,FELONY,N.Y. POLICE DEPT,QUEENS,108,FRONT OF,STREET,,,"1,001,749","206,979",40.73477711,-73.93685919,"(40.734777111, -73.936859188)"
161974061,3/31/2010,15:00:00,3/31/2010,16:15:00,3/31/2010,124,KIDNAPPING & RELATED OFFENSES,183,"IMPRISONMENT 1,UNLAWFUL",COMPLETED,FELONY,N.Y. POLICE DEPT,MANHATTAN,34,,RESIDENCE - APT. HOUSE,,,"1,001,712","250,833",40.85514451,-73.93687868,"(40.855144506, -73.936878676)"
460885728,10/17/2012,7:10:00,,,10/18/2012,124,KIDNAPPING & RELATED OFFENSES,185,KIDNAPPING 2,COMPLETED,FELONY,N.Y. HOUSING POLICE,BROOKLYN,81,FRONT OF,RESIDENCE - PUBLIC HOUSING,,ROOSEVELT I,"1,001,727","191,635",40.69266154,-73.9369784,"(40.692661539, -73.936978402)"
883145700,2/21/2008,1:29:00,,,2/21/2008,124,KIDNAPPING & RELATED OFFENSES,183,"IMPRISONMENT 1,UNLAWFUL",COMPLETED,FELONY,N.Y. POLICE DEPT,MANHATTAN,25,INSIDE,RESIDENCE - PUBLIC HOUSING,,,"1,001,692","231,504",40.80209197,-73.93700122,"(40.802091971, -73.937001222)"
757344382,3/14/2007,1:00:00,3/14/2007,2:30:00,3/14/2007,124,KIDNAPPING & RELATED OFFENSES,183,"IMPRISONMENT 1,UNLAWFUL",COMPLETED,FELONY,N.Y. POLICE DEPT,BROOKLYN,63,,STREET,,,"1,001,733","169,648",40.63231208,-73.93701377,"(40.632312078, -73.937013774)"
538861741,10/24/2012,8:50:00,10/24/2012,8:57:00,10/24/2012,124,KIDNAPPING & RELATED OFFENSES,183,"IMPRISONMENT 1,UNLAWFUL",COMPLETED,FELONY,N.Y. HOUSING POLICE,BROOKLYN,94,INSIDE,RESIDENCE - PUBLIC HOUSING,,COOPER PARK,"1,001,685","201,032",40.71845417,-73.93710553,"(40.71845417, -73.937105529)"
655190962,3/11/2008,23:45:00,3/12/2008,7:00:00,3/16/2008,124,KIDNAPPING & RELATED OFFENSES,183,"IMPRISONMENT 1,UNLAWFUL",COMPLETED,FELONY,OTHER,MANHATTAN,33,INSIDE,RESIDENCE - APT. HOUSE,,,"1,001,641","244,651",40.83817688,-73.93715136,"(40.838176876, -73.937151364)"
272350713,9/18/2014,16:45:00,,,9/18/2014,124,KIDNAPPING & RELATED OFFENSES,183,"IMPRISONMENT 1,UNLAWFUL",COMPLETED,FELONY,N.Y. POLICE DEPT,MANHATTAN,33,INSIDE,RESIDENCE - APT. HOUSE,,,"1,001,628","245,604",40.84079261,-73.93719588,"(40.840792609, -73.937195876)"
823667599,4/17/2007,7:45:00,4/17/2007,7:55:00,4/17/2007,124,KIDNAPPING & RELATED OFFENSES,185,KIDNAPPING 2,ATTEMPTED,FELONY,N.Y. POLICE DEPT,BROOKLYN,81,FRONT OF,STREET,,,"1,001,668","189,305",40.68626634,-73.93719718,"(40.686266341, -73.937197184)"
113936289,8/4/2011,11:00:00,8/4/2011,15:00:00,8/4/2011,124,KIDNAPPING & RELATED OFFENSES,183,"IMPRISONMENT 1,UNLAWFUL",COMPLETED,FELONY,N.Y. POLICE DEPT,MANHATTAN,32,INSIDE,RESIDENCE - APT. HOUSE,,,"1,001,558","240,778",40.82754677,-73.93746131,"(40.82754677, -73.937461313)"
246344500,1/3/2010,20:05:00,1/3/2010,20:06:00,1/4/2010,124,KIDNAPPING & RELATED OFFENSES,183,"IMPRISONMENT 1,UNLAWFUL",COMPLETED,FELONY,N.Y. POLICE DEPT,MANHATTAN,32,INSIDE,RESIDENCE - APT. HOUSE,,,"1,001,558","240,778",40.82754677,-73.93746131,"(40.82754677, -73.937461313)"
553927836,5/6/2007,22:02:00,5/6/2007,22:02:00,5/6/2007,124,KIDNAPPING & RELATED OFFENSES,183,"IMPRISONMENT 1,UNLAWFUL",COMPLETED,FELONY,N.Y. POLICE DEPT,BROOKLYN,81,,STREET,,,"1,001,586","192,569",40.69522543,-73.93748445,"(40.69522543, -73.937484453)"
707352807,1/14/2009,15:00:00,,,1/14/2009,124,KIDNAPPING & RELATED OFFENSES,183,"IMPRISONMENT 1,UNLAWFUL",COMPLETED,FELONY,N.Y. POLICE DEPT,MANHATTAN,34,FRONT OF,STREET,,,"1,001,534","248,877",40.84977622,-73.93752717,"(40.849776217, -73.937527165)"
744128605,12/2/2008,16:30:00,12/2/2008,17:30:00,12/2/2008,124,KIDNAPPING & RELATED OFFENSES,185,KIDNAPPING 2,COMPLETED,FELONY,N.Y. POLICE DEPT,MANHATTAN,34,INSIDE,RESIDENCE - APT. HOUSE,,,"1,001,534","248,877",40.84977622,-73.93752717,"(40.849776217, -73.937527165)"
839718670,5/15/2008,22:00:00,,,5/15/2008,124,KIDNAPPING & RELATED OFFENSES,183,"IMPRISONMENT 1,UNLAWFUL",COMPLETED,FELONY,N.Y. POLICE DEPT,MANHATTAN,25,INSIDE,RESIDENCE - APT. HOUSE,,,"1,001,525","233,875",40.80860004,-73.93759832,"(40.808600041, -73.937598323)"
260054649,5/2/2013,16:00:00,5/3/2013,14:20:00,5/3/2013,124,KIDNAPPING & RELATED OFFENSES,183,"IMPRISONMENT 1,UNLAWFUL",COMPLETED,FELONY,N.Y. POLICE DEPT,MANHATTAN,32,INSIDE,RESIDENCE - APT. HOUSE,,,"1,001,520","238,402",40.8210254,-73.93760474,"(40.821025398, -73.937604737)"
374673844,3/22/2010,6:14:00,,,5/22/2010,124,KIDNAPPING & RELATED OFFENSES,183,"IMPRISONMENT 1,UNLAWFUL",COMPLETED,FELONY,N.Y. POLICE DEPT,MANHATTAN,32,FRONT OF,STREET,,,"1,001,520","238,402",40.8210254,-73.93760474,"(40.821025398, -73.937604737)"
691476847,5/6/2009,16:00:00,,,5/6/2009,124,KIDNAPPING & RELATED OFFENSES,187,KIDNAPPING 1,COMPLETED,FELONY,N.Y. POLICE DEPT,MANHATTAN,32,FRONT OF,STREET,,,"1,001,520","238,402",40.8210254,-73.93760474,"(40.821025398, -73.937604737)"
967290443,3/13/2010,20:00:00,,,3/15/2010,124,KIDNAPPING & RELATED OFFENSES,193,CUSTODIAL INTERFERENCE 1,COMPLETED,FELONY,N.Y. POLICE DEPT,BROOKLYN,81,INSIDE,RESIDENCE-HOUSE,,,"1,001,546","190,106",40.68846514,-73.93763503,"(40.688465142, -73.937635025)"
881656246,6/17/2011,20:31:00,6/17/2011,20:56:00,6/17/2011,124,KIDNAPPING & RELATED OFFENSES,193,CUSTODIAL INTERFERENCE 1,COMPLETED,FELONY,N.Y. POLICE DEPT,MANHATTAN,25,,STREET,,,"1,001,502","231,160",40.80114816,-73.93768838,"(40.801148158, -73.937688383)"
306142155,3/7/2006,22:30:00,,,3/8/2006,124,KIDNAPPING & RELATED OFFENSES,183,"IMPRISONMENT 1,UNLAWFUL",COMPLETED,FELONY,N.Y. POLICE DEPT,MANHATTAN,33,INSIDE,GROCERY/BODEGA,,,"1,001,485","245,822",40.84139124,-73.93771213,"(40.841391235, -73.93771213)"
299699466,1/11/2010,14:35:00,1/11/2010,16:30:00,1/11/2010,124,KIDNAPPING & RELATED OFFENSES,183,"IMPRISONMENT 1,UNLAWFUL",COMPLETED,FELONY,N.Y. POLICE DEPT,BROOKLYN,63,INSIDE,RESIDENCE-HOUSE,,,"1,001,512","166,219",40.62290063,-73.93781876,"(40.622900629, -73.937818762)"
917690864,2/14/2011,22:10:00,2/14/2011,22:50:00,2/15/2011,124,KIDNAPPING & RELATED OFFENSES,183,"IMPRISONMENT 1,UNLAWFUL",COMPLETED,FELONY,N.Y. HOUSING POLICE,BROOKLYN,79,INSIDE,RESIDENCE - PUBLIC HOUSING,,SUMNER,"1,001,477","193,239",40.69706464,-73.93787582,"(40.697064637, -73.937875815)"
738976472,2/14/2011,22:10:00,2/14/2011,22:50:00,2/15/2011,124,KIDNAPPING & RELATED OFFENSES,183,"IMPRISONMENT 1,UNLAWFUL",COMPLETED,FELONY,N.Y. HOUSING POLICE,BROOKLYN,79,INSIDE,RESIDENCE - PUBLIC HOUSING,,SUMNER,"1,001,477","193,239",40.69706464,-73.93787582,"(40.697064637, -73.937875815)"
562732319,7/30/2007,7:50:00,7/30/2007,8:00:00,7/30/2007,124,KIDNAPPING & RELATED OFFENSES,185,KIDNAPPING 2,COMPLETED,FELONY,N.Y. POLICE DEPT,MANHATTAN,33,FRONT OF,STREET,,,"1,001,425","244,170",40.83685709,-73.93793321,"(40.836857093, -73.937933207)"
892779306,8/5/2013,20:00:00,8/6/2013,8:00:00,8/8/2013,124,KIDNAPPING & RELATED OFFENSES,193,CUSTODIAL INTERFERENCE 1,COMPLETED,FELONY,N.Y. HOUSING POLICE,BROOKLYN,61,INSIDE,RESIDENCE - PUBLIC HOUSING,,SHEEPSHEAD BAY,"1,001,474","156,113",40.59516181,-73.93798142,"(40.595161807, -73.937981421)"
622926940,3/23/2011,19:05:00,3/23/2011,20:05:00,3/23/2011,124,KIDNAPPING & RELATED OFFENSES,185,KIDNAPPING 2,COMPLETED,FELONY,N.Y. POLICE DEPT,MANHATTAN,34,FRONT OF,STREET,,,"1,001,398","248,640",40.84912599,-73.93801935,"(40.849125988, -73.938019352)"
336246983,4/15/2008,17:45:00,4/15/2008,18:10:00,4/15/2008,124,KIDNAPPING & RELATED OFFENSES,193,CUSTODIAL INTERFERENCE 1,COMPLETED,FELONY,N.Y. POLICE DEPT,BROOKLYN,71,INSIDE,RESIDENCE - APT. HOUSE,,,"1,001,438","183,081",40.66918332,-73.93804237,"(40.669183319, -73.938042369)"
433009769,8/20/2007,18:00:00,,,8/26/2007,124,KIDNAPPING & RELATED OFFENSES,193,CUSTODIAL INTERFERENCE 1,COMPLETED,FELONY,N.Y. POLICE DEPT,MANHATTAN,32,INSIDE,RESIDENCE - APT. HOUSE,,,"1,001,382","239,987",40.82537604,-73.93809929,"(40.825376043, -73.938099286)"
298292223,3/17/2010,17:30:00,,,3/18/2010,124,KIDNAPPING & RELATED OFFENSES,183,"IMPRISONMENT 1,UNLAWFUL",COMPLETED,FELONY,N.Y. HOUSING POLICE,MANHATTAN,32,INSIDE,RESIDENCE - PUBLIC HOUSING,,,"1,001,374","238,163",40.8203697,-73.93813285,"(40.820369696, -73.938132846)"
906218471,1/27/2006,9:00:00,,,1/27/2006,124,KIDNAPPING & RELATED OFFENSES,193,CUSTODIAL INTERFERENCE 1,COMPLETED,FELONY,N.Y. POLICE DEPT,MANHATTAN,32,INSIDE,RESIDENCE - APT. HOUSE,,,"1,001,374","238,163",40.8203697,-73.93813285,"(40.820369696, -73.938132846)"
909944641,8/31/2014,18:00:00,,,10/7/2014,124,KIDNAPPING & RELATED OFFENSES,183,"IMPRISONMENT 1,UNLAWFUL",COMPLETED,FELONY,N.Y. POLICE DEPT,MANHATTAN,25,INSIDE,RESIDENCE - APT. HOUSE,,,"1,001,375","231,978",40.80339359,-73.93814501,"(40.803393591, -73.938145012)"
139954061,6/28/2015,22:45:00,6/28/2015,22:50:00,6/28/2015,124,KIDNAPPING & RELATED OFFENSES,185,KIDNAPPING 2,ATTEMPTED,FELONY,N.Y. POLICE DEPT,BROOKLYN,71,FRONT OF,STREET,,,"1,001,392","182,432",40.66740205,-73.93820984,"(40.667402048, -73.938209839)"
879148463,7/15/2011,15:00:00,7/21/2011,8:40:00,7/21/2011,124,KIDNAPPING & RELATED OFFENSES,193,CUSTODIAL INTERFERENCE 1,COMPLETED,FELONY,N.Y. HOUSING POLICE,BROOKLYN,94,INSIDE,RESIDENCE - PUBLIC HOUSING,,COOPER PARK,"1,001,366","200,587",40.71723338,-73.93825744,"(40.717233375, -73.938257437)"
710712380,6/5/2015,12:00:00,6/5/2015,12:10:00,6/5/2015,124,KIDNAPPING & RELATED OFFENSES,183,"IMPRISONMENT 1,UNLAWFUL",COMPLETED,FELONY,N.Y. HOUSING POLICE,BROOKLYN,94,INSIDE,RESIDENCE - PUBLIC HOUSING,,COOPER PARK,"1,001,350","201,326",40.71926178,-73.93831328,"(40.719261783, -73.938313278)"
936677545,2/2/2008,23:40:00,,,2/3/2008,124,KIDNAPPING & RELATED OFFENSES,185,KIDNAPPING 2,COMPLETED,FELONY,N.Y. POLICE DEPT,BROOKLYN,61,FRONT OF,OTHER,,,"1,001,372","152,044",40.58399341,-73.93835901,"(40.583993414, -73.938359012)"
270093246,12/25/2008,0:01:00,,,1/7/2009,124,KIDNAPPING & RELATED OFFENSES,193,CUSTODIAL INTERFERENCE 1,COMPLETED,FELONY,N.Y. POLICE DEPT,MANHATTAN,33,INSIDE,RESIDENCE - APT. HOUSE,,,"1,001,302","243,896",40.83610528,-73.93837841,"(40.836105281, -73.93837841)"
340713206,2/18/2009,19:35:00,,,2/18/2009,124,KIDNAPPING & RELATED OFFENSES,183,"IMPRISONMENT 1,UNLAWFUL",COMPLETED,FELONY,N.Y. POLICE DEPT,BROOKLYN,81,INSIDE,RESIDENCE - APT. HOUSE,,,"1,001,283","191,431",40.69210247,-73.93858001,"(40.692102472, -73.938580007)"
357242947,9/21/2010,7:00:00,9/22/2010,14:00:00,9/22/2010,124,KIDNAPPING & RELATED OFFENSES,183,"IMPRISONMENT 1,UNLAWFUL",COMPLETED,FELONY,N.Y. POLICE DEPT,BROOKLYN,79,INSIDE,RESIDENCE - APT. HOUSE,,,"1,001,282","189,110",40.68573186,-73.93858948,"(40.685731862, -73.93858948)"
924264679,8/5/2007,18:00:00,,,8/6/2007,124,KIDNAPPING & RELATED OFFENSES,193,CUSTODIAL INTERFERENCE 1,COMPLETED,FELONY,N.Y. POLICE DEPT,MANHATTAN,32,INSIDE,RESIDENCE-HOUSE,,,"1,001,220","239,781",40.82481095,-73.93868515,"(40.824810945, -73.938685153)"
373228772,8/19/2008,0:05:00,8/19/2008,0:20:00,8/19/2008,124,KIDNAPPING & RELATED OFFENSES,183,"IMPRISONMENT 1,UNLAWFUL",COMPLETED,FELONY,N.Y. POLICE DEPT,MANHATTAN,25,INSIDE,RESIDENCE - APT. HOUSE,,,"1,001,223","234,339",40.80987418,-73.93868807,"(40.809874177, -73.938688074)"
446797563,1/10/2009,14:30:00,,,1/10/2009,124,KIDNAPPING & RELATED OFFENSES,187,KIDNAPPING 1,COMPLETED,FELONY,N.Y. POLICE DEPT,BROOKLYN,77,FRONT OF,STREET,,,"1,001,245","185,808",40.67666869,-73.93873122,"(40.676668694, -73.938731217)"
296506010,4/30/2011,20:10:00,4/30/2011,20:44:00,4/30/2011,124,KIDNAPPING & RELATED OFFENSES,193,CUSTODIAL INTERFERENCE 1,COMPLETED,FELONY,N.Y. HOUSING POLICE,MANHATTAN,23,INSIDE,RESIDENCE - PUBLIC HOUSING,,,"1,001,213","229,173",40.79569494,-73.93873725,"(40.795694944, -73.93873725)"
828104050,5/22/2014,1:57:00,5/22/2014,3:54:00,5/22/2014,124,KIDNAPPING & RELATED OFFENSES,183,"IMPRISONMENT 1,UNLAWFUL",COMPLETED,FELONY,N.Y. POLICE DEPT,BROOKLYN,81,INSIDE,RESIDENCE - APT. HOUSE,,,"1,001,220","192,241",40.69432586,-73.93880515,"(40.694325855, -73.938805147)"
440512035,6/12/2010,2:00:00,6/12/2010,4:15:00,6/13/2010,124,KIDNAPPING & RELATED OFFENSES,183,"IMPRISONMENT 1,UNLAWFUL",COMPLETED,FELONY,N.Y. POLICE DEPT,BROOKLYN,81,INSIDE,RESIDENCE - APT. HOUSE,,,"1,001,220","192,241",40.69432586,-73.93880515,"(40.694325855, -73.938805147)"
786294465,1/4/2013,20:00:00,1/4/2013,22:00:00,1/4/2013,124,KIDNAPPING & RELATED OFFENSES,183,"IMPRISONMENT 1,UNLAWFUL",COMPLETED,FELONY,N.Y. POLICE DEPT,BROOKLYN,63,INSIDE,RESIDENCE - APT. HOUSE,,,"1,001,219","166,176",40.62278317,-73.93887434,"(40.622783169, -73.93887434)"
966066680,10/18/2006,21:15:00,10/18/2006,21:29:00,10/18/2006,124,KIDNAPPING & RELATED OFFENSES,185,KIDNAPPING 2,COMPLETED,FELONY,N.Y. POLICE DEPT,MANHATTAN,25,INSIDE,,,,"1,001,168","229,824",40.79748185,-73.93889813,"(40.797481848, -73.938898134)"
128980700,12/6/2009,16:30:00,,,12/6/2009,124,KIDNAPPING & RELATED OFFENSES,183,"IMPRISONMENT 1,UNLAWFUL",COMPLETED,FELONY,N.Y. HOUSING POLICE,MANHATTAN,23,INSIDE,RESIDENCE - PUBLIC HOUSING,,,"1,001,162","228,310",40.79332634,-73.93892362,"(40.793326341, -73.938923617)"
230833750,2/23/2009,8:00:00,,,2/23/2009,124,KIDNAPPING & RELATED OFFENSES,193,CUSTODIAL INTERFERENCE 1,COMPLETED,FELONY,N.Y. HOUSING POLICE,MANHATTAN,32,INSIDE,RESIDENCE - PUBLIC HOUSING,,,"1,001,124","237,707",40.81911859,-73.93903724,"(40.819118585, -73.939037236)"
800743822,12/16/2012,10:00:00,12/30/2012,12:30:00,12/30/2012,124,KIDNAPPING & RELATED OFFENSES,193,CUSTODIAL INTERFERENCE 1,COMPLETED,FELONY,N.Y. POLICE DEPT,BROOKLYN,77,INSIDE,RESIDENCE - APT. HOUSE,,,"1,001,160","184,534",40.67317201,-73.93904086,"(40.673172014, -73.939040855)"
131134174,12/22/2012,16:30:00,12/22/2012,16:30:00,12/23/2012,124,KIDNAPPING & RELATED OFFENSES,193,CUSTODIAL INTERFERENCE 1,COMPLETED,FELONY,N.Y. POLICE DEPT,MANHATTAN,25,INSIDE,RESIDENCE - APT. HOUSE,,,"1,001,122","231,521",40.80213974,-73.93906001,"(40.802139737, -73.939060009)"
221058270,8/25/2014,11:30:00,,,8/28/2014,124,KIDNAPPING & RELATED OFFENSES,193,CUSTODIAL INTERFERENCE 1,COMPLETED,FELONY,N.Y. POLICE DEPT,MANHATTAN,33,INSIDE,RESTAURANT/DINER,,,"1,001,110","244,195",40.83692632,-73.93907151,"(40.836926318, -73.939071513)"
853397803,12/18/2011,10:20:00,12/18/2011,15:57:00,12/18/2011,124,KIDNAPPING & RELATED OFFENSES,183,"IMPRISONMENT 1,UNLAWFUL",COMPLETED,FELONY,N.Y. HOUSING POLICE,BROOKLYN,79,INSIDE,RESIDENCE - PUBLIC HOUSING,,303 VERNON AVENUE,"1,001,139","192,775",40.69579172,-73.93909591,"(40.695791716, -73.939095905)"
250099496,10/7/2015,17:19:00,,,10/7/2015,124,KIDNAPPING & RELATED OFFENSES,183,"IMPRISONMENT 1,UNLAWFUL",COMPLETED,FELONY,N.Y. HOUSING POLICE,BROOKLYN,79,FRONT OF,RESIDENCE - PUBLIC HOUSING,,SUMNER,"1,001,083","193,860",40.6987699,-73.93929514,"(40.698769895, -73.939295142)"
144628754,2/26/2012,19:30:00,,,2/26/2012,124,KIDNAPPING & RELATED OFFENSES,193,CUSTODIAL INTERFERENCE 1,COMPLETED,FELONY,N.Y. HOUSING POLICE,BROOKLYN,79,INSIDE,RESIDENCE - PUBLIC HOUSING,,SUMNER,"1,001,083","193,860",40.6987699,-73.93929514,"(40.698769895, -73.939295142)"
610746870,10/30/2010,17:45:00,10/30/2010,18:00:00,10/30/2010,124,KIDNAPPING & RELATED OFFENSES,187,KIDNAPPING 1,COMPLETED,FELONY,N.Y. POLICE DEPT,BROOKLYN,83,INSIDE,RESTAURANT/DINER,,,"1,001,082","194,037",40.69925572,-73.93929831,"(40.699255721, -73.939298306)"
575024067,6/23/2015,20:30:00,,,6/23/2015,124,KIDNAPPING & RELATED OFFENSES,183,"IMPRISONMENT 1,UNLAWFUL",COMPLETED,FELONY,N.Y. POLICE DEPT,BROOKLYN,77,INSIDE,RESIDENCE - APT. HOUSE,,,"1,001,089","183,604",40.67061951,-73.93929913,"(40.670619507, -73.939299133)"
349967628,12/26/2009,3:15:00,12/26/2009,3:41:00,12/26/2009,124,KIDNAPPING & RELATED OFFENSES,183,"IMPRISONMENT 1,UNLAWFUL",COMPLETED,FELONY,N.Y. POLICE DEPT,MANHATTAN,25,INSIDE,RESIDENCE - APT. HOUSE,,,"1,001,028","229,572",40.79679044,-73.93940441,"(40.796790443, -73.939404406)"
322980641,9/12/2016,22:30:00,9/12/2016,23:31:00,9/13/2016,124,KIDNAPPING & RELATED OFFENSES,187,KIDNAPPING 1,ATTEMPTED,FELONY,N.Y. POLICE DEPT,MANHATTAN,32,FRONT OF,STREET,,,"1,001,021","238,518",40.82134475,-73.93940734,"(40.821344747, -73.939407339)"
461066610,10/20/2011,17:00:00,10/20/2011,19:00:00,10/20/2011,124,KIDNAPPING & RELATED OFFENSES,187,KIDNAPPING 1,COMPLETED,FELONY,N.Y. POLICE DEPT,MANHATTAN,33,INSIDE,RESIDENCE - APT. HOUSE,,,"1,001,014","244,397",40.83748093,-73.93941794,"(40.837480932, -73.939417941)"
820216789,1/20/2007,4:30:00,1/20/2007,6:30:00,1/20/2007,124,KIDNAPPING & RELATED OFFENSES,183,"IMPRISONMENT 1,UNLAWFUL",COMPLETED,FELONY,N.Y. POLICE DEPT,QUEENS,108,FRONT OF,BAR/NIGHT CLUB,,,"1,001,034","212,527",40.75000637,-73.93942531,"(40.750006372, -73.939425305)"
729447015,1/2/2009,10:30:00,,,1/5/2009,124,KIDNAPPING & RELATED OFFENSES,193,CUSTODIAL INTERFERENCE 1,COMPLETED,FELONY,N.Y. POLICE DEPT,MANHATTAN,33,INSIDE,RESIDENCE - APT. HOUSE,,,"1,001,000","247,411",40.84575351,-73.93946101,"(40.845753508, -73.939461008)"
359884554,10/24/2008,17:30:00,10/24/2008,18:00:00,10/24/2008,124,KIDNAPPING & RELATED OFFENSES,193,CUSTODIAL INTERFERENCE 1,COMPLETED,FELONY,N.Y. POLICE DEPT,BROOKLYN,79,INSIDE,RESIDENCE - APT. HOUSE,,,"1,001,031","188,116",40.68300404,-73.93949698,"(40.683004039, -73.939496982)"
986766487,8/14/2007,7:40:00,,,8/14/2007,124,KIDNAPPING & RELATED OFFENSES,183,"IMPRISONMENT 1,UNLAWFUL",COMPLETED,FELONY,N.Y. POLICE DEPT,MANHATTAN,32,INSIDE,RESIDENCE-HOUSE,,,"1,000,970","239,324",40.82355709,-73.9395896,"(40.823557086, -73.939589595)"
541364646,9/19/2011,15:27:00,,,9/19/2011,124,KIDNAPPING & RELATED OFFENSES,193,CUSTODIAL INTERFERENCE 1,COMPLETED,FELONY,N.Y. HOUSING POLICE,BROOKLYN,61,INSIDE,RESIDENCE - PUBLIC HOUSING,,SHEEPSHEAD BAY,"1,001,023","156,428",40.59602728,-73.9396046,"(40.596027283, -73.939604596)"
824365210,7/18/2009,15:00:00,7/18/2009,15:00:00,7/18/2009,124,KIDNAPPING & RELATED OFFENSES,193,CUSTODIAL INTERFERENCE 1,COMPLETED,FELONY,N.Y. HOUSING POLICE,BROOKLYN,61,INSIDE,RESIDENCE - PUBLIC HOUSING,,SHEEPSHEAD BAY,"1,001,019","156,467",40.59613434,-73.9396189,"(40.596134338, -73.939618902)"
119725324,5/2/2006,8:30:00,,,5/2/2006,124,KIDNAPPING & RELATED OFFENSES,183,"IMPRISONMENT 1,UNLAWFUL",COMPLETED,FELONY,N.Y. POLICE DEPT,MANHATTAN,33,FRONT OF,STREET,,,"1,000,955","243,915",40.83615809,-73.93963236,"(40.836158094, -73.939632361)"
913337815,6/10/2007,7:00:00,6/12/2007,9:00:00,6/12/2007,124,KIDNAPPING & RELATED OFFENSES,193,CUSTODIAL INTERFERENCE 1,COMPLETED,FELONY,N.Y. POLICE DEPT,BROOKLYN,71,FRONT OF,RESIDENCE - APT. HOUSE,,,"1,000,981","179,636",40.65972843,-73.93969831,"(40.659728433, -73.939698305)"
425507785,5/30/2008,18:30:00,,,5/30/2008,124,KIDNAPPING & RELATED OFFENSES,193,CUSTODIAL INTERFERENCE 1,COMPLETED,FELONY,N.Y. POLICE DEPT,BROOKLYN,79,FRONT OF,STREET,,,"1,000,922","186,700",40.67911765,-73.93989349,"(40.679117646, -73.939893487)"
878276523,2/28/2015,19:30:00,3/1/2015,23:00:00,3/1/2015,124,KIDNAPPING & RELATED OFFENSES,187,KIDNAPPING 1,COMPLETED,FELONY,N.Y. POLICE DEPT,BROOKLYN,81,INSIDE,RESIDENCE - APT. HOUSE,,,"1,000,917","191,512",40.69232549,-73.93989961,"(40.692325494, -73.939899611)"
858464601,5/23/2009,5:00:00,5/23/2009,5:18:00,5/23/2009,124,KIDNAPPING & RELATED OFFENSES,183,"IMPRISONMENT 1,UNLAWFUL",COMPLETED,FELONY,N.Y. POLICE DEPT,MANHATTAN,33,FRONT OF,RESTAURANT/DINER,,,"1,000,877","244,628",40.83811522,-73.93991247,"(40.838115219, -73.939912473)"
506090900,8/10/2012,12:00:00,8/13/2012,19:50:00,8/13/2012,124,KIDNAPPING & RELATED OFFENSES,193,CUSTODIAL INTERFERENCE 1,COMPLETED,FELONY,N.Y. POLICE DEPT,MANHATTAN,32,INSIDE,RESIDENCE - APT. HOUSE,,,"1,000,879","240,708",40.82735594,-73.93991496,"(40.827355944, -73.939914962)"
558217124,11/9/2015,23:00:00,11/10/2015,1:55:00,11/10/2015,124,KIDNAPPING & RELATED OFFENSES,183,"IMPRISONMENT 1,UNLAWFUL",COMPLETED,FELONY,N.Y. POLICE DEPT,QUEENS,114,INSIDE,RESIDENCE - APT. HOUSE,,,"1,000,877","217,745",40.76432875,-73.93997904,"(40.764328747, -73.939979039)"
236285436,8/11/2016,12:50:00,8/11/2016,13:34:00,8/11/2016,124,KIDNAPPING & RELATED OFFENSES,193,CUSTODIAL INTERFERENCE 1,ATTEMPTED,FELONY,N.Y. POLICE DEPT,MANHATTAN,25,,STREET,,,"1,000,864","232,113",40.8037651,-73.93999044,"(40.803765104, -73.939990437)"
582404538,3/5/2015,10:30:00,,,3/5/2015,124,KIDNAPPING & RELATED OFFENSES,185,KIDNAPPING 2,COMPLETED,FELONY,N.Y. HOUSING POLICE,MANHATTAN,23,FRONT OF,RESIDENCE - PUBLIC HOUSING,,,"1,000,866","226,632",40.78872124,-73.93999677,"(40.788721243, -73.939996774)"
938252854,7/19/2014,1:24:00,7/19/2014,2:50:00,7/19/2014,124,KIDNAPPING & RELATED OFFENSES,193,CUSTODIAL INTERFERENCE 1,COMPLETED,FELONY,N.Y. HOUSING POLICE,MANHATTAN,23,INSIDE,RESIDENCE - PUBLIC HOUSING,,,"1,000,866","226,632",40.78872124,-73.93999677,"(40.788721243, -73.939996774)"
879254615,1/7/2011,18:30:00,1/7/2011,20:30:00,1/7/2011,124,KIDNAPPING & RELATED OFFENSES,193,CUSTODIAL INTERFERENCE 1,COMPLETED,FELONY,N.Y. HOUSING POLICE,MANHATTAN,23,INSIDE,RESIDENCE - PUBLIC HOUSING,,,"1,000,866","226,632",40.78872124,-73.93999677,"(40.788721243, -73.939996774)"
676026760,10/30/2009,23:00:00,,,10/31/2009,124,KIDNAPPING & RELATED OFFENSES,183,"IMPRISONMENT 1,UNLAWFUL",COMPLETED,FELONY,N.Y. HOUSING POLICE,MANHATTAN,23,INSIDE,RESIDENCE - PUBLIC HOUSING,,,"1,000,866","226,632",40.78872124,-73.93999677,"(40.788721243, -73.939996774)"
319774877,6/7/2016,13:30:00,6/7/2016,14:15:00,6/28/2016,124,KIDNAPPING & RELATED OFFENSES,183,"IMPRISONMENT 1,UNLAWFUL",COMPLETED,FELONY,N.Y. HOUSING POLICE,MANHATTAN,23,INSIDE,RESIDENCE - PUBLIC HOUSING,,,"1,000,866","226,632",40.78872124,-73.93999677,"(40.788721243, -73.939996774)"
523677752,9/8/2010,10:30:00,9/8/2010,13:00:00,9/8/2010,124,KIDNAPPING & RELATED OFFENSES,185,KIDNAPPING 2,COMPLETED,FELONY,N.Y. POLICE DEPT,MANHATTAN,25,,STREET,,,"1,000,856","229,996",40.79795453,-73.94002457,"(40.797954533, -73.940024569)"
960039963,9/2/2009,15:00:00,,,9/16/2009,124,KIDNAPPING & RELATED OFFENSES,193,CUSTODIAL INTERFERENCE 1,COMPLETED,FELONY,N.Y. HOUSING POLICE,BROOKLYN,81,INSIDE,RESIDENCE - PUBLIC HOUSING,,ROOSEVELT I,"1,000,876","191,779",40.69305843,-73.9400468,"(40.693058425, -73.940046801)"
467593728,1/17/2010,13:49:00,,,1/17/2010,124,KIDNAPPING & RELATED OFFENSES,183,"IMPRISONMENT 1,UNLAWFUL",ATTEMPTED,FELONY,N.Y. POLICE DEPT,MANHATTAN,32,,STREET,,,"1,000,841","239,991",40.82538806,-73.94005404,"(40.825388055, -73.940054042)"
715095123,1/2/2014,0:30:00,1/2/2015,0:45:00,1/2/2015,124,KIDNAPPING & RELATED OFFENSES,183,"IMPRISONMENT 1,UNLAWFUL",COMPLETED,FELONY,N.Y. POLICE DEPT,BROOKLYN,63,FRONT OF,STREET,,,"1,000,867","165,882",40.62197687,-73.94014307,"(40.621976867, -73.940143066)"
953718120,6/7/2007,22:00:00,,,6/8/2007,124,KIDNAPPING & RELATED OFFENSES,185,KIDNAPPING 2,COMPLETED,FELONY,N.Y. POLICE DEPT,MANHATTAN,32,INSIDE,RESIDENCE - APT. HOUSE,,,"1,000,746","237,029",40.81725838,-73.94040458,"(40.81725838, -73.940404581)"
656145809,6/27/2016,20:00:00,6/27/2016,21:00:00,7/1/2016,124,KIDNAPPING & RELATED OFFENSES,183,"IMPRISONMENT 1,UNLAWFUL",COMPLETED,FELONY,N.Y. POLICE DEPT,MANHATTAN,33,INSIDE,RESIDENCE - APT. HOUSE,,,"1,000,732","244,885",40.83882088,-73.94043586,"(40.838820881, -73.940435862)"
138151548,3/14/2014,23:00:00,3/15/2014,0:58:00,3/15/2014,124,KIDNAPPING & RELATED OFFENSES,183,"IMPRISONMENT 1,UNLAWFUL",COMPLETED,FELONY,N.Y. POLICE DEPT,MANHATTAN,33,INSIDE,RESIDENCE - APT. HOUSE,,,"1,000,728","246,388",40.84294619,-73.94044663,"(40.842946185, -73.940446626)"
185823481,4/9/2011,9:00:00,4/10/2011,19:00:00,4/13/2013,124,KIDNAPPING & RELATED OFFENSES,193,CUSTODIAL INTERFERENCE 1,COMPLETED,FELONY,N.Y. POLICE DEPT,MANHATTAN,25,INSIDE,RESIDENCE - APT. HOUSE,,,"1,000,725","231,291",40.8015092,-73.94049453,"(40.8015092, -73.940494533)"
669970093,7/25/2007,18:00:00,,,10/4/2007,124,KIDNAPPING & RELATED OFFENSES,193,CUSTODIAL INTERFERENCE 1,COMPLETED,FELONY,N.Y. POLICE DEPT,BROOKLYN,79,INSIDE,RESIDENCE - APT. HOUSE,,,"1,000,747","189,985",40.68813455,-73.94051638,"(40.68813455, -73.940516377)"
831815277,8/21/2007,10:00:00,8/22/2007,7:00:00,8/22/2007,124,KIDNAPPING & RELATED OFFENSES,185,KIDNAPPING 2,COMPLETED,FELONY,N.Y. POLICE DEPT,BROOKLYN,63,FRONT OF,RESIDENCE-HOUSE,,,"1,000,751","167,392",40.62612172,-73.94055723,"(40.626121718, -73.940557233)"
980143334,10/29/2011,23:15:00,,,10/29/2011,124,KIDNAPPING & RELATED OFFENSES,183,"IMPRISONMENT 1,UNLAWFUL",COMPLETED,FELONY,N.Y. HOUSING POLICE,BROOKLYN,90,INSIDE,RESIDENCE - PUBLIC HOUSING,,BUSHWICK,"1,000,717","195,111",40.70220429,-73.94061202,"(40.702204286, -73.940612021)"
823342084,1/5/2008,23:00:00,1/6/2008,3:30:00,1/6/2008,124,KIDNAPPING & RELATED OFFENSES,183,"IMPRISONMENT 1,UNLAWFUL",COMPLETED,FELONY,N.Y. POLICE DEPT,MANHATTAN,32,INSIDE,RESIDENCE - APT. HOUSE,,,"1,000,685","233,894",40.80865379,-73.94063264,"(40.808653793, -73.940632639)"
210357414,8/16/2006,8:00:00,,,8/16/2006,124,KIDNAPPING & RELATED OFFENSES,193,CUSTODIAL INTERFERENCE 1,COMPLETED,FELONY,N.Y. POLICE DEPT,BROOKLYN,79,INSIDE,RESIDENCE-HOUSE,,,"1,000,707","190,252",40.68886748,-73.94065996,"(40.688867478, -73.940659958)"
751818963,12/28/2010,12:00:00,,,12/28/2010,124,KIDNAPPING & RELATED OFFENSES,193,CUSTODIAL INTERFERENCE 1,COMPLETED,FELONY,N.Y. POLICE DEPT,MANHATTAN,33,INSIDE,RESIDENCE - APT. HOUSE,,,"1,000,665","246,136",40.84225464,-73.94067494,"(40.842254636, -73.940674937)"
305498451,11/17/2006,15:05:00,11/17/2006,15:20:00,11/17/2006,124,KIDNAPPING & RELATED OFFENSES,185,KIDNAPPING 2,ATTEMPTED,FELONY,N.Y. POLICE DEPT,BROOKLYN,79,FRONT OF,STREET,,,"1,000,699","187,657",40.68174481,-73.94069514,"(40.681744811, -73.940695139)"
243165842,5/29/2012,9:00:00,5/29/2012,11:38:00,5/29/2012,124,KIDNAPPING & RELATED OFFENSES,183,"IMPRISONMENT 1,UNLAWFUL",COMPLETED,FELONY,N.Y. POLICE DEPT,BROOKLYN,90,INSIDE,RESIDENCE - APT. HOUSE,,,"1,000,663","197,339",40.70831972,-73.94080135,"(40.708319721, -73.940801346)"
570668902,1/11/2007,10:15:00,,,1/11/2007,124,KIDNAPPING & RELATED OFFENSES,193,CUSTODIAL INTERFERENCE 1,COMPLETED,FELONY,N.Y. HOUSING POLICE,BROOKLYN,90,INSIDE,RESIDENCE - PUBLIC HOUSING,,,"1,000,630","197,598",40.70903068,-73.94091974,"(40.709030676, -73.940919743)"
722280195,3/14/2009,20:30:00,3/14/2009,23:00:00,3/15/2009,124,KIDNAPPING & RELATED OFFENSES,183,"IMPRISONMENT 1,UNLAWFUL",COMPLETED,FELONY,N.Y. POLICE DEPT,MANHATTAN,33,INSIDE,RESIDENCE-HOUSE,,,"1,000,593","246,905",40.84436545,-73.94093328,"(40.84436545, -73.940933283)"
492037100,1/31/2015,7:00:00,1/31/2015,7:30:00,1/31/2015,124,KIDNAPPING & RELATED OFFENSES,183,"IMPRISONMENT 1,UNLAWFUL",COMPLETED,FELONY,N.Y. POLICE DEPT,BROOKLYN,79,INSIDE,RESIDENCE - APT. HOUSE,,,"1,000,625","190,785",40.69033059,-73.94095434,"(40.690330592, -73.940954341)"
216392324,10/20/2016,10:30:00,10/20/2016,14:19:00,10/20/2016,124,KIDNAPPING & RELATED OFFENSES,183,"IMPRISONMENT 1,UNLAWFUL",COMPLETED,FELONY,N.Y. POLICE DEPT,BROOKLYN,67,,STREET,,,"1,000,633","176,542",40.65123673,-73.94096011,"(40.651236731, -73.940960108)"
439757894,1/21/2008,22:00:00,1/21/2008,22:30:00,1/23/2008,124,KIDNAPPING & RELATED OFFENSES,193,CUSTODIAL INTERFERENCE 1,COMPLETED,FELONY,N.Y. POLICE DEPT,MANHATTAN,32,INSIDE,RESIDENCE - APT. HOUSE,,,"1,000,565","234,704",40.81087724,-73.94106415,"(40.810877241, -73.941064151)"
545328544,6/26/2015,1:10:00,6/26/2015,1:30:00,6/26/2015,124,KIDNAPPING & RELATED OFFENSES,185,KIDNAPPING 2,COMPLETED,FELONY,N.Y. POLICE DEPT,MANHATTAN,33,,STREET,,,"1,000,544","243,173",40.83412229,-73.94111945,"(40.834122286, -73.941119449)"
535844226,11/28/2010,22:45:00,11/28/2010,23:20:00,11/29/2010,124,KIDNAPPING & RELATED OFFENSES,187,KIDNAPPING 1,COMPLETED,FELONY,N.Y. POLICE DEPT,MANHATTAN,33,,STREET,,,"1,000,537","245,019",40.83918903,-73.94114026,"(40.839189034, -73.941140263)"
274927594,2/15/2010,14:50:00,,,2/15/2010,124,KIDNAPPING & RELATED OFFENSES,193,CUSTODIAL INTERFERENCE 1,COMPLETED,FELONY,N.Y. HOUSING POLICE,BROOKLYN,90,INSIDE,RESIDENCE - PUBLIC HOUSING,,BORINQUEN PLAZA II,"1,000,565","196,256",40.70534732,-73.94115745,"(40.705347323, -73.941157446)"
902930787,9/25/2008,20:00:00,9/25/2008,20:00:00,9/29/2008,124,KIDNAPPING & RELATED OFFENSES,193,CUSTODIAL INTERFERENCE 1,COMPLETED,FELONY,N.Y. POLICE DEPT,MANHATTAN,32,INSIDE,RESIDENCE - APT. HOUSE,,,"1,000,534","235,772",40.81380866,-73.94117355,"(40.81380866, -73.941173546)"
525920878,5/17/2007,17:00:00,5/17/2007,23:00:00,5/17/2007,124,KIDNAPPING & RELATED OFFENSES,183,"IMPRISONMENT 1,UNLAWFUL",COMPLETED,FELONY,N.Y. HOUSING POLICE,MANHATTAN,23,INSIDE,RESIDENCE - PUBLIC HOUSING,,,"1,000,531","229,408",40.79634124,-73.94119982,"(40.796341237, -73.941199816)"
857651291,5/11/2012,20:00:00,5/11/2012,20:30:00,5/11/2012,124,KIDNAPPING & RELATED OFFENSES,193,CUSTODIAL INTERFERENCE 1,COMPLETED,FELONY,N.Y. POLICE DEPT,BROOKLYN,71,INSIDE,RESIDENCE - APT. HOUSE,,,"1,000,560","179,992",40.66070636,-73.94121484,"(40.66070636, -73.941214844)"
744100000,4/12/2008,16:42:00,,,4/12/2008,124,KIDNAPPING & RELATED OFFENSES,193,CUSTODIAL INTERFERENCE 1,COMPLETED,FELONY,N.Y. POLICE DEPT,BROOKLYN,63,INSIDE,RESIDENCE-HOUSE,,,"1,000,561","163,849",40.61639727,-73.94125026,"(40.616397274, -73.941250261)"
133499642,6/26/2007,14:45:00,6/26/2007,15:00:00,6/26/2007,124,KIDNAPPING & RELATED OFFENSES,193,CUSTODIAL INTERFERENCE 1,COMPLETED,FELONY,N.Y. POLICE DEPT,MANHATTAN,32,,OTHER,,,"1,000,486","235,640",40.81344645,-73.94134727,"(40.813446445, -73.941347271)"
749047717,6/20/2010,8:00:00,6/20/2010,12:30:00,6/22/2010,124,KIDNAPPING & RELATED OFFENSES,183,"IMPRISONMENT 1,UNLAWFUL",COMPLETED,FELONY,N.Y. POLICE DEPT,MANHATTAN,25,INSIDE,RESIDENCE - APT. HOUSE,,,"1,000,472","230,833",40.80025258,-73.94140946,"(40.800252583, -73.941409462)"
607646803,5/29/2008,16:30:00,5/29/2008,17:00:00,5/29/2008,124,KIDNAPPING & RELATED OFFENSES,183,"IMPRISONMENT 1,UNLAWFUL",COMPLETED,FELONY,N.Y. POLICE DEPT,MANHATTAN,25,INSIDE,RESIDENCE - APT. HOUSE,,,"1,000,472","230,833",40.80025258,-73.94140946,"(40.800252583, -73.941409462)"
565671567,8/4/2011,13:00:00,,,8/7/2011,124,KIDNAPPING & RELATED OFFENSES,187,KIDNAPPING 1,COMPLETED,FELONY,N.Y. POLICE DEPT,BROOKLYN,61,,STREET,,,"1,000,501","157,260",40.59831193,-73.94148223,"(40.598311928, -73.941482231)"
158574231,3/11/2015,16:25:00,3/11/2015,16:33:00,3/11/2015,124,KIDNAPPING & RELATED OFFENSES,187,KIDNAPPING 1,COMPLETED,FELONY,N.Y. POLICE DEPT,MANHATTAN,33,INSIDE,TELECOMM. STORE,,,"1,000,434","244,898",40.83885711,-73.9415128,"(40.838857114, -73.941512796)"
561632459,10/25/2011,21:00:00,10/25/2011,21:30:00,10/25/2011,124,KIDNAPPING & RELATED OFFENSES,183,"IMPRISONMENT 1,UNLAWFUL",COMPLETED,FELONY,N.Y. POLICE DEPT,BROOKLYN,63,INSIDE,RESIDENCE-HOUSE,,,"1,000,480","162,093",40.61157757,-73.94154624,"(40.611577565, -73.941546238)"
674335020,4/24/2008,1:15:00,,,4/24/2008,124,KIDNAPPING & RELATED OFFENSES,183,"IMPRISONMENT 1,UNLAWFUL",COMPLETED,FELONY,N.Y. POLICE DEPT,MANHATTAN,33,INSIDE,RESIDENCE - APT. HOUSE,,,"1,000,415","243,837",40.83594501,-73.94158402,"(40.835945011, -73.941584018)"
273374248,2/21/2009,21:00:00,2/22/2009,3:00:00,2/22/2009,124,KIDNAPPING & RELATED OFFENSES,183,"IMPRISONMENT 1,UNLAWFUL",COMPLETED,FELONY,N.Y. HOUSING POLICE,BROOKLYN,79,INSIDE,RESIDENCE - PUBLIC HOUSING,,BEDFORD-STUYVESANT REHAB,"1,000,422","192,120",40.69399523,-73.94168314,"(40.693995232, -73.94168314)"
834267265,7/23/2016,22:30:00,7/24/2016,19:00:00,7/24/2016,124,KIDNAPPING & RELATED OFFENSES,185,KIDNAPPING 2,COMPLETED,FELONY,N.Y. POLICE DEPT,MANHATTAN,23,INSIDE,STREET,,,"1,000,396","228,434",40.79366812,-73.94168973,"(40.793668119, -73.941689734)"
802186137,9/26/2015,12:30:00,9/26/2015,12:50:00,9/26/2015,124,KIDNAPPING & RELATED OFFENSES,185,KIDNAPPING 2,ATTEMPTED,FELONY,N.Y. POLICE DEPT,BROOKLYN,77,,CHURCH,,,"1,000,423","185,111",40.67475713,-73.94169636,"(40.674757125, -73.941696356)"
787278836,11/29/2009,14:00:00,12/14/2009,17:00:00,12/15/2009,124,KIDNAPPING & RELATED OFFENSES,183,"IMPRISONMENT 1,UNLAWFUL",COMPLETED,FELONY,N.Y. POLICE DEPT,MANHATTAN,33,INSIDE,RESIDENCE - APT. HOUSE,,,"1,000,354","242,831",40.83318394,-73.94180688,"(40.833183943, -73.941806877)"
120066404,4/9/2015,20:30:00,4/9/2015,21:20:00,4/9/2015,124,KIDNAPPING & RELATED OFFENSES,183,"IMPRISONMENT 1,UNLAWFUL",COMPLETED,FELONY,N.Y. POLICE DEPT,BROOKLYN,79,INSIDE,RESIDENCE - APT. HOUSE,,,"1,000,382","192,387",40.69472816,-73.94182675,"(40.694728158, -73.941826747)"
870486562,9/6/2009,14:00:00,9/9/2009,13:00:00,9/9/2009,124,KIDNAPPING & RELATED OFFENSES,193,CUSTODIAL INTERFERENCE 1,COMPLETED,FELONY,N.Y. POLICE DEPT,BROOKLYN,79,INSIDE,RESIDENCE - APT. HOUSE,,,"1,000,382","192,387",40.69472816,-73.94182675,"(40.694728158, -73.941826747)"
684415711,10/19/2008,23:30:00,10/19/2008,23:56:00,10/20/2008,124,KIDNAPPING & RELATED OFFENSES,183,"IMPRISONMENT 1,UNLAWFUL",COMPLETED,FELONY,N.Y. POLICE DEPT,MANHATTAN,25,INSIDE,RESIDENCE - APT. HOUSE,,,"1,000,344","230,603",40.79962153,-73.94187234,"(40.79962153, -73.941872335)"
179620203,6/24/2007,1:15:00,6/24/2007,1:41:00,6/24/2007,124,KIDNAPPING & RELATED OFFENSES,183,"IMPRISONMENT 1,UNLAWFUL",COMPLETED,FELONY,N.Y. POLICE DEPT,MANHATTAN,25,INSIDE,,,,"1,000,344","230,603",40.79962153,-73.94187234,"(40.79962153, -73.941872335)"
194528797,10/4/2014,19:50:00,10/4/2014,20:15:00,10/4/2014,124,KIDNAPPING & RELATED OFFENSES,183,"IMPRISONMENT 1,UNLAWFUL",COMPLETED,FELONY,N.Y. POLICE DEPT,BROOKLYN,63,INSIDE,RESIDENCE - APT. HOUSE,,,"1,000,372","167,386",40.62610595,-73.94192258,"(40.626105947, -73.941922581)"
850340517,2/19/2016,17:00:00,2/19/2016,19:45:00,2/19/2016,124,KIDNAPPING & RELATED OFFENSES,193,CUSTODIAL INTERFERENCE 1,COMPLETED,FELONY,N.Y. POLICE DEPT,MANHATTAN,23,FRONT OF,,,,"1,000,329","225,433",40.7854313,-73.94193889,"(40.785431303, -73.941938889)"
498838957,7/19/2015,3:00:00,7/19/2015,3:25:00,7/20/2015,124,KIDNAPPING & RELATED OFFENSES,183,"IMPRISONMENT 1,UNLAWFUL",COMPLETED,FELONY,N.Y. POLICE DEPT,BROOKLYN,79,,STREET,,,"1,000,314","190,193",40.68870626,-73.9420772,"(40.688706258, -73.942077197)"
947426270,2/23/2009,23:25:00,2/23/2009,23:30:00,2/23/2009,124,KIDNAPPING & RELATED OFFENSES,193,CUSTODIAL INTERFERENCE 1,COMPLETED,FELONY,N.Y. HOUSING POLICE,BROOKLYN,79,INSIDE,RESIDENCE - PUBLIC HOUSING,,SUMNER,"1,000,288","193,737",40.69843377,-73.94216251,"(40.698433765, -73.942162511)"
694852534,7/1/2008,12:50:00,7/1/2008,13:00:00,7/23/2008,124,KIDNAPPING & RELATED OFFENSES,193,CUSTODIAL INTERFERENCE 1,COMPLETED,FELONY,N.Y. POLICE DEPT,MANHATTAN,33,INSIDE,RESIDENCE - APT. HOUSE,,,"1,000,227","242,604",40.83256112,-73.94226635,"(40.832561124, -73.942266354)"
553034303,11/25/2013,13:00:00,11/25/2013,13:48:00,11/25/2013,124,KIDNAPPING & RELATED OFFENSES,183,"IMPRISONMENT 1,UNLAWFUL",ATTEMPTED,FELONY,N.Y. POLICE DEPT,BROOKLYN,67,INSIDE,RESIDENCE-HOUSE,,,"1,000,243","171,648",40.63780447,-73.9423772,"(40.637804468, -73.942377197)"
699596025,6/6/2013,8:25:00,6/6/2013,8:49:00,6/6/2013,124,KIDNAPPING & RELATED OFFENSES,183,"IMPRISONMENT 1,UNLAWFUL",COMPLETED,FELONY,N.Y. POLICE DEPT,MANHATTAN,32,INSIDE,RESIDENCE - APT. HOUSE,,,"1,000,196","237,925",40.81971866,-73.9423895,"(40.819718657, -73.942389497)"
718796088,8/22/2012,15:00:00,8/22/2012,15:35:00,8/22/2012,124,KIDNAPPING & RELATED OFFENSES,183,"IMPRISONMENT 1,UNLAWFUL",COMPLETED,FELONY,N.Y. POLICE DEPT,MANHATTAN,33,INSIDE,RESIDENCE - APT. HOUSE,,,"1,000,163","243,383",40.83469937,-73.94249578,"(40.83469937, -73.942495779)"
188249557,1/14/2009,16:00:00,1/14/2009,16:01:00,1/14/2009,124,KIDNAPPING & RELATED OFFENSES,193,CUSTODIAL INTERFERENCE 1,COMPLETED,FELONY,N.Y. POLICE DEPT,MANHATTAN,33,INSIDE,RESIDENCE - APT. HOUSE,,,"1,000,163","243,383",40.83469937,-73.94249578,"(40.83469937, -73.942495779)"
503918916,6/11/2006,19:00:00,,,6/12/2006,124,KIDNAPPING & RELATED OFFENSES,187,KIDNAPPING 1,COMPLETED,FELONY,N.Y. POLICE DEPT,MANHATTAN,30,,STREET,,,"1,000,162","240,960",40.82804893,-73.94250514,"(40.828048933, -73.942505139)"
894941617,5/27/2012,1:30:00,5/27/2012,2:59:00,5/27/2012,124,KIDNAPPING & RELATED OFFENSES,193,CUSTODIAL INTERFERENCE 1,COMPLETED,FELONY,N.Y. HOUSING POLICE,MANHATTAN,32,INSIDE,RESIDENCE - PUBLIC HOUSING,,,"1,000,126","238,706",40.82186241,-73.94264055,"(40.821862408, -73.942640554)"
110153781,12/27/2009,22:10:00,12/28/2009,0:09:00,12/28/2009,124,KIDNAPPING & RELATED OFFENSES,187,KIDNAPPING 1,COMPLETED,FELONY,N.Y. HOUSING POLICE,MANHATTAN,32,INSIDE,RESIDENCE - PUBLIC HOUSING,,,"1,000,126","238,706",40.82186241,-73.94264055,"(40.821862408, -73.942640554)"
161651437,5/4/2009,16:32:00,5/4/2009,16:55:00,5/4/2009,124,KIDNAPPING & RELATED OFFENSES,183,"IMPRISONMENT 1,UNLAWFUL",COMPLETED,FELONY,N.Y. POLICE DEPT,MANHATTAN,30,INSIDE,RESIDENCE - APT. HOUSE,,,"1,000,124","240,833",40.82770042,-73.94264275,"(40.827700422, -73.942642749)"
510727695,3/21/2009,2:00:00,3/21/2009,11:15:00,3/21/2009,124,KIDNAPPING & RELATED OFFENSES,183,"IMPRISONMENT 1,UNLAWFUL",COMPLETED,FELONY,N.Y. POLICE DEPT,BROOKLYN,71,INSIDE,RESIDENCE - APT. HOUSE,,,"1,000,162","180,089",40.66097333,-73.94264914,"(40.660973328, -73.942649137)"
339866248,7/5/2009,15:30:00,,,7/19/2009,124,KIDNAPPING & RELATED OFFENSES,183,"IMPRISONMENT 1,UNLAWFUL",COMPLETED,FELONY,N.Y. POLICE DEPT,MANHATTAN,33,INSIDE,HOSPITAL,,,"1,000,112","245,745",40.84118247,-73.94267449,"(40.841182466, -73.942674494)"
644177568,9/23/2011,0:00:00,,,8/2/2012,124,KIDNAPPING & RELATED OFFENSES,193,CUSTODIAL INTERFERENCE 1,COMPLETED,FELONY,N.Y. POLICE DEPT,MANHATTAN,32,INSIDE,RESIDENCE - APT. HOUSE,,,"1,000,068","237,698",40.81909584,-73.94285249,"(40.819095837, -73.942852488)"
396471421,10/3/2016,0:00:00,10/3/2016,4:00:00,10/3/2016,124,KIDNAPPING & RELATED OFFENSES,183,"IMPRISONMENT 1,UNLAWFUL",COMPLETED,FELONY,N.Y. POLICE DEPT,MANHATTAN,32,INSIDE,RESIDENCE - APT. HOUSE,,,"1,000,068","237,698",40.81909584,-73.94285249,"(40.819095837, -73.942852488)"
845460190,2/6/2015,14:20:00,,,2/9/2015,124,KIDNAPPING & RELATED OFFENSES,193,CUSTODIAL INTERFERENCE 1,COMPLETED,FELONY,N.Y. POLICE DEPT,BROOKLYN,77,INSIDE,RESIDENCE - APT. HOUSE,,,"1,000,039","185,139",40.67483467,-73.94308065,"(40.674834672, -73.943080645)"
714369474,8/25/2011,21:30:00,9/1/2011,8:10:00,9/1/2011,124,KIDNAPPING & RELATED OFFENSES,185,KIDNAPPING 2,COMPLETED,FELONY,N.Y. POLICE DEPT,BROOKLYN,67,INSIDE,RESIDENCE-HOUSE,,,"999,989","174,746",40.64630827,-73.94328516,"(40.646308268, -73.943285156)"
574951319,4/17/2012,6:45:00,4/17/2012,6:50:00,4/17/2012,124,KIDNAPPING & RELATED OFFENSES,185,KIDNAPPING 2,ATTEMPTED,FELONY,N.Y. POLICE DEPT,MANHATTAN,30,,STREET,,,"999,926","240,200",40.82596337,-73.94335968,"(40.825963371, -73.943359675)"
414102343,7/31/2011,10:00:00,,,8/5/2011,124,KIDNAPPING & RELATED OFFENSES,193,CUSTODIAL INTERFERENCE 1,COMPLETED,FELONY,N.Y. POLICE DEPT,BROOKLYN,77,INSIDE,RESIDENCE - APT. HOUSE,,,"999,947","183,840",40.67126937,-73.94341534,"(40.671269373, -73.943415337)"
845251816,8/11/2009,19:00:00,8/11/2009,19:30:00,8/11/2009,124,KIDNAPPING & RELATED OFFENSES,193,CUSTODIAL INTERFERENCE 1,COMPLETED,FELONY,N.Y. HOUSING POLICE,QUEENS,114,INSIDE,RESIDENCE - PUBLIC HOUSING,,,"999,925","214,507",40.75544301,-73.94342325,"(40.755443005, -73.943423246)"
388680511,4/17/2012,4:30:00,4/17/2012,6:00:00,4/18/2012,124,KIDNAPPING & RELATED OFFENSES,183,"IMPRISONMENT 1,UNLAWFUL",COMPLETED,FELONY,N.Y. POLICE DEPT,BROOKLYN,90,,STREET,,,"999,931","197,510",40.7087904,-73.9434412,"(40.708790403, -73.943441199)"
449892246,11/26/2006,11:00:00,11/26/2006,12:00:00,11/26/2006,124,KIDNAPPING & RELATED OFFENSES,183,"IMPRISONMENT 1,UNLAWFUL",COMPLETED,FELONY,N.Y. POLICE DEPT,MANHATTAN,32,INSIDE,RESIDENCE - APT. HOUSE,,,"999,879","236,455",40.81568449,-73.94353822,"(40.815684487, -73.943538222)"
106339727,8/28/2006,9:00:00,8/28/2006,10:30:00,8/28/2006,124,KIDNAPPING & RELATED OFFENSES,193,CUSTODIAL INTERFERENCE 1,COMPLETED,FELONY,N.Y. HOUSING POLICE,BROOKLYN,79,INSIDE,RESIDENCE - PUBLIC HOUSING,,SUMNER,"999,888","193,014",40.69645001,-73.94360674,"(40.696450014, -73.943606737)"
293436465,3/17/2014,16:20:00,3/17/2014,16:30:00,3/17/2014,124,KIDNAPPING & RELATED OFFENSES,193,CUSTODIAL INTERFERENCE 1,COMPLETED,FELONY,N.Y. POLICE DEPT,BROOKLYN,71,FRONT OF,RESIDENCE-HOUSE,,,"999,856","182,541",40.66770407,-73.94374639,"(40.667704069, -73.943746391)"
269291124,10/25/2010,11:00:00,10/25/2010,11:25:00,10/25/2010,124,KIDNAPPING & RELATED OFFENSES,183,"IMPRISONMENT 1,UNLAWFUL",COMPLETED,FELONY,N.Y. HOUSING POLICE,BROOKLYN,79,INSIDE,RESIDENCE - PUBLIC HOUSING,,TOMPKINS,"999,849","193,276",40.69716921,-73.94374678,"(40.697169212, -73.943746775)"
738259308,11/4/2012,19:50:00,11/4/2012,19:52:00,11/4/2012,124,KIDNAPPING & RELATED OFFENSES,183,"IMPRISONMENT 1,UNLAWFUL",COMPLETED,FELONY,N.Y. POLICE DEPT,MANHATTAN,33,INSIDE,RESIDENCE - APT. HOUSE,,,"999,778","244,635",40.83813643,-73.94388418,"(40.838136433, -73.943884175)"
213739184,6/28/2009,17:00:00,,,6/29/2009,124,KIDNAPPING & RELATED OFFENSES,193,CUSTODIAL INTERFERENCE 1,COMPLETED,FELONY,N.Y. POLICE DEPT,BROOKLYN,67,INSIDE,RESIDENCE - APT. HOUSE,,,"999,809","172,040",40.6388812,-73.94394004,"(40.638881198, -73.943940035)"
261639646,8/11/2014,19:50:00,8/12/2014,3:00:00,8/12/2014,124,KIDNAPPING & RELATED OFFENSES,193,CUSTODIAL INTERFERENCE 1,COMPLETED,FELONY,N.Y. POLICE DEPT,BROOKLYN,79,,STREET,,,"999,790","187,056",40.68009685,-73.94397389,"(40.680096845, -73.943973892)"
244027377,11/19/2014,23:00:00,,,12/16/2014,124,KIDNAPPING & RELATED OFFENSES,183,"IMPRISONMENT 1,UNLAWFUL",COMPLETED,FELONY,N.Y. POLICE DEPT,MANHATTAN,30,INSIDE,RESIDENCE - APT. HOUSE,,,"999,751","241,187",40.82867271,-73.94398972,"(40.828672713, -73.943989719)"
409487934,4/21/2006,17:30:00,,,4/21/2006,124,KIDNAPPING & RELATED OFFENSES,193,CUSTODIAL INTERFERENCE 1,COMPLETED,FELONY,N.Y. POLICE DEPT,MANHATTAN,30,INSIDE,OTHER,,,"999,751","241,187",40.82867271,-73.94398972,"(40.828672713, -73.943989719)"
709154861,10/17/2009,18:30:00,,,10/17/2009,124,KIDNAPPING & RELATED OFFENSES,187,KIDNAPPING 1,COMPLETED,FELONY,N.Y. POLICE DEPT,MANHATTAN,33,FRONT OF,RESIDENCE - APT. HOUSE,,,"999,702","244,380",40.83743667,-73.94415942,"(40.837436665, -73.944159423)"
917638374,1/11/2009,18:55:00,,,1/11/2009,124,KIDNAPPING & RELATED OFFENSES,193,CUSTODIAL INTERFERENCE 1,COMPLETED,FELONY,N.Y. POLICE DEPT,MANHATTAN,33,INSIDE,RESIDENCE - APT. HOUSE,,,"999,702","244,380",40.83743667,-73.94415942,"(40.837436665, -73.944159423)"
174021598,2/20/2016,16:00:00,2/20/2016,17:39:00,2/20/2016,124,KIDNAPPING & RELATED OFFENSES,183,"IMPRISONMENT 1,UNLAWFUL",COMPLETED,FELONY,N.Y. POLICE DEPT,MANHATTAN,33,INSIDE,RESIDENCE - APT. HOUSE,,,"999,702","244,380",40.83743667,-73.94415942,"(40.837436665, -73.944159423)"
457242168,8/27/2009,15:30:00,8/27/2009,15:32:00,8/27/2009,124,KIDNAPPING & RELATED OFFENSES,183,"IMPRISONMENT 1,UNLAWFUL",COMPLETED,FELONY,N.Y. POLICE DEPT,BROOKLYN,67,INSIDE,RESIDENCE-HOUSE,,,"999,719","174,729",40.64626208,-73.94425815,"(40.646262083, -73.944258154)"
543585658,12/23/2007,14:00:00,12/23/2007,15:38:00,12/23/2007,124,KIDNAPPING & RELATED OFFENSES,183,"IMPRISONMENT 1,UNLAWFUL",COMPLETED,FELONY,N.Y. POLICE DEPT,MANHATTAN,25,,HIGHWAY/PARKWAY,,,"999,656","230,985",40.80067124,-73.94435641,"(40.800671242, -73.94435641)"
438487207,2/13/2012,23:50:00,2/14/2012,0:05:00,2/14/2012,124,KIDNAPPING & RELATED OFFENSES,183,"IMPRISONMENT 1,UNLAWFUL",COMPLETED,FELONY,N.Y. POLICE DEPT,MANHATTAN,30,INSIDE,RESIDENCE - APT. HOUSE,,,"999,607","239,622",40.82437749,-73.94451363,"(40.824377486, -73.944513634)"
351252325,10/10/2013,20:00:00,,,10/10/2013,124,KIDNAPPING & RELATED OFFENSES,193,CUSTODIAL INTERFERENCE 1,COMPLETED,FELONY,N.Y. HOUSING POLICE,BROOKLYN,90,INSIDE,RESIDENCE - PUBLIC HOUSING,,WILLIAMSBURG,"999,632","198,004",40.71014684,-73.94451854,"(40.710146841, -73.944518542)"
144716167,10/7/2006,3:30:00,10/7/2006,4:30:00,10/7/2006,124,KIDNAPPING & RELATED OFFENSES,183,"IMPRISONMENT 1,UNLAWFUL",COMPLETED,FELONY,N.Y. POLICE DEPT,MANHATTAN,33,,STREET,,,"999,572","245,693",40.8410407,-73.94462623,"(40.841040695, -73.944626231)"
946400244,7/9/2012,20:40:00,,,7/9/2012,124,KIDNAPPING & RELATED OFFENSES,183,"IMPRISONMENT 1,UNLAWFUL",COMPLETED,FELONY,N.Y. POLICE DEPT,MANHATTAN,32,INSIDE,RESIDENCE - APT. HOUSE,,,"999,565","236,789",40.81660177,-73.94467185,"(40.816601773, -73.944671854)"
798980192,8/28/2009,22:59:00,8/29/2009,0:08:00,8/29/2009,124,KIDNAPPING & RELATED OFFENSES,183,"IMPRISONMENT 1,UNLAWFUL",COMPLETED,FELONY,N.Y. POLICE DEPT,BROOKLYN,79,INSIDE,RESIDENCE - APT. HOUSE,,,"999,542","187,345",40.68089052,-73.94486737,"(40.680890516, -73.94486737)"
934016764,12/14/2008,9:00:00,1/4/2009,9:50:00,1/4/2009,124,KIDNAPPING & RELATED OFFENSES,193,CUSTODIAL INTERFERENCE 1,COMPLETED,FELONY,N.Y. POLICE DEPT,BROOKLYN,79,INSIDE,RESIDENCE-HOUSE,,,"999,542","187,345",40.68089052,-73.94486737,"(40.680890516, -73.94486737)"
206521380,8/29/2008,17:30:00,8/29/2008,17:40:00,8/30/2008,124,KIDNAPPING & RELATED OFFENSES,193,CUSTODIAL INTERFERENCE 1,COMPLETED,FELONY,N.Y. POLICE DEPT,BROOKLYN,79,INSIDE,RESIDENCE - APT. HOUSE,,,"999,542","187,345",40.68089052,-73.94486737,"(40.680890516, -73.94486737)"
427336369,4/6/2006,20:30:00,,,4/6/2006,124,KIDNAPPING & RELATED OFFENSES,187,KIDNAPPING 1,COMPLETED,FELONY,N.Y. POLICE DEPT,BROOKLYN,79,FRONT OF,RESIDENCE-HOUSE,,,"999,542","187,345",40.68089052,-73.94486737,"(40.680890516, -73.94486737)"
291091970,9/17/2008,17:50:00,,,9/17/2008,124,KIDNAPPING & RELATED OFFENSES,185,KIDNAPPING 2,COMPLETED,FELONY,N.Y. POLICE DEPT,MANHATTAN,32,FRONT OF,BEAUTY & NAIL SALON,,,"999,506","238,457",40.82118007,-73.94488122,"(40.821180065, -73.944881215)"
123960899,1/26/2010,3:50:00,1/26/2010,4:30:00,1/26/2010,124,KIDNAPPING & RELATED OFFENSES,183,"IMPRISONMENT 1,UNLAWFUL",COMPLETED,FELONY,N.Y. POLICE DEPT,MANHATTAN,30,INSIDE,RESIDENCE - APT. HOUSE,,,"999,456","240,757",40.827493,-73.94505665,"(40.827492999, -73.945056654)"
952406537,6/17/2012,9:10:00,6/17/2012,10:30:00,6/17/2012,124,KIDNAPPING & RELATED OFFENSES,193,CUSTODIAL INTERFERENCE 1,COMPLETED,FELONY,N.Y. POLICE DEPT,MANHATTAN,32,INSIDE,PUBLIC BUILDING,,,"999,428","236,544",40.81592955,-73.94516736,"(40.815929553, -73.945167357)"
286407696,8/31/2008,16:00:00,8/31/2008,17:00:00,8/31/2008,124,KIDNAPPING & RELATED OFFENSES,193,CUSTODIAL INTERFERENCE 1,COMPLETED,FELONY,N.Y. POLICE DEPT,MANHATTAN,32,FRONT OF,OTHER,,,"999,428","236,544",40.81592955,-73.94516736,"(40.815929553, -73.945167357)"
734069122,8/31/2013,8:00:00,8/30/2015,23:00:00,8/30/2015,124,KIDNAPPING & RELATED OFFENSES,193,CUSTODIAL INTERFERENCE 1,COMPLETED,FELONY,N.Y. HOUSING POLICE,BROOKLYN,79,INSIDE,RESIDENCE - PUBLIC HOUSING,,TOMPKINS,"999,414","193,607",40.69807849,-73.94531477,"(40.698078486, -73.94531477)"
770367938,3/9/2013,22:44:00,3/9/2013,23:06:00,3/10/2013,124,KIDNAPPING & RELATED OFFENSES,183,"IMPRISONMENT 1,UNLAWFUL",COMPLETED,FELONY,N.Y. HOUSING POLICE,BROOKLYN,79,INSIDE,RESIDENCE - PUBLIC HOUSING,,TOMPKINS,"999,414","193,607",40.69807849,-73.94531477,"(40.698078486, -73.94531477)"
371592586,7/30/2006,4:00:00,7/30/2006,5:58:00,7/30/2006,124,KIDNAPPING & RELATED OFFENSES,185,KIDNAPPING 2,COMPLETED,FELONY,N.Y. POLICE DEPT,BROOKLYN,67,INSIDE,RESIDENCE-HOUSE,,,"999,406","173,709",40.64346294,-73.94538836,"(40.643462944, -73.945388356)"
352702591,4/22/2009,17:00:00,4/22/2009,17:10:00,4/22/2009,124,KIDNAPPING & RELATED OFFENSES,183,"IMPRISONMENT 1,UNLAWFUL",COMPLETED,FELONY,N.Y. POLICE DEPT,MANHATTAN,23,INSIDE,RESIDENCE - APT. HOUSE,,,"999,352","225,822",40.78650073,-73.94546604,"(40.786500727, -73.945466039)"
731094533,11/16/2006,13:00:00,11/16/2006,17:10:00,11/16/2006,124,KIDNAPPING & RELATED OFFENSES,183,"IMPRISONMENT 1,UNLAWFUL",COMPLETED,FELONY,N.Y. POLICE DEPT,BROOKLYN,90,INSIDE,RESIDENCE - APT. HOUSE,,,"999,367","196,376",40.70567882,-73.94547805,"(40.705678823, -73.945478053)"
745543556,8/31/2009,17:30:00,8/31/2009,18:30:00,9/1/2009,124,KIDNAPPING & RELATED OFFENSES,187,KIDNAPPING 1,COMPLETED,FELONY,N.Y. POLICE DEPT,MANHATTAN,30,INSIDE,RESIDENCE - APT. HOUSE,,,"999,327","240,977",40.82809706,-73.94552228,"(40.828097057, -73.945522284)"
264198984,3/1/2009,6:00:00,,,3/1/2009,124,KIDNAPPING & RELATED OFFENSES,183,"IMPRISONMENT 1,UNLAWFUL",COMPLETED,FELONY,N.Y. POLICE DEPT,BROOKLYN,79,INSIDE,RESIDENCE - APT. HOUSE,,,"999,360","186,409",40.67832172,-73.94552565,"(40.678321721, -73.945525654)"
325764205,10/20/2015,21:00:00,,,10/22/2015,124,KIDNAPPING & RELATED OFFENSES,193,CUSTODIAL INTERFERENCE 1,COMPLETED,FELONY,N.Y. HOUSING POLICE,MANHATTAN,23,INSIDE,RESIDENCE - PUBLIC HOUSING,,,"999,324","226,582",40.78858677,-73.94556545,"(40.788586771, -73.945565445)"
891088373,2/21/2012,15:00:00,3/8/2012,17:00:00,3/8/2012,124,KIDNAPPING & RELATED OFFENSES,193,CUSTODIAL INTERFERENCE 1,COMPLETED,FELONY,N.Y. POLICE DEPT,BROOKLYN,67,INSIDE,RESIDENCE-HOUSE,,,"999,344","176,124",40.6500917,-73.94560636,"(40.650091702, -73.945606363)"
501413177,9/13/2011,16:30:00,9/13/2011,16:30:00,9/14/2011,124,KIDNAPPING & RELATED OFFENSES,187,KIDNAPPING 1,COMPLETED,FELONY,N.Y. POLICE DEPT,MANHATTAN,33,FRONT OF,STREET,,,"999,278","244,165",40.83684728,-73.9456922,"(40.836847284, -73.945692198)"
117879712,5/31/2008,18:50:00,,,5/31/2008,124,KIDNAPPING & RELATED OFFENSES,183,"IMPRISONMENT 1,UNLAWFUL",COMPLETED,FELONY,N.Y. HOUSING POLICE,BROOKLYN,79,INSIDE,RESIDENCE - PUBLIC HOUSING,,TOMPKINS,"999,282","192,769",40.6957786,-73.94579268,"(40.695778596, -73.945792677)"
586451122,6/27/2006,12:30:00,6/27/2006,12:50:00,6/27/2006,124,KIDNAPPING & RELATED OFFENSES,183,"IMPRISONMENT 1,UNLAWFUL",COMPLETED,FELONY,N.Y. POLICE DEPT,MANHATTAN,19,FRONT OF,PARK/PLAYGROUND,,,"999,249","223,595",40.78038838,-73.94584296,"(40.78038838, -73.945842958)"
645573714,6/26/2012,15:00:00,,,6/26/2012,124,KIDNAPPING & RELATED OFFENSES,193,CUSTODIAL INTERFERENCE 1,COMPLETED,FELONY,N.Y. POLICE DEPT,BROOKLYN,79,FRONT OF,STREET,,,"999,256","189,212",40.6860155,-73.94589436,"(40.686015495, -73.945894361)"
633276900,9/18/2010,15:00:00,9/18/2010,15:15:00,9/18/2010,124,KIDNAPPING & RELATED OFFENSES,183,"IMPRISONMENT 1,UNLAWFUL",COMPLETED,FELONY,N.Y. POLICE DEPT,MANHATTAN,30,INSIDE,RESIDENCE - APT. HOUSE,,,"999,201","240,750",40.82747422,-73.94597808,"(40.827474221, -73.945978078)"
222476602,8/20/2009,15:30:00,8/20/2009,15:40:00,8/20/2009,124,KIDNAPPING & RELATED OFFENSES,183,"IMPRISONMENT 1,UNLAWFUL",COMPLETED,FELONY,N.Y. POLICE DEPT,BROOKLYN,79,INSIDE,RESIDENCE - APT. HOUSE,,,"999,223","192,074",40.69387108,-73.94600699,"(40.693871083, -73.94600699)"
723130828,6/28/2009,10:00:00,6/28/2009,10:30:00,6/28/2009,124,KIDNAPPING & RELATED OFFENSES,183,"IMPRISONMENT 1,UNLAWFUL",COMPLETED,FELONY,N.Y. POLICE DEPT,MANHATTAN,28,INSIDE,RESIDENCE - APT. HOUSE,,,"999,192","232,736",40.80547805,-73.94602844,"(40.805478054, -73.946028439)"
331381245,6/10/2014,18:00:00,6/10/2014,19:30:00,6/12/2014,124,KIDNAPPING & RELATED OFFENSES,183,"IMPRISONMENT 1,UNLAWFUL",COMPLETED,FELONY,N.Y. HOUSING POLICE,QUEENS,114,INSIDE,RESIDENCE - PUBLIC HOUSING,,QUEENSBRIDGE NORTH,"999,166","215,253",40.7574919,-73.94616117,"(40.757491898, -73.946161167)"
900689678,6/19/2007,14:20:00,6/19/2007,21:50:00,6/19/2007,124,KIDNAPPING & RELATED OFFENSES,193,CUSTODIAL INTERFERENCE 1,COMPLETED,FELONY,N.Y. HOUSING POLICE,QUEENS,114,INSIDE,RESIDENCE - PUBLIC HOUSING,,QUEENSBRIDGE NORTH,"999,166","215,253",40.7574919,-73.94616117,"(40.757491898, -73.946161167)"
683009712,9/30/2008,15:00:00,9/30/2008,17:45:00,9/30/2008,124,KIDNAPPING & RELATED OFFENSES,185,KIDNAPPING 2,COMPLETED,FELONY,N.Y. HOUSING POLICE,BROOKLYN,90,INSIDE,RESIDENCE - PUBLIC HOUSING,,WILLIAMSBURG,"999,140","198,195",40.71067193,-73.94629276,"(40.710671932, -73.946292764)"
348203931,12/13/2008,4:40:00,,,12/13/2008,124,KIDNAPPING & RELATED OFFENSES,185,KIDNAPPING 2,COMPLETED,FELONY,N.Y. HOUSING POLICE,QUEENS,114,FRONT OF,RESIDENCE - PUBLIC HOUSING,,,"999,113","214,335",40.75497231,-73.9463545,"(40.754972311, -73.946354503)"
764712555,2/27/2016,14:50:00,2/27/2016,15:00:00,2/27/2016,124,KIDNAPPING & RELATED OFFENSES,193,CUSTODIAL INTERFERENCE 1,COMPLETED,FELONY,N.Y. HOUSING POLICE,MANHATTAN,23,INSIDE,RESIDENCE - PUBLIC HOUSING,,TAFT,"999,061","229,912",40.79772717,-73.94650786,"(40.797727166, -73.946507862)"
415565327,6/24/2013,15:30:00,6/24/2013,22:00:00,6/24/2013,124,KIDNAPPING & RELATED OFFENSES,193,CUSTODIAL INTERFERENCE 1,COMPLETED,FELONY,N.Y. HOUSING POLICE,BROOKLYN,79,INSIDE,RESIDENCE - PUBLIC HOUSING,,TOMPKINS,"999,070","193,134",40.69678079,-73.94655639,"(40.696780794, -73.946556394)"
606679228,7/15/2010,0:01:00,7/15/2010,4:00:00,7/15/2010,124,KIDNAPPING & RELATED OFFENSES,185,KIDNAPPING 2,COMPLETED,FELONY,N.Y. HOUSING POLICE,BROOKLYN,79,FRONT OF,RESIDENCE - PUBLIC HOUSING,,TOMPKINS,"999,070","193,134",40.69678079,-73.94655639,"(40.696780794, -73.946556394)"
334400663,12/7/2013,14:00:00,12/7/2013,14:20:00,12/7/2013,124,KIDNAPPING & RELATED OFFENSES,193,CUSTODIAL INTERFERENCE 1,COMPLETED,FELONY,N.Y. POLICE DEPT,BROOKLYN,63,INSIDE,RESIDENCE-HOUSE,,,"999,060","167,196",40.62558673,-73.94664942,"(40.625586727, -73.946649424)"
900789198,1/4/2006,1:10:00,1/4/2006,6:00:00,1/4/2006,124,KIDNAPPING & RELATED OFFENSES,185,KIDNAPPING 2,COMPLETED,FELONY,N.Y. POLICE DEPT,MANHATTAN,30,,STREET,,,"999,012","240,409",40.82653859,-73.94666175,"(40.826538591, -73.946661753)"
921119725,2/21/2010,8:00:00,,,2/22/2010,124,KIDNAPPING & RELATED OFFENSES,187,KIDNAPPING 1,COMPLETED,FELONY,N.Y. POLICE DEPT,MANHATTAN,30,INSIDE,OTHER,,,"999,010","241,301",40.82898688,-73.94666702,"(40.82898688, -73.946667017)"
528499411,4/3/2007,13:00:00,4/3/2007,13:10:00,4/3/2007,124,KIDNAPPING & RELATED OFFENSES,183,"IMPRISONMENT 1,UNLAWFUL",COMPLETED,FELONY,N.Y. POLICE DEPT,MANHATTAN,30,INSIDE,RESIDENCE - APT. HOUSE,,,"999,010","241,301",40.82898688,-73.94666702,"(40.82898688, -73.946667017)"
848880602,2/14/2007,18:05:00,2/14/2007,18:45:00,2/14/2007,124,KIDNAPPING & RELATED OFFENSES,185,KIDNAPPING 2,COMPLETED,FELONY,N.Y. POLICE DEPT,BROOKLYN,70,,STREET,,,"999,014","170,286",40.6340682,-73.94680838,"(40.634068202, -73.946808376)"
738190607,9/10/2006,7:30:00,9/10/2006,10:00:00,9/10/2006,124,KIDNAPPING & RELATED OFFENSES,193,CUSTODIAL INTERFERENCE 1,COMPLETED,FELONY,N.Y. POLICE DEPT,BROOKLYN,71,INSIDE,COMMERCIAL BUILDING,,,"999,005","181,250",40.66416202,-73.94681682,"(40.66416202, -73.94681682)"
586546253,4/1/2008,20:50:00,4/1/2008,20:55:00,4/1/2008,124,KIDNAPPING & RELATED OFFENSES,193,CUSTODIAL INTERFERENCE 1,COMPLETED,FELONY,N.Y. HOUSING POLICE,BROOKLYN,79,INSIDE,RESIDENCE - PUBLIC HOUSING,,ARMSTRONG II,"998,989","189,991",40.68815412,-73.94685538,"(40.68815412, -73.946855378)"
366527805,12/15/2008,4:00:00,12/15/2008,4:30:00,12/16/2008,124,KIDNAPPING & RELATED OFFENSES,183,"IMPRISONMENT 1,UNLAWFUL",COMPLETED,FELONY,N.Y. POLICE DEPT,MANHATTAN,19,INSIDE,RESIDENCE - APT. HOUSE,,,"998,968","224,347",40.78245289,-73.94685595,"(40.782452892, -73.946855947)"
355253074,2/23/2016,15:30:00,2/23/2016,16:24:00,2/24/2016,124,KIDNAPPING & RELATED OFFENSES,183,"IMPRISONMENT 1,UNLAWFUL",COMPLETED,FELONY,N.Y. POLICE DEPT,BROOKLYN,79,INSIDE,RESIDENCE - APT. HOUSE,,,"998,988","186,637",40.67894816,-73.94686632,"(40.678948157, -73.94686632)"
717332986,4/16/2016,16:00:00,4/19/2016,8:00:00,4/19/2016,124,KIDNAPPING & RELATED OFFENSES,193,CUSTODIAL INTERFERENCE 1,COMPLETED,FELONY,N.Y. POLICE DEPT,MANHATTAN,30,INSIDE,RESIDENCE - APT. HOUSE,,,"998,949","240,295",40.8262258,-73.94688964,"(40.826225799, -73.946889641)"
188618214,7/20/2008,5:25:00,,,7/20/2008,124,KIDNAPPING & RELATED OFFENSES,183,"IMPRISONMENT 1,UNLAWFUL",COMPLETED,FELONY,N.Y. POLICE DEPT,BROOKLYN,79,FRONT OF,STREET,,,"998,972","191,081",40.69114595,-73.9469143,"(40.691145948, -73.946914295)"
578499407,10/15/2007,14:50:00,,,10/15/2007,124,KIDNAPPING & RELATED OFFENSES,193,CUSTODIAL INTERFERENCE 1,COMPLETED,FELONY,N.Y. POLICE DEPT,BROOKLYN,61,INSIDE,RESIDENCE-HOUSE,,,"998,952","154,967",40.59202081,-73.94706511,"(40.59202081, -73.947065106)"
643503990,5/24/2009,14:00:00,5/24/2009,15:00:00,5/24/2009,124,KIDNAPPING & RELATED OFFENSES,183,"IMPRISONMENT 1,UNLAWFUL",COMPLETED,FELONY,N.Y. POLICE DEPT,BROOKLYN,90,INSIDE,RESIDENCE - APT. HOUSE,,,"998,910","196,322",40.70553138,-73.94712646,"(40.705531375, -73.94712646)"
965297018,7/3/2007,19:00:00,7/3/2007,19:12:00,7/3/2007,124,KIDNAPPING & RELATED OFFENSES,183,"IMPRISONMENT 1,UNLAWFUL",COMPLETED,FELONY,N.Y. HOUSING POLICE,MANHATTAN,28,INSIDE,RESIDENCE - PUBLIC HOUSING,,,"998,869","230,618",40.79966526,-73.94719978,"(40.799665264, -73.94719978)"
956631059,5/9/2012,13:39:00,5/9/2012,14:14:00,5/9/2012,124,KIDNAPPING & RELATED OFFENSES,183,"IMPRISONMENT 1,UNLAWFUL",COMPLETED,FELONY,N.Y. POLICE DEPT,MANHATTAN,30,,STREET,,,"998,855","241,981",40.83085354,-73.94722562,"(40.830853543, -73.947225621)"
868863038,10/16/2016,19:00:00,10/17/2016,10:30:00,10/17/2016,124,KIDNAPPING & RELATED OFFENSES,193,CUSTODIAL INTERFERENCE 1,COMPLETED,FELONY,N.Y. HOUSING POLICE,MANHATTAN,23,INSIDE,RESIDENCE - PUBLIC HOUSING,,,"998,862","226,396",40.78807703,-73.94723425,"(40.788077027, -73.947234248)"
238380367,8/1/2008,23:30:00,8/2/2008,0:15:00,8/2/2008,124,KIDNAPPING & RELATED OFFENSES,183,"IMPRISONMENT 1,UNLAWFUL",COMPLETED,FELONY,N.Y. POLICE DEPT,MANHATTAN,32,FRONT OF,STREET,,,"998,854","236,861",40.8168006,-73.94724038,"(40.816800597, -73.947240377)"
364536722,2/22/2008,7:25:00,2/22/2008,7:30:00,2/22/2008,124,KIDNAPPING & RELATED OFFENSES,183,"IMPRISONMENT 1,UNLAWFUL",COMPLETED,FELONY,N.Y. POLICE DEPT,BROOKLYN,94,INSIDE,RESIDENCE - APT. HOUSE,,,"998,875","200,288",40.71641716,-73.94724408,"(40.71641716, -73.947244081)"
844361902,2/5/2013,0:20:00,2/5/2013,0:50:00,2/5/2013,124,KIDNAPPING & RELATED OFFENSES,183,"IMPRISONMENT 1,UNLAWFUL",COMPLETED,FELONY,N.Y. POLICE DEPT,BROOKLYN,79,INSIDE,RESIDENCE - APT. HOUSE,,,"998,850","191,881",40.69334197,-73.94735249,"(40.693341966, -73.947352491)"
501039703,3/1/2011,15:00:00,3/2/2011,1:00:00,3/2/2011,124,KIDNAPPING & RELATED OFFENSES,193,CUSTODIAL INTERFERENCE 1,COMPLETED,FELONY,N.Y. POLICE DEPT,BROOKLYN,67,,,,,"998,836","172,467",40.64005488,-73.94744498,"(40.640054877, -73.947444976)"
918148779,9/26/2014,16:15:00,,,9/26/2014,124,KIDNAPPING & RELATED OFFENSES,193,CUSTODIAL INTERFERENCE 1,COMPLETED,FELONY,N.Y. HOUSING POLICE,MANHATTAN,28,INSIDE,RESIDENCE - PUBLIC HOUSING,,,"998,753","230,407",40.79908632,-73.94761921,"(40.799086317, -73.947619211)"
459252275,4/18/2008,16:00:00,,,4/26/2008,124,KIDNAPPING & RELATED OFFENSES,185,KIDNAPPING 2,COMPLETED,FELONY,N.Y. POLICE DEPT,MANHATTAN,23,,STREET,,,"998,736","227,214",40.79032243,-73.9476875,"(40.790322425, -73.947687498)"
713368641,5/17/2006,16:30:00,5/17/2006,17:00:00,5/17/2006,124,KIDNAPPING & RELATED OFFENSES,185,KIDNAPPING 2,COMPLETED,FELONY,N.Y. POLICE DEPT,BROOKLYN,70,,STREET,,,"998,767","169,858",40.63289384,-73.94769921,"(40.632893841, -73.94769921)"
815073214,8/3/2006,23:00:00,8/3/2006,23:10:00,8/4/2006,124,KIDNAPPING & RELATED OFFENSES,183,"IMPRISONMENT 1,UNLAWFUL",COMPLETED,FELONY,N.Y. POLICE DEPT,MANHATTAN,19,FRONT OF,RESIDENCE - APT. HOUSE,,,"998,720","222,392",40.77708734,-73.94775567,"(40.777087344, -73.947755665)"
205317767,6/13/2010,3:30:00,6/13/2010,4:11:00,6/13/2010,124,KIDNAPPING & RELATED OFFENSES,183,"IMPRISONMENT 1,UNLAWFUL",COMPLETED,FELONY,N.Y. POLICE DEPT,BROOKLYN,94,INSIDE,COMMERCIAL BUILDING,,,"998,716","201,053",40.71851716,-73.947816,"(40.718517162, -73.947816004)"
205132404,6/13/2008,13:00:00,7/1/2008,23:00:00,7/1/2008,124,KIDNAPPING & RELATED OFFENSES,193,CUSTODIAL INTERFERENCE 1,COMPLETED,FELONY,N.Y. POLICE DEPT,BROOKLYN,71,,STREET,,,"998,726","182,937",40.66879292,-73.94781886,"(40.66879292, -73.947818858)"
140065076,8/2/2009,6:00:00,8/2/2009,6:20:00,8/2/2009,124,KIDNAPPING & RELATED OFFENSES,193,CUSTODIAL INTERFERENCE 1,COMPLETED,FELONY,N.Y. HOUSING POLICE,MANHATTAN,23,INSIDE,RESIDENCE - PUBLIC HOUSING,,LEHMAN,"998,684","229,230",40.79585589,-73.94787096,"(40.795855886, -73.947870955)"
491555371,12/21/2012,15:30:00,12/21/2012,15:35:00,4/16/2013,124,KIDNAPPING & RELATED OFFENSES,193,CUSTODIAL INTERFERENCE 1,COMPLETED,FELONY,N.Y. POLICE DEPT,QUEENS,114,FRONT OF,,,,"998,681","217,587",40.76389893,-73.9479068,"(40.763898934, -73.947906796)"
463808021,6/16/2006,15:57:00,6/16/2006,16:00:00,6/16/2006,124,KIDNAPPING & RELATED OFFENSES,183,"IMPRISONMENT 1,UNLAWFUL",COMPLETED,FELONY,N.Y. POLICE DEPT,BROOKLYN,67,INSIDE,RESIDENCE - APT. HOUSE,,,"998,702","172,456",40.6400249,-73.94792783,"(40.640024904, -73.94792783)"
543085290,10/18/2008,4:30:00,,,10/19/2008,124,KIDNAPPING & RELATED OFFENSES,183,"IMPRISONMENT 1,UNLAWFUL",COMPLETED,FELONY,N.Y. POLICE DEPT,BROOKLYN,71,INSIDE,RESIDENCE-HOUSE,,,"998,692","182,460",40.66748372,-73.94794244,"(40.667483717, -73.947942442)"
667945383,3/5/2009,13:00:00,,,3/5/2009,124,KIDNAPPING & RELATED OFFENSES,183,"IMPRISONMENT 1,UNLAWFUL",COMPLETED,FELONY,N.Y. POLICE DEPT,MANHATTAN,23,INSIDE,RESIDENCE - APT. HOUSE,,,"998,658","227,556",40.79126125,-73.94796845,"(40.791261251, -73.947968449)"
247265703,3/31/2006,17:00:00,,,4/1/2006,124,KIDNAPPING & RELATED OFFENSES,183,"IMPRISONMENT 1,UNLAWFUL",COMPLETED,FELONY,N.Y. POLICE DEPT,MANHATTAN,28,OPPOSITE OF,STREET,,,"998,638","231,227",40.80133718,-73.94803281,"(40.801337182, -73.948032812)"
966301679,7/29/2006,18:45:00,7/29/2006,19:00:00,7/29/2006,124,KIDNAPPING & RELATED OFFENSES,185,KIDNAPPING 2,ATTEMPTED,FELONY,N.Y. HOUSING POLICE,QUEENS,114,FRONT OF,RESIDENCE - PUBLIC HOUSING,,QUEENSBRIDGE SOUTH,"998,646","214,591",40.75567574,-73.94803956,"(40.755675739, -73.948039558)"
161992958,2/5/2007,20:15:00,2/5/2007,20:29:00,2/5/2007,124,KIDNAPPING & RELATED OFFENSES,183,"IMPRISONMENT 1,UNLAWFUL",COMPLETED,FELONY,N.Y. POLICE DEPT,MANHATTAN,19,,TAXI (LIVERY LICENSED),,,"998,633","219,957",40.77040405,-73.948075,"(40.770404049, -73.948075)"
345349055,1/5/2007,20:00:00,1/6/2007,21:00:00,1/6/2007,124,KIDNAPPING & RELATED OFFENSES,187,KIDNAPPING 1,COMPLETED,FELONY,N.Y. POLICE DEPT,BROOKLYN,67,,STREET,,,"998,631","174,973",40.64693364,-73.94817829,"(40.646933643, -73.948178293)"
632118445,4/17/2008,22:00:00,,,4/18/2008,124,KIDNAPPING & RELATED OFFENSES,183,"IMPRISONMENT 1,UNLAWFUL",COMPLETED,FELONY,N.Y. POLICE DEPT,BROOKLYN,79,INSIDE,RESIDENCE - APT. HOUSE,,,"998,608","193,487",40.69775046,-73.94822174,"(40.697750458, -73.948221741)"
529518978,4/15/2016,18:30:00,4/15/2016,19:30:00,4/15/2016,124,KIDNAPPING & RELATED OFFENSES,193,CUSTODIAL INTERFERENCE 1,COMPLETED,FELONY,N.Y. POLICE DEPT,MANHATTAN,19,INSIDE,RESIDENCE - APT. HOUSE,,,"998,586","223,661",40.78057063,-73.94823678,"(40.780570632, -73.948236782)"
823688788,11/23/2009,0:10:00,12/9/2009,0:00:00,12/9/2009,124,KIDNAPPING & RELATED OFFENSES,193,CUSTODIAL INTERFERENCE 1,COMPLETED,FELONY,N.Y. POLICE DEPT,BROOKLYN,67,INSIDE,RESIDENCE - APT. HOUSE,,,"998,590","177,084",40.65272795,-73.94832155,"(40.652727946, -73.948321553)"
911105658,8/28/2007,20:30:00,,,8/29/2007,124,KIDNAPPING & RELATED OFFENSES,183,"IMPRISONMENT 1,UNLAWFUL",COMPLETED,FELONY,N.Y. POLICE DEPT,BROOKLYN,79,INSIDE,RESIDENCE-HOUSE,,,"998,570","188,016",40.68273388,-73.94837041,"(40.682733884, -73.948370411)"
814749534,5/23/2010,15:58:00,,,5/23/2010,124,KIDNAPPING & RELATED OFFENSES,193,CUSTODIAL INTERFERENCE 1,COMPLETED,FELONY,N.Y. POLICE DEPT,MANHATTAN,23,,STREET,,,"998,545","225,823",40.78650481,-73.94838023,"(40.786504813, -73.948380225)"
619853260,10/20/2009,12:30:00,10/20/2009,13:00:00,10/20/2009,124,KIDNAPPING & RELATED OFFENSES,183,"IMPRISONMENT 1,UNLAWFUL",COMPLETED,FELONY,N.Y. POLICE DEPT,MANHATTAN,26,,STREET,,,"998,493","238,571",40.82149466,-73.94854096,"(40.821494655, -73.948540962)"
697520043,8/3/2007,1:00:00,8/3/2007,1:45:00,8/3/2007,124,KIDNAPPING & RELATED OFFENSES,183,"IMPRISONMENT 1,UNLAWFUL",COMPLETED,FELONY,N.Y. POLICE DEPT,BROOKLYN,67,INSIDE,RESIDENCE - APT. HOUSE,,,"998,504","173,213",40.64210303,-73.94863967,"(40.642103028, -73.948639667)"
327151962,8/16/2006,19:00:00,,,8/17/2006,124,KIDNAPPING & RELATED OFFENSES,193,CUSTODIAL INTERFERENCE 1,COMPLETED,FELONY,N.Y. POLICE DEPT,BROOKLYN,79,FRONT OF,STREET,,,"998,489","188,550",40.68419972,-73.94866133,"(40.684199723, -73.948661329)"
110752077,2/14/2012,16:00:00,2/14/2012,18:00:00,2/15/2012,124,KIDNAPPING & RELATED OFFENSES,183,"IMPRISONMENT 1,UNLAWFUL",COMPLETED,FELONY,N.Y. HOUSING POLICE,MANHATTAN,23,INSIDE,RESIDENCE - PUBLIC HOUSING,,LEHMAN,"998,431","228,774",40.7946047,-73.94878567,"(40.794604699, -73.948785665)"
579724701,5/25/2008,21:15:00,,,5/25/2008,124,KIDNAPPING & RELATED OFFENSES,183,"IMPRISONMENT 1,UNLAWFUL",COMPLETED,FELONY,N.Y. POLICE DEPT,BROOKLYN,71,INSIDE,RESIDENCE-HOUSE,,,"998,456","178,712",40.65719667,-73.94880105,"(40.657196667, -73.948801045)"
489807521,10/19/2007,0:30:00,10/19/2007,20:13:00,10/19/2007,124,KIDNAPPING & RELATED OFFENSES,185,KIDNAPPING 2,COMPLETED,FELONY,N.Y. POLICE DEPT,MANHATTAN,23,INSIDE,RESIDENCE - APT. HOUSE,,,"998,400","229,241",40.79588654,-73.94889664,"(40.795886537, -73.94889664)"
914876226,8/12/2006,12:00:00,,,8/25/2006,124,KIDNAPPING & RELATED OFFENSES,193,CUSTODIAL INTERFERENCE 1,COMPLETED,FELONY,N.Y. POLICE DEPT,BROOKLYN,79,INSIDE,RESIDENCE - APT. HOUSE,,,"998,408","189,084",40.68566556,-73.94895226,"(40.685665562, -73.948952261)"
945584922,6/1/2011,3:45:00,6/1/2011,4:04:00,6/1/2011,124,KIDNAPPING & RELATED OFFENSES,183,"IMPRISONMENT 1,UNLAWFUL",COMPLETED,FELONY,N.Y. HOUSING POLICE,MANHATTAN,32,INSIDE,RESIDENCE - PUBLIC HOUSING,,,"998,362","234,740",40.81097984,-73.94902233,"(40.810979844, -73.949022325)"
813638132,3/13/2008,17:00:00,,,3/13/2008,124,KIDNAPPING & RELATED OFFENSES,193,CUSTODIAL INTERFERENCE 1,COMPLETED,FELONY,N.Y. HOUSING POLICE,MANHATTAN,32,INSIDE,RESIDENCE - PUBLIC HOUSING,,,"998,362","234,740",40.81097984,-73.94902233,"(40.810979844, -73.949022325)"
267293821,11/12/2006,9:00:00,11/12/2006,9:58:00,11/12/2006,124,KIDNAPPING & RELATED OFFENSES,183,"IMPRISONMENT 1,UNLAWFUL",COMPLETED,FELONY,N.Y. HOUSING POLICE,MANHATTAN,28,INSIDE,RESIDENCE - PUBLIC HOUSING,,,"998,362","231,048",40.80084632,-73.94903009,"(40.800846321, -73.949030085)"
502586810,6/11/2006,2:00:00,,,6/11/2006,124,KIDNAPPING & RELATED OFFENSES,183,"IMPRISONMENT 1,UNLAWFUL",COMPLETED,FELONY,N.Y. HOUSING POLICE,MANHATTAN,28,INSIDE,RESIDENCE - PUBLIC HOUSING,,,"998,362","231,048",40.80084632,-73.94903009,"(40.800846321, -73.949030085)"
669668583,11/10/2010,20:30:00,11/10/2010,21:15:00,11/10/2010,124,KIDNAPPING & RELATED OFFENSES,185,KIDNAPPING 2,COMPLETED,FELONY,N.Y. POLICE DEPT,BROOKLYN,67,FRONT OF,RESIDENCE - APT. HOUSE,,,"998,387","174,639",40.64601728,-73.94905827,"(40.646017278, -73.949058268)"
222262466,1/11/2010,20:00:00,,,1/19/2010,124,KIDNAPPING & RELATED OFFENSES,193,CUSTODIAL INTERFERENCE 1,COMPLETED,FELONY,N.Y. POLICE DEPT,BROOKLYN,71,INSIDE,RESIDENCE - APT. HOUSE,,,"998,366","183,303",40.66979809,-73.94911581,"(40.66979809, -73.949115807)"
321560177,9/1/2013,12:00:00,10/7/2013,14:00:00,10/7/2013,124,KIDNAPPING & RELATED OFFENSES,193,CUSTODIAL INTERFERENCE 1,COMPLETED,FELONY,N.Y. POLICE DEPT,MANHATTAN,32,INSIDE,RESIDENCE - APT. HOUSE,,,"998,312","236,106",40.81472921,-73.94920009,"(40.814729212, -73.949200086)"
248990688,9/4/2011,11:15:00,9/4/2011,11:30:00,9/4/2011,124,KIDNAPPING & RELATED OFFENSES,183,"IMPRISONMENT 1,UNLAWFUL",COMPLETED,FELONY,N.Y. POLICE DEPT,MANHATTAN,28,INSIDE,RESIDENCE - APT. HOUSE,,,"998,271","231,591",40.80233685,-73.94935764,"(40.802336853, -73.949357635)"
523670802,10/28/2012,11:30:00,10/28/2012,13:35:00,10/28/2012,124,KIDNAPPING & RELATED OFFENSES,183,"IMPRISONMENT 1,UNLAWFUL",COMPLETED,FELONY,N.Y. POLICE DEPT,MANHATTAN,23,INSIDE,RESIDENCE - APT. HOUSE,,,"998,272","229,012",40.7952582,-73.94935941,"(40.795258198, -73.949359408)"
450697487,12/17/2013,8:00:00,12/17/2013,9:00:00,12/17/2013,124,KIDNAPPING & RELATED OFFENSES,193,CUSTODIAL INTERFERENCE 1,COMPLETED,FELONY,N.Y. POLICE DEPT,BROOKLYN,71,INSIDE,RESIDENCE-HOUSE,,,"998,299","180,626",40.66245043,-73.94936291,"(40.662450426, -73.949362907)"
902619281,7/29/2013,22:00:00,,,7/30/2013,124,KIDNAPPING & RELATED OFFENSES,193,CUSTODIAL INTERFERENCE 1,COMPLETED,FELONY,N.Y. POLICE DEPT,BROOKLYN,71,INSIDE,RESIDENCE - APT. HOUSE,,,"998,299","180,626",40.66245043,-73.94936291,"(40.662450426, -73.949362907)"
554982211,6/26/2006,17:50:00,6/26/2006,18:00:00,6/26/2006,124,KIDNAPPING & RELATED OFFENSES,183,"IMPRISONMENT 1,UNLAWFUL",COMPLETED,FELONY,N.Y. POLICE DEPT,BROOKLYN,71,INSIDE,RESIDENCE - APT. HOUSE,,,"998,299","180,626",40.66245043,-73.94936291,"(40.662450426, -73.949362907)"
986973377,12/23/2010,17:30:00,12/23/2010,19:30:00,12/23/2010,124,KIDNAPPING & RELATED OFFENSES,193,CUSTODIAL INTERFERENCE 1,COMPLETED,FELONY,N.Y. HOUSING POLICE,BROOKLYN,79,INSIDE,RESIDENCE - PUBLIC HOUSING,,MARCY,"998,273","193,029",40.69649389,-73.94943082,"(40.696493892, -73.949430815)"
515519196,5/16/2014,2:00:00,5/16/2014,6:00:00,5/16/2014,124,KIDNAPPING & RELATED OFFENSES,183,"IMPRISONMENT 1,UNLAWFUL",COMPLETED,FELONY,N.Y. POLICE DEPT,BROOKLYN,70,,RESIDENCE-HOUSE,,,"998,280","170,449",40.6345168,-73.94945256,"(40.634516795, -73.949452557)"
474911241,3/26/2010,18:00:00,3/26/2010,19:00:00,3/27/2010,124,KIDNAPPING & RELATED OFFENSES,183,"IMPRISONMENT 1,UNLAWFUL",COMPLETED,FELONY,N.Y. POLICE DEPT,BROOKLYN,71,INSIDE,RESIDENCE - APT. HOUSE,,,"998,273","182,000",40.66622179,-73.94945377,"(40.666221793, -73.949453765)"
380391015,2/25/2013,20:30:00,2/25/2013,20:42:00,2/26/2013,124,KIDNAPPING & RELATED OFFENSES,183,"IMPRISONMENT 1,UNLAWFUL",COMPLETED,FELONY,N.Y. POLICE DEPT,BROOKLYN,94,INSIDE,COMMERCIAL BUILDING,,,"998,229","207,607",40.73650708,-73.94955922,"(40.736507079, -73.949559221)"
773235653,2/5/2014,17:40:00,2/5/2014,17:55:00,2/5/2014,124,KIDNAPPING & RELATED OFFENSES,183,"IMPRISONMENT 1,UNLAWFUL",COMPLETED,FELONY,N.Y. POLICE DEPT,BROOKLYN,67,,STREET,,,"998,243","176,387",40.65081539,-73.94957355,"(40.650815388, -73.949573551)"
701964323,8/20/2011,12:00:00,,,8/26/2011,124,KIDNAPPING & RELATED OFFENSES,193,CUSTODIAL INTERFERENCE 1,COMPLETED,FELONY,N.Y. HOUSING POLICE,MANHATTAN,23,INSIDE,RESIDENCE - PUBLIC HOUSING,,,"998,173","227,824",40.79199762,-73.94971942,"(40.791997616, -73.949719421)"
348723958,6/29/2015,11:00:00,,,8/10/2015,124,KIDNAPPING & RELATED OFFENSES,193,CUSTODIAL INTERFERENCE 1,COMPLETED,FELONY,N.Y. POLICE DEPT,MANHATTAN,23,INSIDE,RESIDENCE - APT. HOUSE,,,"998,144","228,783",40.79462986,-73.94982217,"(40.794629858, -73.949822168)"
416070515,11/11/2010,20:00:00,11/14/2010,9:00:00,11/16/2010,124,KIDNAPPING & RELATED OFFENSES,193,CUSTODIAL INTERFERENCE 1,COMPLETED,FELONY,N.Y. POLICE DEPT,QUEENS,114,INSIDE,RESIDENCE - APT. HOUSE,,,"998,140","216,794",40.76172322,-73.9498614,"(40.76172322, -73.949861397)"
720827676,3/8/2011,12:00:00,3/8/2011,12:20:00,3/8/2011,124,KIDNAPPING & RELATED OFFENSES,183,"IMPRISONMENT 1,UNLAWFUL",COMPLETED,FELONY,N.Y. POLICE DEPT,MANHATTAN,19,,STREET,,,"998,134","222,070",40.77620448,-73.94987216,"(40.776204479, -73.949872157)"
697063370,7/22/2010,17:30:00,7/22/2010,18:06:00,7/22/2010,124,KIDNAPPING & RELATED OFFENSES,183,"IMPRISONMENT 1,UNLAWFUL",COMPLETED,FELONY,N.Y. POLICE DEPT,BROOKLYN,67,INSIDE,RESIDENCE - APT. HOUSE,,,"998,124","177,837",40.65479551,-73.94999942,"(40.65479551, -73.949999419)"
627861387,3/2/2013,12:00:00,8/13/2013,13:00:00,8/13/2013,124,KIDNAPPING & RELATED OFFENSES,193,CUSTODIAL INTERFERENCE 1,COMPLETED,FELONY,N.Y. POLICE DEPT,MANHATTAN,30,INSIDE,RESIDENCE - APT. HOUSE,,,"998,063","239,700",40.82459412,-73.95009224,"(40.824594123, -73.950092244)"
504980397,1/6/2011,5:30:00,1/6/2011,7:05:00,1/6/2011,124,KIDNAPPING & RELATED OFFENSES,193,CUSTODIAL INTERFERENCE 1,COMPLETED,FELONY,N.Y. POLICE DEPT,MANHATTAN,28,INSIDE,RESIDENCE - APT. HOUSE,,,"998,054","232,172",40.80393188,-73.95014024,"(40.803931879, -73.950140244)"
772202190,10/14/2007,12:50:00,10/14/2007,14:40:00,10/14/2007,124,KIDNAPPING & RELATED OFFENSES,187,KIDNAPPING 1,COMPLETED,FELONY,N.Y. POLICE DEPT,BROOKLYN,61,INSIDE,RESIDENCE-HOUSE,,,"998,067","153,116",40.58694161,-73.95025544,"(40.586941607, -73.950255441)"
292288166,3/25/2016,0:00:00,3/25/2016,4:00:00,3/25/2016,124,KIDNAPPING & RELATED OFFENSES,185,KIDNAPPING 2,COMPLETED,FELONY,N.Y. POLICE DEPT,BROOKLYN,77,OPPOSITE OF,RESTAURANT/DINER,,,"998,039","184,139",40.67209324,-73.95029287,"(40.672093238, -73.950292873)"
134339742,4/28/2007,11:40:00,4/28/2007,11:45:00,4/28/2007,124,KIDNAPPING & RELATED OFFENSES,183,"IMPRISONMENT 1,UNLAWFUL",COMPLETED,FELONY,N.Y. POLICE DEPT,BROOKLYN,61,INSIDE,RESIDENCE-HOUSE,,,"998,054","150,010",40.57841627,-73.95030859,"(40.578416273, -73.950308588)"
615387087,12/27/2013,23:30:00,12/28/2013,15:30:00,1/3/2014,124,KIDNAPPING & RELATED OFFENSES,183,"IMPRISONMENT 1,UNLAWFUL",COMPLETED,FELONY,N.Y. HOUSING POLICE,MANHATTAN,28,INSIDE,RESIDENCE - PUBLIC HOUSING,,,"998,007","230,362",40.798964,-73.95031372,"(40.798963998, -73.95031372)"
169315889,3/19/2014,14:20:00,3/19/2014,14:25:00,3/19/2014,124,KIDNAPPING & RELATED OFFENSES,185,KIDNAPPING 2,ATTEMPTED,FELONY,N.Y. POLICE DEPT,BROOKLYN,90,,STREET,,,"998,000","196,733",40.70666093,-73.95040776,"(40.706660933, -73.950407763)"
518466635,3/9/2007,18:55:00,,,3/9/2007,124,KIDNAPPING & RELATED OFFENSES,183,"IMPRISONMENT 1,UNLAWFUL",COMPLETED,FELONY,N.Y. POLICE DEPT,BROOKLYN,67,INSIDE,COMMERCIAL BUILDING,,,"997,992","176,370",40.65076912,-73.95047814,"(40.65076912, -73.950478137)"
565732148,1/2/2012,19:00:00,1/2/2012,20:00:00,1/2/2012,124,KIDNAPPING & RELATED OFFENSES,193,CUSTODIAL INTERFERENCE 1,COMPLETED,FELONY,N.Y. POLICE DEPT,BROOKLYN,61,INSIDE,OTHER,,,"997,999","156,900",40.59732804,-73.95049256,"(40.597328035, -73.950492564)"
374981281,8/5/2007,19:00:00,8/5/2007,19:30:00,8/5/2007,124,KIDNAPPING & RELATED OFFENSES,183,"IMPRISONMENT 1,UNLAWFUL",COMPLETED,FELONY,N.Y. POLICE DEPT,BROOKLYN,61,INSIDE,RESIDENCE - APT. HOUSE,,,"997,999","156,900",40.59732804,-73.95049256,"(40.597328035, -73.950492564)"
608050230,5/24/2013,19:15:00,5/24/2013,20:00:00,5/24/2013,124,KIDNAPPING & RELATED OFFENSES,183,"IMPRISONMENT 1,UNLAWFUL",COMPLETED,FELONY,N.Y. POLICE DEPT,MANHATTAN,30,FRONT OF,STREET,,,"997,924","240,234",40.82606002,-73.95059339,"(40.826060017, -73.950593392)"
100248169,9/25/2010,18:30:00,9/25/2010,18:40:00,9/25/2010,124,KIDNAPPING & RELATED OFFENSES,185,KIDNAPPING 2,ATTEMPTED,FELONY,N.Y. POLICE DEPT,MANHATTAN,28,,STREET,,,"997,917","231,005",40.800729,-73.95063748,"(40.800728997, -73.950637475)"
712575133,6/29/2010,21:50:00,6/29/2010,22:02:00,6/29/2010,124,KIDNAPPING & RELATED OFFENSES,183,"IMPRISONMENT 1,UNLAWFUL",COMPLETED,FELONY,N.Y. HOUSING POLICE,MANHATTAN,28,REAR OF,RESIDENCE - PUBLIC HOUSING,,KING TOWERS,"997,875","230,878",40.80038048,-73.95078943,"(40.800380481, -73.950789433)"
755139056,2/6/2008,2:45:00,2/6/2008,3:15:00,2/6/2008,124,KIDNAPPING & RELATED OFFENSES,183,"IMPRISONMENT 1,UNLAWFUL",COMPLETED,FELONY,N.Y. POLICE DEPT,BROOKLYN,70,INSIDE,RESIDENCE - APT. HOUSE,,,"997,840","171,444",40.63724855,-73.95103584,"(40.637248545, -73.951035836)"
328861177,8/10/2012,12:00:00,8/24/2012,19:40:00,8/24/2012,124,KIDNAPPING & RELATED OFFENSES,183,"IMPRISONMENT 1,UNLAWFUL",COMPLETED,FELONY,N.Y. POLICE DEPT,MANHATTAN,26,INSIDE,RESIDENCE - APT. HOUSE,,,"997,788","235,798",40.81388466,-73.95109375,"(40.813884657, -73.951093746)"
727686668,12/6/2007,19:30:00,12/6/2007,22:45:00,12/7/2007,124,KIDNAPPING & RELATED OFFENSES,183,"IMPRISONMENT 1,UNLAWFUL",COMPLETED,FELONY,N.Y. POLICE DEPT,MANHATTAN,28,,OTHER,,,"997,784","232,620",40.80516193,-73.9511146,"(40.805161934, -73.951114603)"
549780989,7/6/2014,10:00:00,8/4/2014,11:44:00,8/4/2014,124,KIDNAPPING & RELATED OFFENSES,193,CUSTODIAL INTERFERENCE 1,COMPLETED,FELONY,N.Y. POLICE DEPT,BROOKLYN,67,INSIDE,RESIDENCE - APT. HOUSE,,,"997,750","172,554",40.6402954,-73.95135789,"(40.640295395, -73.951357891)"
408107386,5/30/2006,20:00:00,6/6/2006,8:30:00,6/6/2006,124,KIDNAPPING & RELATED OFFENSES,183,"IMPRISONMENT 1,UNLAWFUL",COMPLETED,FELONY,N.Y. POLICE DEPT,BROOKLYN,67,INSIDE,RESIDENCE - APT. HOUSE,,,"997,750","172,554",40.6402954,-73.95135789,"(40.640295395, -73.951357891)"
355356416,6/3/2007,18:00:00,6/3/2007,18:10:00,6/3/2007,124,KIDNAPPING & RELATED OFFENSES,187,KIDNAPPING 1,COMPLETED,FELONY,N.Y. POLICE DEPT,MANHATTAN,23,,STREET,,,"997,715","227,481",40.79105688,-73.95137415,"(40.791056883, -73.951374146)"
494087550,11/22/2012,14:00:00,12/21/2012,13:00:00,12/21/2012,124,KIDNAPPING & RELATED OFFENSES,193,CUSTODIAL INTERFERENCE 1,COMPLETED,FELONY,N.Y. POLICE DEPT,BROOKLYN,71,INSIDE,RESIDENCE - APT. HOUSE,,,"997,696","182,041",40.66633522,-73.95153355,"(40.666335224, -73.951533552)"
995835377,1/19/2013,6:45:00,1/19/2013,6:45:00,1/19/2013,124,KIDNAPPING & RELATED OFFENSES,183,"IMPRISONMENT 1,UNLAWFUL",COMPLETED,FELONY,N.Y. POLICE DEPT,BROOKLYN,70,INSIDE,RESIDENCE - APT. HOUSE,,,"997,663","170,996",40.63601915,-73.95167447,"(40.63601915, -73.951674468)"
110708805,7/30/2010,11:19:00,7/30/2010,11:32:00,7/30/2010,124,KIDNAPPING & RELATED OFFENSES,183,"IMPRISONMENT 1,UNLAWFUL",COMPLETED,FELONY,N.Y. POLICE DEPT,BROOKLYN,94,,STREET,,,"997,614","205,659",40.73116125,-73.95178227,"(40.731161249, -73.951782272)"
469049879,1/2/2014,23:35:00,1/2/2014,23:41:00,1/3/2014,124,KIDNAPPING & RELATED OFFENSES,185,KIDNAPPING 2,COMPLETED,FELONY,N.Y. POLICE DEPT,BROOKLYN,90,FRONT OF,STREET,,,"997,611","196,294",40.70545658,-73.95181169,"(40.705456577, -73.951811685)"
762680462,1/23/2011,1:00:00,1/23/2011,5:14:00,1/23/2011,124,KIDNAPPING & RELATED OFFENSES,185,KIDNAPPING 2,COMPLETED,FELONY,N.Y. POLICE DEPT,BROOKLYN,67,,STREET,,,"997,611","174,254",40.64496174,-73.95185537,"(40.644961741, -73.951855373)"
504848400,10/13/2010,23:10:00,,,10/14/2010,124,KIDNAPPING & RELATED OFFENSES,183,"IMPRISONMENT 1,UNLAWFUL",COMPLETED,FELONY,N.Y. POLICE DEPT,MANHATTAN,30,INSIDE,RESIDENCE - APT. HOUSE,,,"997,571","238,489",40.82127103,-73.95187235,"(40.821271027, -73.951872345)"
347624932,11/16/2007,15:00:00,11/16/2007,17:00:00,11/16/2007,124,KIDNAPPING & RELATED OFFENSES,183,"IMPRISONMENT 1,UNLAWFUL",COMPLETED,FELONY,N.Y. POLICE DEPT,MANHATTAN,30,INSIDE,RESIDENCE - APT. HOUSE,,,"997,540","239,099",40.82294535,-73.95198314,"(40.82294535, -73.95198314)"
760223523,6/4/2010,22:00:00,,,6/6/2010,124,KIDNAPPING & RELATED OFFENSES,193,CUSTODIAL INTERFERENCE 1,COMPLETED,FELONY,N.Y. POLICE DEPT,BROOKLYN,71,FRONT OF,RESIDENCE - APT. HOUSE,,,"997,551","182,704",40.66815523,-73.95205492,"(40.668155231, -73.952054916)"
121959661,10/21/2007,19:15:00,10/21/2007,19:35:00,10/22/2007,124,KIDNAPPING & RELATED OFFENSES,183,"IMPRISONMENT 1,UNLAWFUL",COMPLETED,FELONY,N.Y. POLICE DEPT,BROOKLYN,71,INSIDE,RESIDENCE - APT. HOUSE,,,"997,551","182,704",40.66815523,-73.95205492,"(40.668155231, -73.952054916)"
968275503,1/28/2016,17:40:00,1/28/2016,17:45:00,1/28/2016,124,KIDNAPPING & RELATED OFFENSES,185,KIDNAPPING 2,ATTEMPTED,FELONY,N.Y. POLICE DEPT,BROOKLYN,67,,STREET,,,"997,517","175,372",40.64803055,-73.9521919,"(40.648030551, -73.952191901)"
750673613,6/15/2010,22:09:00,,,6/15/2010,124,KIDNAPPING & RELATED OFFENSES,183,"IMPRISONMENT 1,UNLAWFUL",COMPLETED,FELONY,N.Y. POLICE DEPT,BROOKLYN,67,INSIDE,RESIDENCE - APT. HOUSE,,,"997,514","174,246",40.64493993,-73.95220493,"(40.644939928, -73.952204926)"
735182476,1/25/2009,0:01:00,3/23/2009,19:00:00,3/23/2009,124,KIDNAPPING & RELATED OFFENSES,193,CUSTODIAL INTERFERENCE 1,COMPLETED,FELONY,N.Y. POLICE DEPT,BROOKLYN,67,INSIDE,RESIDENCE - APT. HOUSE,,,"997,514","172,120",40.63910451,-73.95220911,"(40.639104514, -73.952209105)"
396828304,3/27/2013,18:00:00,3/28/2013,4:00:00,4/1/2013,124,KIDNAPPING & RELATED OFFENSES,183,"IMPRISONMENT 1,UNLAWFUL",COMPLETED,FELONY,N.Y. POLICE DEPT,MANHATTAN,30,INSIDE,RESIDENCE - APT. HOUSE,,,"997,472","240,028",40.82549529,-73.952227,"(40.825495294, -73.952227001)"
880993093,7/3/2013,1:00:00,7/3/2013,10:40:00,7/6/2013,124,KIDNAPPING & RELATED OFFENSES,183,"IMPRISONMENT 1,UNLAWFUL",COMPLETED,FELONY,N.Y. POLICE DEPT,MANHATTAN,28,INSIDE,RESIDENCE - APT. HOUSE,,,"997,464","230,235",40.79861625,-73.95227519,"(40.798616246, -73.952275185)"
520903451,2/28/2007,18:58:00,,,3/1/2007,124,KIDNAPPING & RELATED OFFENSES,193,CUSTODIAL INTERFERENCE 1,COMPLETED,FELONY,N.Y. POLICE DEPT,MANHATTAN,23,INSIDE,HOSPITAL,,,"997,462","227,024",40.78980292,-73.95228873,"(40.789802923, -73.952288725)"
651746896,4/11/2014,18:30:00,,,4/11/2014,124,KIDNAPPING & RELATED OFFENSES,193,CUSTODIAL INTERFERENCE 1,COMPLETED,FELONY,N.Y. POLICE DEPT,MANHATTAN,28,INSIDE,OTHER,,,"997,439","233,857",40.80855768,-73.95235837,"(40.808557679, -73.952358366)"
301459986,1/26/2013,11:45:00,1/26/2013,11:55:00,1/26/2013,124,KIDNAPPING & RELATED OFFENSES,193,CUSTODIAL INTERFERENCE 1,COMPLETED,FELONY,N.Y. POLICE DEPT,MANHATTAN,28,INSIDE,OTHER,,,"997,439","233,857",40.80855768,-73.95235837,"(40.808557679, -73.952358366)"
643952272,3/2/2016,11:30:00,3/2/2016,11:35:00,3/2/2016,124,KIDNAPPING & RELATED OFFENSES,193,CUSTODIAL INTERFERENCE 1,COMPLETED,FELONY,N.Y. POLICE DEPT,MANHATTAN,28,INSIDE,OTHER,,,"997,439","233,857",40.80855768,-73.95235837,"(40.808557679, -73.952358366)"
790581261,5/25/2008,14:00:00,5/25/2008,15:00:00,5/28/2008,124,KIDNAPPING & RELATED OFFENSES,193,CUSTODIAL INTERFERENCE 1,COMPLETED,FELONY,N.Y. HOUSING POLICE,MANHATTAN,28,INSIDE,RESIDENCE - PUBLIC HOUSING,,,"997,423","232,222",40.80407008,-73.95241937,"(40.804070078, -73.952419371)"
262282595,3/21/2014,17:40:00,,,3/24/2014,124,KIDNAPPING & RELATED OFFENSES,183,"IMPRISONMENT 1,UNLAWFUL",COMPLETED,FELONY,N.Y. POLICE DEPT,MANHATTAN,30,INSIDE,RESIDENCE - APT. HOUSE,,,"997,394","238,734",40.82194375,-73.95251137,"(40.821943747, -73.95251137)"
268016791,3/3/2010,12:25:00,3/3/2010,13:19:00,3/3/2010,124,KIDNAPPING & RELATED OFFENSES,185,KIDNAPPING 2,ATTEMPTED,FELONY,N.Y. POLICE DEPT,MANHATTAN,30,FRONT OF,STREET,,,"997,394","238,734",40.82194375,-73.95251137,"(40.821943747, -73.95251137)"
516118564,4/12/2008,9:00:00,,,4/21/2008,124,KIDNAPPING & RELATED OFFENSES,193,CUSTODIAL INTERFERENCE 1,COMPLETED,FELONY,N.Y. POLICE DEPT,MANHATTAN,30,INSIDE,RESIDENCE - APT. HOUSE,,,"997,394","238,734",40.82194375,-73.95251137,"(40.821943747, -73.95251137)"
199175904,5/11/2009,12:20:00,5/11/2009,13:00:00,5/11/2009,124,KIDNAPPING & RELATED OFFENSES,193,CUSTODIAL INTERFERENCE 1,COMPLETED,FELONY,N.Y. POLICE DEPT,BROOKLYN,77,,STREET,,,"997,376","185,939",40.67703484,-73.95267945,"(40.677034841, -73.952679445)"
861100765,5/16/2006,23:00:00,5/17/2006,1:05:00,5/23/2006,124,KIDNAPPING & RELATED OFFENSES,183,"IMPRISONMENT 1,UNLAWFUL",COMPLETED,FELONY,N.Y. POLICE DEPT,BROOKLYN,79,INSIDE,RESIDENCE - APT. HOUSE,,,"997,365","189,471",40.6867294,-73.95271223,"(40.686729395, -73.952712228)"
389404779,12/7/2007,1:05:00,12/7/2007,1:10:00,12/7/2007,124,KIDNAPPING & RELATED OFFENSES,185,KIDNAPPING 2,ATTEMPTED,FELONY,N.Y. POLICE DEPT,MANHATTAN,26,FRONT OF,STREET,,,"997,331","236,781",40.81658341,-73.9527428,"(40.816583405, -73.952742799)"
442714068,8/5/2006,17:00:00,8/5/2006,18:30:00,8/5/2006,124,KIDNAPPING & RELATED OFFENSES,183,"IMPRISONMENT 1,UNLAWFUL",COMPLETED,FELONY,N.Y. POLICE DEPT,BROOKLYN,67,INSIDE,RESIDENCE - APT. HOUSE,,,"997,363","177,270",40.65324038,-73.95274317,"(40.653240378, -73.952743172)"
736203287,3/20/2007,7:06:00,,,3/20/2007,124,KIDNAPPING & RELATED OFFENSES,183,"IMPRISONMENT 1,UNLAWFUL",COMPLETED,FELONY,N.Y. POLICE DEPT,MANHATTAN,28,INSIDE,RESIDENCE - APT. HOUSE,,,"997,330","233,660",40.80801713,-73.95275249,"(40.808017131, -73.952752493)"
519858800,2/17/2006,0:30:00,,,2/17/2006,124,KIDNAPPING & RELATED OFFENSES,183,"IMPRISONMENT 1,UNLAWFUL",COMPLETED,FELONY,N.Y. POLICE DEPT,MANHATTAN,30,FRONT OF,STREET,,,"997,308","239,826",40.82494111,-73.95281997,"(40.824941106, -73.952819968)"
397609782,1/1/2009,0:01:00,2/5/2009,0:00:00,2/5/2009,124,KIDNAPPING & RELATED OFFENSES,183,"IMPRISONMENT 1,UNLAWFUL",COMPLETED,FELONY,N.Y. POLICE DEPT,MANHATTAN,26,INSIDE,RESIDENCE - APT. HOUSE,,,"997,306","234,542",40.81043801,-73.95283747,"(40.810438012, -73.952837473)"
387975662,11/29/2010,17:30:00,11/29/2010,18:00:00,11/29/2010,124,KIDNAPPING & RELATED OFFENSES,185,KIDNAPPING 2,ATTEMPTED,FELONY,N.Y. POLICE DEPT,MANHATTAN,28,,STREET,,,"997,301","233,186",40.80671617,-73.95285817,"(40.806716174, -73.952858171)"
481299458,6/9/2011,18:00:00,6/9/2011,19:00:00,6/10/2011,124,KIDNAPPING & RELATED OFFENSES,193,CUSTODIAL INTERFERENCE 1,COMPLETED,FELONY,N.Y. POLICE DEPT,MANHATTAN,23,INSIDE,RESIDENCE - APT. HOUSE,,,"997,284","226,221",40.78759917,-73.9529331,"(40.787599167, -73.952933098)"
726689985,12/5/2008,16:30:00,12/6/2008,0:40:00,12/6/2008,124,KIDNAPPING & RELATED OFFENSES,183,"IMPRISONMENT 1,UNLAWFUL",COMPLETED,FELONY,N.Y. POLICE DEPT,BROOKLYN,77,INSIDE,RESIDENCE-HOUSE,,,"997,294","184,518",40.67313464,-73.95297782,"(40.673134637, -73.952977821)"
605015047,2/27/2010,16:00:00,2/27/2010,21:00:00,2/27/2010,124,KIDNAPPING & RELATED OFFENSES,193,CUSTODIAL INTERFERENCE 1,COMPLETED,FELONY,N.Y. POLICE DEPT,BROOKLYN,79,INSIDE,RESIDENCE - APT. HOUSE,,,"997,284","190,005",40.68819522,-73.95300326,"(40.688195222, -73.953003261)"
602820042,12/20/2008,11:33:00,,,1/6/2009,124,KIDNAPPING & RELATED OFFENSES,193,CUSTODIAL INTERFERENCE 1,COMPLETED,FELONY,N.Y. POLICE DEPT,BROOKLYN,79,INSIDE,STREET,,,"997,284","190,005",40.68819522,-73.95300326,"(40.688195222, -73.953003261)"
575666504,10/6/2006,1:22:00,10/6/2006,3:03:00,10/6/2006,124,KIDNAPPING & RELATED OFFENSES,183,"IMPRISONMENT 1,UNLAWFUL",COMPLETED,FELONY,N.Y. POLICE DEPT,MANHATTAN,19,FRONT OF,TAXI (YELLOW LICENSED),,,"997,258","224,547",40.78300452,-73.95303023,"(40.783004522, -73.95303023)"
908320304,3/31/2010,12:00:00,4/11/2010,12:30:00,4/11/2010,124,KIDNAPPING & RELATED OFFENSES,193,CUSTODIAL INTERFERENCE 1,COMPLETED,FELONY,N.Y. POLICE DEPT,QUEENS,108,INSIDE,RESIDENCE - APT. HOUSE,,,"997,256","211,010",40.74584895,-73.95306364,"(40.745848952, -73.953063642)"
185487347,8/29/2009,3:30:00,11/2/2009,21:30:00,11/2/2009,124,KIDNAPPING & RELATED OFFENSES,193,CUSTODIAL INTERFERENCE 1,COMPLETED,FELONY,N.Y. POLICE DEPT,BROOKLYN,79,INSIDE,RESIDENCE - APT. HOUSE,,,"997,244","190,273",40.68893088,-73.95314698,"(40.688930879, -73.953146976)"
529624579,8/29/2009,6:00:00,,,10/8/2009,124,KIDNAPPING & RELATED OFFENSES,193,CUSTODIAL INTERFERENCE 1,COMPLETED,FELONY,N.Y. POLICE DEPT,BROOKLYN,79,INSIDE,RESIDENCE - APT. HOUSE,,,"997,244","190,273",40.68893088,-73.95314698,"(40.688930879, -73.953146976)"
529754756,6/22/2006,12:45:00,,,6/22/2006,124,KIDNAPPING & RELATED OFFENSES,185,KIDNAPPING 2,COMPLETED,FELONY,N.Y. POLICE DEPT,MANHATTAN,30,FRONT OF,STREET,,,"997,164","238,862",40.82229541,-73.95334213,"(40.822295411, -73.953342128)"
382748171,8/13/2006,4:30:00,,,8/13/2006,124,KIDNAPPING & RELATED OFFENSES,183,"IMPRISONMENT 1,UNLAWFUL",COMPLETED,FELONY,N.Y. POLICE DEPT,MANHATTAN,26,INSIDE,RESIDENCE-HOUSE,,,"997,129","237,012",40.81721773,-73.95347214,"(40.817217733, -73.953472135)"
255359683,11/4/2016,22:00:00,11/4/2016,23:00:00,11/7/2016,124,KIDNAPPING & RELATED OFFENSES,183,"IMPRISONMENT 1,UNLAWFUL",ATTEMPTED,FELONY,N.Y. HOUSING POLICE,MANHATTAN,26,INSIDE,RESIDENCE - PUBLIC HOUSING,,MANHATTANVILLE,"997,129","237,012",40.81721773,-73.95347214,"(40.817217733, -73.953472135)"
988611588,2/1/2007,11:30:00,2/1/2007,11:30:00,2/2/2007,124,KIDNAPPING & RELATED OFFENSES,193,CUSTODIAL INTERFERENCE 1,COMPLETED,FELONY,N.Y. POLICE DEPT,MANHATTAN,26,INSIDE,PRIVATE/PAROCHIAL SCHOOL,,,"997,127","236,609",40.81611161,-73.95348013,"(40.816111613, -73.953480134)"
870272381,10/25/2013,8:20:00,,,10/25/2013,124,KIDNAPPING & RELATED OFFENSES,183,"IMPRISONMENT 1,UNLAWFUL",COMPLETED,FELONY,N.Y. POLICE DEPT,BROOKLYN,94,INSIDE,RESIDENCE - APT. HOUSE,,,"997,122","200,032",40.71571723,-73.95356824,"(40.715717225, -73.953568238)"
836409607,6/5/2015,19:35:00,6/5/2015,19:40:00,6/5/2015,124,KIDNAPPING,186,LURING A CHILD,COMPLETED,FELONY,N.Y. POLICE DEPT,BROOKLYN,71,,STREET,,,"997,119","180,241",40.66139548,-73.95361686,"(40.66139548, -73.953616861)"
940445366,3/26/2016,18:30:00,,,3/26/2016,124,KIDNAPPING,186,LURING A CHILD,ATTEMPTED,FELONY,N.Y. POLICE DEPT,BROOKLYN,71,INSIDE,RESIDENCE - APT. HOUSE,,,"997,084","181,569",40.6650406,-73.95374049,"(40.665040597, -73.953740486)"
304887305,1/8/2010,12:00:00,,,4/5/2012,124,KIDNAPPING & RELATED OFFENSES,193,CUSTODIAL INTERFERENCE 1,COMPLETED,FELONY,N.Y. POLICE DEPT,MANHATTAN,28,FRONT OF,STREET,,,"997,047","231,337",40.80164155,-73.9537792,"(40.801641549, -73.953779204)"
360464612,7/22/2011,16:00:00,7/22/2011,18:00:00,7/22/2011,124,KIDNAPPING & RELATED OFFENSES,193,CUSTODIAL INTERFERENCE 1,COMPLETED,FELONY,N.Y. POLICE DEPT,BROOKLYN,61,INSIDE,OTHER,,,"997,086","151,154",40.58155778,-73.95379111,"(40.581557781, -73.953791107)"
987756386,4/19/2014,12:00:00,4/20/2014,23:02:00,4/20/2014,124,KIDNAPPING & RELATED OFFENSES,193,CUSTODIAL INTERFERENCE 1,COMPLETED,FELONY,N.Y. POLICE DEPT,MANHATTAN,19,INSIDE,RESIDENCE - APT. HOUSE,,,"997,039","222,374",40.77704053,-73.95382516,"(40.77704053, -73.953825163)"
997241056,10/8/2014,20:00:00,10/9/2014,2:33:00,10/9/2014,124,KIDNAPPING & RELATED OFFENSES,183,"IMPRISONMENT 1,UNLAWFUL",COMPLETED,FELONY,N.Y. HOUSING POLICE,MANHATTAN,26,OPPOSITE OF,RESIDENCE - PUBLIC HOUSING,,MANHATTANVILLE,"997,004","236,786",40.81659761,-73.95392417,"(40.816597607, -73.953924166)"
973902349,10/8/2014,19:30:00,10/9/2014,2:30:00,10/9/2014,124,KIDNAPPING & RELATED OFFENSES,183,"IMPRISONMENT 1,UNLAWFUL",COMPLETED,FELONY,N.Y. HOUSING POLICE,MANHATTAN,26,INSIDE,RESIDENCE - PUBLIC HOUSING,,MANHATTANVILLE,"997,004","236,786",40.81659761,-73.95392417,"(40.816597607, -73.953924166)"
410411235,1/8/2006,5:00:00,1/9/2006,14:20:00,1/9/2006,124,KIDNAPPING & RELATED OFFENSES,187,KIDNAPPING 1,COMPLETED,FELONY,N.Y. HOUSING POLICE,MANHATTAN,26,REAR OF,RESIDENCE - PUBLIC HOUSING,,MANHATTANVILLE,"997,004","236,786",40.81659761,-73.95392417,"(40.816597607, -73.953924166)"
556629917,4/27/2013,14:00:00,4/27/2013,15:00:00,4/27/2013,124,KIDNAPPING & RELATED OFFENSES,193,CUSTODIAL INTERFERENCE 1,COMPLETED,FELONY,N.Y. POLICE DEPT,MANHATTAN,28,INSIDE,MOSQUE,,,"996,986","232,141",40.8038484,-73.95399801,"(40.803848397, -73.953998008)"
679000305,8/20/2012,9:00:00,,,9/26/2012,124,KIDNAPPING & RELATED OFFENSES,193,CUSTODIAL INTERFERENCE 1,COMPLETED,FELONY,N.Y. POLICE DEPT,MANHATTAN,28,INSIDE,RESIDENCE-HOUSE,,,"996,986","232,141",40.8038484,-73.95399801,"(40.803848397, -73.953998008)"
416654223,8/13/2012,14:30:00,8/13/2012,17:30:00,8/16/2012,124,KIDNAPPING & RELATED OFFENSES,185,KIDNAPPING 2,COMPLETED,FELONY,N.Y. POLICE DEPT,MANHATTAN,28,,STREET,,,"996,986","232,141",40.8038484,-73.95399801,"(40.803848397, -73.953998008)"
369290931,11/17/2013,0:00:00,11/21/2013,18:00:00,11/21/2013,124,KIDNAPPING & RELATED OFFENSES,183,"IMPRISONMENT 1,UNLAWFUL",COMPLETED,FELONY,N.Y. POLICE DEPT,BROOKLYN,61,INSIDE,RESIDENCE-HOUSE,,,"996,996","154,850",40.5917027,-73.95410814,"(40.591702696, -73.954108141)"
953154857,3/23/2014,1:30:00,3/23/2014,2:10:00,3/23/2014,124,KIDNAPPING & RELATED OFFENSES,183,"IMPRISONMENT 1,UNLAWFUL",COMPLETED,FELONY,N.Y. POLICE DEPT,MANHATTAN,30,INSIDE,RESIDENCE - APT. HOUSE,,,"996,889","239,161",40.82311648,-73.95433516,"(40.823116479, -73.954335162)"
753962929,10/29/2013,22:40:00,10/30/2013,1:10:00,10/31/2013,124,KIDNAPPING & RELATED OFFENSES,185,KIDNAPPING 2,COMPLETED,FELONY,N.Y. POLICE DEPT,MANHATTAN,30,INSIDE,RESIDENCE - APT. HOUSE,,,"996,889","239,161",40.82311648,-73.95433516,"(40.823116479, -73.954335162)"
844565167,3/27/2009,16:00:00,3/29/2009,17:00:00,4/28/2009,124,KIDNAPPING & RELATED OFFENSES,193,CUSTODIAL INTERFERENCE 1,COMPLETED,FELONY,N.Y. POLICE DEPT,BROOKLYN,77,INSIDE,RESIDENCE - APT. HOUSE,,,"996,896","185,758",40.67653874,-73.95441029,"(40.676538735, -73.954410285)"
371605502,1/2/2009,21:20:00,1/2/2009,21:30:00,1/4/2009,124,KIDNAPPING & RELATED OFFENSES,193,CUSTODIAL INTERFERENCE 1,COMPLETED,FELONY,N.Y. POLICE DEPT,BROOKLYN,67,INSIDE,RESIDENCE - APT. HOUSE,,,"996,876","177,505",40.65388611,-73.95449784,"(40.65388611, -73.954497844)"
803349578,12/13/2004,17:00:00,,22:35:00,12/15/2006,124,KIDNAPPING & RELATED OFFENSES,185,KIDNAPPING 2,ATTEMPTED,FELONY,N.Y. POLICE DEPT,MANHATTAN,30,,STREET,,,"996,820","238,309",40.82077808,-73.95458606,"(40.820778078, -73.954586063)"
213364406,7/14/2010,16:30:00,7/14/2010,17:18:00,7/14/2010,124,KIDNAPPING & RELATED OFFENSES,183,"IMPRISONMENT 1,UNLAWFUL",COMPLETED,FELONY,N.Y. POLICE DEPT,BROOKLYN,71,INSIDE,RESIDENCE - APT. HOUSE,,,"996,813","178,270",40.65598596,-73.95472347,"(40.655985957, -73.954723468)"
348224679,2/18/2007,10:45:00,2/18/2007,11:30:00,2/18/2007,124,KIDNAPPING & RELATED OFFENSES,183,"IMPRISONMENT 1,UNLAWFUL",COMPLETED,FELONY,N.Y. POLICE DEPT,BROOKLYN,71,INSIDE,RESIDENCE - APT. HOUSE,,,"996,813","178,270",40.65598596,-73.95472347,"(40.655985957, -73.954723468)"
542530404,1/15/2012,10:30:00,1/16/2012,11:30:00,1/16/2012,124,KIDNAPPING & RELATED OFFENSES,193,CUSTODIAL INTERFERENCE 1,COMPLETED,FELONY,N.Y. POLICE DEPT,BROOKLYN,79,INSIDE,RESIDENCE - APT. HOUSE,,,"996,798","189,795",40.68761952,-73.95475608,"(40.687619522, -73.954756076)"
460066165,9/18/2011,16:00:00,,,10/25/2011,124,KIDNAPPING & RELATED OFFENSES,193,CUSTODIAL INTERFERENCE 1,COMPLETED,FELONY,N.Y. POLICE DEPT,BROOKLYN,79,INSIDE,RESIDENCE - APT. HOUSE,,,"996,798","189,795",40.68761952,-73.95475608,"(40.687619522, -73.954756076)"
312233242,11/7/2013,15:00:00,11/8/2013,15:00:00,11/9/2013,124,KIDNAPPING & RELATED OFFENSES,193,CUSTODIAL INTERFERENCE 1,COMPLETED,FELONY,N.Y. POLICE DEPT,BROOKLYN,71,INSIDE,RESIDENCE - APT. HOUSE,,,"996,769","182,434",40.66741528,-73.95487432,"(40.667415281, -73.954874317)"
895849700,4/5/2008,6:10:00,4/5/2008,6:45:00,4/5/2008,124,KIDNAPPING & RELATED OFFENSES,183,"IMPRISONMENT 1,UNLAWFUL",COMPLETED,FELONY,N.Y. HOUSING POLICE,MANHATTAN,28,INSIDE,RESIDENCE - PUBLIC HOUSING,,,"996,726","231,664",40.80253953,-73.95493804,"(40.802539534, -73.954938035)"
601776325,5/20/2006,14:00:00,5/23/2006,14:20:00,5/23/2006,124,KIDNAPPING & RELATED OFFENSES,193,CUSTODIAL INTERFERENCE 1,COMPLETED,FELONY,N.Y. POLICE DEPT,BROOKLYN,71,INSIDE,RESIDENCE - APT. HOUSE,,,"996,741","179,156",40.65841794,-73.95498132,"(40.658417935, -73.954981321)"
707576629,6/17/2008,8:00:00,,,6/18/2008,124,KIDNAPPING & RELATED OFFENSES,183,"IMPRISONMENT 1,UNLAWFUL",COMPLETED,FELONY,N.Y. POLICE DEPT,MANHATTAN,28,,HOTEL/MOTEL,,,"996,629","230,536",40.79944362,-73.95529048,"(40.799443618, -73.95529048)"
991675001,4/27/2011,14:00:00,4/27/2011,14:05:00,4/27/2011,124,KIDNAPPING & RELATED OFFENSES,187,KIDNAPPING 1,ATTEMPTED,FELONY,N.Y. POLICE DEPT,BROOKLYN,70,,STREET,,,"996,652","170,849",40.63561714,-73.95531737,"(40.635617139, -73.955317365)"
414864176,7/16/2010,0:05:00,7/16/2010,0:10:00,7/16/2010,124,KIDNAPPING & RELATED OFFENSES,183,"IMPRISONMENT 1,UNLAWFUL",COMPLETED,FELONY,N.Y. POLICE DEPT,MANHATTAN,19,INSIDE,RESIDENCE - APT. HOUSE,,,"996,612","218,588",40.76664956,-73.95537386,"(40.766649556, -73.955373864)"
374740764,2/11/2015,9:00:00,2/11/2015,9:25:00,2/11/2015,124,KIDNAPPING & RELATED OFFENSES,185,KIDNAPPING 2,COMPLETED,FELONY,N.Y. POLICE DEPT,MANHATTAN,28,INSIDE,RESIDENCE - APT. HOUSE,,,"996,600","231,435",40.80191117,-73.95539357,"(40.801911169, -73.955393569)"
962051277,1/4/2007,21:00:00,1/5/2007,3:00:00,1/5/2007,124,KIDNAPPING & RELATED OFFENSES,187,KIDNAPPING 1,COMPLETED,FELONY,N.Y. POLICE DEPT,MANHATTAN,28,FRONT OF,RESIDENCE - APT. HOUSE,,,"996,600","231,435",40.80191117,-73.95539357,"(40.801911169, -73.955393569)"
710825079,3/10/2007,0:45:00,3/10/2007,1:50:00,3/10/2007,124,KIDNAPPING & RELATED OFFENSES,183,"IMPRISONMENT 1,UNLAWFUL",COMPLETED,FELONY,N.Y. POLICE DEPT,BROOKLYN,70,INSIDE,RESIDENCE-HOUSE,,,"996,599","171,216",40.63662455,-73.95550765,"(40.63662455, -73.955507652)"
771322513,11/1/2007,8:00:00,11/1/2007,8:20:00,11/3/2007,124,KIDNAPPING & RELATED OFFENSES,183,"IMPRISONMENT 1,UNLAWFUL",COMPLETED,FELONY,N.Y. TRANSIT POLICE,MANHATTAN,19,,TRANSIT - NYC SUBWAY,,,"996,551","223,272",40.779506,-73.9555855,"(40.779505997, -73.955585504)"
447231401,4/7/2006,7:00:00,,,4/7/2006,124,KIDNAPPING & RELATED OFFENSES,183,"IMPRISONMENT 1,UNLAWFUL",COMPLETED,FELONY,N.Y. POLICE DEPT,MANHATTAN,19,,STREET,,,"996,551","223,272",40.779506,-73.9555855,"(40.779505997, -73.955585504)"
596654427,6/28/2006,16:00:00,6/28/2006,16:10:00,9/11/2006,124,KIDNAPPING & RELATED OFFENSES,193,CUSTODIAL INTERFERENCE 1,COMPLETED,FELONY,N.Y. POLICE DEPT,MANHATTAN,28,INSIDE,RESIDENCE - APT. HOUSE,,,"996,530","233,165",40.80665964,-73.95564324,"(40.80665964, -73.955643243)"
661484050,3/8/2008,21:30:00,,,3/9/2008,124,KIDNAPPING & RELATED OFFENSES,185,KIDNAPPING 2,ATTEMPTED,FELONY,N.Y. POLICE DEPT,BROOKLYN,79,,STREET,,,"996,546","187,436",40.68114496,-73.95566904,"(40.681144959, -73.955669038)"
422954326,6/1/2010,10:00:00,,,6/1/2010,124,KIDNAPPING & RELATED OFFENSES,183,"IMPRISONMENT 1,UNLAWFUL",COMPLETED,FELONY,N.Y. POLICE DEPT,BROOKLYN,70,INSIDE,RESIDENCE - APT. HOUSE,,,"996,545","175,090",40.64725792,-73.95569516,"(40.647257924, -73.955695156)"
616329080,7/20/2009,15:00:00,,,9/29/2009,124,KIDNAPPING & RELATED OFFENSES,185,KIDNAPPING 2,COMPLETED,FELONY,N.Y. POLICE DEPT,BROOKLYN,67,FRONT OF,STREET,,,"996,545","175,090",40.64725792,-73.95569516,"(40.647257924, -73.955695156)"
816280818,8/5/2007,21:15:00,,,8/5/2007,124,KIDNAPPING & RELATED OFFENSES,183,"IMPRISONMENT 1,UNLAWFUL",COMPLETED,FELONY,N.Y. POLICE DEPT,BROOKLYN,67,FRONT OF,OTHER,,,"996,545","175,090",40.64725792,-73.95569516,"(40.647257924, -73.955695156)"
407625291,4/30/2010,2:00:00,4/30/2010,4:15:00,4/30/2010,124,KIDNAPPING & RELATED OFFENSES,183,"IMPRISONMENT 1,UNLAWFUL",COMPLETED,FELONY,N.Y. POLICE DEPT,BROOKLYN,70,FRONT OF,TAXI (YELLOW LICENSED),,,"996,544","165,944",40.6221541,-73.95571542,"(40.622154097, -73.955715421)"
975375300,8/25/2009,12:00:00,10/10/2009,20:00:00,10/10/2009,124,KIDNAPPING & RELATED OFFENSES,193,CUSTODIAL INTERFERENCE 1,COMPLETED,FELONY,N.Y. POLICE DEPT,MANHATTAN,19,INSIDE,RESIDENCE - APT. HOUSE,,,"996,506","222,669",40.77785098,-73.95574909,"(40.777850983, -73.955749088)"
444844686,7/10/2007,17:20:00,7/10/2007,17:59:00,7/10/2007,124,KIDNAPPING & RELATED OFFENSES,187,KIDNAPPING 1,ATTEMPTED,FELONY,N.Y. POLICE DEPT,BROOKLYN,67,INSIDE,COMMERCIAL BUILDING,,,"996,522","175,758",40.64909147,-73.95577682,"(40.649091472, -73.955776823)"
338841447,9/10/2009,1:00:00,9/10/2009,1:15:00,9/10/2009,124,KIDNAPPING & RELATED OFFENSES,183,"IMPRISONMENT 1,UNLAWFUL",COMPLETED,FELONY,N.Y. POLICE DEPT,BROOKLYN,61,INSIDE,RESIDENCE - APT. HOUSE,,,"996,477","153,005",40.58663927,-73.95598019,"(40.586639271, -73.955980192)"
177703358,9/12/2008,15:32:00,9/12/2008,15:37:00,9/12/2008,124,KIDNAPPING & RELATED OFFENSES,183,"IMPRISONMENT 1,UNLAWFUL",COMPLETED,FELONY,N.Y. POLICE DEPT,BROOKLYN,70,INSIDE,RESIDENCE - APT. HOUSE,,,"996,432","173,949",40.64412628,-73.95610442,"(40.644126281, -73.956104424)"
369471467,10/10/2008,19:00:00,10/10/2008,21:30:00,10/11/2008,124,KIDNAPPING & RELATED OFFENSES,185,KIDNAPPING 2,COMPLETED,FELONY,N.Y. POLICE DEPT,MANHATTAN,19,FRONT OF,STREET,,,"996,389","221,200",40.77381913,-73.95617419,"(40.773819125, -73.95617419)"
339338534,7/14/2010,20:00:00,7/15/2010,11:10:00,7/15/2010,124,KIDNAPPING & RELATED OFFENSES,185,KIDNAPPING 2,COMPLETED,FELONY,N.Y. POLICE DEPT,MANHATTAN,19,INSIDE,RESIDENCE - APT. HOUSE,,,"996,369","220,432",40.77171119,-73.95624778,"(40.771711194, -73.956247784)"
187140696,4/3/2007,19:00:00,4/3/2007,19:09:00,4/3/2007,124,KIDNAPPING & RELATED OFFENSES,187,KIDNAPPING 1,ATTEMPTED,FELONY,N.Y. POLICE DEPT,BROOKLYN,71,,STREET,,,"996,303","178,807",40.65746061,-73.95656059,"(40.657460613, -73.956560585)"
112762884,12/29/2010,19:00:00,12/29/2010,21:00:00,12/29/2010,124,KIDNAPPING & RELATED OFFENSES,183,"IMPRISONMENT 1,UNLAWFUL",COMPLETED,FELONY,N.Y. POLICE DEPT,BROOKLYN,70,,,,,"996,292","169,021",40.63060016,-73.9566177,"(40.630600163, -73.956617698)"
992459584,10/30/2016,10:00:00,10/30/2016,12:00:00,10/30/2016,124,KIDNAPPING & RELATED OFFENSES,193,CUSTODIAL INTERFERENCE 1,COMPLETED,FELONY,N.Y. POLICE DEPT,BROOKLYN,77,INSIDE,CHAIN STORE,,,"996,283","183,521",40.67039953,-73.95662426,"(40.670399527, -73.956624257)"
793524018,4/23/2008,10:40:00,4/23/2008,11:15:00,4/23/2008,124,KIDNAPPING & RELATED OFFENSES,183,"IMPRISONMENT 1,UNLAWFUL",COMPLETED,FELONY,N.Y. POLICE DEPT,BROOKLYN,94,INSIDE,RESIDENCE - APT. HOUSE,,,"996,271","206,802",40.73430043,-73.95662596,"(40.734300431, -73.956625962)"
315334649,10/28/2010,7:35:00,10/28/2010,7:40:00,11/1/2010,124,KIDNAPPING & RELATED OFFENSES,183,"IMPRISONMENT 1,UNLAWFUL",COMPLETED,FELONY,N.Y. POLICE DEPT,BROOKLYN,94,INSIDE,PUBLIC SCHOOL,,,"996,171","199,968",40.71554289,-73.9569989,"(40.715542893, -73.956998896)"
823319629,7/11/2008,12:44:00,7/11/2008,15:19:00,7/11/2008,124,KIDNAPPING & RELATED OFFENSES,185,KIDNAPPING 2,COMPLETED,FELONY,N.Y. HOUSING POLICE,MANHATTAN,26,INSIDE,RESIDENCE - PUBLIC HOUSING,,MANHATTANVILLE,"996,138","237,007",40.8172054,-73.95705243,"(40.817205398, -73.957052433)"
370515847,2/12/2008,15:00:00,,,3/28/2008,124,KIDNAPPING & RELATED OFFENSES,193,CUSTODIAL INTERFERENCE 1,COMPLETED,FELONY,N.Y. POLICE DEPT,BROOKLYN,79,INSIDE,RESIDENCE - APT. HOUSE,,,"996,159","189,971",40.68810349,-73.95705986,"(40.688103485, -73.95705986)"
589170463,2/12/2008,8:30:00,3/10/2008,13:25:00,3/10/2008,124,KIDNAPPING & RELATED OFFENSES,193,CUSTODIAL INTERFERENCE 1,COMPLETED,FELONY,N.Y. POLICE DEPT,BROOKLYN,79,INSIDE,RESIDENCE - APT. HOUSE,,,"996,159","189,971",40.68810349,-73.95705986,"(40.688103485, -73.95705986)"
209065206,7/21/2013,1:35:00,7/21/2013,1:45:00,1/28/2014,124,KIDNAPPING & RELATED OFFENSES,183,"IMPRISONMENT 1,UNLAWFUL",COMPLETED,FELONY,N.Y. HOUSING POLICE,MANHATTAN,26,FRONT OF,RESIDENCE - PUBLIC HOUSING,,GRANT,"996,130","235,208",40.81226766,-73.95708452,"(40.812267657, -73.957084521)"
287399364,7/30/2010,6:00:00,7/30/2010,10:00:00,10/5/2010,124,KIDNAPPING & RELATED OFFENSES,193,CUSTODIAL INTERFERENCE 1,COMPLETED,FELONY,N.Y. POLICE DEPT,BROOKLYN,71,INSIDE,RESIDENCE - APT. HOUSE,,,"996,149","181,562",40.66502269,-73.95711076,"(40.665022689, -73.957110763)"
384982514,1/5/2010,21:00:00,1/7/2010,2:00:00,1/7/2010,124,KIDNAPPING & RELATED OFFENSES,187,KIDNAPPING 1,COMPLETED,FELONY,N.Y. POLICE DEPT,BROOKLYN,70,,STREET,,,"996,149","172,510",40.64017692,-73.95712673,"(40.640176919, -73.957126732)"
347104459,4/24/2011,18:00:00,4/25/2011,1:25:00,4/25/2011,124,KIDNAPPING & RELATED OFFENSES,193,CUSTODIAL INTERFERENCE 1,COMPLETED,FELONY,N.Y. POLICE DEPT,BROOKLYN,70,INSIDE,RESIDENCE - APT. HOUSE,,,"996,108","176,259",40.65046717,-73.95726788,"(40.650467172, -73.957267875)"
587686776,10/7/2008,14:30:00,10/7/2008,14:49:00,10/7/2008,124,KIDNAPPING & RELATED OFFENSES,183,"IMPRISONMENT 1,UNLAWFUL",COMPLETED,FELONY,N.Y. POLICE DEPT,BROOKLYN,79,INSIDE,RESIDENCE - APT. HOUSE,,,"996,054","187,733",40.68196083,-73.95744239,"(40.681960826, -73.957442391)"
338989787,10/27/2007,18:45:00,10/27/2007,19:37:00,10/27/2007,124,KIDNAPPING & RELATED OFFENSES,183,"IMPRISONMENT 1,UNLAWFUL",COMPLETED,FELONY,N.Y. POLICE DEPT,BROOKLYN,70,INSIDE,RESIDENCE - APT. HOUSE,,,"996,063","165,062",40.61973385,-73.95744964,"(40.619733845, -73.957449644)"
195571823,6/28/2006,10:25:00,,,7/5/2006,124,KIDNAPPING & RELATED OFFENSES,193,CUSTODIAL INTERFERENCE 1,COMPLETED,FELONY,N.Y. POLICE DEPT,BROOKLYN,70,INSIDE,RESIDENCE - APT. HOUSE,,,"996,040","169,426",40.63171214,-73.95752487,"(40.631712142, -73.957524871)"
616723693,8/8/2007,17:50:00,8/8/2007,17:50:00,8/8/2007,124,KIDNAPPING & RELATED OFFENSES,183,"IMPRISONMENT 1,UNLAWFUL",COMPLETED,FELONY,N.Y. POLICE DEPT,BROOKLYN,79,INSIDE,RESIDENCE-HOUSE,,,"995,963","188,713",40.68465082,-73.95776879,"(40.684650824, -73.957768786)"
421778038,9/4/2007,12:30:00,,,9/4/2007,124,KIDNAPPING & RELATED OFFENSES,183,"IMPRISONMENT 1,UNLAWFUL",COMPLETED,FELONY,N.Y. POLICE DEPT,BROOKLYN,70,INSIDE,RESIDENCE - APT. HOUSE,,,"995,957","177,431",40.65368426,-73.95781001,"(40.653684258, -73.957810011)"
516539134,7/8/2015,17:00:00,7/12/2015,17:00:00,7/12/2015,124,KIDNAPPING & RELATED OFFENSES,193,CUSTODIAL INTERFERENCE 1,COMPLETED,FELONY,N.Y. POLICE DEPT,BROOKLYN,79,FRONT OF,RESIDENCE - APT. HOUSE,,,"995,942","191,966",40.69357959,-73.95783886,"(40.69357959, -73.957838859)"
504711251,7/21/2009,5:50:00,7/21/2009,5:55:00,7/21/2009,124,KIDNAPPING & RELATED OFFENSES,183,"IMPRISONMENT 1,UNLAWFUL",COMPLETED,FELONY,N.Y. POLICE DEPT,BROOKLYN,79,INSIDE,RESIDENCE - APT. HOUSE,,,"995,922","188,979",40.68538099,-73.95791616,"(40.685380988, -73.957916156)"
162775041,4/1/2014,21:54:00,,,4/2/2014,124,KIDNAPPING & RELATED OFFENSES,183,"IMPRISONMENT 1,UNLAWFUL",COMPLETED,FELONY,N.Y. POLICE DEPT,BROOKLYN,71,FRONT OF,STREET,,,"995,904","177,893",40.65495242,-73.95800022,"(40.654952417, -73.958000222)"
360923111,6/18/2016,12:00:00,,,6/19/2016,124,KIDNAPPING & RELATED OFFENSES,183,"IMPRISONMENT 1,UNLAWFUL",COMPLETED,FELONY,N.Y. POLICE DEPT,BROOKLYN,70,INSIDE,RESIDENCE - APT. HOUSE,,,"995,904","177,893",40.65495242,-73.95800022,"(40.654952417, -73.958000222)"
401681393,3/7/2008,23:57:00,,,3/8/2008,124,KIDNAPPING & RELATED OFFENSES,183,"IMPRISONMENT 1,UNLAWFUL",COMPLETED,FELONY,N.Y. POLICE DEPT,BROOKLYN,70,INSIDE,RESIDENCE - APT. HOUSE,,,"995,849","172,757",40.64085528,-73.95820727,"(40.64085528, -73.958207273)"
714675357,4/18/2007,0:10:00,4/18/2007,0:16:00,4/18/2007,124,KIDNAPPING & RELATED OFFENSES,183,"IMPRISONMENT 1,UNLAWFUL",COMPLETED,FELONY,N.Y. POLICE DEPT,BROOKLYN,70,INSIDE,RESIDENCE - APT. HOUSE,,,"995,849","172,757",40.64085528,-73.95820727,"(40.64085528, -73.958207273)"
124184747,4/2/2016,0:05:00,4/2/2016,1:30:00,4/2/2016,124,KIDNAPPING & RELATED OFFENSES,183,"IMPRISONMENT 1,UNLAWFUL",COMPLETED,FELONY,N.Y. POLICE DEPT,BROOKLYN,71,FRONT OF,TAXI (YELLOW LICENSED),,,"995,792","178,767",40.6573515,-73.95840238,"(40.657351503, -73.958402376)"
359414866,10/8/2010,23:04:00,10/8/2010,23:21:00,10/9/2010,124,KIDNAPPING & RELATED OFFENSES,183,"IMPRISONMENT 1,UNLAWFUL",COMPLETED,FELONY,N.Y. POLICE DEPT,BROOKLYN,71,FRONT OF,STREET,,,"995,754","179,075",40.65819694,-73.95853881,"(40.658196944, -73.958538808)"
749352705,10/13/2010,12:00:00,10/13/2010,13:00:00,10/27/2010,124,KIDNAPPING & RELATED OFFENSES,193,CUSTODIAL INTERFERENCE 1,COMPLETED,FELONY,N.Y. POLICE DEPT,MANHATTAN,19,INSIDE,RESIDENCE - APT. HOUSE,,,"995,728","216,993",40.76227288,-73.95856788,"(40.762272884, -73.958567881)"
410792543,3/6/1969,16:30:00,,,6/17/2009,124,KIDNAPPING & RELATED OFFENSES,187,KIDNAPPING 1,COMPLETED,FELONY,N.Y. POLICE DEPT,BROOKLYN,77,FRONT OF,HOSPITAL,,,"995,731","185,388",40.67552476,-73.95861095,"(40.675524756, -73.958610954)"
744496863,4/2/2009,18:00:00,4/2/2009,21:20:00,4/2/2009,124,KIDNAPPING & RELATED OFFENSES,183,"IMPRISONMENT 1,UNLAWFUL",COMPLETED,FELONY,N.Y. HOUSING POLICE,BROOKLYN,79,INSIDE,RESIDENCE - PUBLIC HOUSING,,LAFAYETTE,"995,727","190,315",40.68904826,-73.95861698,"(40.689048256, -73.958616984)"
474671307,8/29/2010,6:30:00,8/29/2010,7:00:00,8/29/2010,124,KIDNAPPING & RELATED OFFENSES,183,"IMPRISONMENT 1,UNLAWFUL",COMPLETED,FELONY,N.Y. POLICE DEPT,BROOKLYN,71,FRONT OF,TAXI (YELLOW LICENSED),,,"995,714","179,594",40.65962154,-73.95868209,"(40.659621538, -73.958682093)"
275822289,6/26/2007,19:30:00,6/26/2007,19:35:00,7/2/2007,124,KIDNAPPING & RELATED OFFENSES,193,CUSTODIAL INTERFERENCE 1,COMPLETED,FELONY,N.Y. HOUSING POLICE,MANHATTAN,26,INSIDE,RESIDENCE - PUBLIC HOUSING,,GRANT,"995,653","236,117",40.81476324,-73.95880616,"(40.814763236, -73.958806155)"
998508651,8/4/2007,11:00:00,8/4/2007,22:00:00,8/4/2007,124,KIDNAPPING & RELATED OFFENSES,193,CUSTODIAL INTERFERENCE 1,COMPLETED,FELONY,N.Y. POLICE DEPT,BROOKLYN,70,INSIDE,RESIDENCE - APT. HOUSE,,,"995,679","171,915",40.63854439,-73.95882125,"(40.638544391, -73.958821253)"
237435952,5/28/2010,17:30:00,5/28/2010,18:00:00,5/30/2010,124,KIDNAPPING & RELATED OFFENSES,193,CUSTODIAL INTERFERENCE 1,COMPLETED,FELONY,N.Y. POLICE DEPT,BROOKLYN,77,INSIDE,RESIDENCE - APT. HOUSE,,,"995,643","185,067",40.6746438,-73.95892875,"(40.674643797, -73.958928749)"
446456013,6/2/2016,17:30:00,6/3/2016,13:00:00,6/3/2016,124,KIDNAPPING & RELATED OFFENSES,193,CUSTODIAL INTERFERENCE 1,COMPLETED,FELONY,N.Y. POLICE DEPT,BROOKLYN,71,INSIDE,RESIDENCE-HOUSE,,,"995,627","180,690",40.66262993,-73.95899382,"(40.662629928, -73.958993816)"
314572682,1/30/2010,18:00:00,,,1/30/2010,124,KIDNAPPING & RELATED OFFENSES,193,CUSTODIAL INTERFERENCE 1,COMPLETED,FELONY,N.Y. POLICE DEPT,BROOKLYN,77,INSIDE,RESIDENCE - APT. HOUSE,,,"995,545","185,955",40.67708128,-73.95928056,"(40.677081282, -73.959280558)"
436792467,7/28/2008,23:59:00,,,7/29/2008,124,KIDNAPPING & RELATED OFFENSES,193,CUSTODIAL INTERFERENCE 1,COMPLETED,FELONY,N.Y. POLICE DEPT,BROOKLYN,77,INSIDE,RESIDENCE - APT. HOUSE,,,"995,545","185,955",40.67708128,-73.95928056,"(40.677081282, -73.959280558)"
830377419,9/30/2012,12:00:00,9/30/2012,16:16:00,9/30/2012,124,KIDNAPPING & RELATED OFFENSES,193,CUSTODIAL INTERFERENCE 1,COMPLETED,FELONY,N.Y. HOUSING POLICE,MANHATTAN,26,INSIDE,RESIDENCE - PUBLIC HOUSING,,GRANT,"995,517","235,873",40.8140937,-73.95929789,"(40.814093699, -73.959297888)"
832190244,5/6/2007,22:00:00,5/6/2007,22:00:00,5/7/2007,124,KIDNAPPING & RELATED OFFENSES,183,"IMPRISONMENT 1,UNLAWFUL",COMPLETED,FELONY,N.Y. POLICE DEPT,BROOKLYN,60,INSIDE,RESIDENCE - APT. HOUSE,,,"995,445","150,152",40.57880971,-73.95970046,"(40.578809713, -73.959700459)"
332177210,3/12/2006,17:00:00,3/13/2006,7:40:00,3/13/2006,124,KIDNAPPING & RELATED OFFENSES,193,CUSTODIAL INTERFERENCE 1,COMPLETED,FELONY,N.Y. POLICE DEPT,BROOKLYN,70,INSIDE,RESIDENCE-HOUSE,,,"995,414","163,962",40.61671542,-73.95978924,"(40.616715415, -73.959789236)"
890776895,5/11/2010,11:50:00,,,5/11/2010,124,KIDNAPPING & RELATED OFFENSES,183,"IMPRISONMENT 1,UNLAWFUL",COMPLETED,FELONY,N.Y. POLICE DEPT,BROOKLYN,90,INSIDE,RESIDENCE - APT. HOUSE,,,"995,391","198,840",40.71244782,-73.95981445,"(40.712447818, -73.959814452)"
872067986,12/14/2016,1:00:00,,,12/19/2016,124,KIDNAPPING & RELATED OFFENSES,183,"IMPRISONMENT 1,UNLAWFUL",COMPLETED,FELONY,N.Y. POLICE DEPT,BROOKLYN,88,INSIDE,RESIDENCE - APT. HOUSE,,,"995,369","187,428",40.68112456,-73.95991265,"(40.681124557, -73.959912645)"
883487520,5/3/2016,12:30:00,5/3/2016,13:00:00,5/5/2016,124,KIDNAPPING & RELATED OFFENSES,193,CUSTODIAL INTERFERENCE 1,COMPLETED,FELONY,N.Y. POLICE DEPT,MANHATTAN,19,INSIDE,RESIDENCE - APT. HOUSE,,,"995,341","222,709",40.77796231,-73.95995545,"(40.77796231, -73.959955451)"
477162160,4/26/2014,19:00:00,,,4/27/2014,124,KIDNAPPING & RELATED OFFENSES,193,CUSTODIAL INTERFERENCE 1,COMPLETED,FELONY,N.Y. HOUSING POLICE,BROOKLYN,79,FRONT OF,RESIDENCE - PUBLIC HOUSING,,LAFAYETTE,"995,302","190,524",40.68962245,-73.96014913,"(40.689622454, -73.960149132)"
698866464,4/13/2008,14:30:00,4/13/2008,15:30:00,4/13/2008,124,KIDNAPPING & RELATED OFFENSES,193,CUSTODIAL INTERFERENCE 1,COMPLETED,FELONY,N.Y. POLICE DEPT,BROOKLYN,71,INSIDE,RESIDENCE - APT. HOUSE,,,"995,296","178,641",40.65700629,-73.96019024,"(40.657006293, -73.96019024)"
253838191,4/13/2006,12:00:00,4/21/2006,18:03:00,4/21/2006,124,KIDNAPPING & RELATED OFFENSES,193,CUSTODIAL INTERFERENCE 1,COMPLETED,FELONY,N.Y. POLICE DEPT,BROOKLYN,70,INSIDE,OTHER,,,"995,201","171,020",40.63608841,-73.960545,"(40.63608841, -73.960545002)"
221813896,11/20/2015,10:50:00,11/20/2015,10:55:00,11/20/2015,124,KIDNAPPING & RELATED OFFENSES,183,"IMPRISONMENT 1,UNLAWFUL",COMPLETED,FELONY,N.Y. POLICE DEPT,BROOKLYN,88,,STREET,,,"995,179","187,809",40.68217055,-73.96059706,"(40.682170553, -73.960597059)"
506103227,4/1/2007,10:00:00,4/1/2007,13:00:00,4/2/2007,124,KIDNAPPING & RELATED OFFENSES,193,CUSTODIAL INTERFERENCE 1,COMPLETED,FELONY,N.Y. POLICE DEPT,MANHATTAN,19,INSIDE,HOSPITAL,,,"995,159","221,254",40.77396895,-73.96061496,"(40.773968945, -73.960614956)"
866667609,4/13/2007,8:00:00,4/14/2007,9:00:00,4/29/2007,124,KIDNAPPING & RELATED OFFENSES,193,CUSTODIAL INTERFERENCE 1,COMPLETED,FELONY,N.Y. POLICE DEPT,BROOKLYN,61,INSIDE,RESIDENCE-HOUSE,,,"995,179","159,439",40.604301,-73.96064301,"(40.604301001, -73.960643014)"
271848836,6/20/2011,2:00:00,6/20/2011,4:00:00,6/28/2011,124,KIDNAPPING & RELATED OFFENSES,183,"IMPRISONMENT 1,UNLAWFUL",COMPLETED,FELONY,N.Y. POLICE DEPT,BROOKLYN,70,INSIDE,RESIDENCE - APT. HOUSE,,,"995,172","167,078",40.62526849,-73.96065587,"(40.625268488, -73.960655867)"
445453031,8/1/2009,20:42:00,8/1/2009,21:03:00,8/1/2009,124,KIDNAPPING & RELATED OFFENSES,183,"IMPRISONMENT 1,UNLAWFUL",COMPLETED,FELONY,N.Y. POLICE DEPT,MANHATTAN,24,INSIDE,RESIDENCE - APT. HOUSE,,,"995,114","231,061",40.80088659,-73.96076157,"(40.800886592, -73.960761567)"
826502771,4/15/2006,15:45:00,4/15/2006,15:55:00,4/15/2006,124,KIDNAPPING & RELATED OFFENSES,183,"IMPRISONMENT 1,UNLAWFUL",COMPLETED,FELONY,N.Y. POLICE DEPT,BROOKLYN,71,,STREET,,,"995,134","180,366",40.66174124,-73.96077132,"(40.661741239, -73.960771324)"
729149131,8/16/2006,21:00:00,8/16/2006,22:00:00,8/18/2006,124,KIDNAPPING & RELATED OFFENSES,183,"IMPRISONMENT 1,UNLAWFUL",COMPLETED,FELONY,N.Y. POLICE DEPT,MANHATTAN,19,INSIDE,RESIDENCE - APT. HOUSE,,,"995,096","217,045",40.76241641,-73.96084921,"(40.762416409, -73.960849207)"
429571726,1/9/2013,12:00:00,1/12/2013,13:30:00,1/12/2013,124,KIDNAPPING & RELATED OFFENSES,193,CUSTODIAL INTERFERENCE 1,COMPLETED,FELONY,N.Y. POLICE DEPT,BROOKLYN,61,INSIDE,PUBLIC BUILDING,,,"995,118","155,709",40.59406298,-73.96086869,"(40.59406298, -73.960868693)"
182783489,3/30/2012,17:00:00,3/30/2012,18:00:00,3/30/2012,124,KIDNAPPING & RELATED OFFENSES,193,CUSTODIAL INTERFERENCE 1,COMPLETED,FELONY,N.Y. POLICE DEPT,BROOKLYN,61,INSIDE,OTHER,,,"995,118","155,709",40.59406298,-73.96086869,"(40.59406298, -73.960868693)"
783463016,1/20/2006,18:00:00,,,1/20/2006,124,KIDNAPPING & RELATED OFFENSES,193,CUSTODIAL INTERFERENCE 1,COMPLETED,FELONY,N.Y. POLICE DEPT,BROOKLYN,61,INSIDE,RESIDENCE-HOUSE,,,"995,118","155,709",40.59406298,-73.96086869,"(40.59406298, -73.960868693)"
907156137,11/7/2007,0:05:00,11/7/2007,0:38:00,11/7/2007,124,KIDNAPPING & RELATED OFFENSES,183,"IMPRISONMENT 1,UNLAWFUL",COMPLETED,FELONY,N.Y. POLICE DEPT,MANHATTAN,19,FRONT OF,STREET,,,"995,087","217,347",40.76324533,-73.96088121,"(40.763245332, -73.960881208)"
916881558,5/8/2008,17:15:00,,,5/8/2008,124,KIDNAPPING & RELATED OFFENSES,193,CUSTODIAL INTERFERENCE 1,COMPLETED,FELONY,N.Y. POLICE DEPT,BROOKLYN,71,,FAST FOOD,,,"995,082","180,931",40.6632921,-73.96095784,"(40.663292103, -73.960957844)"
757294402,9/11/2009,17:30:00,9/12/2009,12:30:00,9/12/2009,124,KIDNAPPING & RELATED OFFENSES,183,"IMPRISONMENT 1,UNLAWFUL",COMPLETED,FELONY,N.Y. POLICE DEPT,BROOKLYN,60,INSIDE,RESIDENCE - APT. HOUSE,,,"995,083","149,752",40.57771224,-73.96100427,"(40.577712242, -73.961004266)"
397689189,6/3/2008,17:30:00,,,6/4/2008,124,KIDNAPPING & RELATED OFFENSES,183,"IMPRISONMENT 1,UNLAWFUL",COMPLETED,FELONY,N.Y. POLICE DEPT,BROOKLYN,71,INSIDE,RESIDENCE - APT. HOUSE,,,"995,051","182,475",40.66753008,-73.96106711,"(40.667530079, -73.961067109)"
825199393,4/24/2007,22:30:00,4/24/2007,22:40:00,4/24/2007,124,KIDNAPPING & RELATED OFFENSES,183,"IMPRISONMENT 1,UNLAWFUL",COMPLETED,FELONY,N.Y. POLICE DEPT,BROOKLYN,71,INSIDE,RESIDENCE - APT. HOUSE,,,"995,051","182,475",40.66753008,-73.96106711,"(40.667530079, -73.961067109)"
281216404,3/14/2008,8:30:00,3/14/2008,9:30:00,3/14/2008,124,KIDNAPPING & RELATED OFFENSES,183,"IMPRISONMENT 1,UNLAWFUL",COMPLETED,FELONY,N.Y. POLICE DEPT,BROOKLYN,88,,STREET,,,"995,039","192,126",40.6940199,-73.96109492,"(40.694019899, -73.961094915)"
898472286,6/20/2008,23:30:00,6/20/2008,23:40:00,6/21/2008,124,KIDNAPPING & RELATED OFFENSES,193,CUSTODIAL INTERFERENCE 1,COMPLETED,FELONY,N.Y. POLICE DEPT,BROOKLYN,90,INSIDE,RESIDENCE - APT. HOUSE,,,"995,000","198,556",40.71166879,-73.96122529,"(40.711668789, -73.961225291)"
700047334,1/1/2012,3:10:00,,,1/1/2012,124,KIDNAPPING & RELATED OFFENSES,183,"IMPRISONMENT 1,UNLAWFUL",COMPLETED,FELONY,N.Y. POLICE DEPT,BROOKLYN,61,INSIDE,BAR/NIGHT CLUB,,,"995,004","157,675",40.59945939,-73.96127605,"(40.599459393, -73.961276046)"
340912602,1/29/2011,21:30:00,1/29/2011,22:30:00,1/30/2011,124,KIDNAPPING & RELATED OFFENSES,183,"IMPRISONMENT 1,UNLAWFUL",COMPLETED,FELONY,N.Y. POLICE DEPT,BROOKLYN,60,INSIDE,RESIDENCE - APT. HOUSE,,,"995,004","149,389",40.57671597,-73.96128923,"(40.576715974, -73.961289231)"
685062995,9/30/2011,21:00:00,11/23/2011,15:45:00,11/23/2011,124,KIDNAPPING & RELATED OFFENSES,193,CUSTODIAL INTERFERENCE 1,COMPLETED,FELONY,N.Y. POLICE DEPT,BROOKLYN,71,INSIDE,RESIDENCE - APT. HOUSE,,,"994,938","180,018",40.66078629,-73.96147834,"(40.660786294, -73.961478335)"
927447306,11/14/2012,13:30:00,11/14/2012,15:00:00,11/15/2012,124,KIDNAPPING & RELATED OFFENSES,187,KIDNAPPING 1,COMPLETED,FELONY,N.Y. POLICE DEPT,BROOKLYN,90,INSIDE,RESIDENCE - APT. HOUSE,,,"994,928","199,482",40.71421053,-73.96148353,"(40.714210526, -73.961483533)"
332789240,2/3/2016,14:20:00,2/3/2016,21:30:00,2/4/2016,124,KIDNAPPING & RELATED OFFENSES,183,"IMPRISONMENT 1,UNLAWFUL",COMPLETED,FELONY,N.Y. POLICE DEPT,BROOKLYN,71,,OTHER,,,"994,920","183,675",40.67082397,-73.96153743,"(40.670823971, -73.961537425)"
399655151,7/3/2013,7:45:00,7/3/2013,8:35:00,7/3/2013,124,KIDNAPPING & RELATED OFFENSES,193,CUSTODIAL INTERFERENCE 1,COMPLETED,FELONY,N.Y. POLICE DEPT,BROOKLYN,70,FRONT OF,RESIDENCE - APT. HOUSE,,,"994,904","167,484",40.6263832,-73.96162067,"(40.626383199, -73.961620674)"
569719778,6/28/2015,16:00:00,,,7/21/2015,124,KIDNAPPING & RELATED OFFENSES,193,CUSTODIAL INTERFERENCE 1,COMPLETED,FELONY,N.Y. POLICE DEPT,BROOKLYN,70,FRONT OF,RESIDENCE - APT. HOUSE,,,"994,871","177,892",40.65495097,-73.96172317,"(40.654950971, -73.961723173)"
447073656,3/12/2008,20:00:00,3/12/2008,23:45:00,3/12/2008,124,KIDNAPPING & RELATED OFFENSES,183,"IMPRISONMENT 1,UNLAWFUL",COMPLETED,FELONY,N.Y. POLICE DEPT,BROOKLYN,61,INSIDE,RESIDENCE - APT. HOUSE,,,"994,843","155,033",40.59220783,-73.96185995,"(40.592207829, -73.961859953)"
763885286,2/27/2007,15:28:00,2/27/2007,15:28:00,2/27/2007,124,KIDNAPPING & RELATED OFFENSES,183,"IMPRISONMENT 1,UNLAWFUL",COMPLETED,FELONY,N.Y. POLICE DEPT,BROOKLYN,70,INSIDE,RESIDENCE - APT. HOUSE,,,"994,793","176,795",40.65194004,-73.962006,"(40.651940039, -73.962006001)"
354558658,10/25/2012,0:25:00,,,10/25/2012,124,KIDNAPPING & RELATED OFFENSES,185,KIDNAPPING 2,COMPLETED,FELONY,N.Y. POLICE DEPT,BROOKLYN,88,INSIDE,RESIDENCE - APT. HOUSE,,,"994,773","191,787",40.69308974,-73.96205468,"(40.693089743, -73.962054676)"
760203471,12/22/2007,9:13:00,12/22/2007,13:20:00,12/22/2007,124,KIDNAPPING & RELATED OFFENSES,183,"IMPRISONMENT 1,UNLAWFUL",COMPLETED,FELONY,N.Y. POLICE DEPT,BROOKLYN,94,FRONT OF,STREET,,,"994,746","200,438",40.71683474,-73.96213856,"(40.716834736, -73.962138557)"
295924484,9/3/2011,1:30:00,9/3/2011,3:43:00,9/3/2011,124,KIDNAPPING & RELATED OFFENSES,183,"IMPRISONMENT 1,UNLAWFUL",ATTEMPTED,FELONY,N.Y. POLICE DEPT,BROOKLYN,90,,STREET,,,"994,651","196,257",40.705359,-73.96248772,"(40.705358995, -73.962487715)"
647957480,9/8/2009,18:00:00,,,9/8/2009,124,KIDNAPPING & RELATED OFFENSES,193,CUSTODIAL INTERFERENCE 1,COMPLETED,FELONY,N.Y. POLICE DEPT,BROOKLYN,90,INSIDE,RESIDENCE - APT. HOUSE,,,"994,603","197,262",40.70811754,-73.96265929,"(40.708117539, -73.962659293)"
513083709,6/29/2012,21:50:00,6/29/2012,21:53:00,6/29/2012,124,KIDNAPPING & RELATED OFFENSES,183,"IMPRISONMENT 1,UNLAWFUL",COMPLETED,FELONY,N.Y. POLICE DEPT,BROOKLYN,60,FRONT OF,STREET,,,"994,602","150,003",40.57840176,-73.96273541,"(40.578401762, -73.96273541)"
465516554,4/7/2011,17:00:00,4/7/2011,18:00:00,4/7/2011,124,KIDNAPPING & RELATED OFFENSES,193,CUSTODIAL INTERFERENCE 1,COMPLETED,FELONY,N.Y. POLICE DEPT,BROOKLYN,70,INSIDE,RESIDENCE - APT. HOUSE,,,"994,588","175,255",40.64771331,-73.96274715,"(40.647713314, -73.962747151)"
741214053,9/29/2014,6:00:00,,,9/29/2014,124,KIDNAPPING & RELATED OFFENSES,193,CUSTODIAL INTERFERENCE 1,COMPLETED,FELONY,N.Y. POLICE DEPT,BROOKLYN,70,INSIDE,RESIDENCE - APT. HOUSE,,,"994,576","177,427",40.653675,-73.96278707,"(40.653674996, -73.96278707)"
681358190,5/17/2015,9:50:00,5/17/2015,10:15:00,5/17/2015,124,KIDNAPPING & RELATED OFFENSES,183,"IMPRISONMENT 1,UNLAWFUL",COMPLETED,FELONY,N.Y. POLICE DEPT,MANHATTAN,19,INSIDE,HOTEL/MOTEL,,,"994,554","221,287",40.77406025,-73.96279923,"(40.774060247, -73.962799233)"
197544503,7/3/2007,11:00:00,,,7/3/2007,124,KIDNAPPING & RELATED OFFENSES,193,CUSTODIAL INTERFERENCE 1,COMPLETED,FELONY,N.Y. POLICE DEPT,BROOKLYN,77,INSIDE,RESIDENCE - APT. HOUSE,,,"994,508","186,713",40.67916308,-73.96301801,"(40.679163084, -73.96301801)"
528435454,3/14/2009,9:10:00,3/14/2009,9:15:00,3/14/2009,124,KIDNAPPING & RELATED OFFENSES,183,"IMPRISONMENT 1,UNLAWFUL",COMPLETED,FELONY,N.Y. POLICE DEPT,BROOKLYN,70,INSIDE,RESIDENCE - APT. HOUSE,,,"994,492","174,982",40.6469641,-73.96309351,"(40.6469641, -73.963093514)"
993652046,7/31/2011,14:00:00,8/1/2011,15:15:00,8/1/2011,124,KIDNAPPING & RELATED OFFENSES,187,KIDNAPPING 1,COMPLETED,FELONY,N.Y. POLICE DEPT,BROOKLYN,60,,STREET,,,"994,451","149,573",40.57722167,-73.96327964,"(40.577221672, -73.963279641)"
963957630,3/31/2009,22:12:00,,,4/1/2009,124,KIDNAPPING & RELATED OFFENSES,193,CUSTODIAL INTERFERENCE 1,COMPLETED,FELONY,N.Y. POLICE DEPT,MANHATTAN,24,INSIDE,RESIDENCE - APT. HOUSE,,,"994,400","231,157",40.80115094,-73.96334033,"(40.801150935, -73.963340332)"
889761457,1/1/2007,17:30:00,1/2/2007,13:30:00,1/2/2007,124,KIDNAPPING & RELATED OFFENSES,193,CUSTODIAL INTERFERENCE 1,COMPLETED,FELONY,N.Y. POLICE DEPT,BROOKLYN,90,INSIDE,RESIDENCE - APT. HOUSE,,INDEPENDENCE,"994,403","196,048",40.70478563,-73.9633825,"(40.704785627, -73.963382502)"
187767828,8/5/2009,16:43:00,8/5/2009,17:43:00,8/5/2009,124,KIDNAPPING & RELATED OFFENSES,185,KIDNAPPING 2,COMPLETED,FELONY,N.Y. POLICE DEPT,MANHATTAN,26,,STREET,,,"994,243","233,657",40.80801293,-73.96390368,"(40.808012927, -73.963903684)"
703435300,5/24/2006,21:00:00,,,5/24/2006,124,KIDNAPPING & RELATED OFFENSES,183,"IMPRISONMENT 1,UNLAWFUL",COMPLETED,FELONY,N.Y. HOUSING POLICE,BROOKLYN,90,INSIDE,RESIDENCE - PUBLIC HOUSING,,INDEPENDENCE,"994,231","196,250",40.70534027,-73.96400256,"(40.705340265, -73.964002557)"
111022333,11/14/2015,2:00:00,11/14/2015,2:30:00,11/14/2015,124,KIDNAPPING & RELATED OFFENSES,187,KIDNAPPING 1,COMPLETED,FELONY,N.Y. HOUSING POLICE,MANHATTAN,24,INSIDE,RESIDENCE - PUBLIC HOUSING,,DOUGLASS,"994,199","229,871",40.79762144,-73.96406824,"(40.797621444, -73.964068235)"
698362709,1/17/2011,16:30:00,1/17/2011,16:32:00,1/17/2011,124,KIDNAPPING & RELATED OFFENSES,183,"IMPRISONMENT 1,UNLAWFUL",COMPLETED,FELONY,N.Y. POLICE DEPT,MANHATTAN,26,,PARK/PLAYGROUND,,,"994,098","234,659",40.8107633,-73.964426,"(40.810763302, -73.964425999)"
542031042,8/1/2012,12:00:00,8/2/2012,13:00:00,11/18/2012,124,KIDNAPPING & RELATED OFFENSES,193,CUSTODIAL INTERFERENCE 1,COMPLETED,FELONY,N.Y. HOUSING POLICE,MANHATTAN,24,INSIDE,RESIDENCE - PUBLIC HOUSING,,DOUGLASS,"994,086","229,664",40.79705341,-73.96447667,"(40.797053412, -73.964476665)"
973806757,4/26/2008,1:20:00,4/26/2008,1:20:00,4/26/2008,124,KIDNAPPING & RELATED OFFENSES,183,"IMPRISONMENT 1,UNLAWFUL",COMPLETED,FELONY,N.Y. POLICE DEPT,MANHATTAN,17,,STREET,,,"993,865","215,915",40.75931627,-73.96529453,"(40.759316273, -73.965294525)"
674471389,4/24/2012,4:10:00,4/24/2012,4:14:00,4/24/2012,124,KIDNAPPING & RELATED OFFENSES,183,"IMPRISONMENT 1,UNLAWFUL",COMPLETED,FELONY,N.Y. POLICE DEPT,BROOKLYN,90,,STREET,,,"993,817","198,126",40.7104899,-73.96549308,"(40.7104899, -73.965493083)"
523327923,3/9/2009,3:40:00,3/9/2009,3:50:00,3/9/2009,124,KIDNAPPING & RELATED OFFENSES,183,"IMPRISONMENT 1,UNLAWFUL",COMPLETED,FELONY,N.Y. POLICE DEPT,BROOKLYN,70,INSIDE,RESIDENCE - APT. HOUSE,,,"993,821","170,434",40.63448156,-73.96551797,"(40.634481563, -73.965517971)"
303962946,3/5/2016,20:38:00,3/5/2016,20:44:00,3/6/2016,124,KIDNAPPING & RELATED OFFENSES,185,KIDNAPPING 2,COMPLETED,FELONY,N.Y. POLICE DEPT,BROOKLYN,61,FRONT OF,STREET,,,"993,777","157,495",40.59896673,-73.96569475,"(40.598966733, -73.965694754)"
466019170,5/12/2015,10:30:00,5/12/2015,11:00:00,5/14/2015,124,KIDNAPPING & RELATED OFFENSES,185,KIDNAPPING 2,ATTEMPTED,FELONY,N.Y. POLICE DEPT,MANHATTAN,22,,PARK/PLAYGROUND,CENTRAL PARK,,"993,700","224,344",40.78245186,-73.96587827,"(40.78245186, -73.965878269)"
604929127,5/10/2013,17:13:00,5/10/2013,23:00:00,5/10/2013,124,KIDNAPPING & RELATED OFFENSES,185,KIDNAPPING 2,COMPLETED,FELONY,N.Y. POLICE DEPT,MANHATTAN,24,INSIDE,RESIDENCE - APT. HOUSE,,,"993,675","230,777",40.80010874,-73.96595952,"(40.800108742, -73.965959517)"
414429112,4/1/2007,18:00:00,4/1/2007,18:10:00,4/9/2007,124,KIDNAPPING & RELATED OFFENSES,193,CUSTODIAL INTERFERENCE 1,COMPLETED,FELONY,N.Y. POLICE DEPT,BROOKLYN,70,INSIDE,RESIDENCE-HOUSE,,,"993,691","172,242",40.63944428,-73.96598382,"(40.639444278, -73.965983819)"
153250170,4/8/2006,8:00:00,4/8/2006,13:35:00,4/8/2006,124,KIDNAPPING & RELATED OFFENSES,193,CUSTODIAL INTERFERENCE 1,COMPLETED,FELONY,N.Y. POLICE DEPT,BROOKLYN,70,INSIDE,RESIDENCE - APT. HOUSE,,,"993,691","172,242",40.63944428,-73.96598382,"(40.639444278, -73.965983819)"
700957271,6/10/2009,19:00:00,6/11/2009,21:40:00,6/13/2009,124,KIDNAPPING & RELATED OFFENSES,185,KIDNAPPING 2,COMPLETED,FELONY,N.Y. POLICE DEPT,MANHATTAN,19,FRONT OF,RESIDENCE-HOUSE,,,"993,632","218,005",40.76505304,-73.96613266,"(40.765053036, -73.966132661)"
930533289,8/1/2006,23:00:00,,,8/2/2006,124,KIDNAPPING & RELATED OFFENSES,183,"IMPRISONMENT 1,UNLAWFUL",COMPLETED,FELONY,N.Y. POLICE DEPT,BROOKLYN,88,INSIDE,RESIDENCE - APT. HOUSE,,,"993,582","190,924",40.69072234,-73.96635071,"(40.690722343, -73.96635071)"
251641661,10/6/2016,14:30:00,10/6/2016,16:00:00,10/6/2016,124,KIDNAPPING,186,LURING A CHILD,COMPLETED,FELONY,N.Y. POLICE DEPT,BROOKLYN,70,REAR OF,PUBLIC SCHOOL,,,"993,529","170,256",40.6339933,-73.96657027,"(40.633993302, -73.966570265)"
331638653,10/2/2009,22:30:00,10/3/2009,8:30:00,10/5/2009,124,KIDNAPPING & RELATED OFFENSES,183,"IMPRISONMENT 1,UNLAWFUL",COMPLETED,FELONY,N.Y. POLICE DEPT,MANHATTAN,17,FRONT OF,STREET,,,"993,444","216,618",40.76124628,-73.96681323,"(40.761246275, -73.966813233)"
293112095,10/24/2012,5:15:00,10/24/2012,5:26:00,10/24/2012,124,KIDNAPPING & RELATED OFFENSES,187,KIDNAPPING 1,ATTEMPTED,FELONY,N.Y. POLICE DEPT,BROOKLYN,90,,STREET,,,"993,413","197,901",40.70987276,-73.96695063,"(40.709872755, -73.966950625)"
702611201,4/16/2010,21:00:00,4/23/2010,11:00:00,4/25/2010,124,KIDNAPPING & RELATED OFFENSES,183,"IMPRISONMENT 1,UNLAWFUL",COMPLETED,FELONY,N.Y. POLICE DEPT,BROOKLYN,60,,STREET,,,"993,370","149,271",40.57639392,-73.96717146,"(40.576393919, -73.967171457)"
514350496,4/6/2006,15:00:00,,,4/28/2006,124,KIDNAPPING & RELATED OFFENSES,193,CUSTODIAL INTERFERENCE 1,COMPLETED,FELONY,N.Y. POLICE DEPT,BROOKLYN,88,INSIDE,RESIDENCE - APT. HOUSE,,,"993,326","188,994",40.6854252,-73.96727643,"(40.685425201, -73.967276434)"
551639996,2/20/2016,0:37:00,2/20/2016,0:49:00,2/20/2016,124,KIDNAPPING & RELATED OFFENSES,185,KIDNAPPING 2,COMPLETED,FELONY,N.Y. POLICE DEPT,MANHATTAN,17,FRONT OF,TAXI (YELLOW LICENSED),,,"993,312","216,382",40.76059865,-73.96729004,"(40.760598652, -73.967290041)"
955261087,8/18/2007,20:00:00,8/20/2007,9:00:00,8/22/2007,124,KIDNAPPING & RELATED OFFENSES,193,CUSTODIAL INTERFERENCE 1,COMPLETED,FELONY,N.Y. POLICE DEPT,MANHATTAN,24,INSIDE,RESIDENCE - APT. HOUSE,,,"993,280","230,536",40.79944768,-73.96738653,"(40.799447675, -73.967386531)"
616782134,9/14/2013,2:10:00,9/14/2013,2:15:00,9/14/2013,124,KIDNAPPING & RELATED OFFENSES,183,"IMPRISONMENT 1,UNLAWFUL",COMPLETED,FELONY,N.Y. POLICE DEPT,BROOKLYN,60,INSIDE,RESIDENCE - APT. HOUSE,,,"993,287","150,933",40.58095587,-73.96746802,"(40.580955867, -73.967468017)"
737879284,7/15/2011,14:00:00,,,7/15/2011,124,KIDNAPPING & RELATED OFFENSES,185,KIDNAPPING 2,COMPLETED,FELONY,N.Y. POLICE DEPT,BROOKLYN,66,,STREET,,,"993,227","161,300",40.60941126,-73.96767025,"(40.609411258, -73.967670245)"
972981937,6/19/2006,7:00:00,6/19/2006,15:00:00,6/19/2006,124,KIDNAPPING & RELATED OFFENSES,187,KIDNAPPING 1,COMPLETED,FELONY,N.Y. POLICE DEPT,MANHATTAN,19,INSIDE,RESIDENCE - APT. HOUSE,,,"993,117","219,184",40.76828962,-73.96799024,"(40.768289618, -73.967990243)"
238462611,9/9/2016,4:00:00,9/9/2016,6:00:00,9/10/2016,124,KIDNAPPING & RELATED OFFENSES,185,KIDNAPPING 2,COMPLETED,FELONY,N.Y. POLICE DEPT,BROOKLYN,90,INSIDE,HOTEL/MOTEL,,,"993,044","198,450",40.71138001,-73.96828089,"(40.711380005, -73.968280886)"
588567985,5/25/2009,0:32:00,5/25/2009,0:37:00,5/25/2009,124,KIDNAPPING & RELATED OFFENSES,183,"IMPRISONMENT 1,UNLAWFUL",COMPLETED,FELONY,N.Y. POLICE DEPT,BROOKLYN,88,FRONT OF,RESIDENCE - APT. HOUSE,,,"993,045","190,845",40.69050606,-73.96828721,"(40.690506056, -73.968287209)"
638329064,8/17/2009,21:00:00,8/18/2009,8:00:00,8/21/2009,124,KIDNAPPING & RELATED OFFENSES,193,CUSTODIAL INTERFERENCE 1,COMPLETED,FELONY,N.Y. POLICE DEPT,BROOKLYN,70,INSIDE,RESIDENCE - APT. HOUSE,,,"992,897","169,277",40.63130679,-73.96884854,"(40.631306793, -73.968848543)"
303544859,11/7/2015,1:00:00,11/7/2015,1:30:00,11/7/2015,124,KIDNAPPING & RELATED OFFENSES,183,"IMPRISONMENT 1,UNLAWFUL",COMPLETED,FELONY,N.Y. POLICE DEPT,BROOKLYN,60,FRONT OF,STREET,,,"992,871","152,905",40.58636903,-73.96896311,"(40.58636903, -73.968963111)"
620668249,9/29/2012,2:00:00,9/29/2012,6:00:00,9/29/2012,124,KIDNAPPING & RELATED OFFENSES,185,KIDNAPPING 2,COMPLETED,FELONY,N.Y. POLICE DEPT,BROOKLYN,70,FRONT OF,SOCIAL CLUB/POLICY,,,"992,830","172,564",40.64032898,-73.96908575,"(40.640328975, -73.969085749)"
831742871,1/15/2014,16:00:00,1/15/2014,16:01:00,1/15/2014,124,KIDNAPPING & RELATED OFFENSES,185,KIDNAPPING 2,ATTEMPTED,FELONY,N.Y. POLICE DEPT,MANHATTAN,24,,STREET,,,"992,790","227,320",40.79062111,-73.96916042,"(40.790621113, -73.969160422)"
745806592,8/31/2007,15:00:00,,,9/9/2007,124,KIDNAPPING & RELATED OFFENSES,193,CUSTODIAL INTERFERENCE 1,COMPLETED,FELONY,N.Y. POLICE DEPT,BROOKLYN,70,INSIDE,RESIDENCE-HOUSE,,,"992,734","170,407",40.63440856,-73.96943437,"(40.634408562, -73.96943437)"
371319852,12/11/2007,23:00:00,,,12/12/2007,124,KIDNAPPING & RELATED OFFENSES,185,KIDNAPPING 2,COMPLETED,FELONY,N.Y. POLICE DEPT,BROOKLYN,61,FRONT OF,RESIDENCE-HOUSE,,,"992,703","159,513",40.60450682,-73.9695597,"(40.604506823, -73.969559698)"
570422507,4/24/2008,2:45:00,,,4/24/2008,124,KIDNAPPING & RELATED OFFENSES,183,"IMPRISONMENT 1,UNLAWFUL",COMPLETED,FELONY,N.Y. POLICE DEPT,BROOKLYN,77,FRONT OF,STREET,,,"992,624","186,929",40.67975794,-73.96981018,"(40.679757937, -73.969810176)"
279962590,7/9/2016,3:00:00,7/9/2016,7:17:00,7/9/2016,124,KIDNAPPING & RELATED OFFENSES,183,"IMPRISONMENT 1,UNLAWFUL",COMPLETED,FELONY,N.Y. POLICE DEPT,MANHATTAN,17,INSIDE,BAR/NIGHT CLUB,,,"992,535","214,244",40.75473115,-73.97009744,"(40.75473115, -73.970097437)"
978778926,1/4/2006,16:00:00,1/4/2006,16:30:00,1/4/2006,124,KIDNAPPING & RELATED OFFENSES,187,KIDNAPPING 1,ATTEMPTED,FELONY,N.Y. POLICE DEPT,MANHATTAN,24,,STREET,,,"992,451","229,502",40.79661043,-73.97038201,"(40.796610434, -73.97038201)"
614193582,5/11/2013,20:00:00,5/15/2013,14:41:00,5/15/2013,124,KIDNAPPING & RELATED OFFENSES,187,KIDNAPPING 1,COMPLETED,FELONY,N.Y. POLICE DEPT,BROOKLYN,78,INSIDE,RESIDENCE - APT. HOUSE,,,"992,448","186,290",40.67800419,-73.9704455,"(40.678004191, -73.970445496)"
663628453,1/8/2014,21:13:00,1/8/2014,21:30:00,1/9/2014,124,KIDNAPPING & RELATED OFFENSES,193,CUSTODIAL INTERFERENCE 1,COMPLETED,FELONY,N.Y. POLICE DEPT,MANHATTAN,24,INSIDE,RESIDENCE - APT. HOUSE,,,"992,387","228,450",40.79372304,-73.97061443,"(40.793723038, -73.970614432)"
850467637,11/16/2009,2:30:00,11/16/2009,2:45:00,11/16/2009,124,KIDNAPPING & RELATED OFFENSES,183,"IMPRISONMENT 1,UNLAWFUL",COMPLETED,FELONY,N.Y. POLICE DEPT,MANHATTAN,24,INSIDE,RESIDENCE - APT. HOUSE,,,"992,362","229,399",40.79632781,-73.97070358,"(40.796327809, -73.970703575)"
343873716,11/11/2011,20:00:00,11/18/2011,23:00:00,11/18/2011,124,KIDNAPPING & RELATED OFFENSES,193,CUSTODIAL INTERFERENCE 1,COMPLETED,FELONY,N.Y. POLICE DEPT,BROOKLYN,66,INSIDE,RESIDENCE-HOUSE,,,"992,308","172,443",40.63999735,-73.97096678,"(40.639997346, -73.970966778)"
818146973,8/21/2009,6:40:00,8/21/2009,7:00:00,8/21/2009,124,KIDNAPPING & RELATED OFFENSES,193,CUSTODIAL INTERFERENCE 1,COMPLETED,FELONY,N.Y. HOUSING POLICE,BROOKLYN,88,INSIDE,RESIDENCE - PUBLIC HOUSING,,ATLANTIC TERMINAL SITE 4B,"992,297","188,389",40.68376561,-73.97098739,"(40.683765609, -73.970987385)"
806205755,5/9/2007,7:55:00,5/9/2007,8:10:00,5/9/2007,124,KIDNAPPING & RELATED OFFENSES,183,"IMPRISONMENT 1,UNLAWFUL",COMPLETED,FELONY,N.Y. POLICE DEPT,MANHATTAN,17,FRONT OF,TAXI (YELLOW LICENSED),,,"992,282","213,788",40.75347978,-73.97101117,"(40.753479778, -73.971011165)"
961771854,9/30/2006,10:30:00,,,10/7/2006,124,KIDNAPPING & RELATED OFFENSES,193,CUSTODIAL INTERFERENCE 1,COMPLETED,FELONY,N.Y. POLICE DEPT,MANHATTAN,17,FRONT OF,STREET,,,"992,254","214,997",40.7567982,-73.97111079,"(40.756798201, -73.971110787)"
254011776,10/12/2012,18:00:00,,,10/12/2012,124,KIDNAPPING & RELATED OFFENSES,193,CUSTODIAL INTERFERENCE 1,COMPLETED,FELONY,N.Y. POLICE DEPT,BROOKLYN,61,INSIDE,RESIDENCE - APT. HOUSE,,,"992,149","156,984",40.59756574,-73.97155777,"(40.597565742, -73.971557772)"
653846445,8/22/2008,19:00:00,8/25/2008,4:00:00,9/3/2008,124,KIDNAPPING & RELATED OFFENSES,193,CUSTODIAL INTERFERENCE 1,COMPLETED,FELONY,N.Y. POLICE DEPT,MANHATTAN,24,INSIDE,RESIDENCE - APT. HOUSE,,,"992,122","229,830",40.797511,-73.97156987,"(40.797511004, -73.97156987)"
601006010,3/30/2008,0:30:00,3/30/2008,0:45:00,4/16/2008,124,KIDNAPPING & RELATED OFFENSES,183,"IMPRISONMENT 1,UNLAWFUL",ATTEMPTED,FELONY,N.Y. POLICE DEPT,MANHATTAN,18,INSIDE,HOTEL/MOTEL,,,"992,114","216,885",40.76198041,-73.97161391,"(40.761980405, -73.971613913)"
209550192,4/18/2008,16:00:00,,,4/20/2008,124,KIDNAPPING & RELATED OFFENSES,185,KIDNAPPING 2,COMPLETED,FELONY,N.Y. POLICE DEPT,MANHATTAN,18,INSIDE,RESIDENCE - APT. HOUSE,,,"991,970","215,005",40.75682041,-73.97213588,"(40.756820413, -73.972135884)"
146351338,12/25/2008,14:30:00,,,12/26/2008,124,KIDNAPPING & RELATED OFFENSES,193,CUSTODIAL INTERFERENCE 1,COMPLETED,FELONY,N.Y. POLICE DEPT,MANHATTAN,20,INSIDE,RESIDENCE - APT. HOUSE,,,"991,955","224,888",40.78394669,-73.9721787,"(40.783946689, -73.972178698)"
902162176,10/26/2012,18:30:00,10/26/2012,18:40:00,10/26/2012,124,KIDNAPPING & RELATED OFFENSES,185,KIDNAPPING 2,ATTEMPTED,FELONY,N.Y. POLICE DEPT,BROOKLYN,88,FRONT OF,STREET,,,"991,913","191,840",40.69323815,-73.972368,"(40.693238154, -73.972368)"
870696531,9/14/2012,18:00:00,9/14/2012,23:20:00,9/15/2012,124,KIDNAPPING & RELATED OFFENSES,185,KIDNAPPING 2,COMPLETED,FELONY,N.Y. POLICE DEPT,BROOKLYN,72,FRONT OF,STREET,,,"991,811","175,582",40.64861366,-73.97275406,"(40.648613664, -73.972754055)"
958910312,12/20/2006,7:00:00,12/21/2006,18:00:00,12/21/2006,124,KIDNAPPING & RELATED OFFENSES,193,CUSTODIAL INTERFERENCE 1,COMPLETED,FELONY,N.Y. POLICE DEPT,BROOKLYN,77,INSIDE,RESIDENCE - APT. HOUSE,,,"991,753","187,169",40.68041746,-73.97295018,"(40.680417464, -73.972950175)"
674684100,4/27/2015,6:50:00,4/27/2015,7:00:00,4/27/2015,124,KIDNAPPING & RELATED OFFENSES,183,"IMPRISONMENT 1,UNLAWFUL",COMPLETED,FELONY,N.Y. POLICE DEPT,MANHATTAN,17,,CONSTRUCTION SITE,,,"991,701","208,999",40.74033568,-73.9731135,"(40.740335683, -73.973113501)"
129958116,9/4/2008,18:52:00,9/4/2008,19:04:00,9/4/2008,124,KIDNAPPING & RELATED OFFENSES,183,"IMPRISONMENT 1,UNLAWFUL",COMPLETED,FELONY,N.Y. POLICE DEPT,BROOKLYN,78,,STREET,,,"991,661","186,407",40.67832602,-73.97328271,"(40.678326024, -73.97328271)"
599442267,6/3/2011,15:26:00,,,6/3/2011,124,KIDNAPPING & RELATED OFFENSES,185,KIDNAPPING 2,ATTEMPTED,FELONY,N.Y. POLICE DEPT,BROOKLYN,88,,STREET,,,"991,606","192,932",40.6962357,-73.97347388,"(40.696235702, -73.973473877)"
866870384,7/29/2011,20:00:00,,,7/29/2011,124,KIDNAPPING & RELATED OFFENSES,193,CUSTODIAL INTERFERENCE 1,COMPLETED,FELONY,N.Y. POLICE DEPT,BROOKLYN,70,INSIDE,OTHER,,,"991,590","169,049",40.63068216,-73.97355757,"(40.63068216, -73.973557573)"
330549839,6/4/2011,11:00:00,,,6/4/2011,124,KIDNAPPING & RELATED OFFENSES,193,CUSTODIAL INTERFERENCE 1,COMPLETED,FELONY,N.Y. POLICE DEPT,BROOKLYN,70,INSIDE,RESIDENCE - APT. HOUSE,,,"991,590","169,049",40.63068216,-73.97355757,"(40.63068216, -73.973557573)"
181395077,1/11/2007,17:00:00,1/11/2007,17:54:00,1/11/2007,124,KIDNAPPING & RELATED OFFENSES,193,CUSTODIAL INTERFERENCE 1,COMPLETED,FELONY,N.Y. POLICE DEPT,BROOKLYN,70,INSIDE,PUBLIC BUILDING,,,"991,590","169,049",40.63068216,-73.97355757,"(40.63068216, -73.973557573)"
233516753,12/3/2016,18:00:00,12/3/2016,18:43:00,12/3/2016,124,KIDNAPPING & RELATED OFFENSES,193,CUSTODIAL INTERFERENCE 1,COMPLETED,FELONY,N.Y. POLICE DEPT,BROOKLYN,70,INSIDE,PUBLIC BUILDING,,,"991,590","169,049",40.63068216,-73.97355757,"(40.63068216, -73.973557573)"
767436232,6/24/2007,15:00:00,6/24/2007,16:05:00,6/24/2007,124,KIDNAPPING & RELATED OFFENSES,193,CUSTODIAL INTERFERENCE 1,COMPLETED,FELONY,N.Y. POLICE DEPT,BROOKLYN,66,FRONT OF,RESIDENCE - APT. HOUSE,,,"991,580","173,226",40.64214715,-73.97358906,"(40.642147146, -73.973589063)"
912183192,2/21/2010,16:38:00,2/21/2010,16:40:00,2/21/2010,124,KIDNAPPING & RELATED OFFENSES,183,"IMPRISONMENT 1,UNLAWFUL",COMPLETED,FELONY,N.Y. POLICE DEPT,MANHATTAN,17,,STREET,,,"991,450","210,007",40.7431026,-73.97401819,"(40.7431026, -73.974018189)"
982914600,4/16/2011,4:02:00,4/16/2011,8:08:00,4/16/2011,124,KIDNAPPING & RELATED OFFENSES,183,"IMPRISONMENT 1,UNLAWFUL",COMPLETED,FELONY,N.Y. HOUSING POLICE,BROOKLYN,88,INSIDE,RESIDENCE - PUBLIC HOUSING,,WHITMAN,"991,368","192,539",40.6951572,-73.97433258,"(40.695157203, -73.97433258)"
353378021,11/16/2015,15:00:00,12/14/2015,15:00:00,12/14/2015,124,KIDNAPPING & RELATED OFFENSES,193,CUSTODIAL INTERFERENCE 1,COMPLETED,FELONY,N.Y. POLICE DEPT,BROOKLYN,66,FRONT OF,RESIDENCE - APT. HOUSE,,,"991,373","171,418",40.63718474,-73.97433686,"(40.637184741, -73.974336861)"
402579155,10/25/2008,16:40:00,10/25/2008,16:52:00,10/25/2008,124,KIDNAPPING & RELATED OFFENSES,183,"IMPRISONMENT 1,UNLAWFUL",COMPLETED,FELONY,N.Y. POLICE DEPT,BROOKLYN,66,INSIDE,RESIDENCE - APT. HOUSE,,,"991,355","174,777",40.64640449,-73.97439818,"(40.646404491, -73.974398179)"
554659625,2/22/2006,6:40:00,,,2/22/2006,124,KIDNAPPING & RELATED OFFENSES,193,CUSTODIAL INTERFERENCE 1,COMPLETED,FELONY,N.Y. POLICE DEPT,BROOKLYN,78,FRONT OF,STREET,,,"991,301","182,401",40.66733075,-73.9745848,"(40.667330746, -73.9745848)"
493536487,8/7/2014,14:00:00,9/14/2014,22:00:00,9/17/2014,124,KIDNAPPING & RELATED OFFENSES,193,CUSTODIAL INTERFERENCE 1,COMPLETED,FELONY,N.Y. POLICE DEPT,BROOKLYN,62,INSIDE,RESIDENCE-HOUSE,,,"991,266","161,442",40.60980279,-73.97473275,"(40.609802789, -73.974732754)"
894374466,8/11/2014,15:20:00,8/11/2014,19:21:00,8/11/2014,124,KIDNAPPING & RELATED OFFENSES,185,KIDNAPPING 2,COMPLETED,FELONY,N.Y. HOUSING POLICE,MANHATTAN,9,INSIDE,RESIDENCE - PUBLIC HOUSING,,,"991,204","201,754",40.72045033,-73.97491448,"(40.720450333, -73.97491448)"
343109599,1/30/2009,16:30:00,1/30/2009,16:55:00,1/30/2009,124,KIDNAPPING & RELATED OFFENSES,183,"IMPRISONMENT 1,UNLAWFUL",COMPLETED,FELONY,N.Y. HOUSING POLICE,MANHATTAN,9,INSIDE,RESIDENCE - PUBLIC HOUSING,,,"991,204","201,754",40.72045033,-73.97491448,"(40.720450333, -73.97491448)"
837884147,5/31/2008,13:00:00,5/31/2008,13:10:00,5/31/2008,124,KIDNAPPING & RELATED OFFENSES,183,"IMPRISONMENT 1,UNLAWFUL",COMPLETED,FELONY,N.Y. HOUSING POLICE,MANHATTAN,9,INSIDE,RESIDENCE - PUBLIC HOUSING,,,"991,204","201,754",40.72045033,-73.97491448,"(40.720450333, -73.97491448)"
119445674,7/26/2007,19:00:00,7/26/2007,19:30:00,7/26/2007,124,KIDNAPPING & RELATED OFFENSES,183,"IMPRISONMENT 1,UNLAWFUL",COMPLETED,FELONY,N.Y. POLICE DEPT,BROOKLYN,60,INSIDE,PARKING LOT/GARAGE (PUBLIC),,,"991,176","148,785",40.57506193,-73.97506987,"(40.575061929, -73.975069869)"
717440013,12/7/2016,22:15:00,12/7/2016,22:30:00,12/7/2016,124,KIDNAPPING & RELATED OFFENSES,183,"IMPRISONMENT 1,UNLAWFUL",COMPLETED,FELONY,N.Y. HOUSING POLICE,BROOKLYN,88,INSIDE,RESIDENCE - PUBLIC HOUSING,,WHITMAN,"991,148","192,533",40.69514091,-73.97512595,"(40.695140908, -73.975125947)"
361588331,1/11/2011,4:25:00,1/11/2011,5:17:00,1/11/2011,124,KIDNAPPING & RELATED OFFENSES,183,"IMPRISONMENT 1,UNLAWFUL",COMPLETED,FELONY,N.Y. POLICE DEPT,MANHATTAN,18,INSIDE,HOTEL/MOTEL,,,"991,042","215,966",40.75945887,-73.97548456,"(40.759458873, -73.975484557)"
438930034,11/5/2012,21:50:00,11/6/2012,1:57:00,11/6/2012,124,KIDNAPPING & RELATED OFFENSES,183,"IMPRISONMENT 1,UNLAWFUL",COMPLETED,FELONY,N.Y. POLICE DEPT,BROOKLYN,66,INSIDE,RESIDENCE - APT. HOUSE,,,"990,990","172,252",40.63947419,-73.975716,"(40.639474193, -73.975715999)"
771694625,4/29/2016,15:20:00,4/29/2016,15:30:00,4/29/2016,124,KIDNAPPING & RELATED OFFENSES,193,CUSTODIAL INTERFERENCE 1,COMPLETED,FELONY,N.Y. POLICE DEPT,BROOKLYN,88,INSIDE,,,,"990,922","192,967",40.69633231,-73.97594052,"(40.69633231, -73.975940516)"
485121596,2/28/2013,8:30:00,2/28/2013,8:35:00,2/28/2013,124,KIDNAPPING & RELATED OFFENSES,185,KIDNAPPING 2,ATTEMPTED,FELONY,N.Y. POLICE DEPT,BROOKLYN,70,,STREET,,,"990,898","169,268",40.63128382,-73.97605043,"(40.631283816, -73.97605043)"
183376792,11/30/2009,22:00:00,12/1/2009,7:30:00,12/1/2009,124,KIDNAPPING & RELATED OFFENSES,183,"IMPRISONMENT 1,UNLAWFUL",COMPLETED,FELONY,N.Y. POLICE DEPT,BROOKLYN,78,INSIDE,RESIDENCE - APT. HOUSE,,,"990,829","185,411",40.67559289,-73.97628328,"(40.675592886, -73.976283275)"
432560300,7/25/2008,18:00:00,7/25/2008,18:00:00,7/25/2008,124,KIDNAPPING & RELATED OFFENSES,193,CUSTODIAL INTERFERENCE 1,COMPLETED,FELONY,N.Y. POLICE DEPT,BROOKLYN,60,INSIDE,OTHER,,,"990,824","149,705",40.57758742,-73.97633607,"(40.577587416, -73.976336071)"
318576635,10/1/2016,18:00:00,10/1/2016,18:30:00,10/1/2016,124,KIDNAPPING & RELATED OFFENSES,193,CUSTODIAL INTERFERENCE 1,COMPLETED,FELONY,N.Y. POLICE DEPT,BROOKLYN,60,INSIDE,OTHER,,,"990,824","149,705",40.57758742,-73.97633607,"(40.577587416, -73.976336071)"
241794679,6/10/2012,11:00:00,6/10/2012,11:15:00,6/10/2012,124,KIDNAPPING & RELATED OFFENSES,183,"IMPRISONMENT 1,UNLAWFUL",COMPLETED,FELONY,N.Y. POLICE DEPT,MANHATTAN,17,INSIDE,RESIDENCE - APT. HOUSE,,,"990,789","211,607",40.74749471,-73.97640204,"(40.747494713, -73.976402041)"
910904452,10/7/2013,17:30:00,10/12/2013,3:45:00,10/12/2013,124,KIDNAPPING & RELATED OFFENSES,187,KIDNAPPING 1,COMPLETED,FELONY,N.Y. HOUSING POLICE,MANHATTAN,9,INSIDE,RESIDENCE - PUBLIC HOUSING,,CAMPOS PLAZA I,"990,789","204,296",40.72742782,-73.97640915,"(40.727427824, -73.976409147)"
769858961,10/11/2011,8:20:00,10/14/2011,14:20:00,10/14/2011,124,KIDNAPPING & RELATED OFFENSES,193,CUSTODIAL INTERFERENCE 1,COMPLETED,FELONY,N.Y. POLICE DEPT,BROOKLYN,66,INSIDE,PUBLIC SCHOOL,,,"990,768","163,363",40.61507592,-73.97652449,"(40.615075919, -73.976524487)"
328666126,10/1/2006,13:00:00,,,10/12/2006,124,KIDNAPPING & RELATED OFFENSES,193,CUSTODIAL INTERFERENCE 1,COMPLETED,FELONY,N.Y. POLICE DEPT,MANHATTAN,17,FRONT OF,RESIDENCE - APT. HOUSE,,,"990,598","212,007",40.74859275,-73.97709099,"(40.748592752, -73.977090987)"
863710709,5/9/2011,18:40:00,5/9/2011,19:08:00,5/10/2011,124,KIDNAPPING & RELATED OFFENSES,183,"IMPRISONMENT 1,UNLAWFUL",COMPLETED,FELONY,N.Y. POLICE DEPT,MANHATTAN,18,,STREET,,,"990,566","215,633",40.75854523,-73.97720307,"(40.758545226, -73.977203072)"
351632241,1/12/2012,19:05:00,,,1/12/2012,124,KIDNAPPING & RELATED OFFENSES,185,KIDNAPPING 2,ATTEMPTED,FELONY,N.Y. POLICE DEPT,BROOKLYN,88,FRONT OF,HOSPITAL,,,"990,485","190,586",40.68979733,-73.97751865,"(40.689797334, -73.977518653)"
125035138,8/23/2012,10:00:00,8/24/2012,10:05:00,8/24/2012,124,KIDNAPPING & RELATED OFFENSES,185,KIDNAPPING 2,ATTEMPTED,FELONY,N.Y. POLICE DEPT,BROOKLYN,78,OPPOSITE OF,STREET,,,"990,471","184,719",40.67369376,-73.97757455,"(40.67369376, -73.977574551)"
386311109,9/11/2006,17:35:00,,,9/12/2006,124,KIDNAPPING & RELATED OFFENSES,183,"IMPRISONMENT 1,UNLAWFUL",COMPLETED,FELONY,N.Y. POLICE DEPT,MANHATTAN,13,,STREET,,,"990,457","208,213",40.73817927,-73.97760337,"(40.738179268, -73.977603369)"
444347768,7/6/2010,19:30:00,7/6/2010,23:53:00,7/7/2010,124,KIDNAPPING & RELATED OFFENSES,187,KIDNAPPING 1,COMPLETED,FELONY,N.Y. POLICE DEPT,BROOKLYN,78,FRONT OF,STREET,,,"990,392","187,971",40.68261982,-73.97785639,"(40.682619821, -73.977856386)"
909316992,10/9/2008,12:00:00,10/9/2008,14:30:00,10/9/2008,124,KIDNAPPING & RELATED OFFENSES,193,CUSTODIAL INTERFERENCE 1,COMPLETED,FELONY,N.Y. POLICE DEPT,BROOKLYN,78,INSIDE,PRIVATE/PAROCHIAL SCHOOL,,,"990,333","187,001",40.67995743,-73.97806999,"(40.679957432, -73.978069986)"
189392365,6/22/2008,21:30:00,,,6/22/2008,124,KIDNAPPING & RELATED OFFENSES,193,CUSTODIAL INTERFERENCE 1,COMPLETED,FELONY,N.Y. HOUSING POLICE,MANHATTAN,9,INSIDE,RESIDENCE - PUBLIC HOUSING,,WALD,"990,311","201,886",40.7208133,-73.97813591,"(40.720813298, -73.978135911)"
377751396,8/16/2009,22:00:00,8/31/2009,13:00:00,8/31/2009,124,KIDNAPPING & RELATED OFFENSES,193,CUSTODIAL INTERFERENCE 1,COMPLETED,FELONY,N.Y. POLICE DEPT,MANHATTAN,9,INSIDE,PUBLIC BUILDING,,,"990,294","203,411",40.72499907,-73.97819587,"(40.724999066, -73.97819587)"
505110424,3/16/2008,21:00:00,3/16/2008,21:35:00,3/16/2008,124,KIDNAPPING & RELATED OFFENSES,193,CUSTODIAL INTERFERENCE 1,COMPLETED,FELONY,N.Y. HOUSING POLICE,MANHATTAN,7,INSIDE,RESIDENCE - PUBLIC HOUSING,,BARUCH,"990,286","200,467",40.7169185,-73.97822737,"(40.7169185, -73.978227372)"
302381690,8/3/2011,18:23:00,8/5/2011,12:00:00,8/5/2011,124,KIDNAPPING & RELATED OFFENSES,187,KIDNAPPING 1,COMPLETED,FELONY,N.Y. POLICE DEPT,MANHATTAN,9,,STREET,,,"990,233","203,302",40.72469993,-73.97841604,"(40.724699929, -73.978416043)"
167635982,2/20/2012,20:00:00,2/20/2012,20:54:00,2/21/2012,124,KIDNAPPING & RELATED OFFENSES,183,"IMPRISONMENT 1,UNLAWFUL",COMPLETED,FELONY,N.Y. POLICE DEPT,MANHATTAN,7,INSIDE,RESIDENCE - APT. HOUSE,,,"990,227","199,227",40.71351504,-73.97844131,"(40.713515036, -73.978441308)"
624799062,11/14/2008,15:40:00,11/16/2008,10:00:00,11/16/2008,124,KIDNAPPING & RELATED OFFENSES,183,"IMPRISONMENT 1,UNLAWFUL",COMPLETED,FELONY,N.Y. HOUSING POLICE,MANHATTAN,9,INSIDE,RESIDENCE - PUBLIC HOUSING,,WALD,"990,217","201,712",40.72033577,-73.97847518,"(40.720335773, -73.978475178)"
594684879,1/26/2014,18:00:00,,,1/27/2014,124,KIDNAPPING & RELATED OFFENSES,183,"IMPRISONMENT 1,UNLAWFUL",COMPLETED,FELONY,N.Y. POLICE DEPT,BROOKLYN,62,INSIDE,RESIDENCE - APT. HOUSE,,,"990,221","160,466",40.60712463,-73.97849727,"(40.607124634, -73.978497269)"
226908070,8/4/2008,16:15:00,,,8/5/2008,124,KIDNAPPING & RELATED OFFENSES,187,KIDNAPPING 1,COMPLETED,FELONY,N.Y. POLICE DEPT,MANHATTAN,18,INSIDE,RESIDENCE - APT. HOUSE,,,"990,185","217,632",40.76403223,-73.97857658,"(40.764032233, -73.978576575)"
285412806,8/24/2012,20:00:00,8/25/2012,2:00:00,8/25/2012,124,KIDNAPPING & RELATED OFFENSES,187,KIDNAPPING 1,COMPLETED,FELONY,N.Y. POLICE DEPT,BROOKLYN,88,,STREET,,,"990,178","190,601",40.68983872,-73.97862565,"(40.689838716, -73.978625651)"
605985500,7/4/2009,3:00:00,7/4/2009,6:30:00,7/4/2009,124,KIDNAPPING & RELATED OFFENSES,183,"IMPRISONMENT 1,UNLAWFUL",COMPLETED,FELONY,N.Y. POLICE DEPT,MANHATTAN,18,INSIDE,RESIDENCE - APT. HOUSE,,,"990,060","217,404",40.76340651,-73.97902801,"(40.763406514, -73.979028012)"
282999072,10/10/2007,17:00:00,10/10/2007,17:05:00,10/10/2007,124,KIDNAPPING & RELATED OFFENSES,193,CUSTODIAL INTERFERENCE 1,COMPLETED,FELONY,N.Y. POLICE DEPT,BROOKLYN,78,,PARK/PLAYGROUND,,,"990,067","181,182",40.66398576,-73.97903404,"(40.663985757, -73.979034035)"
537374492,4/1/2009,7:00:00,5/2/2013,12:19:00,5/2/2013,124,KIDNAPPING & RELATED OFFENSES,193,CUSTODIAL INTERFERENCE 1,COMPLETED,FELONY,N.Y. POLICE DEPT,MANHATTAN,13,INSIDE,RESIDENCE - APT. HOUSE,,,"990,043","206,156",40.73253359,-73.97909907,"(40.73253359, -73.979099067)"
326460187,3/1/2009,7:00:00,5/2/2013,12:19:00,5/2/2013,124,KIDNAPPING & RELATED OFFENSES,193,CUSTODIAL INTERFERENCE 1,COMPLETED,FELONY,N.Y. POLICE DEPT,MANHATTAN,13,INSIDE,RESIDENCE - APT. HOUSE,,,"990,043","206,156",40.73253359,-73.97909907,"(40.73253359, -73.979099067)"
867038651,9/8/2013,7:30:00,9/8/2013,7:40:00,9/8/2013,124,KIDNAPPING & RELATED OFFENSES,193,CUSTODIAL INTERFERENCE 1,COMPLETED,FELONY,N.Y. POLICE DEPT,MANHATTAN,13,INSIDE,RESIDENCE - APT. HOUSE,,,"990,011","205,195",40.7298959,-73.97921535,"(40.729895901, -73.979215352)"
271416515,5/9/2011,15:00:00,5/9/2011,15:30:00,5/9/2011,124,KIDNAPPING & RELATED OFFENSES,193,CUSTODIAL INTERFERENCE 1,COMPLETED,FELONY,N.Y. POLICE DEPT,MANHATTAN,20,,STREET,,,"989,987","224,123",40.78184846,-73.9792858,"(40.781848463, -73.979285798)"
100024079,11/17/2007,11:00:00,,,11/19/2007,124,KIDNAPPING & RELATED OFFENSES,183,"IMPRISONMENT 1,UNLAWFUL",COMPLETED,FELONY,N.Y. POLICE DEPT,MANHATTAN,18,FRONT OF,STREET,,,"989,988","216,698",40.76146877,-73.97928853,"(40.761468773, -73.979288526)"
223048027,7/16/2007,19:00:00,7/16/2007,20:00:00,7/17/2007,124,KIDNAPPING & RELATED OFFENSES,185,KIDNAPPING 2,COMPLETED,FELONY,N.Y. POLICE DEPT,BROOKLYN,66,FRONT OF,STREET,,,"989,996","166,816",40.62455422,-73.97930219,"(40.624554222, -73.979302188)"
236771781,10/24/2007,18:00:00,10/27/2007,12:00:00,10/28/2007,124,KIDNAPPING & RELATED OFFENSES,183,"IMPRISONMENT 1,UNLAWFUL",COMPLETED,FELONY,N.Y. POLICE DEPT,MANHATTAN,14,FRONT OF,STREET,,,"989,905","213,913",40.75382471,-73.97959048,"(40.753824711, -73.979590479)"
296637255,4/5/2012,18:30:00,4/5/2012,18:45:00,4/5/2012,124,KIDNAPPING & RELATED OFFENSES,187,KIDNAPPING 1,COMPLETED,FELONY,N.Y. POLICE DEPT,BROOKLYN,60,,PARK/PLAYGROUND,,,"989,915","150,384",40.57945177,-73.97960776,"(40.579451766, -73.979607759)"
678385760,1/1/2010,10:00:00,1/7/2010,12:28:00,1/7/2010,124,KIDNAPPING & RELATED OFFENSES,193,CUSTODIAL INTERFERENCE 1,COMPLETED,FELONY,N.Y. POLICE DEPT,MANHATTAN,7,INSIDE,RESIDENCE - APT. HOUSE,,,"989,865","200,873",40.71803315,-73.97974574,"(40.71803315, -73.979745736)"
199563372,5/29/2010,14:00:00,5/29/2010,17:01:00,5/29/2010,124,KIDNAPPING & RELATED OFFENSES,183,"IMPRISONMENT 1,UNLAWFUL",COMPLETED,FELONY,N.Y. POLICE DEPT,MANHATTAN,9,INSIDE,RESIDENCE - APT. HOUSE,,,"989,821","201,776",40.7205117,-73.97990372,"(40.720511696, -73.979903715)"
761307888,8/5/2009,20:13:00,8/5/2009,20:59:00,8/5/2009,124,KIDNAPPING & RELATED OFFENSES,183,"IMPRISONMENT 1,UNLAWFUL",ATTEMPTED,FELONY,N.Y. POLICE DEPT,BROOKLYN,78,FRONT OF,STREET,,,"989,744","187,571",40.68152234,-73.98019308,"(40.681522338, -73.980193083)"
927624674,5/6/2010,0:11:00,5/6/2010,0:27:00,5/6/2010,124,KIDNAPPING & RELATED OFFENSES,183,"IMPRISONMENT 1,UNLAWFUL",COMPLETED,FELONY,N.Y. POLICE DEPT,MANHATTAN,13,FRONT OF,STREET,,,"989,739","207,684",40.73672777,-73.98019472,"(40.736727768, -73.980194718)"
872230730,8/26/2015,16:30:00,,,8/26/2015,124,KIDNAPPING & RELATED OFFENSES,183,"IMPRISONMENT 1,UNLAWFUL",COMPLETED,FELONY,N.Y. POLICE DEPT,MANHATTAN,20,INSIDE,OTHER,,,"989,731","222,727",40.77801698,-73.98021132,"(40.778016975, -73.980211324)"
988177727,12/23/2009,8:00:00,12/23/2009,8:15:00,12/23/2009,124,KIDNAPPING & RELATED OFFENSES,183,"IMPRISONMENT 1,UNLAWFUL",COMPLETED,FELONY,N.Y. POLICE DEPT,BROOKLYN,88,INSIDE,GROCERY/BODEGA,,,"989,689","189,972",40.68811257,-73.98038945,"(40.68811257, -73.980389446)"
640556638,12/15/2015,16:00:00,12/15/2015,16:00:00,12/16/2015,124,KIDNAPPING & RELATED OFFENSES,183,"IMPRISONMENT 1,UNLAWFUL",COMPLETED,FELONY,N.Y. POLICE DEPT,MANHATTAN,13,,FOOD SUPERMARKET,,,"989,676","208,351",40.73855856,-73.98042151,"(40.738558557, -73.980421511)"
535849684,6/8/2014,18:00:00,6/8/2014,19:15:00,6/8/2014,124,KIDNAPPING & RELATED OFFENSES,193,CUSTODIAL INTERFERENCE 1,COMPLETED,FELONY,N.Y. POLICE DEPT,BROOKLYN,62,INSIDE,RESIDENCE - APT. HOUSE,,,"989,680","162,252",40.61202719,-73.98044421,"(40.612027186, -73.980444209)"
645885222,7/21/2015,20:00:00,7/21/2015,20:11:00,7/21/2015,124,KIDNAPPING & RELATED OFFENSES,183,"IMPRISONMENT 1,UNLAWFUL",COMPLETED,FELONY,N.Y. POLICE DEPT,BROOKLYN,84,FRONT OF,STREET,,,"989,650","193,521",40.69785378,-73.98052723,"(40.69785378, -73.980527228)"
863559681,2/22/2009,0:00:00,2/22/2009,0:36:00,2/22/2009,124,KIDNAPPING & RELATED OFFENSES,183,"IMPRISONMENT 1,UNLAWFUL",ATTEMPTED,FELONY,N.Y. POLICE DEPT,BROOKLYN,62,INSIDE,RESIDENCE - APT. HOUSE,,,"989,657","158,631",40.60208829,-73.98052995,"(40.602088294, -73.980529947)"
872948737,2/7/2009,6:30:00,2/7/2009,9:25:00,2/7/2009,124,KIDNAPPING & RELATED OFFENSES,183,"IMPRISONMENT 1,UNLAWFUL",COMPLETED,FELONY,N.Y. HOUSING POLICE,BROOKLYN,88,INSIDE,RESIDENCE - PUBLIC HOUSING,,INGERSOLL,"989,625","192,128",40.69403033,-73.9806185,"(40.694030332, -73.980618497)"
703224020,6/2/2006,2:30:00,6/2/2006,2:35:00,6/2/2006,124,KIDNAPPING & RELATED OFFENSES,183,"IMPRISONMENT 1,UNLAWFUL",COMPLETED,FELONY,N.Y. HOUSING POLICE,MANHATTAN,7,FRONT OF,RESIDENCE - PUBLIC HOUSING,,VLADECK,"989,610","198,631",40.71187955,-73.98066741,"(40.711879553, -73.980667414)"
889463667,12/16/2012,8:00:00,12/19/2012,2:00:00,12/19/2012,124,KIDNAPPING & RELATED OFFENSES,193,CUSTODIAL INTERFERENCE 1,COMPLETED,FELONY,N.Y. POLICE DEPT,BROOKLYN,84,INSIDE,RESIDENCE - APT. HOUSE,,,"989,571","189,565",40.68699552,-73.98081525,"(40.686995519, -73.980815253)"
428726201,8/1/2014,20:10:00,,,8/1/2014,124,KIDNAPPING & RELATED OFFENSES,193,CUSTODIAL INTERFERENCE 1,COMPLETED,FELONY,N.Y. POLICE DEPT,MANHATTAN,20,INSIDE,RESIDENCE - APT. HOUSE,,,"989,553","220,413",40.77166576,-73.98085585,"(40.771665759, -73.980855851)"
367939611,12/18/2010,1:45:00,,,12/18/2010,124,KIDNAPPING & RELATED OFFENSES,183,"IMPRISONMENT 1,UNLAWFUL",COMPLETED,FELONY,N.Y. POLICE DEPT,MANHATTAN,20,FRONT OF,STREET,,,"989,549","222,205",40.77658433,-73.98086888,"(40.776584332, -73.980868879)"
799674694,8/30/2012,13:00:00,8/30/2012,22:45:00,8/30/2012,124,KIDNAPPING & RELATED OFFENSES,193,CUSTODIAL INTERFERENCE 1,COMPLETED,FELONY,N.Y. POLICE DEPT,BROOKLYN,88,,STREET,,,"989,539","190,263",40.68891139,-73.98093009,"(40.688911389, -73.980930089)"
407803543,8/28/2010,14:00:00,,,8/28/2010,124,KIDNAPPING & RELATED OFFENSES,183,"IMPRISONMENT 1,UNLAWFUL",COMPLETED,FELONY,N.Y. POLICE DEPT,BROOKLYN,60,,STREET,,,"989,472","148,971",40.57557363,-73.98120363,"(40.57557363, -73.981203625)"
280767954,10/8/2013,8:30:00,10/8/2013,8:40:00,10/8/2013,124,KIDNAPPING & RELATED OFFENSES,185,KIDNAPPING 2,ATTEMPTED,FELONY,N.Y. POLICE DEPT,MANHATTAN,9,INSIDE,STREET,,,"989,399","203,335",40.72479103,-73.98142492,"(40.72479103, -73.981424915)"
159952017,10/18/2010,9:30:00,10/28/2010,9:35:00,11/1/2010,124,KIDNAPPING & RELATED OFFENSES,187,KIDNAPPING 1,ATTEMPTED,FELONY,N.Y. POLICE DEPT,MANHATTAN,7,,STREET,,,"989,396","200,397",40.71672693,-73.98143798,"(40.716726929, -73.981437984)"
901949958,5/23/2008,19:50:00,5/23/2008,20:20:00,5/23/2008,124,KIDNAPPING & RELATED OFFENSES,183,"IMPRISONMENT 1,UNLAWFUL",COMPLETED,FELONY,N.Y. POLICE DEPT,MANHATTAN,20,,HIGHWAY/PARKWAY,,,"989,388","225,705",40.786191,-73.98144751,"(40.786191002, -73.98144751)"
381798865,7/9/2012,18:30:00,7/9/2012,18:40:00,7/9/2012,124,KIDNAPPING & RELATED OFFENSES,193,CUSTODIAL INTERFERENCE 1,COMPLETED,FELONY,N.Y. POLICE DEPT,BROOKLYN,60,FRONT OF,OTHER,,,"989,400","155,851",40.59445791,-73.98145757,"(40.594457908, -73.981457565)"
719898547,11/7/2009,10:00:00,11/8/2009,10:00:00,11/8/2009,124,KIDNAPPING & RELATED OFFENSES,185,KIDNAPPING 2,COMPLETED,FELONY,N.Y. POLICE DEPT,MANHATTAN,20,INSIDE,HOTEL/MOTEL,,,"989,368","224,462",40.78277931,-73.98152068,"(40.782779309, -73.981520679)"
459310267,9/19/2015,17:30:00,9/19/2015,18:00:00,9/21/2015,124,KIDNAPPING & RELATED OFFENSES,193,CUSTODIAL INTERFERENCE 1,COMPLETED,FELONY,N.Y. HOUSING POLICE,BROOKLYN,84,INSIDE,RESIDENCE - PUBLIC HOUSING,,FARRAGUT,"989,333","194,229",40.69979726,-73.9816699,"(40.699797262, -73.981669902)"
863216494,7/7/2012,16:00:00,,,9/6/2012,124,KIDNAPPING & RELATED OFFENSES,193,CUSTODIAL INTERFERENCE 1,COMPLETED,FELONY,N.Y. HOUSING POLICE,BROOKLYN,84,INSIDE,RESIDENCE - PUBLIC HOUSING,,FARRAGUT,"989,333","194,229",40.69979726,-73.9816699,"(40.699797262, -73.981669902)"
790670534,2/26/2010,17:00:00,3/1/2010,13:00:00,3/1/2010,124,KIDNAPPING & RELATED OFFENSES,193,CUSTODIAL INTERFERENCE 1,COMPLETED,FELONY,N.Y. HOUSING POLICE,BROOKLYN,84,INSIDE,RESIDENCE - PUBLIC HOUSING,,FARRAGUT,"989,327","194,192",40.69969571,-73.98169157,"(40.69969571, -73.981691569)"
858867961,6/4/2009,16:30:00,,,6/4/2009,124,KIDNAPPING & RELATED OFFENSES,183,"IMPRISONMENT 1,UNLAWFUL",COMPLETED,FELONY,N.Y. HOUSING POLICE,BROOKLYN,84,INSIDE,RESIDENCE - PUBLIC HOUSING,,FARRAGUT,"989,327","194,192",40.69969571,-73.98169157,"(40.69969571, -73.981691569)"
919018495,12/6/2007,12:10:00,12/6/2007,12:20:00,12/6/2007,124,KIDNAPPING & RELATED OFFENSES,183,"IMPRISONMENT 1,UNLAWFUL",COMPLETED,FELONY,N.Y. HOUSING POLICE,BROOKLYN,84,INSIDE,RESIDENCE - PUBLIC HOUSING,,FARRAGUT,"989,327","194,192",40.69969571,-73.98169157,"(40.69969571, -73.981691569)"
600389818,5/15/2008,20:50:00,5/15/2008,21:50:00,5/15/2008,124,KIDNAPPING & RELATED OFFENSES,183,"IMPRISONMENT 1,UNLAWFUL",COMPLETED,FELONY,N.Y. POLICE DEPT,BROOKLYN,61,INSIDE,RESIDENCE - APT. HOUSE,,,"989,319","156,429",40.59604445,-73.98174879,"(40.596044448, -73.981748792)"
902710112,4/18/2016,15:00:00,,,4/18/2016,124,KIDNAPPING & RELATED OFFENSES,187,KIDNAPPING 1,COMPLETED,FELONY,N.Y. POLICE DEPT,BROOKLYN,78,,STREET,,,"989,311","186,771",40.67932678,-73.98175485,"(40.679326777, -73.981754845)"
200589008,12/14/2013,18:23:00,1/5/2014,18:30:00,1/9/2014,124,KIDNAPPING & RELATED OFFENSES,193,CUSTODIAL INTERFERENCE 1,COMPLETED,FELONY,N.Y. HOUSING POLICE,BROOKLYN,84,INSIDE,RESIDENCE - PUBLIC HOUSING,,FARRAGUT,"989,298","194,785",40.70132337,-73.98179571,"(40.701323372, -73.981795711)"
851742722,11/19/2013,11:15:00,11/21/2013,14:00:00,11/21/2013,124,KIDNAPPING & RELATED OFFENSES,185,KIDNAPPING 2,COMPLETED,FELONY,N.Y. POLICE DEPT,BROOKLYN,84,OPPOSITE OF,STREET,,,"989,298","194,785",40.70132337,-73.98179571,"(40.701323372, -73.981795711)"
399372217,3/5/2010,8:40:00,3/5/2010,9:43:00,3/5/2010,124,KIDNAPPING & RELATED OFFENSES,185,KIDNAPPING 2,ATTEMPTED,FELONY,N.Y. POLICE DEPT,MANHATTAN,18,FRONT OF,STREET,,,"989,249","218,974",40.76771626,-73.98195446,"(40.767716255, -73.981954461)"
191542530,1/7/2011,15:25:00,,,1/7/2011,124,KIDNAPPING & RELATED OFFENSES,193,CUSTODIAL INTERFERENCE 1,COMPLETED,FELONY,N.Y. POLICE DEPT,BROOKLYN,84,INSIDE,PUBLIC SCHOOL,,,"989,211","188,866",40.68507713,-73.98211384,"(40.685077133, -73.982113837)"
282816816,10/11/2013,22:00:00,10/13/2013,16:00:00,10/14/2013,124,KIDNAPPING & RELATED OFFENSES,193,CUSTODIAL INTERFERENCE 1,COMPLETED,FELONY,N.Y. POLICE DEPT,BROOKLYN,84,INSIDE,RESIDENCE - APT. HOUSE,,,"989,141","187,733",40.68196734,-73.98236705,"(40.681967344, -73.982367054)"
931822715,9/12/2013,15:45:00,9/13/2013,15:45:00,9/14/2013,124,KIDNAPPING & RELATED OFFENSES,187,KIDNAPPING 1,COMPLETED,FELONY,N.Y. POLICE DEPT,MANHATTAN,18,INSIDE,HOTEL/MOTEL,,,"989,076","216,906",40.76204022,-73.9825805,"(40.762040224, -73.982580497)"
826214265,1/19/2011,18:00:00,1/19/2011,18:33:00,1/19/2011,124,KIDNAPPING & RELATED OFFENSES,183,"IMPRISONMENT 1,UNLAWFUL",ATTEMPTED,FELONY,N.Y. POLICE DEPT,BROOKLYN,78,INSIDE,RESIDENCE - APT. HOUSE,,,"989,075","183,967",40.67163056,-73.98260771,"(40.671630559, -73.982607712)"
381437800,10/27/2010,11:00:00,10/27/2010,12:10:00,10/27/2010,124,KIDNAPPING & RELATED OFFENSES,185,KIDNAPPING 2,ATTEMPTED,FELONY,N.Y. POLICE DEPT,MANHATTAN,9,FRONT OF,STREET,,,"989,018","203,408",40.72499161,-73.98279943,"(40.724991611, -73.982799432)"
736425482,9/20/2011,8:30:00,9/20/2011,8:50:00,9/20/2011,124,KIDNAPPING & RELATED OFFENSES,183,"IMPRISONMENT 1,UNLAWFUL",COMPLETED,FELONY,N.Y. POLICE DEPT,BROOKLYN,66,,STREET,,,"989,002","164,934",40.61938911,-73.98288428,"(40.619389112, -73.982884275)"
541761011,4/4/2013,10:00:00,4/4/2013,10:00:00,4/4/2013,124,KIDNAPPING & RELATED OFFENSES,193,CUSTODIAL INTERFERENCE 1,COMPLETED,FELONY,N.Y. POLICE DEPT,MANHATTAN,13,INSIDE,RESIDENCE - APT. HOUSE,,,"988,972","207,813",40.73708228,-73.9829623,"(40.737082284, -73.9829623)"
330218584,2/20/2011,18:00:00,,,2/20/2011,124,KIDNAPPING & RELATED OFFENSES,185,KIDNAPPING 2,COMPLETED,FELONY,N.Y. POLICE DEPT,MANHATTAN,13,INSIDE,RESIDENCE - APT. HOUSE,,,"988,972","207,813",40.73708228,-73.9829623,"(40.737082284, -73.9829623)"
905345185,2/18/2007,21:55:00,2/18/2007,21:57:00,2/19/2007,124,KIDNAPPING & RELATED OFFENSES,185,KIDNAPPING 2,ATTEMPTED,FELONY,N.Y. POLICE DEPT,BROOKLYN,78,,STREET,,,"988,954","186,078",40.67742485,-73.98304243,"(40.677424845, -73.983042433)"
670494114,2/21/2011,14:30:00,2/21/2011,16:50:00,2/21/2011,124,KIDNAPPING & RELATED OFFENSES,193,CUSTODIAL INTERFERENCE 1,COMPLETED,FELONY,N.Y. POLICE DEPT,BROOKLYN,84,INSIDE,OTHER,,,"988,897","192,615",40.69536745,-73.98324343,"(40.695367447, -73.983243425)"
909146510,12/5/2011,20:00:00,12/5/2011,20:10:00,12/6/2011,124,KIDNAPPING & RELATED OFFENSES,183,"IMPRISONMENT 1,UNLAWFUL",COMPLETED,FELONY,N.Y. POLICE DEPT,BROOKLYN,60,INSIDE,RESIDENCE - APT. HOUSE,,,"988,863","150,868",40.58078086,-73.98339457,"(40.58078086, -73.983394569)"
162893654,10/14/2010,12:00:00,10/21/2010,18:00:00,10/21/2010,124,KIDNAPPING & RELATED OFFENSES,185,KIDNAPPING 2,COMPLETED,FELONY,N.Y. POLICE DEPT,BROOKLYN,66,INSIDE,RESIDENCE-HOUSE,,,"988,775","170,443",40.63451028,-73.98369826,"(40.634510281, -73.983698258)"
554372976,8/15/2012,17:00:00,8/15/2012,18:00:00,8/16/2012,124,KIDNAPPING & RELATED OFFENSES,193,CUSTODIAL INTERFERENCE 1,COMPLETED,FELONY,N.Y. POLICE DEPT,BROOKLYN,66,INSIDE,RESIDENCE-HOUSE,,,"988,768","174,455",40.64552237,-73.98372079,"(40.645522367, -73.983720792)"
311541693,9/5/2012,8:00:00,9/5/2012,8:30:00,9/5/2012,124,KIDNAPPING & RELATED OFFENSES,193,CUSTODIAL INTERFERENCE 1,COMPLETED,FELONY,N.Y. HOUSING POLICE,BROOKLYN,84,INSIDE,RESIDENCE - PUBLIC HOUSING,,FARRAGUT,"988,761","194,230",40.69980032,-73.98373279,"(40.699800317, -73.983732786)"
796705227,9/4/2009,15:00:00,9/4/2009,20:30:00,9/4/2009,124,KIDNAPPING & RELATED OFFENSES,193,CUSTODIAL INTERFERENCE 1,COMPLETED,FELONY,N.Y. POLICE DEPT,MANHATTAN,18,INSIDE,HOTEL/MOTEL,,,"988,648","215,208",40.75737987,-73.98412661,"(40.757379872, -73.984126607)"
758027794,8/2/2010,22:00:00,8/3/2010,5:00:00,9/10/2010,124,KIDNAPPING & RELATED OFFENSES,183,"IMPRISONMENT 1,UNLAWFUL",COMPLETED,FELONY,N.Y. POLICE DEPT,MANHATTAN,18,INSIDE,RESIDENCE - APT. HOUSE,,,"988,600","218,831",40.7673241,-73.98429752,"(40.7673241, -73.984297521)"
767334305,3/26/2006,18:00:00,3/26/2006,18:30:00,3/26/2006,124,KIDNAPPING & RELATED OFFENSES,183,"IMPRISONMENT 1,UNLAWFUL",COMPLETED,FELONY,N.Y. POLICE DEPT,MANHATTAN,13,FRONT OF,STREET,,,"988,545","208,820",40.73984647,-73.98450247,"(40.739846468, -73.98450247)"
769901882,5/29/2006,3:00:00,5/29/2006,3:10:00,5/29/2006,124,KIDNAPPING & RELATED OFFENSES,183,"IMPRISONMENT 1,UNLAWFUL",COMPLETED,FELONY,N.Y. POLICE DEPT,MANHATTAN,13,,STREET,,,"988,543","207,772",40.73696997,-73.98451036,"(40.736969967, -73.984510356)"
263912844,3/15/2010,9:00:00,5/13/2010,15:00:00,5/13/2010,124,KIDNAPPING & RELATED OFFENSES,193,CUSTODIAL INTERFERENCE 1,COMPLETED,FELONY,N.Y. POLICE DEPT,MANHATTAN,7,INSIDE,PUBLIC SCHOOL,,,"988,537","200,955",40.71825896,-73.98453635,"(40.718258964, -73.984536349)"
733595285,8/18/2016,7:00:00,8/18/2016,7:04:00,8/18/2016,124,KIDNAPPING & RELATED OFFENSES,183,"IMPRISONMENT 1,UNLAWFUL",COMPLETED,FELONY,N.Y. POLICE DEPT,MANHATTAN,9,INSIDE,SMALL MERCHANT,,,"988,513","203,256",40.72457467,-73.98462147,"(40.724574666, -73.98462147)"
687451895,6/14/2006,14:30:00,6/14/2006,14:45:00,6/14/2006,124,KIDNAPPING & RELATED OFFENSES,193,CUSTODIAL INTERFERENCE 1,COMPLETED,FELONY,N.Y. POLICE DEPT,MANHATTAN,20,INSIDE,PUBLIC SCHOOL,,,"988,503","221,442",40.77449066,-73.98464605,"(40.774490663, -73.984646049)"
721433083,9/2/2009,20:00:00,9/2/2009,23:00:00,9/7/2009,124,KIDNAPPING & RELATED OFFENSES,183,"IMPRISONMENT 1,UNLAWFUL",COMPLETED,FELONY,N.Y. POLICE DEPT,MANHATTAN,9,INSIDE,RESIDENCE - APT. HOUSE,,,"988,484","205,423",40.73052257,-73.98472473,"(40.730522568, -73.984724732)"
351762707,1/8/2008,0:27:00,1/8/2008,6:00:00,1/8/2008,124,KIDNAPPING & RELATED OFFENSES,183,"IMPRISONMENT 1,UNLAWFUL",COMPLETED,FELONY,N.Y. POLICE DEPT,MANHATTAN,14,,STREET,,,"988,461","211,832",40.7481137,-73.98480371,"(40.748113696, -73.984803708)"
582639013,3/16/2013,8:00:00,3/23/2013,8:00:00,6/13/2013,124,KIDNAPPING & RELATED OFFENSES,193,CUSTODIAL INTERFERENCE 1,COMPLETED,FELONY,N.Y. POLICE DEPT,BROOKLYN,72,INSIDE,OTHER,,,"988,406","180,025",40.66081098,-73.98502183,"(40.660810982, -73.985021832)"
301332943,4/24/2007,9:40:00,4/24/2007,10:15:00,4/24/2007,124,KIDNAPPING & RELATED OFFENSES,183,"IMPRISONMENT 1,UNLAWFUL",COMPLETED,FELONY,N.Y. POLICE DEPT,BROOKLYN,60,,STREET,,,"988,399","156,296",40.59567987,-73.98506165,"(40.595679869, -73.985061645)"
888409466,7/1/2007,0:01:00,9/11/2007,24:00:00,9/17/2007,124,KIDNAPPING & RELATED OFFENSES,183,"IMPRISONMENT 1,UNLAWFUL",COMPLETED,FELONY,N.Y. POLICE DEPT,MANHATTAN,7,INSIDE,RESIDENCE - APT. HOUSE,,,"988,391","199,936",40.71546212,-73.98506366,"(40.715462122, -73.985063662)"
469474999,3/1/2008,2:30:00,3/1/2008,2:50:00,3/1/2008,124,KIDNAPPING & RELATED OFFENSES,183,"IMPRISONMENT 1,UNLAWFUL",COMPLETED,FELONY,N.Y. POLICE DEPT,MANHATTAN,14,INSIDE,RESIDENCE - APT. HOUSE,,,"988,331","211,598",40.74747149,-73.98527303,"(40.747471486, -73.985273027)"
351365050,3/2/2011,10:55:00,3/2/2011,10:55:00,3/2/2011,124,KIDNAPPING & RELATED OFFENSES,183,"IMPRISONMENT 1,UNLAWFUL",COMPLETED,FELONY,N.Y. POLICE DEPT,BROOKLYN,84,INSIDE,PUBLIC SCHOOL,,,"988,334","193,468",40.69770901,-73.9852732,"(40.697709012, -73.985273199)"
172675278,5/15/2015,23:20:00,5/15/2015,23:29:00,5/15/2015,124,KIDNAPPING & RELATED OFFENSES,185,KIDNAPPING 2,COMPLETED,FELONY,N.Y. POLICE DEPT,MANHATTAN,7,FRONT OF,STREET,,,"988,307","201,048",40.71851433,-73.985366,"(40.718514334, -73.985366003)"
535056010,11/19/2007,7:35:00,11/19/2007,7:45:00,11/19/2007,124,KIDNAPPING & RELATED OFFENSES,183,"IMPRISONMENT 1,UNLAWFUL",COMPLETED,FELONY,N.Y. POLICE DEPT,MANHATTAN,14,INSIDE,CHAIN STORE,,,"988,235","214,200",40.75461336,-73.98561795,"(40.754613364, -73.985617953)"
480435429,4/14/2011,14:00:00,4/14/2011,14:15:00,4/15/2011,124,KIDNAPPING & RELATED OFFENSES,183,"IMPRISONMENT 1,UNLAWFUL",COMPLETED,FELONY,N.Y. POLICE DEPT,BROOKLYN,84,INSIDE,PUBLIC SCHOOL,,,"988,228","192,449",40.69491214,-73.98565607,"(40.694912141, -73.985656072)"
417014319,8/19/2011,17:00:00,8/22/2011,16:00:00,8/22/2011,124,KIDNAPPING & RELATED OFFENSES,187,KIDNAPPING 1,COMPLETED,FELONY,N.Y. HOUSING POLICE,MANHATTAN,20,INSIDE,RESIDENCE - PUBLIC HOUSING,,AMSTERDAM,"988,187","220,871",40.77292356,-73.9857873,"(40.772923563, -73.985787298)"
872541374,7/22/2013,9:00:00,7/29/2013,9:00:00,8/14/2013,124,KIDNAPPING & RELATED OFFENSES,193,CUSTODIAL INTERFERENCE 1,COMPLETED,FELONY,N.Y. POLICE DEPT,BROOKLYN,76,INSIDE,RESIDENCE - APT. HOUSE,,,"988,162","188,235",40.68334571,-73.98589653,"(40.683345707, -73.985896525)"
175702313,8/20/2012,15:00:00,8/20/2012,15:30:00,8/20/2012,124,KIDNAPPING & RELATED OFFENSES,187,KIDNAPPING 1,COMPLETED,FELONY,N.Y. POLICE DEPT,MANHATTAN,14,INSIDE,CHAIN STORE,,,"988,050","214,940",40.75664456,-73.98628528,"(40.756644557, -73.986285275)"
403744673,1/10/2013,19:30:00,1/10/2013,19:40:00,1/11/2013,124,KIDNAPPING & RELATED OFFENSES,183,"IMPRISONMENT 1,UNLAWFUL",COMPLETED,FELONY,N.Y. POLICE DEPT,MANHATTAN,7,INSIDE,RESIDENCE - APT. HOUSE,,,"988,050","200,071",40.71583282,-73.98629367,"(40.715832817, -73.986293671)"
977078834,3/3/2006,16:30:00,,,3/3/2006,124,KIDNAPPING & RELATED OFFENSES,193,CUSTODIAL INTERFERENCE 1,COMPLETED,FELONY,N.Y. POLICE DEPT,MANHATTAN,14,,STREET,,,"988,002","214,967",40.75671869,-73.98645852,"(40.756718685, -73.986458517)"
342544462,2/17/2006,16:30:00,,,2/17/2006,124,KIDNAPPING & RELATED OFFENSES,193,CUSTODIAL INTERFERENCE 1,COMPLETED,FELONY,N.Y. POLICE DEPT,MANHATTAN,14,,STREET,,,"988,002","214,967",40.75671869,-73.98645852,"(40.756718685, -73.986458517)"
745434303,2/3/2006,16:30:00,,,2/3/2006,124,KIDNAPPING & RELATED OFFENSES,193,CUSTODIAL INTERFERENCE 1,COMPLETED,FELONY,N.Y. POLICE DEPT,MANHATTAN,14,,STREET,,,"988,002","214,967",40.75671869,-73.98645852,"(40.756718685, -73.986458517)"
934696398,7/31/2012,16:35:00,7/31/2012,16:45:00,7/31/2012,124,KIDNAPPING & RELATED OFFENSES,187,KIDNAPPING 1,ATTEMPTED,FELONY,N.Y. HOUSING POLICE,MANHATTAN,20,FRONT OF,RESIDENCE - PUBLIC HOUSING,,AMSTERDAM,"987,998","220,532",40.77199318,-73.98646985,"(40.771993179, -73.986469853)"
503102386,4/3/2009,12:45:00,4/3/2009,13:01:00,4/6/2009,124,KIDNAPPING & RELATED OFFENSES,193,CUSTODIAL INTERFERENCE 1,COMPLETED,FELONY,N.Y. POLICE DEPT,MANHATTAN,14,FRONT OF,STREET,,,"987,984","214,497",40.75542866,-73.98652375,"(40.755428662, -73.986523749)"
813653807,9/3/2009,21:15:00,9/3/2009,21:30:00,9/3/2009,124,KIDNAPPING & RELATED OFFENSES,193,CUSTODIAL INTERFERENCE 1,COMPLETED,FELONY,N.Y. POLICE DEPT,BROOKLYN,78,INSIDE,RESIDENCE - APT. HOUSE,,,"987,981","182,966",40.66888357,-73.98655205,"(40.668883566, -73.986552046)"
542889829,6/15/2011,7:58:00,,,6/15/2011,124,KIDNAPPING & RELATED OFFENSES,183,"IMPRISONMENT 1,UNLAWFUL",COMPLETED,FELONY,N.Y. POLICE DEPT,MANHATTAN,18,,TAXI (LIVERY LICENSED),,,"987,945","218,576",40.76662449,-73.98666228,"(40.766624489, -73.986662276)"
703726949,12/29/2010,3:00:00,12/29/2010,3:30:00,12/29/2010,124,KIDNAPPING & RELATED OFFENSES,183,"IMPRISONMENT 1,UNLAWFUL",COMPLETED,FELONY,N.Y. POLICE DEPT,MANHATTAN,7,INSIDE,RESIDENCE - APT. HOUSE,,,"987,838","201,221",40.71898938,-73.98705781,"(40.71898938, -73.987057808)"
880869774,7/16/2014,12:00:00,7/21/2014,15:00:00,7/30/2014,124,KIDNAPPING & RELATED OFFENSES,193,CUSTODIAL INTERFERENCE 1,COMPLETED,FELONY,N.Y. POLICE DEPT,BROOKLYN,84,INSIDE,PUBLIC BUILDING,,,"987,801","192,258",40.69438807,-73.98719601,"(40.694388072, -73.987196009)"
474304510,6/26/2014,14:30:00,,,6/26/2014,124,KIDNAPPING & RELATED OFFENSES,193,CUSTODIAL INTERFERENCE 1,COMPLETED,FELONY,N.Y. POLICE DEPT,BROOKLYN,84,FRONT OF,COMMERCIAL BUILDING,,,"987,801","192,258",40.69438807,-73.98719601,"(40.694388072, -73.987196009)"
606604410,5/15/2013,9:00:00,5/15/2013,16:00:00,5/30/2013,124,KIDNAPPING & RELATED OFFENSES,193,CUSTODIAL INTERFERENCE 1,COMPLETED,FELONY,N.Y. POLICE DEPT,BROOKLYN,84,INSIDE,PUBLIC BUILDING,,,"987,801","192,258",40.69438807,-73.98719601,"(40.694388072, -73.987196009)"
121354773,9/5/2011,18:30:00,,,9/15/2011,124,KIDNAPPING & RELATED OFFENSES,193,CUSTODIAL INTERFERENCE 1,COMPLETED,FELONY,N.Y. POLICE DEPT,BROOKLYN,84,FRONT OF,OTHER,,,"987,801","192,258",40.69438807,-73.98719601,"(40.694388072, -73.987196009)"
421949674,6/8/2011,10:15:00,6/8/2011,10:45:00,6/12/2011,124,KIDNAPPING & RELATED OFFENSES,183,"IMPRISONMENT 1,UNLAWFUL",COMPLETED,FELONY,N.Y. POLICE DEPT,BROOKLYN,84,FRONT OF,STREET,,,"987,801","192,258",40.69438807,-73.98719601,"(40.694388072, -73.987196009)"
838285358,9/13/2010,18:00:00,9/13/2010,18:15:00,9/13/2010,124,KIDNAPPING & RELATED OFFENSES,193,CUSTODIAL INTERFERENCE 1,COMPLETED,FELONY,N.Y. POLICE DEPT,BROOKLYN,84,,STREET,,,"987,759","191,193",40.69146491,-73.98734802,"(40.691464909, -73.987348023)"
127850021,12/18/2016,19:30:00,12/18/2016,23:30:00,12/19/2016,124,KIDNAPPING & RELATED OFFENSES,183,"IMPRISONMENT 1,UNLAWFUL",COMPLETED,FELONY,N.Y. POLICE DEPT,BROOKLYN,60,INSIDE,RESIDENCE - APT. HOUSE,,,"987,641","148,923",40.57544277,-73.98779476,"(40.575442769, -73.987794763)"
953022483,9/4/2009,13:30:00,9/4/2009,15:50:00,9/4/2009,124,KIDNAPPING & RELATED OFFENSES,183,"IMPRISONMENT 1,UNLAWFUL",COMPLETED,FELONY,N.Y. POLICE DEPT,BROOKLYN,84,FRONT OF,COMMERCIAL BUILDING,,,"987,523","191,406",40.69204964,-73.98819893,"(40.692049636, -73.988198933)"
408653133,2/19/2007,11:00:00,2/19/2007,11:45:00,2/19/2007,124,KIDNAPPING & RELATED OFFENSES,193,CUSTODIAL INTERFERENCE 1,COMPLETED,FELONY,N.Y. POLICE DEPT,MANHATTAN,14,,STREET,,,"987,500","212,212",40.74915711,-73.98827183,"(40.749157106, -73.988271828)"
144566992,4/1/2013,13:00:00,4/1/2013,14:00:00,4/7/2013,124,KIDNAPPING & RELATED OFFENSES,183,"IMPRISONMENT 1,UNLAWFUL",COMPLETED,FELONY,N.Y. HOUSING POLICE,MANHATTAN,7,INSIDE,RESIDENCE - PUBLIC HOUSING,,LA GUARDIA,"987,482","198,516",40.71156494,-73.98834337,"(40.711564939, -73.988343369)"
712383439,9/10/2012,16:00:00,9/11/2012,1:00:00,10/3/2012,124,KIDNAPPING & RELATED OFFENSES,193,CUSTODIAL INTERFERENCE 1,COMPLETED,FELONY,N.Y. HOUSING POLICE,MANHATTAN,7,FRONT OF,RESIDENCE - PUBLIC HOUSING,,LA GUARDIA,"987,482","198,516",40.71156494,-73.98834337,"(40.711564939, -73.988343369)"
627909331,7/31/2012,22:15:00,,,8/2/2012,124,KIDNAPPING & RELATED OFFENSES,183,"IMPRISONMENT 1,UNLAWFUL",COMPLETED,FELONY,N.Y. HOUSING POLICE,BROOKLYN,76,INSIDE,RESIDENCE - PUBLIC HOUSING,,GOWANUS,"987,442","188,309",40.68354911,-73.98849249,"(40.68354911, -73.988492488)"
424209284,7/26/2012,16:00:00,,,7/26/2012,124,KIDNAPPING & RELATED OFFENSES,193,CUSTODIAL INTERFERENCE 1,COMPLETED,FELONY,N.Y. POLICE DEPT,BROOKLYN,84,FRONT OF,STREET,,,"987,434","189,775",40.68757295,-73.98852064,"(40.687572948, -73.98852064)"
113500243,10/7/2008,13:30:00,10/7/2008,13:40:00,10/7/2008,124,KIDNAPPING & RELATED OFFENSES,193,CUSTODIAL INTERFERENCE 1,COMPLETED,FELONY,N.Y. POLICE DEPT,BROOKLYN,84,INSIDE,PUBLIC SCHOOL,,,"987,434","189,775",40.68757295,-73.98852064,"(40.687572948, -73.98852064)"
509515605,9/29/2007,3:30:00,11/22/2007,15:30:00,11/27/2007,124,KIDNAPPING & RELATED OFFENSES,183,"IMPRISONMENT 1,UNLAWFUL",COMPLETED,FELONY,N.Y. POLICE DEPT,MANHATTAN,18,,RESIDENCE - APT. HOUSE,,,"987,419","219,487",40.76912515,-73.98856074,"(40.769125152, -73.988560739)"
554441254,11/18/2014,17:00:00,,,11/18/2014,124,KIDNAPPING & RELATED OFFENSES,193,CUSTODIAL INTERFERENCE 1,COMPLETED,FELONY,N.Y. POLICE DEPT,MANHATTAN,20,INSIDE,RESIDENCE - APT. HOUSE,,,"987,358","221,232",40.77391474,-73.98878015,"(40.773914744, -73.988780154)"
561341462,2/1/2011,0:01:00,8/8/2011,12:00:00,8/8/2011,124,KIDNAPPING & RELATED OFFENSES,193,CUSTODIAL INTERFERENCE 1,COMPLETED,FELONY,N.Y. POLICE DEPT,MANHATTAN,20,INSIDE,RESIDENCE - APT. HOUSE,,,"987,358","221,232",40.77391474,-73.98878015,"(40.773914744, -73.988780154)"
232303797,8/25/2008,2:00:00,8/25/2008,12:00:00,8/25/2008,124,KIDNAPPING & RELATED OFFENSES,183,"IMPRISONMENT 1,UNLAWFUL",COMPLETED,FELONY,N.Y. POLICE DEPT,BROOKLYN,66,FRONT OF,RESIDENCE-HOUSE,,,"987,346","173,568",40.64308835,-73.98884539,"(40.643088354, -73.988845388)"
189281724,2/10/2011,14:40:00,2/10/2011,14:50:00,2/10/2011,124,KIDNAPPING & RELATED OFFENSES,183,"IMPRISONMENT 1,UNLAWFUL",COMPLETED,FELONY,N.Y. POLICE DEPT,BROOKLYN,62,INSIDE,RESIDENCE-HOUSE,,,"987,282","160,874",40.608246,-73.9890817,"(40.608246004, -73.989081704)"
861136287,6/24/2008,15:00:00,6/24/2008,22:55:00,6/24/2008,124,KIDNAPPING & RELATED OFFENSES,185,KIDNAPPING 2,COMPLETED,FELONY,N.Y. POLICE DEPT,BROOKLYN,78,,STREET,,,"987,160","184,567",40.67327826,-73.98951087,"(40.673278261, -73.989510871)"
855744798,5/12/2010,12:00:00,5/12/2010,21:30:00,5/13/2010,124,KIDNAPPING & RELATED OFFENSES,183,"IMPRISONMENT 1,UNLAWFUL",COMPLETED,FELONY,N.Y. POLICE DEPT,MANHATTAN,18,INSIDE,RESIDENCE - APT. HOUSE,,,"987,122","217,093",40.76255434,-73.98963399,"(40.762554341, -73.989633989)"
273840834,9/12/2011,22:20:00,9/12/2011,22:35:00,9/12/2011,124,KIDNAPPING & RELATED OFFENSES,183,"IMPRISONMENT 1,UNLAWFUL",COMPLETED,FELONY,N.Y. POLICE DEPT,MANHATTAN,14,FRONT OF,STREET,,,"987,073","216,078",40.75976844,-73.9898113,"(40.759768442, -73.989811298)"
615860403,9/16/2016,12:32:00,9/16/2016,14:20:00,9/16/2016,124,KIDNAPPING & RELATED OFFENSES,193,CUSTODIAL INTERFERENCE 1,COMPLETED,FELONY,N.Y. POLICE DEPT,BROOKLYN,84,INSIDE,OTHER,,,"986,894","190,458",40.6894478,-73.99046749,"(40.689447804, -73.990467493)"
430415029,7/28/2015,8:30:00,7/29/2015,8:30:00,7/29/2015,124,KIDNAPPING AND RELATED OFFENSES,184,LABOR TRAFFICKING,COMPLETED,FELONY,PORT AUTHORITY,MANHATTAN,14,INSIDE,BUS TERMINAL,,,"986,882","214,802",40.75626621,-73.99050125,"(40.756266207, -73.990501248)"
900421422,12/20/2007,10:20:00,12/20/2007,10:40:00,12/20/2007,124,KIDNAPPING & RELATED OFFENSES,183,"IMPRISONMENT 1,UNLAWFUL",COMPLETED,FELONY,PORT AUTHORITY,MANHATTAN,14,INSIDE,BUS TERMINAL,,,"986,882","214,802",40.75626621,-73.99050125,"(40.756266207, -73.990501248)"
162677458,5/29/2009,7:00:00,5/29/2009,7:50:00,5/29/2009,124,KIDNAPPING & RELATED OFFENSES,183,"IMPRISONMENT 1,UNLAWFUL",COMPLETED,FELONY,N.Y. POLICE DEPT,BROOKLYN,60,INSIDE,RESIDENCE - APT. HOUSE,,,"986,885","152,964",40.58653477,-73.99051458,"(40.586534773, -73.990514582)"
946281711,3/9/2009,17:30:00,3/9/2009,20:00:00,3/12/2009,124,KIDNAPPING & RELATED OFFENSES,185,KIDNAPPING 2,COMPLETED,FELONY,N.Y. POLICE DEPT,BROOKLYN,60,FRONT OF,STREET,,,"986,860","149,123",40.57599199,-73.99060607,"(40.575991993, -73.990606073)"
629306876,6/26/2015,23:00:00,6/29/2015,15:00:00,6/29/2015,124,KIDNAPPING & RELATED OFFENSES,193,CUSTODIAL INTERFERENCE 1,COMPLETED,FELONY,N.Y. POLICE DEPT,MANHATTAN,9,INSIDE,RESIDENCE - APT. HOUSE,,,"986,800","203,768",40.72598064,-73.99080141,"(40.725980641, -73.990801407)"
594141135,10/19/2012,9:00:00,10/19/2012,9:49:00,10/19/2012,124,KIDNAPPING & RELATED OFFENSES,193,CUSTODIAL INTERFERENCE 1,COMPLETED,FELONY,N.Y. POLICE DEPT,MANHATTAN,18,,CHURCH,,,"986,777","218,327",40.76594146,-73.99087892,"(40.765941459, -73.990878921)"
894985962,3/10/2006,8:50:00,,,3/10/2006,124,KIDNAPPING & RELATED OFFENSES,187,KIDNAPPING 1,ATTEMPTED,FELONY,N.Y. POLICE DEPT,BROOKLYN,78,FRONT OF,RESIDENCE - APT. HOUSE,,,"986,774","183,272",40.66972389,-73.99090289,"(40.669723894, -73.99090289)"
690616942,8/1/2011,0:01:00,8/30/2011,17:30:00,8/30/2011,124,KIDNAPPING & RELATED OFFENSES,193,CUSTODIAL INTERFERENCE 1,COMPLETED,FELONY,N.Y. POLICE DEPT,MANHATTAN,9,INSIDE,RESIDENCE - APT. HOUSE,,,"986,770","203,101",40.7241499,-73.99090989,"(40.724149896, -73.990909894)"
542140347,5/10/2013,16:00:00,5/10/2013,19:00:00,5/10/2013,124,KIDNAPPING & RELATED OFFENSES,193,CUSTODIAL INTERFERENCE 1,COMPLETED,FELONY,N.Y. POLICE DEPT,BROOKLYN,84,INSIDE,PUBLIC BUILDING,,,"986,770","191,636",40.69268118,-73.99091418,"(40.692681179, -73.990914183)"
217467138,11/23/2016,15:00:00,11/25/2016,14:00:00,11/25/2016,124,KIDNAPPING & RELATED OFFENSES,193,CUSTODIAL INTERFERENCE 1,COMPLETED,FELONY,N.Y. POLICE DEPT,BROOKLYN,60,INSIDE,RESIDENCE - APT. HOUSE,,,"986,771","148,698",40.57482548,-73.99092661,"(40.574825477, -73.99092661)"
202587550,2/14/2014,15:00:00,2/14/2014,16:30:00,2/15/2014,124,KIDNAPPING & RELATED OFFENSES,187,KIDNAPPING 1,COMPLETED,FELONY,N.Y. POLICE DEPT,MANHATTAN,18,INSIDE,RESIDENCE - APT. HOUSE,,,"986,763","219,229",40.76841722,-73.99092912,"(40.76841722, -73.990929124)"
151671003,8/17/2006,0:00:00,8/17/2006,16:00:00,8/17/2006,124,KIDNAPPING & RELATED OFFENSES,185,KIDNAPPING 2,COMPLETED,FELONY,N.Y. POLICE DEPT,MANHATTAN,14,FRONT OF,STREET,,,"986,685","215,375",40.757839,-73.99121211,"(40.757839003, -73.991212111)"
228109931,7/22/2011,11:00:00,,,7/23/2011,124,KIDNAPPING & RELATED OFFENSES,193,CUSTODIAL INTERFERENCE 1,COMPLETED,FELONY,N.Y. POLICE DEPT,BROOKLYN,62,INSIDE,RESIDENCE - APT. HOUSE,,,"986,667","161,362",40.60958565,-73.99129645,"(40.609585653, -73.991296449)"
941534334,8/10/2010,12:50:00,8/10/2010,13:10:00,8/10/2010,124,KIDNAPPING & RELATED OFFENSES,193,CUSTODIAL INTERFERENCE 1,COMPLETED,FELONY,N.Y. POLICE DEPT,BROOKLYN,84,INSIDE,COMMERCIAL BUILDING,,,"986,624","192,119",40.69400694,-73.9914405,"(40.694006943, -73.991440496)"
856639351,5/20/2016,16:00:00,5/23/2016,4:30:00,5/23/2016,124,KIDNAPPING & RELATED OFFENSES,187,KIDNAPPING 1,COMPLETED,FELONY,N.Y. POLICE DEPT,BROOKLYN,84,FRONT OF,RESIDENCE - APT. HOUSE,,,"986,545","189,801",40.68764459,-73.99172617,"(40.687644587, -73.99172617)"
608543550,6/23/2011,16:00:00,,,6/23/2011,124,KIDNAPPING & RELATED OFFENSES,183,"IMPRISONMENT 1,UNLAWFUL",COMPLETED,FELONY,OTHER,BROOKLYN,84,,STREET,,,"986,540","191,024",40.69100144,-73.99174378,"(40.691001442, -73.991743783)"
310302704,1/19/2009,13:30:00,,,1/21/2009,124,KIDNAPPING & RELATED OFFENSES,183,"IMPRISONMENT 1,UNLAWFUL",COMPLETED,FELONY,N.Y. POLICE DEPT,BROOKLYN,84,INSIDE,RESIDENCE - APT. HOUSE,,,"986,458","191,645",40.69270597,-73.99203927,"(40.692705965, -73.992039269)"
272528708,11/5/2008,19:10:00,,,11/5/2008,124,KIDNAPPING & RELATED OFFENSES,193,CUSTODIAL INTERFERENCE 1,COMPLETED,FELONY,N.Y. POLICE DEPT,BROOKLYN,84,FRONT OF,OTHER,,,"986,458","191,645",40.69270597,-73.99203927,"(40.692705965, -73.992039269)"
870487122,10/6/2006,1:22:00,10/6/2006,3:03:00,10/6/2006,124,KIDNAPPING & RELATED OFFENSES,183,"IMPRISONMENT 1,UNLAWFUL",COMPLETED,FELONY,N.Y. POLICE DEPT,MANHATTAN,9,FRONT OF,TAXI (YELLOW LICENSED),,,"986,429","205,225",40.72997985,-73.99213945,"(40.729979851, -73.992139452)"
890064632,7/29/2008,20:35:00,7/29/2008,21:46:00,7/29/2008,124,KIDNAPPING & RELATED OFFENSES,183,"IMPRISONMENT 1,UNLAWFUL",COMPLETED,FELONY,N.Y. POLICE DEPT,MANHATTAN,14,,STREET,,,"986,427","215,839",40.75911263,-73.99214323,"(40.759112632, -73.992143234)"
131661204,5/1/2006,18:30:00,5/1/2006,18:35:00,5/1/2006,124,KIDNAPPING & RELATED OFFENSES,185,KIDNAPPING 2,ATTEMPTED,FELONY,N.Y. POLICE DEPT,BROOKLYN,66,FRONT OF,STREET,,,"986,384","168,683",40.62968035,-73.99231338,"(40.629680351, -73.992313381)"
149346539,5/23/2012,11:00:00,5/24/2012,11:05:00,5/24/2012,124,KIDNAPPING & RELATED OFFENSES,193,CUSTODIAL INTERFERENCE 1,COMPLETED,FELONY,N.Y. POLICE DEPT,BROOKLYN,84,INSIDE,RESIDENCE - APT. HOUSE,,,"986,346","191,345",40.69188256,-73.99244324,"(40.691882561, -73.99244324)"
460736758,11/8/2009,1:07:00,11/8/2009,1:57:00,11/8/2009,124,KIDNAPPING & RELATED OFFENSES,183,"IMPRISONMENT 1,UNLAWFUL",COMPLETED,FELONY,N.Y. POLICE DEPT,BROOKLYN,62,INSIDE,RESIDENCE - APT. HOUSE,,,"986,344","160,954",40.60846586,-73.99245988,"(40.608465858, -73.992459882)"
928559088,11/30/2008,12:00:00,,,2/17/2009,124,KIDNAPPING & RELATED OFFENSES,193,CUSTODIAL INTERFERENCE 1,COMPLETED,FELONY,N.Y. POLICE DEPT,MANHATTAN,18,INSIDE,RESIDENCE - APT. HOUSE,,,"986,296","220,108",40.77082997,-73.9926148,"(40.770829967, -73.992614799)"
325513611,2/11/2006,14:00:00,2/11/2006,14:31:00,2/11/2006,124,KIDNAPPING & RELATED OFFENSES,183,"IMPRISONMENT 1,UNLAWFUL",COMPLETED,FELONY,N.Y. POLICE DEPT,MANHATTAN,18,INSIDE,RESIDENCE - APT. HOUSE,,,"986,296","220,108",40.77082997,-73.9926148,"(40.770829967, -73.992614799)"
132894787,4/27/2007,21:53:00,4/27/2007,22:08:00,4/28/2007,124,KIDNAPPING & RELATED OFFENSES,183,"IMPRISONMENT 1,UNLAWFUL",COMPLETED,FELONY,N.Y. POLICE DEPT,BROOKLYN,62,,STREET,,,"986,299","157,302",40.59844187,-73.99262306,"(40.59844187, -73.992623057)"
930843472,12/20/2009,23:30:00,12/21/2009,0:04:00,12/21/2009,124,KIDNAPPING & RELATED OFFENSES,183,"IMPRISONMENT 1,UNLAWFUL",COMPLETED,FELONY,N.Y. POLICE DEPT,BROOKLYN,62,INSIDE,RESIDENCE - APT. HOUSE,,,"986,277","164,608",40.61849535,-73.99270009,"(40.618495352, -73.992700088)"
662152712,11/9/2007,12:00:00,,,11/11/2007,124,KIDNAPPING & RELATED OFFENSES,193,CUSTODIAL INTERFERENCE 1,COMPLETED,FELONY,N.Y. POLICE DEPT,MANHATTAN,6,INSIDE,RESIDENCE - APT. HOUSE,,,"986,160","205,842",40.73167343,-73.99310985,"(40.731673428, -73.993109848)"
373592810,10/11/2009,16:00:00,10/11/2009,17:00:00,10/11/2009,124,KIDNAPPING & RELATED OFFENSES,193,CUSTODIAL INTERFERENCE 1,ATTEMPTED,FELONY,N.Y. POLICE DEPT,BROOKLYN,84,FRONT OF,STREET,,,"986,134","194,601",40.70081957,-73.99320681,"(40.700819574, -73.993206805)"
216302970,5/6/2016,11:35:00,5/6/2016,11:45:00,5/9/2016,124,KIDNAPPING & RELATED OFFENSES,183,"IMPRISONMENT 1,UNLAWFUL",COMPLETED,FELONY,N.Y. POLICE DEPT,MANHATTAN,18,INSIDE,PUBLIC SCHOOL,,,"986,131","218,090",40.76529112,-73.99321106,"(40.765291116, -73.993211061)"
843425049,9/4/2012,22:18:00,9/4/2012,22:40:00,9/4/2012,124,KIDNAPPING & RELATED OFFENSES,183,"IMPRISONMENT 1,UNLAWFUL",COMPLETED,FELONY,N.Y. POLICE DEPT,BROOKLYN,60,INSIDE,RESIDENCE - APT. HOUSE,,,"986,111","148,074",40.57311288,-73.99330258,"(40.573112883, -73.99330258)"
372520633,12/6/2006,17:45:00,,,12/6/2006,124,KIDNAPPING & RELATED OFFENSES,193,CUSTODIAL INTERFERENCE 1,COMPLETED,FELONY,N.Y. TRANSIT POLICE,MANHATTAN,10,,TRANSIT - NYC SUBWAY,,,"986,090","211,515",40.74724442,-73.99336087,"(40.747244422, -73.99336087)"
508614242,8/17/2015,12:00:00,8/17/2015,15:58:00,8/17/2015,124,KIDNAPPING & RELATED OFFENSES,185,KIDNAPPING 2,COMPLETED,FELONY,N.Y. POLICE DEPT,BROOKLYN,84,FRONT OF,STREET,,,"986,091","192,314",40.6945423,-73.99336251,"(40.6945423, -73.99336251)"
408466947,2/28/2009,23:30:00,3/1/2009,1:00:00,3/1/2009,124,KIDNAPPING & RELATED OFFENSES,183,"IMPRISONMENT 1,UNLAWFUL",COMPLETED,FELONY,N.Y. POLICE DEPT,BROOKLYN,66,,STREET,,,"986,078","168,925",40.63034466,-73.99341573,"(40.630344659, -73.993415727)"
771840324,3/16/2009,11:08:00,,,3/16/2009,124,KIDNAPPING & RELATED OFFENSES,185,KIDNAPPING 2,COMPLETED,FELONY,N.Y. POLICE DEPT,MANHATTAN,13,INSIDE,OTHER,,,"986,027","211,402",40.74693428,-73.99358827,"(40.746934278, -73.993588267)"
281607028,3/17/2008,7:00:00,3/17/2008,7:10:00,3/17/2008,124,KIDNAPPING & RELATED OFFENSES,185,KIDNAPPING 2,ATTEMPTED,FELONY,N.Y. POLICE DEPT,BROOKLYN,62,FRONT OF,STREET,,,"986,001","165,615",40.62125942,-73.99369399,"(40.621259416, -73.993693992)"
875965747,5/21/2008,20:00:00,5/21/2008,22:38:00,5/21/2008,124,KIDNAPPING & RELATED OFFENSES,183,"IMPRISONMENT 1,UNLAWFUL",COMPLETED,FELONY,N.Y. POLICE DEPT,BROOKLYN,66,INSIDE,RESIDENCE - APT. HOUSE,,,"985,995","174,307",40.64511712,-73.99371336,"(40.645117119, -73.993713359)"
360048007,4/4/2008,12:00:00,4/4/2008,14:00:00,4/4/2008,124,KIDNAPPING & RELATED OFFENSES,183,"IMPRISONMENT 1,UNLAWFUL",COMPLETED,FELONY,N.Y. POLICE DEPT,MANHATTAN,14,,RESIDENCE - APT. HOUSE,,,"985,970","215,012",40.75684283,-73.99379306,"(40.756842828, -73.993793057)"
707769241,4/6/2007,14:00:00,,,4/13/2007,124,KIDNAPPING & RELATED OFFENSES,183,"IMPRISONMENT 1,UNLAWFUL",COMPLETED,FELONY,N.Y. POLICE DEPT,BROOKLYN,76,INSIDE,SHOE,,,"985,913","190,166",40.68864657,-73.99400494,"(40.688646569, -73.994004936)"
141410599,1/11/2007,18:00:00,1/13/2007,23:00:00,1/14/2007,124,KIDNAPPING & RELATED OFFENSES,187,KIDNAPPING 1,COMPLETED,FELONY,N.Y. POLICE DEPT,MANHATTAN,5,FRONT OF,STREET,,,"985,905","199,063",40.71306676,-73.9940316,"(40.713066759, -73.994031597)"
928464852,10/5/2011,19:00:00,10/6/2011,15:00:00,10/9/2011,124,KIDNAPPING & RELATED OFFENSES,183,"IMPRISONMENT 1,UNLAWFUL",COMPLETED,FELONY,N.Y. POLICE DEPT,BROOKLYN,60,INSIDE,RESIDENCE - APT. HOUSE,,,"985,897","148,507",40.57430143,-73.99407279,"(40.574301425, -73.994072789)"
797141222,2/27/2011,1:46:00,2/27/2011,2:24:00,2/27/2011,124,KIDNAPPING & RELATED OFFENSES,183,"IMPRISONMENT 1,UNLAWFUL",COMPLETED,FELONY,N.Y. POLICE DEPT,BROOKLYN,60,INSIDE,RESIDENCE - APT. HOUSE,,,"985,897","148,507",40.57430143,-73.99407279,"(40.574301425, -73.994072789)"
559957373,2/23/2009,17:00:00,,,2/23/2009,124,KIDNAPPING & RELATED OFFENSES,193,CUSTODIAL INTERFERENCE 1,COMPLETED,FELONY,N.Y. POLICE DEPT,BROOKLYN,62,FRONT OF,RESIDENCE-HOUSE,,,"985,895","161,642",40.61035437,-73.99407679,"(40.610354372, -73.994076792)"
452397243,6/6/2006,16:45:00,6/6/2006,16:46:00,6/6/2006,124,KIDNAPPING & RELATED OFFENSES,187,KIDNAPPING 1,ATTEMPTED,FELONY,N.Y. POLICE DEPT,BROOKLYN,62,,TUNNEL,,,"985,834","166,105",40.6226044,-73.99429544,"(40.622604396, -73.994295444)"
334560319,7/21/2006,15:00:00,,,7/21/2006,124,KIDNAPPING & RELATED OFFENSES,193,CUSTODIAL INTERFERENCE 1,COMPLETED,FELONY,N.Y. POLICE DEPT,BROOKLYN,62,INSIDE,RESIDENCE-HOUSE,,,"985,829","159,041",40.60321517,-73.99431511,"(40.603215169, -73.994315106)"
300479818,5/25/2010,20:30:00,5/25/2010,22:15:00,5/26/2010,124,KIDNAPPING & RELATED OFFENSES,183,"IMPRISONMENT 1,UNLAWFUL",COMPLETED,FELONY,N.Y. POLICE DEPT,MANHATTAN,10,INSIDE,COMMERCIAL BUILDING,,,"985,821","211,959",40.74846314,-73.99433159,"(40.748463142, -73.994331589)"
999963628,3/30/2007,15:15:00,3/30/2007,16:40:00,3/30/2007,124,KIDNAPPING & RELATED OFFENSES,193,CUSTODIAL INTERFERENCE 1,COMPLETED,FELONY,N.Y. POLICE DEPT,MANHATTAN,14,INSIDE,COMMERCIAL BUILDING,,,"985,802","213,781",40.75346408,-73.99439974,"(40.753464076, -73.994399743)"
200909638,1/20/2007,10:00:00,1/20/2007,11:39:00,1/20/2007,124,KIDNAPPING & RELATED OFFENSES,193,CUSTODIAL INTERFERENCE 1,COMPLETED,FELONY,N.Y. POLICE DEPT,MANHATTAN,14,INSIDE,COMMERCIAL BUILDING,,,"985,802","213,781",40.75346408,-73.99439974,"(40.753464076, -73.994399743)"
278111963,12/2/2016,17:00:00,12/2/2016,20:00:00,12/2/2016,124,KIDNAPPING & RELATED OFFENSES,193,CUSTODIAL INTERFERENCE 1,COMPLETED,FELONY,N.Y. POLICE DEPT,MANHATTAN,14,INSIDE,PUBLIC BUILDING,,,"985,802","213,781",40.75346408,-73.99439974,"(40.753464076, -73.994399743)"
505955380,6/16/2016,1:00:00,,,9/6/2016,124,KIDNAPPING & RELATED OFFENSES,183,"IMPRISONMENT 1,UNLAWFUL",COMPLETED,FELONY,N.Y. POLICE DEPT,MANHATTAN,14,,STREET,,,"985,764","213,806",40.7535327,-73.99453689,"(40.753532701, -73.994536892)"
187752870,6/5/2007,23:30:00,6/6/2007,0:30:00,6/7/2007,124,KIDNAPPING & RELATED OFFENSES,183,"IMPRISONMENT 1,UNLAWFUL",COMPLETED,FELONY,N.Y. POLICE DEPT,MANHATTAN,6,INSIDE,RESIDENCE - APT. HOUSE,,,"985,561","206,596",40.73374308,-73.99527099,"(40.733743081, -73.995270994)"
919427411,1/15/2009,16:30:00,,,1/15/2009,124,KIDNAPPING & RELATED OFFENSES,183,"IMPRISONMENT 1,UNLAWFUL",COMPLETED,FELONY,N.Y. POLICE DEPT,MANHATTAN,5,INSIDE,RESIDENCE - APT. HOUSE,,,"985,503","201,345",40.71933037,-73.99548125,"(40.719330369, -73.995481251)"
196486073,9/16/2011,13:30:00,9/16/2011,13:45:00,9/18/2011,124,KIDNAPPING & RELATED OFFENSES,193,CUSTODIAL INTERFERENCE 1,COMPLETED,FELONY,N.Y. POLICE DEPT,BROOKLYN,72,INSIDE,RESIDENCE - APT. HOUSE,,,"985,450","180,054",40.66089147,-73.99567624,"(40.660891474, -73.995676238)"
669367185,7/26/2009,14:00:00,7/26/2009,14:15:00,7/26/2009,124,KIDNAPPING & RELATED OFFENSES,183,"IMPRISONMENT 1,UNLAWFUL",COMPLETED,FELONY,N.Y. POLICE DEPT,BROOKLYN,72,INSIDE,RESIDENCE - APT. HOUSE,,,"985,450","180,054",40.66089147,-73.99567624,"(40.660891474, -73.995676238)"
509325742,8/28/2010,16:00:00,8/28/2010,16:45:00,8/28/2010,124,KIDNAPPING & RELATED OFFENSES,187,KIDNAPPING 1,COMPLETED,FELONY,N.Y. POLICE DEPT,BROOKLYN,62,INSIDE,CLOTHING/BOUTIQUE,,,"985,448","158,984",40.60305878,-73.99568718,"(40.603058776, -73.995687183)"
191359199,1/7/2010,22:30:00,1/8/2010,17:51:00,1/8/2010,124,KIDNAPPING & RELATED OFFENSES,183,"IMPRISONMENT 1,UNLAWFUL",COMPLETED,FELONY,N.Y. POLICE DEPT,MANHATTAN,6,INSIDE,RESIDENCE - APT. HOUSE,,,"985,289","204,044",40.7267385,-73.99625284,"(40.726738501, -73.99625284)"
918148798,7/26/2012,16:30:00,7/26/2012,17:30:00,7/26/2012,124,KIDNAPPING & RELATED OFFENSES,193,CUSTODIAL INTERFERENCE 1,COMPLETED,FELONY,N.Y. POLICE DEPT,BROOKLYN,84,FRONT OF,STREET,,,"985,270","191,218",40.69153417,-73.99632333,"(40.691534166, -73.996323331)"
399326486,3/26/2011,14:00:00,,,3/27/2011,124,KIDNAPPING & RELATED OFFENSES,183,"IMPRISONMENT 1,UNLAWFUL",COMPLETED,FELONY,N.Y. POLICE DEPT,MANHATTAN,13,INSIDE,RESIDENCE - APT. HOUSE,,,"985,260","210,016",40.74313018,-73.99635657,"(40.743130175, -73.996356573)"
684032366,10/1/2010,18:00:00,,,10/1/2010,124,KIDNAPPING & RELATED OFFENSES,193,CUSTODIAL INTERFERENCE 1,COMPLETED,FELONY,N.Y. HOUSING POLICE,BROOKLYN,60,FRONT OF,RESIDENCE - PUBLIC HOUSING,,CONEY ISLAND,"985,222","147,952",40.57277816,-73.99650264,"(40.572778158, -73.996502643)"
639673428,6/7/2008,21:00:00,6/7/2008,22:45:00,6/8/2008,124,KIDNAPPING & RELATED OFFENSES,185,KIDNAPPING 2,COMPLETED,FELONY,N.Y. POLICE DEPT,BROOKLYN,60,REAR OF,PARK/PLAYGROUND,,,"985,222","147,952",40.57277816,-73.99650264,"(40.572778158, -73.996502643)"
460976946,10/3/2013,9:30:00,10/3/2013,10:50:00,10/3/2013,124,KIDNAPPING & RELATED OFFENSES,183,"IMPRISONMENT 1,UNLAWFUL",COMPLETED,FELONY,N.Y. POLICE DEPT,MANHATTAN,5,INSIDE,OTHER,,,"985,184","198,231",40.71078322,-73.99663247,"(40.710783222, -73.996632474)"
488887936,8/9/2007,10:30:00,,,8/9/2007,124,KIDNAPPING & RELATED OFFENSES,193,CUSTODIAL INTERFERENCE 1,COMPLETED,FELONY,N.Y. POLICE DEPT,BROOKLYN,60,FRONT OF,RESIDENCE - APT. HOUSE,,,"985,008","148,394",40.57399138,-73.9972729,"(40.573991382, -73.997272904)"
623538038,9/13/2009,14:55:00,9/13/2009,15:00:00,9/13/2009,124,KIDNAPPING & RELATED OFFENSES,193,CUSTODIAL INTERFERENCE 1,COMPLETED,FELONY,N.Y. POLICE DEPT,MANHATTAN,5,INSIDE,OTHER,,,"984,984","200,116",40.71595712,-73.99735368,"(40.715957117, -73.997353676)"
132696970,12/7/2010,19:00:00,,,1/4/2011,124,KIDNAPPING & RELATED OFFENSES,193,CUSTODIAL INTERFERENCE 1,COMPLETED,FELONY,N.Y. POLICE DEPT,MANHATTAN,5,INSIDE,RESIDENCE - APT. HOUSE,,,"984,961","200,624",40.71735146,-73.99743659,"(40.717351458, -73.997436592)"
296758016,4/23/2010,23:30:00,4/24/2010,6:45:00,4/24/2010,124,KIDNAPPING & RELATED OFFENSES,183,"IMPRISONMENT 1,UNLAWFUL",COMPLETED,FELONY,N.Y. POLICE DEPT,BROOKLYN,62,INSIDE,RESIDENCE - APT. HOUSE,,,"984,853","167,380",40.62610413,-73.99782916,"(40.626104125, -73.997829158)"
593234886,4/8/2013,19:48:00,4/8/2013,20:19:00,4/8/2013,124,KIDNAPPING & RELATED OFFENSES,183,"IMPRISONMENT 1,UNLAWFUL",COMPLETED,FELONY,N.Y. POLICE DEPT,MANHATTAN,10,INSIDE,FAST FOOD,,,"984,784","209,157",40.74077248,-73.99807442,"(40.740772475, -73.998074424)"
878137654,7/30/2010,14:00:00,7/30/2010,19:00:00,7/30/2010,124,KIDNAPPING & RELATED OFFENSES,193,CUSTODIAL INTERFERENCE 1,COMPLETED,FELONY,N.Y. POLICE DEPT,MANHATTAN,5,INSIDE,RESIDENCE - APT. HOUSE,,,"984,732","200,728",40.71763693,-73.99826268,"(40.717636928, -73.998262677)"
112524936,1/10/2012,15:30:00,,,3/14/2012,124,KIDNAPPING & RELATED OFFENSES,193,CUSTODIAL INTERFERENCE 1,COMPLETED,FELONY,N.Y. HOUSING POLICE,BROOKLYN,60,INSIDE,RESIDENCE - PUBLIC HOUSING,,,"984,688","150,503",40.5797802,-73.99842466,"(40.579780195, -73.998424655)"
566901778,2/4/2009,16:15:00,,,2/25/2009,124,KIDNAPPING & RELATED OFFENSES,183,"IMPRISONMENT 1,UNLAWFUL",COMPLETED,FELONY,N.Y. TRANSIT POLICE,MANHATTAN,10,,TRANSIT - NYC SUBWAY,,,"984,669","210,807",40.74530132,-73.99848932,"(40.74530132, -73.998489317)"
390932806,5/13/2016,14:30:00,5/23/2016,0:00:00,5/23/2016,124,KIDNAPPING & RELATED OFFENSES,193,CUSTODIAL INTERFERENCE 1,COMPLETED,FELONY,N.Y. POLICE DEPT,MANHATTAN,10,INSIDE,RESIDENCE - APT. HOUSE,,,"984,596","214,130",40.75442212,-73.9987526,"(40.754422122, -73.998752597)"
924641759,5/23/2009,21:30:00,5/24/2009,9:00:00,5/24/2009,124,KIDNAPPING & RELATED OFFENSES,187,KIDNAPPING 1,COMPLETED,FELONY,N.Y. POLICE DEPT,BROOKLYN,72,FRONT OF,STREET,,,"984,582","179,579",40.65958778,-73.99880483,"(40.65958778, -73.998804826)"
357395081,6/4/2007,22:10:00,6/4/2007,22:45:00,6/4/2007,124,KIDNAPPING & RELATED OFFENSES,183,"IMPRISONMENT 1,UNLAWFUL",COMPLETED,FELONY,N.Y. POLICE DEPT,MANHATTAN,5,OPPOSITE OF,STREET,,,"984,492","198,617",40.71184275,-73.99912853,"(40.711842747, -73.999128529)"
542097865,1/2/2014,1:00:00,1/2/2014,5:00:00,1/2/2014,124,KIDNAPPING & RELATED OFFENSES,183,"IMPRISONMENT 1,UNLAWFUL",COMPLETED,FELONY,N.Y. POLICE DEPT,BROOKLYN,62,INSIDE,RESIDENCE - APT. HOUSE,,,"984,489","159,242",40.60376701,-73.99914074,"(40.603767011, -73.999140741)"
245474135,5/20/2011,18:00:00,5/20/2011,18:30:00,5/20/2011,124,KIDNAPPING & RELATED OFFENSES,193,CUSTODIAL INTERFERENCE 1,COMPLETED,FELONY,N.Y. POLICE DEPT,BROOKLYN,60,,PARK/PLAYGROUND,,,"984,241","149,582",40.57725224,-74.00003384,"(40.577252242, -74.000033837)"
392716824,2/27/2009,20:10:00,2/27/2009,20:20:00,2/27/2009,124,KIDNAPPING & RELATED OFFENSES,185,KIDNAPPING 2,ATTEMPTED,FELONY,N.Y. POLICE DEPT,MANHATTAN,6,,STREET,,,"984,216","205,392",40.73043849,-74.00012412,"(40.730438493, -74.000124123)"
874785647,4/23/2007,8:00:00,,,6/7/2007,124,KIDNAPPING & RELATED OFFENSES,193,CUSTODIAL INTERFERENCE 1,COMPLETED,FELONY,N.Y. POLICE DEPT,BROOKLYN,76,INSIDE,RESIDENCE - APT. HOUSE,,,"984,202","189,287",40.68623407,-74.00017452,"(40.686234072, -74.000174519)"
318153680,1/8/2015,13:00:00,1/8/2015,14:00:00,1/8/2015,124,KIDNAPPING & RELATED OFFENSES,183,"IMPRISONMENT 1,UNLAWFUL",COMPLETED,FELONY,N.Y. POLICE DEPT,BROOKLYN,66,INSIDE,RESIDENCE - APT. HOUSE,,,"984,173","173,426",40.64269914,-74.0002789,"(40.642699135, -74.0002789)"
919881041,7/29/2014,23:00:00,7/29/2014,23:01:00,7/29/2014,124,KIDNAPPING & RELATED OFFENSES,193,CUSTODIAL INTERFERENCE 1,COMPLETED,FELONY,N.Y. HOUSING POLICE,BROOKLYN,60,INSIDE,RESIDENCE - PUBLIC HOUSING,,,"984,147","150,278",40.57916263,-74.00037223,"(40.579162625, -74.000372232)"
191663879,2/11/2012,10:00:00,,,4/21/2012,124,KIDNAPPING & RELATED OFFENSES,193,CUSTODIAL INTERFERENCE 1,COMPLETED,FELONY,N.Y. POLICE DEPT,BROOKLYN,60,INSIDE,RESIDENCE-HOUSE,,,"984,147","150,278",40.57916263,-74.00037223,"(40.579162625, -74.000372232)"
270251025,9/8/2006,19:30:00,,,9/8/2006,124,KIDNAPPING & RELATED OFFENSES,193,CUSTODIAL INTERFERENCE 1,COMPLETED,FELONY,N.Y. POLICE DEPT,BROOKLYN,60,INSIDE,RESIDENCE - APT. HOUSE,,,"984,147","150,278",40.57916263,-74.00037223,"(40.579162625, -74.000372232)"
479036416,9/29/2010,10:30:00,9/29/2010,12:40:00,9/29/2010,124,KIDNAPPING & RELATED OFFENSES,183,"IMPRISONMENT 1,UNLAWFUL",COMPLETED,FELONY,N.Y. POLICE DEPT,BROOKLYN,60,INSIDE,RESIDENCE - APT. HOUSE,,,"984,092","149,560",40.57719186,-74.00057021,"(40.577191856, -74.00057021)"
189894322,9/30/2014,1:00:00,9/30/2014,1:30:00,9/30/2014,124,KIDNAPPING & RELATED OFFENSES,183,"IMPRISONMENT 1,UNLAWFUL",COMPLETED,FELONY,N.Y. POLICE DEPT,MANHATTAN,10,INSIDE,RESIDENCE - APT. HOUSE,,,"984,083","208,822",40.739853,-74.00060409,"(40.739852998, -74.000604086)"
651143522,5/8/2011,22:00:00,5/9/2011,0:10:00,5/9/2011,124,KIDNAPPING & RELATED OFFENSES,183,"IMPRISONMENT 1,UNLAWFUL",COMPLETED,FELONY,N.Y. POLICE DEPT,BROOKLYN,62,FRONT OF,HIGHWAY/PARKWAY,,,"983,955","156,040",40.59497817,-74.00106367,"(40.594978166, -74.00106367)"
778799419,7/13/2013,15:50:00,7/13/2013,16:00:00,7/13/2013,124,KIDNAPPING & RELATED OFFENSES,183,"IMPRISONMENT 1,UNLAWFUL",COMPLETED,FELONY,N.Y. POLICE DEPT,MANHATTAN,10,INSIDE,RESIDENCE - APT. HOUSE,,,"983,910","211,837",40.74812842,-74.00122853,"(40.748128416, -74.001228528)"
922228823,2/7/2006,3:33:00,2/8/2006,7:30:00,2/8/2006,124,KIDNAPPING & RELATED OFFENSES,183,"IMPRISONMENT 1,UNLAWFUL",COMPLETED,FELONY,N.Y. HOUSING POLICE,MANHATTAN,10,FRONT OF,RESIDENCE - PUBLIC HOUSING,,,"983,910","211,837",40.74812842,-74.00122853,"(40.748128416, -74.001228528)"
265922223,3/19/2009,11:00:00,3/19/2009,12:50:00,3/19/2009,124,KIDNAPPING & RELATED OFFENSES,183,"IMPRISONMENT 1,UNLAWFUL",COMPLETED,FELONY,N.Y. POLICE DEPT,MANHATTAN,5,FRONT OF,OTHER,,,"983,896","200,723",40.71762321,-74.00127847,"(40.71762321, -74.001278469)"
818119552,4/17/2014,15:43:00,4/17/2014,15:48:00,4/17/2014,124,KIDNAPPING & RELATED OFFENSES,185,KIDNAPPING 2,ATTEMPTED,FELONY,N.Y. POLICE DEPT,MANHATTAN,10,FRONT OF,STREET,,,"983,878","209,379",40.74138182,-74.00134388,"(40.741381818, -74.001343882)"
574008438,2/5/2008,19:15:00,2/5/2008,19:20:00,2/5/2008,124,KIDNAPPING & RELATED OFFENSES,185,KIDNAPPING 2,ATTEMPTED,FELONY,N.Y. POLICE DEPT,BROOKLYN,62,,STREET,,,"983,874","161,845",40.61091171,-74.00135566,"(40.610911709, -74.001355657)"
587430900,9/17/2009,1:00:00,9/17/2009,2:00:00,9/17/2009,124,KIDNAPPING & RELATED OFFENSES,185,KIDNAPPING 2,COMPLETED,FELONY,N.Y. POLICE DEPT,MANHATTAN,10,,STREET,,,"983,728","212,824",40.75083747,-74.00188545,"(40.750837473, -74.001885454)"
348195790,6/10/2008,10:00:00,8/14/2008,16:41:00,8/14/2008,124,KIDNAPPING & RELATED OFFENSES,193,CUSTODIAL INTERFERENCE 1,COMPLETED,FELONY,N.Y. POLICE DEPT,MANHATTAN,1,INSIDE,OTHER,,,"983,672","197,651",40.70919129,-74.00208626,"(40.70919129, -74.002086263)"
421160773,4/22/2006,16:30:00,4/22/2006,17:59:00,4/22/2006,124,KIDNAPPING & RELATED OFFENSES,183,"IMPRISONMENT 1,UNLAWFUL",COMPLETED,FELONY,N.Y. POLICE DEPT,MANHATTAN,1,INSIDE,RESIDENCE - APT. HOUSE,,,"983,672","197,651",40.70919129,-74.00208626,"(40.70919129, -74.002086263)"
889841269,1/19/2005,14:00:00,,,8/1/2006,124,KIDNAPPING & RELATED OFFENSES,193,CUSTODIAL INTERFERENCE 1,COMPLETED,FELONY,N.Y. POLICE DEPT,MANHATTAN,5,INSIDE,COMMERCIAL BUILDING,,,"983,620","199,731",40.71490039,-74.00227402,"(40.714900392, -74.00227402)"
418770751,3/3/2008,9:30:00,3/5/2008,17:45:00,3/5/2008,124,KIDNAPPING & RELATED OFFENSES,193,CUSTODIAL INTERFERENCE 1,COMPLETED,FELONY,N.Y. POLICE DEPT,MANHATTAN,5,INSIDE,PUBLIC BUILDING,,,"983,607","200,301",40.71646491,-74.00232097,"(40.716464905, -74.002320969)"
447271891,10/2/2007,9:30:00,10/2/2007,13:50:00,10/2/2007,124,KIDNAPPING & RELATED OFFENSES,193,CUSTODIAL INTERFERENCE 1,COMPLETED,FELONY,N.Y. POLICE DEPT,MANHATTAN,5,INSIDE,PUBLIC BUILDING,,,"983,607","200,301",40.71646491,-74.00232097,"(40.716464905, -74.002320969)"
731768182,1/14/2010,8:30:00,1/14/2010,8:48:00,1/14/2010,124,KIDNAPPING & RELATED OFFENSES,183,"IMPRISONMENT 1,UNLAWFUL",COMPLETED,FELONY,N.Y. POLICE DEPT,BROOKLYN,60,INSIDE,RESIDENCE-HOUSE,,,"983,604","150,237",40.57905007,-74.00232699,"(40.579050065, -74.002326988)"
491987926,8/21/2014,4:55:00,8/21/2014,5:55:00,8/21/2014,124,KIDNAPPING & RELATED OFFENSES,183,"IMPRISONMENT 1,UNLAWFUL",COMPLETED,FELONY,N.Y. POLICE DEPT,MANHATTAN,10,,STREET,,,"983,604","212,598",40.75021715,-74.00233297,"(40.750217152, -74.002332974)"
716911184,6/20/2012,12:55:00,,,6/21/2012,124,KIDNAPPING & RELATED OFFENSES,183,"IMPRISONMENT 1,UNLAWFUL",COMPLETED,FELONY,N.Y. POLICE DEPT,BROOKLYN,72,INSIDE,HOTEL/MOTEL,,,"983,470","176,309",40.65061232,-74.00281239,"(40.650612315, -74.002812394)"
264718207,5/5/2013,8:00:00,5/5/2013,20:15:00,5/5/2013,124,KIDNAPPING & RELATED OFFENSES,185,KIDNAPPING 2,COMPLETED,FELONY,N.Y. POLICE DEPT,BROOKLYN,66,INSIDE,RESIDENCE - APT. HOUSE,,,"983,428","171,858",40.63839527,-74.00296321,"(40.638395272, -74.002963209)"
842950394,6/13/2008,13:30:00,,,1/21/2009,124,KIDNAPPING & RELATED OFFENSES,187,KIDNAPPING 1,COMPLETED,FELONY,N.Y. POLICE DEPT,MANHATTAN,5,,STREET,,,"983,410","199,983",40.71559205,-74.00303158,"(40.715592054, -74.003031576)"
357120947,10/3/2010,3:30:00,10/3/2010,11:03:00,10/3/2010,124,KIDNAPPING & RELATED OFFENSES,183,"IMPRISONMENT 1,UNLAWFUL",COMPLETED,FELONY,N.Y. POLICE DEPT,BROOKLYN,62,INSIDE,RESIDENCE - APT. HOUSE,,,"983,323","164,191",40.61735096,-74.00334048,"(40.617350956, -74.003340484)"
330713288,5/31/2009,3:00:00,,,5/31/2009,124,KIDNAPPING & RELATED OFFENSES,183,"IMPRISONMENT 1,UNLAWFUL",COMPLETED,FELONY,N.Y. POLICE DEPT,MANHATTAN,10,INSIDE,RESIDENCE - APT. HOUSE,,,"983,303","209,255",40.74104143,-74.00341886,"(40.741041426, -74.003418863)"
381372757,1/11/2012,17:45:00,1/11/2012,18:00:00,1/11/2012,124,KIDNAPPING & RELATED OFFENSES,193,CUSTODIAL INTERFERENCE 1,COMPLETED,FELONY,N.Y. POLICE DEPT,BROOKLYN,62,,STREET,,,"983,250","158,101",40.60063514,-74.00360253,"(40.600635144, -74.003602525)"
824093504,1/1/2006,0:01:00,6/30/2006,23:59:00,11/29/2006,124,KIDNAPPING & RELATED OFFENSES,183,"IMPRISONMENT 1,UNLAWFUL",COMPLETED,FELONY,N.Y. POLICE DEPT,MANHATTAN,1,FRONT OF,RESIDENCE - APT. HOUSE,,,"983,175","203,287",40.72466071,-74.00387982,"(40.724660714, -74.003879819)"
308643762,2/20/2011,18:30:00,2/20/2011,19:00:00,2/28/2011,124,KIDNAPPING & RELATED OFFENSES,193,CUSTODIAL INTERFERENCE 1,COMPLETED,FELONY,N.Y. POLICE DEPT,BROOKLYN,68,INSIDE,RESIDENCE-HOUSE,,,"983,085","168,285",40.62858811,-74.00419846,"(40.628588105, -74.004198463)"
258147121,12/23/2010,4:33:00,12/23/2010,4:50:00,12/23/2010,124,KIDNAPPING & RELATED OFFENSES,183,"IMPRISONMENT 1,UNLAWFUL",COMPLETED,FELONY,N.Y. POLICE DEPT,BROOKLYN,72,,STREET,,,"983,024","177,659",40.65431772,-74.00441993,"(40.654317721, -74.004419926)"
729705461,5/27/2015,4:30:00,5/27/2015,4:47:00,5/27/2015,124,KIDNAPPING & RELATED OFFENSES,183,"IMPRISONMENT 1,UNLAWFUL",COMPLETED,FELONY,N.Y. POLICE DEPT,BROOKLYN,68,INSIDE,RESIDENCE - APT. HOUSE,,,"982,864","166,750",40.62437482,-74.00499432,"(40.624374819, -74.004994321)"
118798029,6/11/2006,10:00:00,7/3/2006,16:00:00,7/3/2006,124,KIDNAPPING & RELATED OFFENSES,193,CUSTODIAL INTERFERENCE 1,COMPLETED,FELONY,POLICE DEPT NYC,BROOKLYN,72,INSIDE,RESIDENCE - APT. HOUSE,,,"982,861","176,792",40.65193797,-74.0050072,"(40.65193797, -74.005007196)"
385734846,4/10/2006,18:30:00,,,4/24/2006,124,KIDNAPPING & RELATED OFFENSES,183,"IMPRISONMENT 1,UNLAWFUL",COMPLETED,FELONY,N.Y. TRANSIT POLICE,MANHATTAN,1,,TRANSIT - NYC SUBWAY,,,"982,806","201,821",40.72063685,-74.00521078,"(40.720636846, -74.005210778)"
923936690,3/30/2015,8:51:00,,,3/30/2015,124,KIDNAPPING & RELATED OFFENSES,193,CUSTODIAL INTERFERENCE 1,COMPLETED,FELONY,N.Y. POLICE DEPT,MANHATTAN,6,INSIDE,RESIDENCE - APT. HOUSE,,,"982,682","205,540",40.73084458,-74.00565898,"(40.730844578, -74.005658984)"
722465502,8/19/2007,16:15:00,,,8/19/2007,124,KIDNAPPING & RELATED OFFENSES,185,KIDNAPPING 2,ATTEMPTED,FELONY,N.Y. POLICE DEPT,BROOKLYN,60,,,,,"982,554","150,613",40.58008197,-74.006107,"(40.580081972, -74.006107)"
707278976,2/4/2014,19:45:00,2/14/2014,22:00:00,2/28/2014,124,KIDNAPPING & RELATED OFFENSES,193,CUSTODIAL INTERFERENCE 1,COMPLETED,FELONY,N.Y. HOUSING POLICE,BROOKLYN,76,INSIDE,RESIDENCE - PUBLIC HOUSING,,RED HOOK WEST,"982,515","185,439",40.67567201,-74.00625636,"(40.675672013, -74.006256358)"
451125832,5/2/2008,16:00:00,5/2/2008,16:30:00,5/2/2008,124,KIDNAPPING & RELATED OFFENSES,193,CUSTODIAL INTERFERENCE 1,COMPLETED,FELONY,N.Y. POLICE DEPT,MANHATTAN,1,FRONT OF,STREET,,,"982,514","197,852",40.70974284,-74.00626316,"(40.709742835, -74.006263164)"
101866599,6/18/2014,19:40:00,6/18/2014,19:42:00,6/18/2014,124,KIDNAPPING & RELATED OFFENSES,185,KIDNAPPING 2,ATTEMPTED,FELONY,N.Y. POLICE DEPT,BROOKLYN,62,,STREET,,,"982,411","160,385",40.60690413,-74.00662446,"(40.606904126, -74.006624458)"
705903504,9/1/2011,17:35:00,9/1/2011,17:35:00,9/1/2011,124,KIDNAPPING & RELATED OFFENSES,183,"IMPRISONMENT 1,UNLAWFUL",ATTEMPTED,FELONY,N.Y. POLICE DEPT,BROOKLYN,72,,STREET,,,"982,357","175,530",40.64847396,-74.00682319,"(40.64847396, -74.006823186)"
120834344,11/29/2013,20:25:00,,,11/29/2013,124,KIDNAPPING & RELATED OFFENSES,183,"IMPRISONMENT 1,UNLAWFUL",COMPLETED,FELONY,N.Y. POLICE DEPT,BROOKLYN,72,INSIDE,RESIDENCE - APT. HOUSE,,,"982,339","174,880",40.64668985,-74.00688787,"(40.646689846, -74.006887868)"
107882616,10/7/2010,16:50:00,10/7/2010,17:00:00,10/7/2010,124,KIDNAPPING & RELATED OFFENSES,183,"IMPRISONMENT 1,UNLAWFUL",COMPLETED,FELONY,N.Y. POLICE DEPT,BROOKLYN,72,INSIDE,GROCERY/BODEGA,,,"982,276","175,428",40.64819397,-74.00711505,"(40.648193974, -74.007115053)"
590502577,7/12/2009,22:30:00,7/13/2009,0:40:00,7/13/2009,124,KIDNAPPING & RELATED OFFENSES,183,"IMPRISONMENT 1,UNLAWFUL",COMPLETED,FELONY,N.Y. POLICE DEPT,MANHATTAN,1,INSIDE,RESIDENCE - APT. HOUSE,,,"982,188","202,526",40.72257178,-74.00744047,"(40.722571778, -74.007440472)"
937863593,8/17/2014,0:05:00,8/17/2014,2:02:00,8/17/2014,124,KIDNAPPING & RELATED OFFENSES,183,"IMPRISONMENT 1,UNLAWFUL",COMPLETED,FELONY,N.Y. HOUSING POLICE,BROOKLYN,76,INSIDE,RESIDENCE - PUBLIC HOUSING,,RED HOOK WEST,"982,015","185,874",40.67686588,-74.00805907,"(40.676865878, -74.008059071)"
476008172,3/9/2007,23:30:00,3/10/2007,13:30:00,3/12/2007,124,KIDNAPPING & RELATED OFFENSES,183,"IMPRISONMENT 1,UNLAWFUL",COMPLETED,FELONY,N.Y. POLICE DEPT,BROOKLYN,68,INSIDE,RESIDENCE-HOUSE,,,"982,002","169,309",40.63139856,-74.00810041,"(40.63139856, -74.008100414)"
411812308,12/11/2008,11:30:00,12/11/2008,19:16:00,1/28/2009,124,KIDNAPPING & RELATED OFFENSES,185,KIDNAPPING 2,COMPLETED,FELONY,N.Y. POLICE DEPT,MANHATTAN,1,,STREET,,,"981,738","198,272",40.71089545,-74.00906234,"(40.71089545, -74.009062336)"
396371976,9/1/2007,18:00:00,9/1/2007,21:00:00,9/1/2007,124,KIDNAPPING & RELATED OFFENSES,193,CUSTODIAL INTERFERENCE 1,COMPLETED,FELONY,N.Y. POLICE DEPT,BROOKLYN,60,INSIDE,RESIDENCE - APT. HOUSE,,,"981,617","149,850",40.57798746,-74.00947988,"(40.577987458, -74.009479882)"
702377407,9/9/2006,0:01:00,9/9/2006,1:30:00,9/15/2006,124,KIDNAPPING & RELATED OFFENSES,185,KIDNAPPING 2,COMPLETED,FELONY,N.Y. POLICE DEPT,MANHATTAN,1,FRONT OF,STREET,,,"981,588","196,000",40.7046593,-74.00960249,"(40.704659302, -74.009602494)"
603951474,7/13/2014,22:55:00,7/13/2014,23:05:00,7/14/2014,124,KIDNAPPING & RELATED OFFENSES,185,KIDNAPPING 2,ATTEMPTED,FELONY,N.Y. POLICE DEPT,MANHATTAN,1,FRONT OF,STREET,,,"981,453","196,764",40.70675626,-74.01008972,"(40.70675626, -74.010089717)"
948498970,5/2/2010,17:50:00,5/2/2010,18:00:00,5/2/2010,124,KIDNAPPING & RELATED OFFENSES,183,"IMPRISONMENT 1,UNLAWFUL",COMPLETED,FELONY,N.Y. POLICE DEPT,MANHATTAN,1,FRONT OF,STREET,,,"981,443","201,751",40.72044439,-74.01012787,"(40.720444385, -74.010127865)"
263533080,5/26/2012,4:30:00,5/26/2012,4:40:00,5/26/2012,124,KIDNAPPING & RELATED OFFENSES,185,KIDNAPPING 2,COMPLETED,FELONY,N.Y. POLICE DEPT,BROOKLYN,72,,STREET,,,"981,301","176,700",40.65168507,-74.01062917,"(40.651685068, -74.01062917)"
597991485,8/10/2008,15:00:00,,,10/6/2008,124,KIDNAPPING & RELATED OFFENSES,193,CUSTODIAL INTERFERENCE 1,COMPLETED,FELONY,N.Y. POLICE DEPT,BROOKLYN,72,INSIDE,RESIDENCE - APT. HOUSE,,,"981,243","174,752",40.64633821,-74.01083732,"(40.646338209, -74.010837324)"
446034273,8/9/2006,9:30:00,,,8/9/2006,124,KIDNAPPING & RELATED OFFENSES,185,KIDNAPPING 2,COMPLETED,FELONY,N.Y. POLICE DEPT,BROOKLYN,72,,STREET,,,"980,986","171,289",40.63683293,-74.01176176,"(40.636832925, -74.011761761)"
980008375,6/30/2013,16:00:00,7/1/2013,12:30:00,7/1/2013,124,KIDNAPPING & RELATED OFFENSES,183,"IMPRISONMENT 1,UNLAWFUL",COMPLETED,FELONY,N.Y. POLICE DEPT,BROOKLYN,62,INSIDE,RESIDENCE-HOUSE,,,"980,959","162,040",40.61144634,-74.01185453,"(40.611446342, -74.011854532)"
611841320,1/11/2008,14:30:00,1/11/2008,14:30:00,1/11/2008,124,KIDNAPPING & RELATED OFFENSES,183,"IMPRISONMENT 1,UNLAWFUL",COMPLETED,FELONY,N.Y. POLICE DEPT,MANHATTAN,1,INSIDE,PUBLIC SCHOOL,,,"980,920","197,655",40.70920166,-74.01201259,"(40.70920166, -74.012012591)"
287572274,4/1/2011,15:00:00,,,4/1/2011,124,KIDNAPPING & RELATED OFFENSES,193,CUSTODIAL INTERFERENCE 1,COMPLETED,FELONY,N.Y. POLICE DEPT,MANHATTAN,1,,OTHER,,,"980,772","194,845",40.70148881,-74.01254497,"(40.701488814, -74.012544968)"
328971341,5/6/2013,15:00:00,5/20/2013,15:00:00,5/20/2013,124,KIDNAPPING & RELATED OFFENSES,183,"IMPRISONMENT 1,UNLAWFUL",COMPLETED,FELONY,N.Y. POLICE DEPT,BROOKLYN,72,INSIDE,RESIDENCE-HOUSE,,,"980,659","175,214",40.64760608,-74.01294205,"(40.647606082, -74.012942045)"
177171797,10/31/2008,1:00:00,10/31/2008,5:00:00,10/31/2008,124,KIDNAPPING & RELATED OFFENSES,183,"IMPRISONMENT 1,UNLAWFUL",COMPLETED,FELONY,N.Y. POLICE DEPT,BROOKLYN,72,INSIDE,RESIDENCE - APT. HOUSE,,,"980,499","175,009",40.64704334,-74.01351851,"(40.647043335, -74.01351851)"
351832876,1/25/2007,10:15:00,1/26/2007,1:00:00,1/29/2007,124,KIDNAPPING & RELATED OFFENSES,183,"IMPRISONMENT 1,UNLAWFUL",COMPLETED,FELONY,N.Y. POLICE DEPT,BROOKLYN,72,INSIDE,STREET,,,"980,336","172,980",40.6414741,-74.01410472,"(40.641474095, -74.014104718)"
172626095,12/22/2012,0:30:00,12/22/2012,11:00:00,12/22/2012,124,KIDNAPPING & RELATED OFFENSES,183,"IMPRISONMENT 1,UNLAWFUL",COMPLETED,FELONY,N.Y. POLICE DEPT,BROOKLYN,72,INSIDE,RESIDENCE - APT. HOUSE,,,"980,334","174,808",40.64649156,-74.01411299,"(40.646491562, -74.014112986)"
789350632,4/23/2010,21:30:00,4/23/2010,22:00:00,4/24/2010,124,KIDNAPPING & RELATED OFFENSES,183,"IMPRISONMENT 1,UNLAWFUL",COMPLETED,FELONY,N.Y. POLICE DEPT,BROOKLYN,72,INSIDE,RESIDENCE - APT. HOUSE,,,"979,964","171,256",40.63674191,-74.01544405,"(40.636741911, -74.015444046)"
110755970,7/26/2012,23:25:00,7/26/2012,23:35:00,7/27/2012,124,KIDNAPPING & RELATED OFFENSES,183,"IMPRISONMENT 1,UNLAWFUL",COMPLETED,FELONY,N.Y. POLICE DEPT,BROOKLYN,72,INSIDE,RESIDENCE - APT. HOUSE,,,"979,686","173,993",40.64425425,-74.01644754,"(40.644254252, -74.016447541)"
802888815,1/23/2009,15:53:00,1/23/2009,16:00:00,1/24/2009,124,KIDNAPPING & RELATED OFFENSES,183,"IMPRISONMENT 1,UNLAWFUL",ATTEMPTED,FELONY,N.Y. POLICE DEPT,BROOKLYN,72,INSIDE,STORAGE FACILITY,,,"979,577","171,396",40.63712599,-74.01683852,"(40.637125986, -74.016838516)"
258613399,4/25/2010,7:00:00,4/25/2010,8:05:00,4/25/2010,124,KIDNAPPING & RELATED OFFENSES,183,"IMPRISONMENT 1,UNLAWFUL",COMPLETED,FELONY,N.Y. POLICE DEPT,BROOKLYN,72,INSIDE,RESIDENCE - APT. HOUSE,,,"979,045","173,170",40.64199494,-74.01875671,"(40.64199494, -74.018756711)"
612157593,5/28/2011,15:00:00,6/2/2011,12:00:00,6/2/2011,124,KIDNAPPING & RELATED OFFENSES,183,"IMPRISONMENT 1,UNLAWFUL",COMPLETED,FELONY,N.Y. POLICE DEPT,BROOKLYN,72,OPPOSITE OF,RESIDENCE-HOUSE,,,"978,878","174,302",40.64510194,-74.01935937,"(40.645101937, -74.019359367)"
476635160,10/29/2007,18:10:00,10/29/2007,18:20:00,10/29/2007,124,KIDNAPPING & RELATED OFFENSES,193,CUSTODIAL INTERFERENCE 1,COMPLETED,FELONY,N.Y. POLICE DEPT,BROOKLYN,68,FRONT OF,RESIDENCE-HOUSE,,,"978,676","167,368",40.62606945,-74.02008154,"(40.626069454, -74.020081542)"
469425123,3/21/2012,18:26:00,,,3/21/2012,124,KIDNAPPING & RELATED OFFENSES,185,KIDNAPPING 2,ATTEMPTED,FELONY,N.Y. POLICE DEPT,BROOKLYN,68,,STREET,,,"977,966","168,616",40.62949448,-74.02264045,"(40.629494477, -74.022640448)"
916911361,5/21/2009,0:01:00,5/21/2009,6:00:00,5/21/2009,124,KIDNAPPING & RELATED OFFENSES,183,"IMPRISONMENT 1,UNLAWFUL",COMPLETED,FELONY,N.Y. POLICE DEPT,BROOKLYN,68,INSIDE,RESIDENCE-HOUSE,,,"977,631","168,881",40.6302216,-74.02384759,"(40.630221602, -74.023847593)"
555312204,7/17/2006,22:10:00,7/17/2006,22:35:00,7/17/2006,124,KIDNAPPING & RELATED OFFENSES,183,"IMPRISONMENT 1,UNLAWFUL",COMPLETED,FELONY,N.Y. POLICE DEPT,BROOKLYN,68,,STREET,,,"977,458","165,319",40.62044453,-74.02446727,"(40.620444527, -74.024467273)"
129128698,3/28/2010,18:45:00,3/28/2010,19:30:00,3/28/2010,124,KIDNAPPING & RELATED OFFENSES,183,"IMPRISONMENT 1,UNLAWFUL",COMPLETED,FELONY,N.Y. POLICE DEPT,BROOKLYN,68,INSIDE,HOTEL/MOTEL,,,"976,592","166,860",40.62467354,-74.02758849,"(40.624673544, -74.027588487)"
276565820,6/2/2010,12:00:00,,,6/16/2010,124,KIDNAPPING & RELATED OFFENSES,193,CUSTODIAL INTERFERENCE 1,COMPLETED,FELONY,N.Y. POLICE DEPT,BROOKLYN,68,INSIDE,RESIDENCE - APT. HOUSE,,,"976,515","166,615",40.624001,-74.02786559,"(40.624001004, -74.027865589)"
335483028,1/30/2015,8:00:00,1/30/2015,9:25:00,1/30/2015,124,KIDNAPPING & RELATED OFFENSES,183,"IMPRISONMENT 1,UNLAWFUL",COMPLETED,FELONY,N.Y. POLICE DEPT,BROOKLYN,68,INSIDE,RESIDENCE-HOUSE,,,"976,185","166,867",40.6246924,-74.02905467,"(40.624692396, -74.029054665)"
477178198,1/21/2016,4:00:00,1/21/2016,5:25:00,1/21/2016,124,KIDNAPPING & RELATED OFFENSES,183,"IMPRISONMENT 1,UNLAWFUL",COMPLETED,FELONY,N.Y. POLICE DEPT,BROOKLYN,68,INSIDE,RESIDENCE - APT. HOUSE,,,"975,981","163,109",40.61437728,-74.02978495,"(40.614377278, -74.029784947)"
389557825,6/11/2007,0:45:00,6/11/2007,1:15:00,6/11/2007,124,KIDNAPPING & RELATED OFFENSES,183,"IMPRISONMENT 1,UNLAWFUL",COMPLETED,FELONY,N.Y. POLICE DEPT,BROOKLYN,68,INSIDE,RESIDENCE - APT. HOUSE,,,"975,090","164,698",40.61873788,-74.03299633,"(40.618737879, -74.032996331)"
261750600,8/31/2014,18:00:00,8/31/2014,21:00:00,9/28/2014,124,KIDNAPPING & RELATED OFFENSES,183,"IMPRISONMENT 1,UNLAWFUL",COMPLETED,FELONY,N.Y. POLICE DEPT,BROOKLYN,68,INSIDE,RESIDENCE - APT. HOUSE,,,"974,960","171,172",40.63650751,-74.03347351,"(40.636507513, -74.033473511)"
718798093,7/8/2007,12:00:00,7/8/2007,16:00:00,7/9/2007,124,KIDNAPPING & RELATED OFFENSES,183,"IMPRISONMENT 1,UNLAWFUL",COMPLETED,FELONY,N.Y. POLICE DEPT,STATEN ISLAND,120,INSIDE,RESIDENCE-HOUSE,,,"966,865","162,687",40.61320578,-74.06261811,"(40.613205778, -74.062618107)"
853168995,10/4/2007,16:50:00,,,10/4/2007,124,KIDNAPPING & RELATED OFFENSES,183,"IMPRISONMENT 1,UNLAWFUL",COMPLETED,FELONY,N.Y. POLICE DEPT,STATEN ISLAND,122,INSIDE,RESIDENCE - APT. HOUSE,,,"965,909","156,522",40.59628218,-74.06604465,"(40.596282184, -74.06604465)"
499876617,6/19/2006,9:45:00,6/19/2006,9:50:00,6/19/2006,124,KIDNAPPING & RELATED OFFENSES,185,KIDNAPPING 2,ATTEMPTED,FELONY,N.Y. POLICE DEPT,STATEN ISLAND,120,,STREET,,,"965,570","163,579",40.6156515,-74.06728486,"(40.615651498, -74.067284857)"
305031257,12/16/2013,0:10:00,,,12/16/2013,124,KIDNAPPING & RELATED OFFENSES,183,"IMPRISONMENT 1,UNLAWFUL",COMPLETED,FELONY,N.Y. POLICE DEPT,STATEN ISLAND,122,INSIDE,RESIDENCE-HOUSE,,,"965,438","154,859",40.5917166,-74.06773602,"(40.591716597, -74.06773602)"
821002646,4/24/2012,18:00:00,4/24/2012,18:30:00,4/25/2012,124,KIDNAPPING & RELATED OFFENSES,183,"IMPRISONMENT 1,UNLAWFUL",COMPLETED,FELONY,N.Y. POLICE DEPT,STATEN ISLAND,122,INSIDE,RESIDENCE-HOUSE,,,"964,742","158,372",40.60135757,-74.07025218,"(40.601357567, -74.070252184)"
414499083,3/5/2007,15:45:00,,,3/5/2007,124,KIDNAPPING & RELATED OFFENSES,185,KIDNAPPING 2,COMPLETED,FELONY,N.Y. POLICE DEPT,STATEN ISLAND,120,,STREET,,,"964,333","165,699",40.62146776,-74.07174666,"(40.621467762, -74.071746655)"
630798671,3/27/2008,10:00:00,,,3/29/2008,124,KIDNAPPING & RELATED OFFENSES,193,CUSTODIAL INTERFERENCE 1,COMPLETED,FELONY,N.Y. POLICE DEPT,STATEN ISLAND,120,INSIDE,RESIDENCE-HOUSE,,,"964,133","161,035",40.6086656,-74.0724532,"(40.608665597, -74.0724532)"
440906574,4/6/2010,19:58:00,,,4/6/2010,124,KIDNAPPING & RELATED OFFENSES,185,KIDNAPPING 2,COMPLETED,FELONY,N.Y. POLICE DEPT,STATEN ISLAND,120,,STREET,,,"963,722","163,724",40.6160454,-74.0739416,"(40.616045404, -74.073941599)"
520094250,7/3/2010,21:05:00,,,8/6/2010,124,KIDNAPPING & RELATED OFFENSES,193,CUSTODIAL INTERFERENCE 1,COMPLETED,FELONY,N.Y. POLICE DEPT,STATEN ISLAND,120,,STREET,,,"963,338","173,196",40.64204314,-74.07535408,"(40.642043144, -74.075354084)"
959217994,8/2/2008,14:00:00,,,8/2/2008,124,KIDNAPPING & RELATED OFFENSES,193,CUSTODIAL INTERFERENCE 1,COMPLETED,FELONY,N.Y. POLICE DEPT,STATEN ISLAND,120,INSIDE,RESIDENCE-HOUSE,,,"963,206","164,737",40.61882467,-74.07580334,"(40.618824667, -74.075803344)"
496696311,8/24/2013,22:00:00,,,8/24/2013,124,KIDNAPPING & RELATED OFFENSES,193,CUSTODIAL INTERFERENCE 1,COMPLETED,FELONY,N.Y. POLICE DEPT,STATEN ISLAND,120,INSIDE,RESIDENCE - APT. HOUSE,,,"963,011","163,993",40.61678208,-74.07650341,"(40.616782077, -74.076503406)"
289602123,1/19/2013,12:00:00,1/19/2013,12:05:00,1/19/2013,124,KIDNAPPING & RELATED OFFENSES,193,CUSTODIAL INTERFERENCE 1,COMPLETED,FELONY,N.Y. POLICE DEPT,STATEN ISLAND,120,INSIDE,RESIDENCE - APT. HOUSE,,,"962,824","174,279",40.64501452,-74.07720963,"(40.645014517, -74.07720963)"
582380418,8/9/2007,14:00:00,8/9/2007,18:10:00,8/13/2007,124,KIDNAPPING & RELATED OFFENSES,193,CUSTODIAL INTERFERENCE 1,COMPLETED,FELONY,N.Y. POLICE DEPT,STATEN ISLAND,120,INSIDE,PUBLIC BUILDING,,,"962,824","174,279",40.64501452,-74.07720963,"(40.645014517, -74.07720963)"
519161260,9/22/2006,13:00:00,,,9/23/2006,124,KIDNAPPING & RELATED OFFENSES,193,CUSTODIAL INTERFERENCE 1,COMPLETED,FELONY,N.Y. POLICE DEPT,STATEN ISLAND,120,INSIDE,RESIDENCE-HOUSE,,,"962,824","174,279",40.64501452,-74.07720963,"(40.645014517, -74.07720963)"
684832402,11/30/2009,15:00:00,3/7/2010,17:00:00,3/7/2010,124,KIDNAPPING & RELATED OFFENSES,183,"IMPRISONMENT 1,UNLAWFUL",COMPLETED,FELONY,N.Y. HOUSING POLICE,STATEN ISLAND,120,INSIDE,RESIDENCE - PUBLIC HOUSING,,STAPLETON,"962,020","165,682",40.6214156,-74.08007851,"(40.621415599, -74.080078505)"
917156133,7/17/2010,4:51:00,,,7/19/2010,124,KIDNAPPING & RELATED OFFENSES,183,"IMPRISONMENT 1,UNLAWFUL",COMPLETED,FELONY,N.Y. POLICE DEPT,STATEN ISLAND,120,INSIDE,RESIDENCE - APT. HOUSE,,,"961,580","163,524",40.61549122,-74.08165623,"(40.615491223, -74.08165623)"
823718068,5/6/2008,19:09:00,5/6/2008,20:25:00,5/6/2008,124,KIDNAPPING & RELATED OFFENSES,183,"IMPRISONMENT 1,UNLAWFUL",COMPLETED,FELONY,N.Y. HOUSING POLICE,STATEN ISLAND,120,INSIDE,RESIDENCE - PUBLIC HOUSING,,STAPLETON,"961,493","166,569",40.62384889,-74.08197986,"(40.623848889, -74.081979859)"
514751301,4/12/2016,20:20:00,4/12/2016,20:40:00,4/12/2016,124,KIDNAPPING & RELATED OFFENSES,183,"IMPRISONMENT 1,UNLAWFUL",COMPLETED,FELONY,N.Y. POLICE DEPT,STATEN ISLAND,120,INSIDE,RESIDENCE - APT. HOUSE,,,"961,172","162,476",40.61261363,-74.08312222,"(40.612613627, -74.083122217)"
399945191,4/27/2012,16:05:00,4/27/2012,19:30:00,4/27/2012,124,KIDNAPPING & RELATED OFFENSES,193,CUSTODIAL INTERFERENCE 1,COMPLETED,FELONY,N.Y. POLICE DEPT,STATEN ISLAND,120,INSIDE,RESIDENCE-HOUSE,,,"961,176","171,860",40.63837074,-74.08313989,"(40.638370743, -74.08313989)"
371218895,7/20/2006,13:00:00,7/20/2006,13:15:00,7/20/2006,124,KIDNAPPING & RELATED OFFENSES,185,KIDNAPPING 2,ATTEMPTED,FELONY,N.Y. POLICE DEPT,STATEN ISLAND,120,OPPOSITE OF,STREET,,,"961,147","172,110",40.63905686,-74.08324524,"(40.639056863, -74.083245237)"
400701208,7/20/2011,14:30:00,,,7/20/2011,124,KIDNAPPING & RELATED OFFENSES,183,"IMPRISONMENT 1,UNLAWFUL",COMPLETED,FELONY,N.Y. POLICE DEPT,STATEN ISLAND,122,INSIDE,RESIDENCE-HOUSE,,,"960,998","158,823",40.60258644,-74.08373634,"(40.602586437, -74.083736341)"
784791498,8/18/2007,2:00:00,8/18/2007,6:00:00,8/18/2007,124,KIDNAPPING & RELATED OFFENSES,183,"IMPRISONMENT 1,UNLAWFUL",COMPLETED,FELONY,N.Y. POLICE DEPT,STATEN ISLAND,120,INSIDE,RESIDENCE - APT. HOUSE,,,"960,348","171,964",40.638654,-74.08612364,"(40.638654004, -74.086123642)"
581883578,2/4/2012,3:00:00,2/4/2012,5:45:00,2/4/2012,124,KIDNAPPING & RELATED OFFENSES,185,KIDNAPPING 2,COMPLETED,FELONY,N.Y. POLICE DEPT,STATEN ISLAND,120,,STREET,,,"959,571","174,886",40.64667213,-74.08893397,"(40.646672133, -74.088933967)"
623891121,9/19/2015,0:40:00,9/19/2015,0:50:00,9/19/2015,124,KIDNAPPING & RELATED OFFENSES,183,"IMPRISONMENT 1,UNLAWFUL",COMPLETED,FELONY,N.Y. POLICE DEPT,STATEN ISLAND,120,INSIDE,RESIDENCE - APT. HOUSE,,,"959,458","170,729",40.63526175,-74.08932589,"(40.635261747, -74.089325894)"
330385768,12/5/2008,23:30:00,12/5/2008,23:40:00,12/6/2008,124,KIDNAPPING & RELATED OFFENSES,183,"IMPRISONMENT 1,UNLAWFUL",COMPLETED,FELONY,N.Y. POLICE DEPT,STATEN ISLAND,120,INSIDE,RESIDENCE - APT. HOUSE,,,"959,049","170,584",40.6348626,-74.09079896,"(40.634862599, -74.090798961)"
876020244,5/15/2010,12:00:00,6/7/2010,0:01:00,6/14/2010,124,KIDNAPPING & RELATED OFFENSES,185,KIDNAPPING 2,COMPLETED,FELONY,N.Y. POLICE DEPT,STATEN ISLAND,120,INSIDE,RESIDENCE - APT. HOUSE,,,"958,691","174,241",40.64489925,-74.09210266,"(40.644899252, -74.092102664)"
606283729,5/19/2014,17:30:00,5/19/2014,22:30:00,5/19/2014,124,KIDNAPPING & RELATED OFFENSES,183,"IMPRISONMENT 1,UNLAWFUL",COMPLETED,FELONY,N.Y. POLICE DEPT,STATEN ISLAND,122,FRONT OF,STREET,,,"958,034","153,694",40.5885001,-74.09439036,"(40.588500098, -74.09439036)"
697505809,4/1/2008,18:00:00,,,11/21/2008,124,KIDNAPPING & RELATED OFFENSES,193,CUSTODIAL INTERFERENCE 1,COMPLETED,FELONY,N.Y. POLICE DEPT,STATEN ISLAND,122,INSIDE,RESIDENCE-HOUSE,,,"957,639","151,041",40.58121697,-74.09580208,"(40.581216966, -74.095802082)"
138481000,8/31/2015,6:00:00,8/31/2015,6:40:00,9/1/2015,124,KIDNAPPING & RELATED OFFENSES,183,"IMPRISONMENT 1,UNLAWFUL",COMPLETED,FELONY,N.Y. POLICE DEPT,STATEN ISLAND,122,,STREET,,,"957,182","161,626",40.61026926,-74.09748971,"(40.610269262, -74.09748971)"
572847546,8/30/2006,8:45:00,,,8/30/2006,124,KIDNAPPING & RELATED OFFENSES,183,"IMPRISONMENT 1,UNLAWFUL",COMPLETED,FELONY,N.Y. POLICE DEPT,STATEN ISLAND,122,FRONT OF,STREET,,,"957,155","149,296",40.57642582,-74.09753751,"(40.576425821, -74.097537505)"
851467520,6/11/2008,18:20:00,6/11/2008,18:46:00,6/11/2008,124,KIDNAPPING & RELATED OFFENSES,183,"IMPRISONMENT 1,UNLAWFUL",COMPLETED,FELONY,N.Y. POLICE DEPT,STATEN ISLAND,120,INSIDE,RESIDENCE-HOUSE,,,"956,987","163,685",40.61592019,-74.09820034,"(40.615920192, -74.098200336)"
493451098,9/27/2008,19:00:00,9/28/2008,0:37:00,9/28/2008,124,KIDNAPPING & RELATED OFFENSES,193,CUSTODIAL INTERFERENCE 1,COMPLETED,FELONY,N.Y. POLICE DEPT,STATEN ISLAND,122,FRONT OF,RESIDENCE-HOUSE,,,"956,882","161,468",40.60983466,-74.09856955,"(40.609834663, -74.098569551)"
130344976,10/26/2016,14:00:00,,,10/28/2016,124,KIDNAPPING & RELATED OFFENSES,193,CUSTODIAL INTERFERENCE 1,COMPLETED,FELONY,N.Y. POLICE DEPT,STATEN ISLAND,122,INSIDE,RESIDENCE-HOUSE,,,"956,450","144,575",40.56346542,-74.10005594,"(40.563465419, -74.100055936)"
300997511,12/18/2014,15:30:00,12/18/2014,15:45:00,12/19/2014,124,KIDNAPPING & RELATED OFFENSES,183,"IMPRISONMENT 1,UNLAWFUL",COMPLETED,FELONY,N.Y. POLICE DEPT,STATEN ISLAND,120,INSIDE,RESIDENCE-HOUSE,,,"956,425","163,618",40.61573454,-74.10022433,"(40.615734543, -74.100224333)"
164727448,11/25/2012,16:00:00,11/26/2012,12:00:00,11/26/2012,124,KIDNAPPING & RELATED OFFENSES,193,CUSTODIAL INTERFERENCE 1,COMPLETED,FELONY,N.Y. HOUSING POLICE,STATEN ISLAND,122,INSIDE,RESIDENCE - PUBLIC HOUSING,,BERRY,"955,640","153,482",40.5879108,-74.10300889,"(40.587910796, -74.103008888)"
629000669,4/18/2016,20:42:00,4/18/2016,21:17:00,4/19/2016,124,KIDNAPPING & RELATED OFFENSES,183,"IMPRISONMENT 1,UNLAWFUL",COMPLETED,FELONY,N.Y. POLICE DEPT,STATEN ISLAND,122,,STREET,,,"954,827","148,519",40.57428569,-74.10591441,"(40.574285688, -74.105914405)"
998147589,6/20/2010,13:00:00,6/20/2010,15:20:00,6/20/2010,124,KIDNAPPING & RELATED OFFENSES,193,CUSTODIAL INTERFERENCE 1,COMPLETED,FELONY,N.Y. POLICE DEPT,STATEN ISLAND,122,INSIDE,RESIDENCE - APT. HOUSE,,,"953,155","145,282",40.56539505,-74.11191815,"(40.565395053, -74.111918153)"
227150688,1/16/2010,8:40:00,,,1/16/2010,124,KIDNAPPING & RELATED OFFENSES,183,"IMPRISONMENT 1,UNLAWFUL",COMPLETED,FELONY,N.Y. POLICE DEPT,STATEN ISLAND,122,,STREET,,,"952,643","145,687",40.56650489,-74.11376283,"(40.566504888, -74.113762828)"
665882414,5/6/2011,12:15:00,5/6/2011,12:30:00,5/6/2011,124,KIDNAPPING & RELATED OFFENSES,183,"IMPRISONMENT 1,UNLAWFUL",COMPLETED,FELONY,N.Y. HOUSING POLICE,STATEN ISLAND,120,OPPOSITE OF,RESIDENCE - PUBLIC HOUSING,,WEST BRIGHTON I,"951,637","171,142",40.63637,-74.11750657,"(40.636369999, -74.11750657)"
401501612,8/8/2006,12:45:00,8/8/2006,12:50:00,8/9/2006,124,KIDNAPPING & RELATED OFFENSES,193,CUSTODIAL INTERFERENCE 1,COMPLETED,FELONY,N.Y. HOUSING POLICE,STATEN ISLAND,120,FRONT OF,RESIDENCE - PUBLIC HOUSING,,WEST BRIGHTON I,"951,457","170,458",40.6344919,-74.11815179,"(40.634491901, -74.118151787)"
585860860,6/27/2006,7:30:00,6/27/2006,10:50:00,6/27/2006,124,KIDNAPPING & RELATED OFFENSES,183,"IMPRISONMENT 1,UNLAWFUL",COMPLETED,FELONY,N.Y. HOUSING POLICE,STATEN ISLAND,122,INSIDE,RESIDENCE - PUBLIC HOUSING,,TODT HILL,"950,640","160,663",40.60760363,-74.1210466,"(40.607603626, -74.121046597)"
979870581,1/2/2011,12:00:00,1/2/2011,13:00:00,1/13/2011,124,KIDNAPPING & RELATED OFFENSES,183,"IMPRISONMENT 1,UNLAWFUL",COMPLETED,FELONY,N.Y. POLICE DEPT,STATEN ISLAND,120,FRONT OF,RESIDENCE-HOUSE,,,"950,648","169,614",40.63217227,-74.12106234,"(40.63217227, -74.121062338)"
344750637,10/1/2008,13:00:00,10/1/2008,13:15:00,10/1/2008,124,KIDNAPPING & RELATED OFFENSES,183,"IMPRISONMENT 1,UNLAWFUL",COMPLETED,FELONY,N.Y. POLICE DEPT,STATEN ISLAND,120,,CONSTRUCTION SITE,,,"949,956","171,696",40.63788426,-74.12356605,"(40.637884261, -74.123566045)"
361373182,6/25/2010,19:15:00,6/25/2010,20:20:00,6/25/2010,124,KIDNAPPING & RELATED OFFENSES,183,"IMPRISONMENT 1,UNLAWFUL",COMPLETED,FELONY,N.Y. POLICE DEPT,STATEN ISLAND,122,,STREET,,,"948,710","159,398",40.60412393,-74.12799075,"(40.604123933, -74.127990753)"
201841185,5/4/2008,22:20:00,,,5/4/2008,124,KIDNAPPING & RELATED OFFENSES,193,CUSTODIAL INTERFERENCE 1,COMPLETED,FELONY,N.Y. POLICE DEPT,STATEN ISLAND,120,FRONT OF,RESIDENCE-HOUSE,,,"948,098","168,920",40.63025735,-74.13024572,"(40.630257348, -74.130245717)"
437058543,4/6/2014,17:00:00,4/6/2014,22:00:00,4/6/2014,124,KIDNAPPING & RELATED OFFENSES,183,"IMPRISONMENT 1,UNLAWFUL",COMPLETED,FELONY,N.Y. POLICE DEPT,STATEN ISLAND,121,INSIDE,RESIDENCE - APT. HOUSE,,,"947,507","169,511",40.63187709,-74.13237812,"(40.631877085, -74.132378119)"
933659195,2/3/2014,19:10:00,2/3/2014,21:01:00,2/3/2014,124,KIDNAPPING & RELATED OFFENSES,183,"IMPRISONMENT 1,UNLAWFUL",COMPLETED,FELONY,N.Y. POLICE DEPT,STATEN ISLAND,121,INSIDE,RESIDENCE-HOUSE,,,"947,302","160,144",40.60616579,-74.13306542,"(40.606165789, -74.133065421)"
487515686,7/13/2007,16:15:00,,,7/13/2007,124,KIDNAPPING & RELATED OFFENSES,185,KIDNAPPING 2,COMPLETED,FELONY,N.Y. POLICE DEPT,STATEN ISLAND,120,FRONT OF,STREET,,,"946,532","170,393",40.63429389,-74.13589575,"(40.634293888, -74.135895747)"
766724215,7/26/2013,12:00:00,,,7/26/2013,124,KIDNAPPING & RELATED OFFENSES,193,CUSTODIAL INTERFERENCE 1,COMPLETED,FELONY,N.Y. POLICE DEPT,STATEN ISLAND,121,INSIDE,RESIDENCE - APT. HOUSE,,,"946,116","169,752",40.6325327,-74.13739093,"(40.632532699, -74.137390929)"
465080912,9/2/2013,20:00:00,9/2/2013,20:05:00,9/2/2013,124,KIDNAPPING & RELATED OFFENSES,185,KIDNAPPING 2,ATTEMPTED,FELONY,N.Y. POLICE DEPT,STATEN ISLAND,121,FRONT OF,RESIDENCE-HOUSE,,,"946,043","169,939",40.63304566,-74.13765499,"(40.63304566, -74.137654993)"
338331236,10/11/2008,19:00:00,,,10/14/2008,124,KIDNAPPING & RELATED OFFENSES,193,CUSTODIAL INTERFERENCE 1,COMPLETED,FELONY,N.Y. POLICE DEPT,STATEN ISLAND,120,INSIDE,RESIDENCE - APT. HOUSE,,,"945,672","170,666",40.63503951,-74.1389958,"(40.63503951, -74.138995799)"
500130652,7/13/2003,17:00:00,10/26/2008,17:00:00,11/28/2008,124,KIDNAPPING & RELATED OFFENSES,183,"IMPRISONMENT 1,UNLAWFUL",COMPLETED,FELONY,N.Y. POLICE DEPT,STATEN ISLAND,120,INSIDE,RESIDENCE-HOUSE,,,"945,658","162,415",40.61239221,-74.13899907,"(40.612392205, -74.138999067)"
752359677,7/26/2007,16:00:00,,,7/26/2007,124,KIDNAPPING & RELATED OFFENSES,193,CUSTODIAL INTERFERENCE 1,COMPLETED,FELONY,N.Y. POLICE DEPT,STATEN ISLAND,120,FRONT OF,RESIDENCE-HOUSE,,,"945,421","171,502",40.63733305,-74.13990495,"(40.637333052, -74.139904947)"
686978882,4/18/2006,10:00:00,,,4/18/2006,124,KIDNAPPING & RELATED OFFENSES,193,CUSTODIAL INTERFERENCE 1,COMPLETED,FELONY,N.Y. POLICE DEPT,STATEN ISLAND,120,INSIDE,RESIDENCE-HOUSE,,,"944,165","163,526",40.61543504,-74.14438302,"(40.615435038, -74.144383023)"
966396631,11/5/2010,19:30:00,11/6/2010,5:00:00,11/6/2010,124,KIDNAPPING & RELATED OFFENSES,193,CUSTODIAL INTERFERENCE 1,COMPLETED,FELONY,N.Y. POLICE DEPT,STATEN ISLAND,120,FRONT OF,RESIDENCE - APT. HOUSE,,,"943,826","166,160",40.62266327,-74.14561983,"(40.622663272, -74.145619831)"
629736993,8/27/2009,21:15:00,,,8/27/2009,124,KIDNAPPING & RELATED OFFENSES,183,"IMPRISONMENT 1,UNLAWFUL",COMPLETED,FELONY,N.Y. POLICE DEPT,STATEN ISLAND,122,REAR OF,RESIDENCE-HOUSE,,,"942,909","139,075",40.5483162,-74.14875742,"(40.548316198, -74.148757421)"
269411292,8/6/2011,14:29:00,,,8/6/2011,124,KIDNAPPING & RELATED OFFENSES,193,CUSTODIAL INTERFERENCE 1,COMPLETED,FELONY,N.Y. POLICE DEPT,STATEN ISLAND,120,INSIDE,RESIDENCE-HOUSE,,,"942,860","169,157",40.63088494,-74.149118,"(40.630884936, -74.149118002)"
236349250,4/25/2014,4:00:00,4/25/2014,7:00:00,4/26/2014,124,KIDNAPPING & RELATED OFFENSES,183,"IMPRISONMENT 1,UNLAWFUL",COMPLETED,FELONY,N.Y. POLICE DEPT,STATEN ISLAND,122,INSIDE,RESIDENCE-HOUSE,,,"942,671","135,854",40.53947406,-74.14959401,"(40.539474059, -74.149594013)"
280510871,7/2/2008,23:59:00,,,7/3/2008,124,KIDNAPPING & RELATED OFFENSES,183,"IMPRISONMENT 1,UNLAWFUL",COMPLETED,FELONY,N.Y. POLICE DEPT,STATEN ISLAND,122,FRONT OF,RESIDENCE-HOUSE,,,"940,042","162,447",40.6124538,-74.1592265,"(40.612453797, -74.159226501)"
501940997,10/26/2015,14:00:00,12/23/2015,12:00:00,4/20/2016,124,KIDNAPPING & RELATED OFFENSES,183,"IMPRISONMENT 1,UNLAWFUL",COMPLETED,FELONY,N.Y. POLICE DEPT,STATEN ISLAND,123,INSIDE,RESIDENCE-HOUSE,,,"939,149","134,652",40.53615759,-74.1622574,"(40.536157592, -74.162257397)"
861373749,6/9/2010,13:15:00,6/9/2010,13:25:00,6/9/2010,124,KIDNAPPING & RELATED OFFENSES,183,"IMPRISONMENT 1,UNLAWFUL",COMPLETED,FELONY,N.Y. POLICE DEPT,STATEN ISLAND,122,,STREET,,,"939,161","156,969",40.59741339,-74.16236304,"(40.597413389, -74.162363043)"
390112503,2/15/2011,15:00:00,2/16/2011,0:40:00,2/16/2011,124,KIDNAPPING & RELATED OFFENSES,185,KIDNAPPING 2,COMPLETED,FELONY,N.Y. POLICE DEPT,STATEN ISLAND,120,INSIDE,RESIDENCE-HOUSE,,,"938,863","171,639",40.63767791,-74.16353473,"(40.63767791, -74.163534734)"
802555403,8/17/2007,7:00:00,,,9/13/2007,124,KIDNAPPING & RELATED OFFENSES,193,CUSTODIAL INTERFERENCE 1,COMPLETED,FELONY,N.Y. POLICE DEPT,STATEN ISLAND,120,FRONT OF,RESIDENCE-HOUSE,,,"938,839","165,691",40.62135181,-74.16358119,"(40.621351808, -74.163581186)"
874812633,8/21/2007,14:30:00,8/27/2007,19:09:00,8/27/2007,124,KIDNAPPING & RELATED OFFENSES,183,"IMPRISONMENT 1,UNLAWFUL",COMPLETED,FELONY,N.Y. POLICE DEPT,STATEN ISLAND,120,INSIDE,RESIDENCE-HOUSE,,,"938,460","172,449",40.63989911,-74.16499227,"(40.63989911, -74.164992271)"
909981822,11/19/2016,10:05:00,11/19/2016,10:12:00,11/19/2016,124,KIDNAPPING & RELATED OFFENSES,185,KIDNAPPING 2,COMPLETED,FELONY,N.Y. POLICE DEPT,STATEN ISLAND,121,FRONT OF,CHAIN STORE,,,"938,101","153,589",40.58813053,-74.16615692,"(40.588130525, -74.166156916)"
579305872,1/14/2007,19:00:00,1/14/2007,19:00:00,1/14/2007,124,KIDNAPPING & RELATED OFFENSES,193,CUSTODIAL INTERFERENCE 1,COMPLETED,FELONY,N.Y. POLICE DEPT,STATEN ISLAND,122,FRONT OF,RESIDENCE - APT. HOUSE,,,"937,741","142,728",40.55831737,-74.16737834,"(40.558317373, -74.167378341)"
372387525,10/4/2006,16:00:00,10/7/2006,21:00:00,10/8/2006,124,KIDNAPPING & RELATED OFFENSES,183,"IMPRISONMENT 1,UNLAWFUL",COMPLETED,FELONY,N.Y. POLICE DEPT,STATEN ISLAND,122,FRONT OF,STREET,,,"937,404","152,179",40.58425671,-74.16865662,"(40.584256706, -74.168656624)"
736969277,5/2/2010,16:15:00,,,5/2/2010,124,KIDNAPPING & RELATED OFFENSES,183,"IMPRISONMENT 1,UNLAWFUL",COMPLETED,FELONY,N.Y. POLICE DEPT,STATEN ISLAND,120,FRONT OF,STREET,,,"936,722","172,119",40.63898418,-74.17125231,"(40.638984176, -74.171252305)"
203914654,1/25/2009,2:20:00,1/25/2009,2:59:00,1/25/2009,124,KIDNAPPING & RELATED OFFENSES,183,"IMPRISONMENT 1,UNLAWFUL",COMPLETED,FELONY,N.Y. POLICE DEPT,STATEN ISLAND,120,INSIDE,RESIDENCE - APT. HOUSE,,,"936,722","172,119",40.63898418,-74.17125231,"(40.638984176, -74.171252305)"
766959328,12/30/2007,20:00:00,,,12/30/2007,124,KIDNAPPING & RELATED OFFENSES,193,CUSTODIAL INTERFERENCE 1,COMPLETED,FELONY,N.Y. POLICE DEPT,STATEN ISLAND,123,INSIDE,RESIDENCE-HOUSE,,,"930,116","139,470",40.54933154,-74.19479309,"(40.549331537, -74.194793086)"
277797408,6/17/2006,17:00:00,6/17/2006,19:01:00,6/17/2006,124,KIDNAPPING & RELATED OFFENSES,183,"IMPRISONMENT 1,UNLAWFUL",COMPLETED,FELONY,N.Y. POLICE DEPT,STATEN ISLAND,123,INSIDE,RESIDENCE-HOUSE,,,"927,965","127,041",40.51520294,-74.2024297,"(40.515202942, -74.202429699)"
178962683,7/22/2010,21:30:00,7/29/2010,18:00:00,7/30/2010,124,KIDNAPPING & RELATED OFFENSES,193,CUSTODIAL INTERFERENCE 1,COMPLETED,FELONY,N.Y. POLICE DEPT,STATEN ISLAND,123,INSIDE,RESIDENCE-HOUSE,,,"924,274","135,967",40.53967891,-74.21578336,"(40.539678909, -74.215783361)"
137266574,1/1/2007,2:00:00,1/1/2007,4:03:00,1/1/2007,124,KIDNAPPING & RELATED OFFENSES,183,"IMPRISONMENT 1,UNLAWFUL",COMPLETED,FELONY,N.Y. POLICE DEPT,STATEN ISLAND,123,INSIDE,RESIDENCE-HOUSE,,,"918,425","126,983",40.5149781,-74.23673947,"(40.514978102, -74.236739465)"
